record_id,qid,asin,category,source_file,question,question_type,answerability,candidate_answers,golden_answer,evidence_text,evidence_doc_id,selection_method,needs_judge,golden_id
REC_001,14414,B003HV3WN6,Automotive,train,Does this work on 12 and 24 volts system,descriptive,0,"[{'text': 'I have only used in 12 volts systems.', 'helpful': 0, 'unhelpful': 0, 'total': 0, 'jeffreys': 0.5}, {'text': 'Yes it works on 24 volt systems', 'helpful': 0, 'unhelpful': 0, 'total': 0, 'jeffreys': 0.5}, {'text': 'yes.', 'helpful': 0, 'unhelpful': 0, 'total': 0, 'jeffreys': 0.5}, {'text': 'Yes, it works on any voltage including and between 12-24VDC.', 'helpful': 0, 'unhelpful': 0, 'total': 0, 'jeffreys': 0.5}]",I have only used in 12 volts systems.,,,jeffreys,True,G_001
REC_002,16601,B0000E2PBX,Health_and_Personal_Care,train,"The ball completely blocks air from passing by to get to my lungs, is this supposed to happen? Are you supposed to get NO air when inhaling? The instructions state ""inhale...until you feel your lungs are full"" but that doesn't happen with the ball completely blocking all air from passing into your mouth. thanks.",descriptive,0,"[{'text': 'No, it is not supposed to completely block the air. Use the adjustment knob in the center to control the amount of air you would like to inhale. Loosen for more air, and tighten for less air. Very simple.', 'helpful': 0, 'unhelpful': 0, 'total': 0, 'jeffreys': 0.5}, {'text': 'Follow the instructions, make sure you are leaving enough open space where the little arrowhead is on the tube.  Also take the mouthpiece off after each use and rinse the entire gadget and/or swish it in some soapy water to monitor bacterial growth.', 'helpful': 0, 'unhelpful': 0, 'total': 0, 'jeffreys': 0.5}, {'text': 'The end piece controls the amount of click noise you get and has some effect on the air flow.  But the center adjustable collar adjusts from totally off to wide open (all the way out). Start with the center adjusting collar back off and the end so you can feel the click.  Then each week adjust the center collar in a half turn until you have it near shut off. By that time your diaphragm will be supper strong.', 'helpful': 0, 'unhelpful': 0, 'total': 0, 'jeffreys': 0.5}]","No, it is not supposed to completely block the air. Use the adjustment knob in the center to control the amount of air you would like to inhale. Loosen for more air, and tighten for less air. Very simple.",I don't want to find out there's a recall and the fumes it gives off actually damages lungs. Makes me wonder what type of plastic is used. I really like the compact design so I will air it out for a while and hope that I can use it later.,KB_00018,grounded_pick,True,G_002
REC_003,19949,B004XMVZVY,Toys_and_Games,train,How many are in the pack??,descriptive,0,"[{'text': 'just 1', 'helpful': 0, 'unhelpful': 0, 'total': 0, 'jeffreys': 0.5}, {'text': 'There is one Nerf Vortex Howler per box. They are a little bit bigger than they appear in the images.', 'helpful': 0, 'unhelpful': 0, 'total': 0, 'jeffreys': 0.5}, {'text': 'There is only 1 in a pack.', 'helpful': 0, 'unhelpful': 0, 'total': 0, 'jeffreys': 0.5}]",just 1,,,jeffreys,True,G_003
REC_004,40866,B0010WP46M,Electronics,train,"Does the power adaptor work with international voltages? Basically want to know if the power adaptor will work overseas as well (220 V), and what the power output of that adaptor is (for eg. 5V DC at 500 ma?).",descriptive,0,"[{'text': 'I would like to ask the same question because I want to buy it as a gift for my friends in China. Appreciate the manufacturer or user can answer us.  Thanks.', 'helpful': 0, 'unhelpful': 0, 'total': 0, 'jeffreys': 0.5}, {'text': 'Yes.  It supports 100V-240V', 'helpful': 0, 'unhelpful': 0, 'total': 0, 'jeffreys': 0.5}]",I would like to ask the same question because I want to buy it as a gift for my friends in China. Appreciate the manufacturer or user can answer us.  Thanks.,Got it as a gift - excellent purchase!Love all the features too...you get to add music to each picture if you want :-),KB_00034,grounded_pick,True,G_004
REC_005,43101,B0012YKLSE,Home_and_Kitchen,train,What are the measurements for this item?,descriptive,0,"[{'text': '2 ft (24"") long by 1 1/2 ft 12.5"" wide, this product is great you won\'t be disappointed.', 'helpful': 0, 'unhelpful': 0, 'total': 0, 'jeffreys': 0.5}, {'text': ""12 1/2 inches by 24 inches. Most sinks are not flat. They are pitched towards the drain. You will have to shape(bend) the sink protector to fit the contour of the sink bottom. It's fairly easy. The protector is flat but bendable."", 'helpful': 0, 'unhelpful': 0, 'total': 0, 'jeffreys': 0.5}, {'text': '12 1/4 in. wide X 24in. long', 'helpful': 0, 'unhelpful': 0, 'total': 0, 'jeffreys': 0.5}, {'text': '2 feet x 1 foot', 'helpful': 0, 'unhelpful': 0, 'total': 0, 'jeffreys': 0.5}]","2 ft (24"") long by 1 1/2 ft 12.5"" wide, this product is great you won't be disappointed.",,,jeffreys,True,G_005
REC_006,78139,B004OFOT72,Sports_and_Outdoors,train,hi does anyone know if it will take a scope and could you hunt bull frogs with it if you wanted to,descriptive,0,"[{'text': ""yes it will take a scope but i think this cross bow is a tad over kill to hunt for frogs??? I don't hunt frogs but if I had to, I would defiantly use a lower draw, but that's just me, of course check your state law's for hunting Frogs in your state. Good luck happy hunting"", 'helpful': 0, 'unhelpful': 0, 'total': 0, 'jeffreys': 0.5}, {'text': 'The crossbow comes with a scope of its own, and if sighted in properly you could probably hit a bull frog', 'helpful': 0, 'unhelpful': 0, 'total': 0, 'jeffreys': 0.5}]","yes it will take a scope but i think this cross bow is a tad over kill to hunt for frogs??? I don't hunt frogs but if I had to, I would defiantly use a lower draw, but that's just me, of course check your state law's for hunting Frogs in your state. Good luck happy hunting",I bought the crossbow for my husband for a surprise for hunting this year it came in early packed very good. It didn't have very good instructions on how to assemble but it was easy to figure out. It was sent with a scope but my husband didn't put it on it because you wouldn't have good vision through it later in the evening.,KB_00058,grounded_pick,True,G_006
REC_007,120053,B005XUNG5I,Health_and_Personal_Care,train,what is the power source?,descriptive,0,"[{'text': 'Batteries, but I found it to be weak.', 'helpful': 2, 'unhelpful': 0, 'total': 2, 'jeffreys': 0.8333333333333334}, {'text': 'This is a battery powered device, common AA.  Despite this, there is more than enough power to perform a fine job of callous removal.  You must follow the directions related to NOT pushing hard on the device.', 'helpful': 2, 'unhelpful': 0, 'total': 2, 'jeffreys': 0.8333333333333334}, {'text': 'It uses 2 ""AA"" batteries, not included.', 'helpful': 0, 'unhelpful': 0, 'total': 0, 'jeffreys': 0.5}, {'text': 'Battery operated', 'helpful': 0, 'unhelpful': 0, 'total': 0, 'jeffreys': 0.5}, {'text': 'I have the earlier model but it uses 2AA batteries', 'helpful': 0, 'unhelpful': 0, 'total': 0, 'jeffreys': 0.5}, {'text': 'You use 2- AA batteries.', 'helpful': 0, 'unhelpful': 0, 'total': 0, 'jeffreys': 0.5}]","Batteries, but I found it to be weak.",It is ok but if it was electric it would of been better. To me it could have more power,KB_00061,grounded_pick,True,G_007
REC_008,178137,B002LAS5TU,Home_and_Kitchen,train,"Does the lids fit on the pans also? For example, does the large pot lid fit on the large pan?",descriptive,0,"[{'text': 'Yes the lids are great for the pans. The large pot lid fits the smaller pan, for some reason there is no lid for the large pan.', 'helpful': 1, 'unhelpful': 0, 'total': 1, 'jeffreys': 0.75}, {'text': ""yes, it's not a tight fit but it fits more or less."", 'helpful': 1, 'unhelpful': 0, 'total': 1, 'jeffreys': 0.75}, {'text': ""The largest ps. Is the only one that a lid doesn't fit. This is a great set for the money"", 'helpful': 0, 'unhelpful': 0, 'total': 0, 'jeffreys': 0.5}, {'text': ""The large pot lid fits the smaller pan. I've had these pans for almost 2 years now. They are the best I've ever owned. We've tried the Paula Deen and other brands but these ones are awesome!"", 'helpful': 0, 'unhelpful': 0, 'total': 0, 'jeffreys': 0.5}, {'text': 'Very good. Good price.', 'helpful': 0, 'unhelpful': 0, 'total': 0, 'jeffreys': 0.5}]","Yes the lids are great for the pans. The large pot lid fits the smaller pan, for some reason there is no lid for the large pan.",I love this set. Is it perfect. I hate when sets come with too much crap that just isn't needed. This set is the first real non-stick I've seen. Pans are great size so no need to buy an extra bigger pan.,KB_00077,grounded_pick,True,G_008
REC_009,194120,B00AR1A7ZU,Pet_Supplies,train,How big is the part that actually goes in the tank? I'm trying to figure out if it will fit in my (very small) sump.,descriptive,0,"[{'text': 'Float switch housing is about 1.25 inches to 1.5 inches across.', 'helpful': 1, 'unhelpful': 0, 'total': 1, 'jeffreys': 0.75}, {'text': ""It's a 3 inch around tank cannot have a lip  on it"", 'helpful': 1, 'unhelpful': 0, 'total': 1, 'jeffreys': 0.75}, {'text': 'its about the overall size of dollar coin with a depth of a inch', 'helpful': 1, 'unhelpful': 0, 'total': 1, 'jeffreys': 0.75}, {'text': 'The piece that goes into the tank, is only about the size of a quarter. Not big at all. That will send a signal down to the box to turn on the top off water, and that runs from a holding tank with a small gauge tube into the tank.', 'helpful': 1, 'unhelpful': 0, 'total': 1, 'jeffreys': 0.75}]",Float switch housing is about 1.25 inches to 1.5 inches across.,,,jeffreys,True,G_009
REC_010,243248,B000GU3KHO,Automotive,train,I have a Harley Dyna Switchback with windshield and saddle bags.  Is the XL the right size for me?,descriptive,0,"[{'text': 'If your windshield is LARGER than standard then yes but if its standard you should have enough space to cover down to the start of the wheels with a Lg', 'helpful': 0, 'unhelpful': 0, 'total': 0, 'jeffreys': 0.5}, {'text': 'This one fits my 2015 street glide special perfect, it will fit yours with plenty of room', 'helpful': 0, 'unhelpful': 0, 'total': 0, 'jeffreys': 0.5}, {'text': 'There are better quality covers. Not to deter you away, but to answer your question, yes it will.', 'helpful': 0, 'unhelpful': 0, 'total': 0, 'jeffreys': 0.5}, {'text': 'I\'m not sure which size I bought, possible the medium and it just fits a 250 Rebel very snugly. When you go to this item you have to put in the year, make and model of your bike and they will tell you what size fits your bike. Unfortunately mine was not listed. The cover is good quality and so far has stood up to rain, extreme wind, ice and 24"" of snow. Hope this helps', 'helpful': 0, 'unhelpful': 0, 'total': 0, 'jeffreys': 0.5}]",If your windshield is LARGER than standard then yes but if its standard you should have enough space to cover down to the start of the wheels with a Lg,,,jeffreys,True,G_010
REC_011,265146,B008URGSWO,Home_and_Kitchen,train,"how thick is it, really?  some say 1/2"", some say 2"", 2-1/2"".  does it flatten out?  comparing it to the extra plush, extra thick pad, what would one?",descriptive,0,"[{'text': ""Mine is just shy of a full 2 inches at the plushest points. Mine has not flattened out. All my shoulder pain is gone. My wife no longer has back pain. I didn't want to spend this much but now that I have it, I consider every dime spent well worth it."", 'helpful': 2, 'unhelpful': 0, 'total': 2, 'jeffreys': 0.8333333333333334}, {'text': 'It\'s thin. Maybe 1/2 an inch. It\'s more of a pad than a feather bed. It does make the bed softer but you aren\'t gonna get the ""laying in a cloud"" effect. It\'s comfortable and makes our mattress foam bed feel nice.', 'helpful': 1, 'unhelpful': 0, 'total': 1, 'jeffreys': 0.75}]","Mine is just shy of a full 2 inches at the plushest points. Mine has not flattened out. All my shoulder pain is gone. My wife no longer has back pain. I didn't want to spend this much but now that I have it, I consider every dime spent well worth it.",Wasn't as thick as I'd hoped but it does seem to work very well with the heat issue from my very firm memory foam icomfort mattress. I did end up buying a cheep ($40) 1 1/2 inch mattress pad from Walmart and put this mattress pad on top of that and my bed is much more comfortable now and I don't sweat all night!,KB_00100,grounded_pick,True,G_011
REC_012,307359,B000ST0184,Toys_and_Games,train,how can I make it wireless for my win 8.1 PC?,descriptive,0,"[{'text': ""Interesting question. I don't think there is a direct or easy way to do this. The tankstick is basically a big keyboard. Each button/joystick direction is a keyboard button. Knowing this, it would require some type of modification to convert it to a wireless keyboard. It sounds like a project worth attempting. Sorry, I probably didn't help at all."", 'helpful': 0, 'unhelpful': 0, 'total': 0, 'jeffreys': 0.5}, {'text': ""Ain't gonna happen, sadly. This thing requires two USB ports (one for the controls, one for the trackball and its related buttons), and the wires are quite long. Also, something else to note is that the Tankstick functions as a keyboard/mouse instead of a DirectInput or XInput device."", 'helpful': 0, 'unhelpful': 0, 'total': 0, 'jeffreys': 0.5}]","Interesting question. I don't think there is a direct or easy way to do this. The tankstick is basically a big keyboard. Each button/joystick direction is a keyboard button. Knowing this, it would require some type of modification to convert it to a wireless keyboard. It sounds like a project worth attempting. Sorry, I probably didn't help at all.","Overall, this is a pretty nice controller. It has most of the buttons that you will ever need. I would have liked perhaps just one more button in between the Player 1 & Player 2 buttons and calling it or labeling it a &#34;HOME&#34; button.My controller shipped with the Up direction on the Player 1 side being too sensitive. My character in Street Fighter would jump all the time even if you didn't touch the joystick.",KB_00105,grounded_pick,True,G_012
REC_013,311212,B0013ODWSO,Sports_and_Outdoors,train,Does the white scooter have the same specs as the micro black one?,descriptive,0,"[{'text': 'They are the same except color.', 'helpful': 0, 'unhelpful': 0, 'total': 0, 'jeffreys': 0.5}, {'text': 'I think so.', 'helpful': 0, 'unhelpful': 0, 'total': 0, 'jeffreys': 0.5}, {'text': 'Seems like the same', 'helpful': 0, 'unhelpful': 0, 'total': 0, 'jeffreys': 0.5}]",They are the same except color.,,,jeffreys,True,G_013
REC_014,323990,B005F79BYE,Home_and_Kitchen,train,Does this offer the option of shelving instead of hanging clothes inside the doors?,descriptive,0,"[{'text': ""There is a shelf on top and a hanging bar as well as a drawer on the bottom but no it doesn't come with the option of more shelves"", 'helpful': 1, 'unhelpful': 0, 'total': 1, 'jeffreys': 0.75}, {'text': ""There is a drawer as well as a little bit of space for shelving.  I purchased this because of the hanging option for dresses.  I'm honestly satisfied with this purchase because it's useful for what I bought it for."", 'helpful': 1, 'unhelpful': 0, 'total': 1, 'jeffreys': 0.75}, {'text': 'Only one shelf above the bar for hanging clothes is included. No other options for shelving inside the armoire. The drawer below is pretty deep, though. Good space.', 'helpful': 1, 'unhelpful': 0, 'total': 1, 'jeffreys': 0.75}, {'text': 'It only allows for hanging clothes and then one shelf exists at the bottom of the unit.', 'helpful': 0, 'unhelpful': 0, 'total': 0, 'jeffreys': 0.5}, {'text': 'No. Mine only came with one shelf piece.', 'helpful': 0, 'unhelpful': 0, 'total': 0, 'jeffreys': 0.5}, {'text': 'It comes with 1 shelf that has height options.  so you dont have to use the hanger.', 'helpful': 0, 'unhelpful': 0, 'total': 0, 'jeffreys': 0.5}, {'text': 'In the bottom and at the top only. If you want to use it for a tv you could. Thats about how high the shelves on the bottom go.', 'helpful': 0, 'unhelpful': 0, 'total': 0, 'jeffreys': 0.5}, {'text': 'There', 'helpful': 0, 'unhelpful': 1, 'total': 1, 'jeffreys': 0.25}, {'text': 'no', 'helpful': 0, 'unhelpful': 1, 'total': 1, 'jeffreys': 0.25}]",There is a shelf on top and a hanging bar as well as a drawer on the bottom but no it doesn't come with the option of more shelves,Exactly what I was looking for ... decent amount of space ... decent price ... assembly took a bit longer than advertised but extra time to get it done exactly as instructed paid off with no hiccups.,KB_00131,grounded_pick,True,G_014
REC_015,373806,B00ATDT83I,Cell_Phones_and_Accessories,train,Hello. I'd like to know if this cell phone works properly in Venezuela for DIGITEL.,descriptive,0,"[{'text': ""I don't have experience with DIGITEL, but if you have a Sim card for Venezuela or if your carrier allows you to roam in Venezuela, it should be fine. I had an issue with my phone, so I would recommend that you try it out for a couple of weeks before going to make sure that there aren't any problems."", 'helpful': 0, 'unhelpful': 0, 'total': 0, 'jeffreys': 0.5}, {'text': 'it works very well i would recommend thanks from Bahamas', 'helpful': 0, 'unhelpful': 0, 'total': 0, 'jeffreys': 0.5}, {'text': 'Hola Gerardo. Tienes que verificar que en la descripción del articulo diga que trabaja en 3G. Dentro de esas bandas trabajan con Digitel (850, 900, 1900, 2100).  Yo lo tengo con Movilnet y trabaja muy bien en zona de cobertura 3G Venezuela (en el teléfono lo pone en ""H"") que en Amazon indica 2G es decir bandas 850, 900, 1800, 1900. La clave es que para Movistar y Movilnet trabaja con la banda 1800 y para Digitel con la 2100. Saludos', 'helpful': 0, 'unhelpful': 0, 'total': 0, 'jeffreys': 0.5}, {'text': 'si, y funciona con 3G', 'helpful': 0, 'unhelpful': 0, 'total': 0, 'jeffreys': 0.5}]","I don't have experience with DIGITEL, but if you have a Sim card for Venezuela or if your carrier allows you to roam in Venezuela, it should be fine. I had an issue with my phone, so I would recommend that you try it out for a couple of weeks before going to make sure that there aren't any problems.","The phone is not user friendly in the sense that there are too many inputs for what you want to do. Something as simple as making a phone call.When you load Skipe and use it, it wants to use Skipe for every call, even local calls. You have to disable the skipe then log back in for when you need it.The phone has too long of a lag between pages and is very frustrating.I might go back to an HTC until Samsung works all the bugs out.ThanksPhil",KB_00135,grounded_pick,True,G_015
REC_016,382025,B00394NT20,Health_and_Personal_Care,train,Is there a warranty?,descriptive,0,"[{'text': 'Yes.', 'helpful': 1, 'unhelpful': 0, 'total': 1, 'jeffreys': 0.75}, {'text': ""My wife has been using it for several months, and just loves it, but I don't remember anything about the warranty."", 'helpful': 0, 'unhelpful': 0, 'total': 0, 'jeffreys': 0.5}, {'text': ""Honestly, I didn't check at the time I opened it. However, it is extremely sturdy and absolutely the best shower stool I have ever used. None of the drawbacks of other stools I have tried. The swivel works well and can be locked down. It also moves easily and doesn't get dirty or rust."", 'helpful': 0, 'unhelpful': 0, 'total': 0, 'jeffreys': 0.5}, {'text': ""You know, if there is, I didn't save the paper work.  It is very sturdy.  Make sure you follow the step by step directions for putting it together."", 'helpful': 0, 'unhelpful': 0, 'total': 0, 'jeffreys': 0.5}, {'text': 'I am not sure. It must have something at least 90 days. I use mine all the time and nothing has happened.', 'helpful': 0, 'unhelpful': 0, 'total': 0, 'jeffreys': 0.5}, {'text': ""I believe it has a one-year warranty.  It is very strudy and solid I wouldn't worry about using it.  I've used mind for over 1 1/2 years without incident."", 'helpful': 0, 'unhelpful': 0, 'total': 0, 'jeffreys': 0.5}]",Yes.,,,jeffreys,True,G_016
REC_017,392984,B0056FL4FY,Beauty,train,"does not say if its an american or ueropean plug and ive ordered this before and got a ueropean plug, provide necessary info",descriptive,0,"[{'text': 'I got an American plug', 'helpful': 0, 'unhelpful': 0, 'total': 0, 'jeffreys': 0.5}, {'text': 'Totally agree! Not to mention it has an American plug in the picture.FALSE Advertisement!!', 'helpful': 0, 'unhelpful': 0, 'total': 0, 'jeffreys': 0.5}]",I got an American plug,,,jeffreys,True,G_017
REC_018,427509,B00154MGXY,Home_and_Kitchen,train,Is this item 35.43 inches at the very top or the body of the unit?,descriptive,0,"[{'text': 'The top... The body is about 33', 'helpful': 1, 'unhelpful': 0, 'total': 1, 'jeffreys': 0.75}, {'text': 'Top is 35 1/2"" body is 32 1/2""', 'helpful': 1, 'unhelpful': 0, 'total': 1, 'jeffreys': 0.75}, {'text': 'Top is wider than the body.  35 1/2 "" top and body is 32 1/2"".We find that the top is a great place to story items that don\'t fit in cabinets well.  We have our Food Saver there so that it is out of the way and the extra bags are up there too.  My wife really likes this unit so much that we now have 2 of them.  You have to tweak the doors a bit to get them level, but it is pretty easy.', 'helpful': 1, 'unhelpful': 0, 'total': 1, 'jeffreys': 0.75}, {'text': 'The unit is 35.43 inches at the very top of the unit, the body is 32.5 inches', 'helpful': 1, 'unhelpful': 0, 'total': 1, 'jeffreys': 0.75}]",The top... The body is about 33,"My wife ordered it, It was about two inches to big at the top, becuase of the molding,So it didn't work for what we needed.",KB_00162,grounded_pick,True,G_018
REC_019,475581,B000LQ5XW8,Musical_Instruments,train,"What does ""INTO 1 x 4 OHMS OR 2 x 8 OHMS"" mean?",descriptive,0,"[{'text': ""It's basically saying if you split it and run two channels you will split the power. I run it into a single channel 4x10 cabinet. Plenty loud with that. The lower the ohms the more power directed to the channel."", 'helpful': 0, 'unhelpful': 0, 'total': 0, 'jeffreys': 0.5}, {'text': 'On a 4 OHM output amp. You use one 4 Ohm speaker or two 8 OHM speakers. Example: One 8 OHM speaker + One 8 OHM speaker = 4 OHMs.', 'helpful': 0, 'unhelpful': 0, 'total': 0, 'jeffreys': 0.5}, {'text': 'This amp drives one 4 ohm cabinet, or two 8 ohm cabinets in series ( which equals 4 ohms total)', 'helpful': 0, 'unhelpful': 1, 'total': 1, 'jeffreys': 0.25}]",It's basically saying if you split it and run two channels you will split the power. I run it into a single channel 4x10 cabinet. Plenty loud with that. The lower the ohms the more power directed to the channel.,this thing is awesome. major output with minimun pricetag. i play punk rock music and this is plenty loud a our shows...,KB_00178,grounded_pick,True,G_019
REC_020,486354,B00C9KUVWQ,Electronics,train,"Hi, I need an extra one for a different room. The picture looks like the one I need, however it only shows the cable to the computer. Does it come with the other cable that goes to the power plug in? Also, what does the info on the back of the adapter say as far as model and or power numbers-is it 19V 3.42A/50-60Hz 2.0A? Thank you.",descriptive,0,"[{'text': ""The adapter does come with the cord to plug into the wall. The cord to the computer is attached to the brick, so the whole thing is in two parts. The input values are 100-240 V/50-60 Hz/1.5 A, output is 19 V/4.74 A, and of course it's 90 W. There used to be a section of the ASUS site where you could check compatibility; you may want to search online for your exact notebook model number and compatible chargers. Hope this helps!"", 'helpful': 3, 'unhelpful': 0, 'total': 3, 'jeffreys': 0.875}, {'text': 'Hi, yes it comes with a power cord.  It is 19V DC, 50-60Hz, and 4.74A.Thanks, PCrush', 'helpful': 1, 'unhelpful': 1, 'total': 2, 'jeffreys': 0.5}]","The adapter does come with the cord to plug into the wall. The cord to the computer is attached to the brick, so the whole thing is in two parts. The input values are 100-240 V/50-60 Hz/1.5 A, output is 19 V/4.74 A, and of course it's 90 W. There used to be a section of the ASUS site where you could check compatibility; you may want to search online for your exact notebook model number and compatible chargers. Hope this helps!","I've been through two power adapters for my Asus N61JQ notebook (thanks to one very enthusiastic puppy), and I had to do a bit of searching to find this one. Asus has apparently discontinued the original adapters in favor of this slim design - which is nicely compact and lightweight. Check out the Asus website for a list of compatible notebooks.",KB_00183,grounded_pick,True,G_020
REC_021,505028,B00E7O357A,Electronics,train,"hi, i have a skoda fabia II and i need to know if this radio is compatible with the sensor parking from factory",descriptive,0,"[{'text': 'Hi ,I really dont know how is work on Skoda because I used on a volkswagen jetta from2008.You can contact the seller and see.', 'helpful': 0, 'unhelpful': 0, 'total': 0, 'jeffreys': 0.5}, {'text': 'Yes it is good to be installed only professional', 'helpful': 0, 'unhelpful': 0, 'total': 0, 'jeffreys': 0.5}]","Hi ,I really dont know how is work on Skoda because I used on a volkswagen jetta from2008.You can contact the seller and see.","So you still can see your phone status and call list in your dashboard control screen, but you need to directly interact with this computer if you want to make phonecall.3. AUX and original iPod connectors do not work any longer. This is another question I asked before I buy and I got position answer, but no. It has a iPod cable, on one end is the 30pin connector, on the other is a round connector like the one we usually used for computer keyboard and mouse.",KB_00189,grounded_pick,True,G_021
REC_022,519572,B0002D4QBE,Health_and_Personal_Care,train,what are the dimensions?,descriptive,0,"[{'text': '12"" round x 14"" + high...adjusts to height you may wish.  I set at 14"" and fits in rear of tub just fine.  Good Luck. I love this stool.', 'helpful': 0, 'unhelpful': 0, 'total': 0, 'jeffreys': 0.5}, {'text': 'The diameter of the seat is 12 1/2 inches.  The legs form an approximate 14 1/2 inch square on the floor.  From opposite legs, the dimension is approximately 19 inches.  The tallest height when legs are completely extended is 21 inches.  I purchased this shower stool after back surgery and have been completely satisfied with the quality. It is lightweight and easy to move from place to place.  My shower stall is very small (just 32 x 32 inches) and it works in it. Hope this is helpful.', 'helpful': 0, 'unhelpful': 0, 'total': 0, 'jeffreys': 0.5}, {'text': 'The seat is 12 inches across it.  I believe it adjusts from 14 inches tall to 21 inches tall.  I have mine at about 17 inches tall.', 'helpful': 0, 'unhelpful': 0, 'total': 0, 'jeffreys': 0.5}, {'text': 'The seat is12inches round. The legs are adjustable from 14 inches up to 21 inches.', 'helpful': 0, 'unhelpful': 0, 'total': 0, 'jeffreys': 0.5}, {'text': 'Amazon says ""Product Dimensions: 10 x 12.5 x 20 inches"" so you can make it stand about 20 inches high. The height is adjustable.', 'helpful': 0, 'unhelpful': 0, 'total': 0, 'jeffreys': 0.5}]","12"" round x 14"" + high...adjusts to height you may wish.  I set at 14"" and fits in rear of tub just fine.  Good Luck. I love this stool.",i found this stool to be just the right height and size for a tub enclosed shower. It is constructed of top quality material and is very stable [I'm 5ft 8in and 150 lbs].,KB_00204,grounded_pick,True,G_022
REC_023,529460,B0056XU5XS,Health_and_Personal_Care,train,Why don't any of the photos show the nutritional label so that you can read this important information?,descriptive,0,"[{'text': 'L-leucine 3000mgL-valine 2000mgL-isoleucine 1000mgThis product was produced in a facility that also process ingredients containing milk,egg,soybeans,sellfish,fish,tree nuts,wheat and peanuts. Thats the allergen warning written on the bottle.', 'helpful': 1, 'unhelpful': 0, 'total': 1, 'jeffreys': 0.75}, {'text': ""ITa pretty simple. 3000mg l-leucine, 2000mg l-valine, 1000mg l-isoleucine, the 3 bcaa's. Serving size is 8"", 'helpful': 1, 'unhelpful': 0, 'total': 1, 'jeffreys': 0.75}, {'text': ""I'm really  not sure...but I Googled  that part and was able to read it...but if u like...I can take photos  of it for u and email them to you...my email is ozromero@yahoo.com ok....I highly recommend this product  if u workout a lot...especially if trying to build muscle. ..if the 3 months I been taking it I noticed muscle growth and definition"", 'helpful': 0, 'unhelpful': 0, 'total': 0, 'jeffreys': 0.5}]","L-leucine 3000mgL-valine 2000mgL-isoleucine 1000mgThis product was produced in a facility that also process ingredients containing milk,egg,soybeans,sellfish,fish,tree nuts,wheat and peanuts. Thats the allergen warning written on the bottle.",,,jeffreys,True,G_023
REC_024,546474,B005MQRAXM,Baby,train,"how is the seat fabric?  we have a britax, and my son sweats so much when in it.",descriptive,0,"[{'text': ""Our son sweat a lot in his Britax B-Safe infant seat, but we have had this seat for about 9 months and haven't noticed any issues."", 'helpful': 1, 'unhelpful': 0, 'total': 1, 'jeffreys': 0.75}, {'text': ""It depends on the material. they have 3-4 different types. I've had the Storm and the Nitro, the nitro was a mesh material. The storm is more like soft cotton. Not much sweat in either but mine sweat so easily."", 'helpful': 3, 'unhelpful': 1, 'total': 4, 'jeffreys': 0.7}]","Our son sweat a lot in his Britax B-Safe infant seat, but we have had this seat for about 9 months and haven't noticed any issues.",,,jeffreys,True,G_024
REC_025,612780,B007W69P7E,Automotive,train,"It sounds like this will fit a 2013 4Runner, but does it void the warranty?  It shouldn't, as it's a Toyota part.  Also what is the HP increase?",descriptive,0,"[{'text': 'No, this only applies to the 2010-2011 4Runner V6 & 2010-2011 FJ Cruiser V6', 'helpful': 0, 'unhelpful': 0, 'total': 0, 'jeffreys': 0.5}, {'text': 'Your warranty will be fine. Helps breath a bit better. Will add some motor noise as well. I saw maybe a mile increase at most.', 'helpful': 0, 'unhelpful': 0, 'total': 0, 'jeffreys': 0.5}]","No, this only applies to the 2010-2011 4Runner V6 & 2010-2011 FJ Cruiser V6",,,jeffreys,True,G_025
REC_026,626205,B005G59WP8,Musical_Instruments,train,Is the brain capable of reproducing different stick velocities (Dynamics) or is the same volume produced no matter how hard you hit pads?,descriptive,0,"[{'text': 'I personally have never tried this, but, according to the user manual, you can set the brain to have dynamic response to the drum sticks.', 'helpful': 1, 'unhelpful': 0, 'total': 1, 'jeffreys': 0.75}, {'text': ""it's pretty close to a reptilian brain that is inexpensive. The volume is pretty much the same no matter how hard you hit it. If you're looking for that kind of dynamic velocity you really need a more expensive kit or at least replace the brain with a better one."", 'helpful': 0, 'unhelpful': 0, 'total': 0, 'jeffreys': 0.5}, {'text': ""It's the same sound no matter how hard you hit it."", 'helpful': 0, 'unhelpful': 0, 'total': 0, 'jeffreys': 0.5}, {'text': ""The dynamics are quite good. I haven't had to adjust them at all, but you can. If you are a drummer already, you can adapt to these very easily. I'm getting a 300 watt amp for them and totally trust them for gigs I'm doing next month. If others are having issues with velocity sensitivity, I can't comment on that. My set works great. I've been drumming for over 40 years. This set does a great job for me. Espescially 3 and 27."", 'helpful': 0, 'unhelpful': 0, 'total': 0, 'jeffreys': 0.5}]","I personally have never tried this, but, according to the user manual, you can set the brain to have dynamic response to the drum sticks.","At  this price point, though, it is an incredible value and you can upgrade the brain when you have the money to do so. I'm really enjoying this set! I've played the $5,000  Roland V Drums. They are fantastic, indeed. But don't let this unit's low price fool you into thinking this particular set is a toy. It is not. For this price point, this is a high performance, solid electronic set.",KB_00230,grounded_pick,True,G_026
REC_027,632407,B0043D68YW,Health_and_Personal_Care,train,Do they have Aloe Vera on them?,descriptive,0,"[{'text': 'I do not know, but they have aloe barbadensis leaf juice in them.  Our family caries them everywhere.', 'helpful': 1, 'unhelpful': 0, 'total': 1, 'jeffreys': 0.75}, {'text': 'It is not listed on label or contents but they are great for hands.  I use them on restaurant tables because the cloth they use to clean was used before on 25 or more other tables.', 'helpful': 0, 'unhelpful': 0, 'total': 0, 'jeffreys': 0.5}, {'text': 'Emily....NO they do not have Aloe Vera on them.  I only use these for stains  as needed.  These work wonders for our family and  We use them when go to restaurants, traveling, etc.  We always carry them wherever we go.', 'helpful': 0, 'unhelpful': 1, 'total': 1, 'jeffreys': 0.25}]","I do not know, but they have aloe barbadensis leaf juice in them.  Our family caries them everywhere.","We had these sent to Kauai, Hawaii because they are not available here in Canada. I'm very happy with them. Next year we're having some sent to Florida.",KB_00239,grounded_pick,True,G_027
REC_028,633408,B004VTGD9I,Patio_Lawn_and_Garden,train,"What is the height of the basket? (Yes, I see the dimensions in the description, but it may not be accurate). Thanks,",descriptive,0,"[{'text': 'The basket is 2 3/4 inches deep', 'helpful': 0, 'unhelpful': 0, 'total': 0, 'jeffreys': 0.5}, {'text': 'Its pretty accurate.', 'helpful': 0, 'unhelpful': 0, 'total': 0, 'jeffreys': 0.5}, {'text': 'I dot know the zize', 'helpful': 0, 'unhelpful': 0, 'total': 0, 'jeffreys': 0.5}]",The basket is 2 3/4 inches deep,This skimmer basket is very sturdy and seems to be built to last. It was a great deal for the price.,KB_00241,grounded_pick,True,G_028
REC_029,647789,B0084LO7C4,Toys_and_Games,train,I want to know if the eyes are stiched or buttons.  Buttons would not be safe for a newborn or baby under 3,descriptive,0,"[{'text': 'buttons', 'helpful': 1, 'unhelpful': 0, 'total': 1, 'jeffreys': 0.75}, {'text': ""They are buttons but are very securely attached.  They are flat to the fabric and glued down around the edges.  I don't see how they could be removed to choke on except for hours and hours of extensive chewing and sucking.  They are really on there well!"", 'helpful': 0, 'unhelpful': 0, 'total': 0, 'jeffreys': 0.5}]",buttons,,,jeffreys,True,G_029
REC_030,675597,B00ISJO0BA,Electronics,train,Is it possible to apply WMN450M to UN55H7150?,descriptive,0,"[{'text': 'Yes', 'helpful': 1, 'unhelpful': 0, 'total': 1, 'jeffreys': 0.75}, {'text': 'Yes', 'helpful': 1, 'unhelpful': 0, 'total': 1, 'jeffreys': 0.75}]",Yes,,,jeffreys,True,G_030
REC_031,681102,B0015H7924,Electronics,train,if they fit my toyota 4 runner 2006,descriptive,0,"[{'text': ""Great buy mate.....yes they will fit your 4runner once seat haven't been change to bucket seats which I doubt..."", 'helpful': 1, 'unhelpful': 0, 'total': 1, 'jeffreys': 0.75}, {'text': 'They are universal and come with different posts so the fit any vehicle.', 'helpful': 0, 'unhelpful': 0, 'total': 0, 'jeffreys': 0.5}]",Great buy mate.....yes they will fit your 4runner once seat haven't been change to bucket seats which I doubt...,,,jeffreys,True,G_031
REC_032,688538,B00GTAJB78,Beauty,train,"Why is this so thin? Like other brands I have used, products with hyaluranic acid and vit E should be a little viscous.",descriptive,0,"[{'text': ""I find this product quite good. It's not  viscous but has some oil base that allows you to use just 6 drops for you whole face. I put a small amount of the drops on my cheek bones, forehead & chin. Gently rub it in & then apply my moisturizer. My skin looks great!"", 'helpful': 1, 'unhelpful': 0, 'total': 1, 'jeffreys': 0.75}, {'text': ""I don't think it is too thin, I like that it is easy to apply to my skin, than I put what might be left on my arms"", 'helpful': 1, 'unhelpful': 0, 'total': 1, 'jeffreys': 0.75}, {'text': ""I don't know why it is thin, this is the first of this type product that I have tried...but, I am now a week and a half in to using it, and I keep seeing positive results!!"", 'helpful': 0, 'unhelpful': 0, 'total': 0, 'jeffreys': 0.5}]","I find this product quite good. It's not  viscous but has some oil base that allows you to use just 6 drops for you whole face. I put a small amount of the drops on my cheek bones, forehead & chin. Gently rub it in & then apply my moisturizer. My skin looks great!",I started using a Dermaroller and ordered this to put on when I used it. I actually have been using it every time I wash my face (2-3x/day). I started adding it to my normal face lotion mix of lotion and colloidal silver after toner; I really feel like it's been great for my skin. My skin as a whole looks much younger.,KB_00275,grounded_pick,True,G_032
REC_033,711936,B0011FY9AU,Health_and_Personal_Care,train,Inositol makes this unusable by many people -- inositol causes cramps and stomach bloating. Why is it in the product?,descriptive,0,"[{'text': 'Web MD  http://www.webmd.com/vitamins-supplements/ingredientmono-299-INOSITOL.aspx?activeIngredientId=299&activeIngredientName;=INOSITOL', 'helpful': 1, 'unhelpful': 1, 'total': 2, 'jeffreys': 0.5}, {'text': 'A friend of mine recommended Country Life Coenzyme B-Complex a couple of years ago and took it after that without any problems until the last bottle I received.  I didn\'t make the change in the formulation of this product -- and I don\'t know that inositol has been newly added -- but something\'s been changed that I had a bad reaction to.   I do know that I\'ve taken inositol in supplements in the past without ill effects.  All I know is that after taking this product for a good while without problems, like a year or two, after I started taking the ones in the last shipment, I started experiencing an almost immediate burning from my throat all the way down to my stomach and a lot of bloating, belching and some stomach pain.  I\'m no longer taking B supplements at all and haven\'t decided what I\'ll do about that.  I have a big $30+ bottle of 240 capsules of CL Coenzyme B staring me in the face (drat!)  It\'s label states, ""NOW with Methylfolate"" -- maybe that\'s the culprit -- don\'t know if that ingredient was in prior bottle.', 'helpful': 1, 'unhelpful': 1, 'total': 2, 'jeffreys': 0.5}]",Web MD  http://www.webmd.com/vitamins-supplements/ingredientmono-299-INOSITOL.aspx?activeIngredientId=299&activeIngredientName;=INOSITOL,,,jeffreys,True,G_033
REC_034,1745,B009WX60N2,Electronics,train,where is the scan button,descriptive,1,"[{'text': ""the scan button is on the left of the mouse, where the person's thumb is."", 'helpful': 0, 'unhelpful': 0, 'total': 0, 'jeffreys': 0.5}, {'text': 'On the left side of the mouse is a button that when you click it the scanner starts, then you slide across what you are scanning.  You will see the image on your screen.  When you are done you click it again.  Hope this helps.', 'helpful': 0, 'unhelpful': 0, 'total': 0, 'jeffreys': 0.5}, {'text': 'On my scanner mouse there is a small button on the left side of the mouse.  Just hit that button and start moving the mouse on your document and it will scan.', 'helpful': 0, 'unhelpful': 0, 'total': 0, 'jeffreys': 0.5}, {'text': 'If I remember right, you just activate it and roll it over the document and it puts the ""pieces"" together on your screen.', 'helpful': 0, 'unhelpful': 0, 'total': 0, 'jeffreys': 0.5}, {'text': 'on the left side. the button is marked ""scan""', 'helpful': 0, 'unhelpful': 0, 'total': 0, 'jeffreys': 0.5}]","the scan button is on the left of the mouse, where the person's thumb is.",It takes a bit of experimenting to get a usable scan. After using a cordless mouse the wire is somewhat cumbersome.,KB_00294,grounded_pick,True,G_034
REC_035,7171,B007XVYSZW,Toys_and_Games,train,what is size of this toy?,descriptive,1,"[{'text': ""This is one of the smaller switch and go dinos. It's about the size of an adult's hand. I don't know the exact measurements though."", 'helpful': 0, 'unhelpful': 0, 'total': 0, 'jeffreys': 0.5}, {'text': ""The size of the switch and go Dino's is about the size of a man's hand but some are smaller."", 'helpful': 0, 'unhelpful': 0, 'total': 0, 'jeffreys': 0.5}, {'text': 'Actually the toy is way smaller than it looks on here.', 'helpful': 0, 'unhelpful': 0, 'total': 0, 'jeffreys': 0.5}, {'text': 'It is 5.4 inches long.  It is a nice size for a smaller child to play with but also good for the older children.', 'helpful': 0, 'unhelpful': 0, 'total': 0, 'jeffreys': 0.5}, {'text': ""I do not know the exact Measurements, as others have said it is smaller than some of the switch n go's, but I buy them for my great nephew and he loves them all.  He is five but very large for his size, and he just asked for more of this size for Christmas and his birthday, and i am running  out of ones to order!  Many hours of enjoyment!  He also loves Dinosours in anything and also likes crafts so thank goodness Amazon came up with some crafts in his age group in dino's.  Hope this helps!"", 'helpful': 0, 'unhelpful': 0, 'total': 0, 'jeffreys': 0.5}]",This is one of the smaller switch and go dinos. It's about the size of an adult's hand. I don't know the exact measurements though.,"This toy looks cool and is pretty std size, not too small as I thought from pictures. My son's favourite things in the world are cars and dinos..like most other boys... THis toy combines both of it... I recommend this to anyone age around 3-5. And price is pretty good too. I got it for about $15.",KB_00302,grounded_pick,True,G_035
REC_036,25688,B000FZP2XA,Toys_and_Games,train,I see that this comes with furniture but does it come with any dolls?,descriptive,1,"[{'text': 'It does not come with dolls.', 'helpful': 0, 'unhelpful': 0, 'total': 0, 'jeffreys': 0.5}, {'text': ""No, it does not come with the dolls. They are sold separately. I own the Plan Toys doll family of four set as well, and I think it's a nice set for the money."", 'helpful': 0, 'unhelpful': 0, 'total': 0, 'jeffreys': 0.5}, {'text': 'Nope, no dolls.', 'helpful': 0, 'unhelpful': 0, 'total': 0, 'jeffreys': 0.5}, {'text': ""It's been a while since we bought this but I am pretty sure I had to buy the dolls seperately.  There are a couple types of families you can buy.  I have added some Hape accessories to this house and the scale seems to be the same."", 'helpful': 0, 'unhelpful': 0, 'total': 0, 'jeffreys': 0.5}, {'text': 'No, it does not..... Sold separately', 'helpful': 0, 'unhelpful': 0, 'total': 0, 'jeffreys': 0.5}]",It does not come with dolls.,,,jeffreys,True,G_036
REC_037,29964,B005MZ4A7C,Beauty,train,"When it's time to remove makeup & sealant, what do you use?",descriptive,1,"[{'text': 'I usually use an apricot fresh skin face cleanser. Or cetaphil face wash. Nothing all that special really.', 'helpful': 1, 'unhelpful': 0, 'total': 1, 'jeffreys': 0.75}, {'text': 'I usually use water mixed with olive oil. Leaves skin soft with a natural moisturizer.', 'helpful': 1, 'unhelpful': 0, 'total': 1, 'jeffreys': 0.75}, {'text': ""I use Pond's evening soothe makeup wipes (they're in a lavender colored package) and use baby shampoo as a cleanser to remove any excess makeup left and a good moisturizer after ! I have super sensitive skin and it's unbelievable how this combination works after the sealant"", 'helpful': 1, 'unhelpful': 0, 'total': 1, 'jeffreys': 0.75}, {'text': 'Aveeno make-up remover wipes then wash my face with Mary Kay 3 in 1 Cleanser', 'helpful': 0, 'unhelpful': 0, 'total': 0, 'jeffreys': 0.5}, {'text': 'I use IS Clinical products with my clarisonic. I actually purchase them on amazon. But I did not buy my clarisonic on amazon...bought at sephora. Many reviews I read on amazon about the clarisonics sold through amazon said they were fakes and no warranty. Just a heads up.', 'helpful': 0, 'unhelpful': 0, 'total': 0, 'jeffreys': 0.5}]",I usually use an apricot fresh skin face cleanser. Or cetaphil face wash. Nothing all that special really.,"I got this for my wedding day, but I use it all the time. I work long shifts, and this helps keep my makeup in place all day. I have pretty oily skin, so after a couple hours my skin is usually really greasy and shiny and my makeup slides off. This fixes all of those problems. My skin is much less greasy looking and my makeup really stays. It smells great too. Nice and fresh.",KB_00323,grounded_pick,True,G_037
REC_038,58764,B000FED594,Health_and_Personal_Care,train,are they 100% cotton?? or is there some polyester??,descriptive,1,"[{'text': 'The top is 100% cotton.  The bottom is waterproof but not plastic.  Unknown what material it is made from.', 'helpful': 1, 'unhelpful': 0, 'total': 1, 'jeffreys': 0.75}, {'text': ""Not at my mother's house to see so don't know"", 'helpful': 1, 'unhelpful': 0, 'total': 1, 'jeffreys': 0.75}, {'text': ""I honestly don't know what the material is, except one side is an layered quilted type of absorbent material and the other side is a layered type very flexible rubber/plastic material that is liquid proof. As to cleaning them, just throw them in the washing machine, then the dryer, I've had no problems with these pads. They handle the washing and drying just fine and from past experience they will last a long time."", 'helpful': 1, 'unhelpful': 0, 'total': 1, 'jeffreys': 0.75}, {'text': ""As others have stated, there is a cotton quilted side that is absorbant and the other side (pink) is waterproof. I've washed them a lot as I use them as potty pads for my dog and they hold up well in the washer and dryer. I just love the fact they're saving me money each time I use them."", 'helpful': 1, 'unhelpful': 0, 'total': 1, 'jeffreys': 0.75}]",The top is 100% cotton.  The bottom is waterproof but not plastic.  Unknown what material it is made from.,"im very sorry ,but the bed sheet under this pad get also wet, its not 100% water proof it is going true to the mattres",KB_00333,grounded_pick,True,G_038
REC_039,65386,B0027IVMWI,Toys_and_Games,train,What is the general age group this is for? I have a 6 year old nephew. thanks.,descriptive,1,"[{'text': ""I think six is a great age for this toy.  It's not full size so older kids would be disappointed.  The flags are small but the goal is a decent size."", 'helpful': 0, 'unhelpful': 0, 'total': 0, 'jeffreys': 0.5}, {'text': 'Yes. I bought it for my boys 4yrs and 7yrs olds', 'helpful': 0, 'unhelpful': 0, 'total': 0, 'jeffreys': 0.5}, {'text': 'I got this for my bro to use with his 3 kids.. 7.. 5 and 3. They love it.', 'helpful': 0, 'unhelpful': 0, 'total': 0, 'jeffreys': 0.5}, {'text': ""6 would be great. Used at son's 9th birthday party but used a bigger ball than comes with the set"", 'helpful': 0, 'unhelpful': 0, 'total': 0, 'jeffreys': 0.5}, {'text': 'Bought this for my 6 year old grandson and wish now I had thought to ask such a question. Very disappointed as this was definitely for a younger child and very poorly constructed. Even the football was pretty small and very cheaply made. Would not recommend purchasing this.', 'helpful': 0, 'unhelpful': 0, 'total': 0, 'jeffreys': 0.5}, {'text': 'It can be for anyone. I got it for my boys who are 9 and 13. But my daughter also plays with it and she is 4.', 'helpful': 0, 'unhelpful': 0, 'total': 0, 'jeffreys': 0.5}, {'text': ""I bought this set for my 3 year olds birthday party. It had different height settings. If your nephew likes football, he'll love it. We had a wide range of kids from 2-10"", 'helpful': 0, 'unhelpful': 0, 'total': 0, 'jeffreys': 0.5}]",I think six is a great age for this toy.  It's not full size so older kids would be disappointed.  The flags are small but the goal is a decent size.,"I bought this for my 5 year old for Christmas. It's a great set for the yard. We filled the base of the field goal with water and it has not blown over yet, even after a wind storm. The football is a bit on the small size, but it's perfect for little hands.",KB_00349,grounded_pick,True,G_039
REC_040,99341,B004MDM6LC,Health_and_Personal_Care,train,i want to know a size of the bags,descriptive,1,"[{'text': 'Same size as grocery store plastic bagsI have brought home the same bag from Chinese take out restruant When laying flat-not including handles & not open -10"" wide 14"" tall', 'helpful': 0, 'unhelpful': 0, 'total': 0, 'jeffreys': 0.5}, {'text': 'bag section, below handles 14"" high 11"" wide', 'helpful': 0, 'unhelpful': 0, 'total': 0, 'jeffreys': 0.5}, {'text': 'They are standard size grocery bags', 'helpful': 0, 'unhelpful': 1, 'total': 1, 'jeffreys': 0.25}]","Same size as grocery store plastic bagsI have brought home the same bag from Chinese take out restruant When laying flat-not including handles & not open -10"" wide 14"" tall",,,jeffreys,True,G_040
REC_041,103459,B005I5DJU0,Electronics,train,What are the brackets made of?,descriptive,1,"[{'text': 'Plastic with foam pads', 'helpful': 1, 'unhelpful': 0, 'total': 1, 'jeffreys': 0.75}, {'text': 'Plastic', 'helpful': 0, 'unhelpful': 0, 'total': 0, 'jeffreys': 0.5}, {'text': 'Basically a hard plastic which is very fragile!', 'helpful': 0, 'unhelpful': 1, 'total': 1, 'jeffreys': 0.25}]",Plastic with foam pads,,,jeffreys,True,G_041
REC_042,104067,B00DUVTPH0,Home_and_Kitchen,train,is the pump metal or plastic?,descriptive,1,"[{'text': ""It's plastic."", 'helpful': 0, 'unhelpful': 0, 'total': 0, 'jeffreys': 0.5}, {'text': ""Plastic. The spout occasionally pops off. I've never had one do that before, however, I use mine for hand soap rather than lotion. I don't believe I would buy another one like it. Hope that helps you."", 'helpful': 0, 'unhelpful': 0, 'total': 0, 'jeffreys': 0.5}]",It's plastic.,,,jeffreys,True,G_042
REC_043,106952,B0057BUTUI,Home_and_Kitchen,train,Are the lids on these a dark blue or a smoky gray/black?,descriptive,1,"[{'text': 'Lt blue', 'helpful': 1, 'unhelpful': 0, 'total': 1, 'jeffreys': 0.75}, {'text': 'Navyish blue', 'helpful': 1, 'unhelpful': 0, 'total': 1, 'jeffreys': 0.75}, {'text': 'They are blue and light gray. Very pretty.', 'helpful': 1, 'unhelpful': 0, 'total': 1, 'jeffreys': 0.75}, {'text': 'They are like a medium blue. I was actually hoping they were gray/black but the blue still looks pretty.', 'helpful': 1, 'unhelpful': 0, 'total': 1, 'jeffreys': 0.75}, {'text': 'they are blue with light grey swirls on the lids, hope this helps you and the lid fit tight', 'helpful': 1, 'unhelpful': 0, 'total': 1, 'jeffreys': 0.75}, {'text': 'The lids are two tone blue.  Medium blue with light blue gray design.   Not black at all.  There is black on the front.  One of the roosters is black and the writing is black.  These are really nice. I love mine!', 'helpful': 0, 'unhelpful': 0, 'total': 0, 'jeffreys': 0.5}, {'text': 'Actually they are a smokey dark blue.', 'helpful': 0, 'unhelpful': 0, 'total': 0, 'jeffreys': 0.5}]",Lt blue,,,jeffreys,True,G_043
REC_044,138710,B0014CMQEQ,Pet_Supplies,train,My cat keeping peeing over the side. How can I train him to hit the target? Or install higher sides?,descriptive,1,"[{'text': 'My prior cat did not mind this box or pellets, but the new cat would have nothing to do with this so we went back to regular litter with a high-sided box. Plus, these pellets feel like stepping on Legos with bare feet and poop sticks to them, those often fall through the scoop which makes my dogs believe this box is their personal dessert cart.', 'helpful': 0, 'unhelpful': 0, 'total': 0, 'jeffreys': 0.5}, {'text': 'Your cat needs to see  the vet,   (cat doctor)   and soon  HE has a problem', 'helpful': 0, 'unhelpful': 0, 'total': 0, 'jeffreys': 0.5}, {'text': ""I'm not sure... if you can figure out how to install a higher side on the inside of the litter box (maybe some thin plastic and some e6000 glue), that would be the solution... but if it's not a feasible alternative, maybe this is a bad litter box for your cat. Which is too bad, because we STILL love it. :) I hope you find a solution!!!"", 'helpful': 0, 'unhelpful': 0, 'total': 0, 'jeffreys': 0.5}]","My prior cat did not mind this box or pellets, but the new cat would have nothing to do with this so we went back to regular litter with a high-sided box. Plus, these pellets feel like stepping on Legos with bare feet and poop sticks to them, those often fall through the scoop which makes my dogs believe this box is their personal dessert cart.",These cat litter pellets are very similar in size to Feline Pine but they don't seem to break down like the pine pellets. The urine does drain thru the pellets to the pad in the easy to remove drawer below. I have not noticed any odor problems with the urine. There is a scoop that comes with the box that conveniently fits onto the back side and inside the box so you don't have to worry about what to do with the scoop or contaminating a surface outside the box to store it.,KB_00395,grounded_pick,True,G_044
REC_045,144184,B007H7G6IE,Cell_Phones_and_Accessories,train,"works on HSDPA 850/900/1900/2100 frequencies 1900, I might say the detailed specifications, is a processed snagdragon s3 or s4. thanks?",descriptive,1,"[{'text': ""There are 2 sub-models of the One S - one with s3 and one with s4.Mine is with s3, it supports all those frequencies, and benchmarks say it's much better than the s4 version."", 'helpful': 0, 'unhelpful': 0, 'total': 0, 'jeffreys': 0.5}, {'text': ""I think this is the S4 but you won't get 4g T-Mobile speeds"", 'helpful': 0, 'unhelpful': 0, 'total': 0, 'jeffreys': 0.5}]","There are 2 sub-models of the One S - one with s3 and one with s4.Mine is with s3, it supports all those frequencies, and benchmarks say it's much better than the s4 version.","Thanks to the dual-core processor, you'll be able to enjoy all your favorite games (and with often heavy processor needs) with no slowing or lagging.All those things I said further are wonderful, a lot of pros things.. but is the smartphone a ""perfect"" one ? Finally, perhaps not. It lacks of memory slot.",KB_00397,grounded_pick,True,G_045
REC_046,171991,B001D4BZ56,Patio_Lawn_and_Garden,train,Should you use this product right away once you mix the can of it with a gallon of water?    I noticed crystals in my container  when I was done.,descriptive,1,"[{'text': 'Well do you think you stirred it up long enough?  It should be somewhat clear when you finished.  Once you follow the amount to mix per gallon you should be good.  But ya Im sure you probably should use it as soon as you can', 'helpful': 1, 'unhelpful': 0, 'total': 1, 'jeffreys': 0.75}, {'text': 'As long as you shake it once in a while it is okay.  When mine got crystals,  I just took a stick and stirred it up and crushed the crystals and they dissolved back into the mixture and it was fine.', 'helpful': 1, 'unhelpful': 0, 'total': 1, 'jeffreys': 0.75}, {'text': 'if you let it sit overnight it will crystallize on the bottom of the jug you mix it in.  If you heat up the solution it will dissolve the crystals.  I mixed up a can into a gallon milk jug.  I have stored it for a time and when ready to use it again just put the jug into a pot of hot water and it will dissolve it back to useful liquid. You need to mix the solution with a long stick that reaches the bottom as you warm it to dissolve the solids.', 'helpful': 1, 'unhelpful': 0, 'total': 1, 'jeffreys': 0.75}]",Well do you think you stirred it up long enough?  It should be somewhat clear when you finished.  Once you follow the amount to mix per gallon you should be good.  But ya Im sure you probably should use it as soon as you can,"Relatively inexpensive compared to big brand name with same main ingredient. Easy to mix, easy to use. Does crystallize after a while in suspension but can be reconstituted by heating the mixture. Can be stored easily in an old gallon milk jug for later use. Perfect for smallish jobs of wood rot or a small area of termite control as in a shed or small barn. Completely disolves when mixed so easy to spray.",KB_00409,grounded_pick,True,G_046
REC_047,179815,B007QVWMAC,Toys_and_Games,train,"can they be filled by an bicycle air pump or at a gas station or do they require their own unique pump and if so, where can I purchase it?",descriptive,1,"[{'text': 'You can not use a bike pump or gas station pump. You need a pump that will blow up a air matress. You can purchase them at job lot for ten bucks or on amazon', 'helpful': 0, 'unhelpful': 0, 'total': 0, 'jeffreys': 0.5}, {'text': 'Any pump a bycycle one might take longer no special pump needed...', 'helpful': 0, 'unhelpful': 0, 'total': 0, 'jeffreys': 0.5}, {'text': ""requires a unique pump. I used a air mattress pump from Coleman. It's runs on a charged battery and filled 6 tubes in minutes, no problem. Don't remember price but I think it was around $30. That has worked the best."", 'helpful': 0, 'unhelpful': 0, 'total': 0, 'jeffreys': 0.5}, {'text': 'You just have to be sure you have the right nozzle on a pump (the plastic type, not the skinny metal bicycle type). You can get a cheap pump for $10-$15. Have fun!', 'helpful': 0, 'unhelpful': 0, 'total': 0, 'jeffreys': 0.5}, {'text': 'We used the pump we use for our inflatable mattresses. It has a funnel looking adaptor that came with the pump. Filled quickly. You can buy the pumps on Amazon. Ours is a Coleman. Search air pump for inflatables.', 'helpful': 0, 'unhelpful': 0, 'total': 0, 'jeffreys': 0.5}, {'text': 'Bicycle pump will work but much faster and easier at the has station.', 'helpful': 0, 'unhelpful': 0, 'total': 0, 'jeffreys': 0.5}, {'text': 'They have attachment same as boat tubes. Like the air head brand. I use air head electric pump. Fills in less than a minute', 'helpful': 0, 'unhelpful': 0, 'total': 0, 'jeffreys': 0.5}]",You can not use a bike pump or gas station pump. You need a pump that will blow up a air matress. You can purchase them at job lot for ten bucks or on amazon,"Very large and strong tubes for tubing down the Pemi River, NH! Can't blow these up by mouth however (not that we tried)... definitely need a pump!",KB_00424,grounded_pick,True,G_047
REC_048,187325,B000CFQM4G,Automotive,train,Does the gauge have an auto dim feature?,descriptive,1,"[{'text': ""No, but even at night its not distractingly bright. There is a newer version that has a safety cutoff built in if you lean out that's better than this model. Of course it costs more. If you're running a bit fat for safeties sake then this is a good buy"", 'helpful': 0, 'unhelpful': 0, 'total': 0, 'jeffreys': 0.5}, {'text': 'No', 'helpful': 0, 'unhelpful': 0, 'total': 0, 'jeffreys': 0.5}, {'text': ""I don't think it does"", 'helpful': 0, 'unhelpful': 0, 'total': 0, 'jeffreys': 0.5}, {'text': 'Yes it does, its that little hole above the digital display', 'helpful': 0, 'unhelpful': 0, 'total': 0, 'jeffreys': 0.5}, {'text': 'No, most aftermarket gauges do not have this feature.', 'helpful': 0, 'unhelpful': 0, 'total': 0, 'jeffreys': 0.5}, {'text': 'It does have an auto dim feature. The sensor is the little hole under ""14"" and above the LCD display (you can actually see it in the product picture). I have this and can confirm that the auto-dim does work.', 'helpful': 0, 'unhelpful': 0, 'total': 0, 'jeffreys': 0.5}]","No, but even at night its not distractingly bright. There is a newer version that has a safety cutoff built in if you lean out that's better than this model. Of course it costs more. If you're running a bit fat for safeties sake then this is a good buy","I had an innovative wide band on my STI and loved it, thought it was the bees knees but am suuuuper impressed with how much more compacted this one is and the auto dim function is priceless. I hardly notice it at night and it's mounted on my steering column. Never gonna use anything else bit AEM gauges from now on",KB_00428,grounded_pick,True,G_048
REC_049,215235,B007ZZQHSW,Sports_and_Outdoors,train,"Is this item bigger/heavier than this one: Spec-Ops Brand Recon-Wrap Multi-Season, Multi-Mode Head Gear (Woodland Digital)",descriptive,1,"[{'text': 'I\'m almost certain that it is the same item, the only difference is this one is the ""multicam"" pattern.', 'helpful': 0, 'unhelpful': 0, 'total': 0, 'jeffreys': 0.5}, {'text': 'Yours looks like a ski cap. The recon wrap is lightweight multi use piece of magic. It can keep your neck, head or face warm and it weighs next to nothing and takes up no space.', 'helpful': 0, 'unhelpful': 0, 'total': 0, 'jeffreys': 0.5}, {'text': 'I don\'t own the specific one you linked, but all of the Recon Wraps that I\'ve owned have been the same.  The closest any of them have been to being ""bigger"" is the multicam one I got on Amazon is longer than the ones that were issued or that I bought on base.  But the longer ones mention it in their description generally so it shouldn\'t be a surprise.', 'helpful': 0, 'unhelpful': 0, 'total': 0, 'jeffreys': 0.5}]","I'm almost certain that it is the same item, the only difference is this one is the ""multicam"" pattern.","This Spec-Ops brand version is far better than the Condor multi wrap.This version is made of better material and the pattern is well defined and is clearly multicam.The only drawback I have found is that the inside is a solid, light color. If you intend to use this item for camouflage it will not be as effective in certain configurations where the inside is exposed. If it was multicam on both sides it would be a five star product.",KB_00437,grounded_pick,True,G_049
REC_050,216299,B005ONMFAQ,Cell_Phones_and_Accessories,train,Is this a hard plastic case or a flexible rubber case?,descriptive,1,"[{'text': ""It is more of a plastic case. I wouldn't reccomend getting it unless you really need a cheap phone cover and have no other options."", 'helpful': 0, 'unhelpful': 0, 'total': 0, 'jeffreys': 0.5}, {'text': ""It is rubber. I thought I was a hard plastic because it appears that it is. But unfortunately it isn't ."", 'helpful': 0, 'unhelpful': 0, 'total': 0, 'jeffreys': 0.5}]",It is more of a plastic case. I wouldn't reccomend getting it unless you really need a cheap phone cover and have no other options.,It is a two piece plastic cover with a thin coat of rubber. It looks slick n smooth (black color) cover. For the price I think its great!,KB_00454,grounded_pick,True,G_050
REC_051,217156,B000EMDB3C,Home_and_Kitchen,train,Do both sides brew at the same time or do they have separate timers? Does it even have delayed brewing timers?,descriptive,1,"[{'text': 'They brew at the same time.  No delay setting.  Each side has its own coffee ground basket but they share the water resivoir.', 'helpful': 3, 'unhelpful': 0, 'total': 3, 'jeffreys': 0.875}, {'text': 'Both sides bre at the same time.  There is a switch at the top to indicate one side or both sides.  Then it brews them at the same time.  No warmer, no timers.  But it makes a pretty good cup of coffee.  Better than the Black & Decker single brew I got.', 'helpful': 3, 'unhelpful': 0, 'total': 3, 'jeffreys': 0.875}, {'text': 'There is no delayed brewing. You can flip a switch to brew only one side or both. Both sides brew at the same time and it brews pretty quick. We use it for camping. No glass carafe to clean or break.', 'helpful': 3, 'unhelpful': 0, 'total': 3, 'jeffreys': 0.875}, {'text': 'The sides do brew at the same time. There are no timers.', 'helpful': 2, 'unhelpful': 0, 'total': 2, 'jeffreys': 0.8333333333333334}, {'text': 'There is a option to news just one cup or two cups at a time. No, there are no timers and you have to manually turn it of when you are done.', 'helpful': 2, 'unhelpful': 0, 'total': 2, 'jeffreys': 0.8333333333333334}, {'text': 'You can brew ONE or two cups at a time. Or one tea & one coffee. It does not have a brew delay.', 'helpful': 2, 'unhelpful': 0, 'total': 2, 'jeffreys': 0.8333333333333334}, {'text': 'Both brew at the same time unless you have it set for only brewing one cup.  There is no timer for delayed brewing.  It works very well this way for my purposes.', 'helpful': 2, 'unhelpful': 0, 'total': 2, 'jeffreys': 0.8333333333333334}, {'text': 'They both brew at the same time. There is no timer or delay function. I found it most useful if you want to brew two types of coffee (ex. regular and decaf). Note: do not fill it with water the night before, it will leak out over night. Other than that, I loved it.', 'helpful': 1, 'unhelpful': 0, 'total': 1, 'jeffreys': 0.75}, {'text': 'Both sides brew at the same time. No delayed brewing timers. Love this product!', 'helpful': 1, 'unhelpful': 0, 'total': 1, 'jeffreys': 0.75}, {'text': ""They do brew at the same time and no it doesn't have delayed timers. It does brew pretty quickly."", 'helpful': 1, 'unhelpful': 0, 'total': 1, 'jeffreys': 0.75}]",They brew at the same time.  No delay setting.  Each side has its own coffee ground basket but they share the water resivoir.,I liked the idea of brewing two cups of different coffee at the same time. But cleaning was difficult and removing the brew basket was impossible. Regular paper filters are not available which would make cleaning easier.,KB_00462,grounded_pick,True,G_051
REC_052,220569,B00G11D5JA,Cell_Phones_and_Accessories,train,How to install this screen protector?,descriptive,1,"[{'text': 'These screen protectors have a sticky side that is covered by a film with a removal tab labeled ""1"" and a non sticky side with a film labeled ""2"".  The most important thing to remember is to thuroughly clean and dry the screen with a lint free cloth prior to installing! Even the smallest speck of dust will stand out.   When ready, peel the sticky side film off and carefully align the bottom edge with your screen, then allow it to settle into place. Use a credit card to push any bubbles to the edges. Bubbles with specks will not move. Last step is to peel off non sticky film.', 'helpful': 1, 'unhelpful': 0, 'total': 1, 'jeffreys': 0.75}, {'text': 'You have to make sure that all dust and smudges are off the screen and that it is completely clean.  Then, remove the back of the screen protector and make sure it is properly aligned as you place it onto the iPad.  Then use a card to gently press the air bubbles off of the screen.', 'helpful': 0, 'unhelpful': 0, 'total': 0, 'jeffreys': 0.5}, {'text': 'Clean and remove any dust or dirt on the screen with a cleaning cloth. Peel away the labelMarked 1 from top to expose the adhesive. Line the protector to a corner, hold it inplace, slowly install the screen. Smooth it down. You will get some bubbles. ContinueTo smooth it down.', 'helpful': 0, 'unhelpful': 0, 'total': 0, 'jeffreys': 0.5}, {'text': 'I had a very hard time. I still have bubbles on my screen.', 'helpful': 0, 'unhelpful': 0, 'total': 0, 'jeffreys': 0.5}]","These screen protectors have a sticky side that is covered by a film with a removal tab labeled ""1"" and a non sticky side with a film labeled ""2"".  The most important thing to remember is to thuroughly clean and dry the screen with a lint free cloth prior to installing! Even the smallest speck of dust will stand out.   When ready, peel the sticky side film off and carefully align the bottom edge with your screen, then allow it to settle into place. Use a credit card to push any bubbles to the edges. Bubbles with specks will not move. Last step is to peel off non sticky film.",Sceen saver is a perfect fit and high quality. Easy to install. Spray your screen with water not to much and install damp and smooth out the bubble. Worked great for me.....,KB_00467,grounded_pick,True,G_052
REC_053,231010,B003NRHAH8,Electronics,train,Will this work on my Sony Nex 7?,descriptive,1,"[{'text': 'Yes', 'helpful': 1, 'unhelpful': 0, 'total': 1, 'jeffreys': 0.75}, {'text': 'It will. But i would prefer to get the Carl Zeiss lens with f/1.8', 'helpful': 0, 'unhelpful': 1, 'total': 1, 'jeffreys': 0.25}]",Yes,,,jeffreys,True,G_053
REC_054,280573,B006FJCLI4,Sports_and_Outdoors,train,"I want to use this phone in Europe, and do not intend to use it in US with T-Mobile.  Can I get an unlocked version of this phone?",descriptive,1,"[{'text': 'This is a T-mobile phone only.', 'helpful': 0, 'unhelpful': 0, 'total': 0, 'jeffreys': 0.5}, {'text': 'This phone can be unlocked with a 4 digit code and you can get those online at unlock codes dot com or you can find them from T-Mobile. eather way you can use this phone if you do get that. Thanks for asking.', 'helpful': 0, 'unhelpful': 0, 'total': 0, 'jeffreys': 0.5}]",This is a T-mobile phone only.,"this little phone is great for someone who doesn't want all the bells and whistles. Simple to use, large number pad, goof proof.",KB_00495,grounded_pick,True,G_054
REC_055,333170,B005KP1E14,Toys_and_Games,train,What is the difference between this helicopter and the MCX RTF,descriptive,1,"[{'text': 'If you are interested at all in advancing your skills and learning to fly bigger RC helicopters, get the MCX or better yet the MCX2. These are 4 channel helis and the controls will be correct on the transmitter. The Scout is 3 channel and the controls will not teach you how to fly an RC helicopter correctly.', 'helpful': 0, 'unhelpful': 0, 'total': 0, 'jeffreys': 0.5}, {'text': 'Yeah, the 4 channel ones allow sideways flight (strafing), and the stick controls thus match other 4 channel rc helis. The MCX control is also DSM2 standard and can be used with other helis, so you could save money on another one by buying BNF (bind and fly with nor remote).', 'helpful': 0, 'unhelpful': 0, 'total': 0, 'jeffreys': 0.5}]","If you are interested at all in advancing your skills and learning to fly bigger RC helicopters, get the MCX or better yet the MCX2. These are 4 channel helis and the controls will be correct on the transmitter. The Scout is 3 channel and the controls will not teach you how to fly an RC helicopter correctly.","It performs beautifully and in high speed mode it cuts right through gentle winds, just make sure you've got fresh batteries when flying outside.If you've tried others without good results give this one a try. The difference will be night and day. The higher price is justified by better control and quality. I recommend this to anyone interested in RC Helicopters.",KB_00500,grounded_pick,True,G_055
REC_056,336616,B007TGMJ4S,Pet_Supplies,train,what are the dimen of this product? holong and wide is it,descriptive,1,"[{'text': '11inches long and 4 inches in width.', 'helpful': 1, 'unhelpful': 0, 'total': 1, 'jeffreys': 0.75}, {'text': 'I cant remember the exact size anymore as it is gone. Remember to protect it from water.', 'helpful': 0, 'unhelpful': 0, 'total': 0, 'jeffreys': 0.5}]",11inches long and 4 inches in width.,,,jeffreys,True,G_056
REC_057,346373,B004WMP03E,Home_and_Kitchen,train,How thick is the Stainless Steel Measuring cups? Some are quite thin.,descriptive,1,"[{'text': 'Very thin, and the handles are so thin they can bend with little pressure. They also had rust after first machine wash. I would not recommend.', 'helpful': 0, 'unhelpful': 0, 'total': 0, 'jeffreys': 0.5}, {'text': ""It's not a heavy metal,  but not a real thin one either. Hope this helps."", 'helpful': 0, 'unhelpful': 0, 'total': 0, 'jeffreys': 0.5}, {'text': 'They are pretty thick, but one of mine u can barely read they measurement. Maybe that was a fluke... But not sure�', 'helpful': 0, 'unhelpful': 0, 'total': 0, 'jeffreys': 0.5}, {'text': 'These are thin but not as thin as some.', 'helpful': 0, 'unhelpful': 0, 'total': 0, 'jeffreys': 0.5}, {'text': ""You're right--these are thin."", 'helpful': 0, 'unhelpful': 0, 'total': 0, 'jeffreys': 0.5}]","Very thin, and the handles are so thin they can bend with little pressure. They also had rust after first machine wash. I would not recommend.","It's hard to tell by the pictures but the cups are quite thin, you can squeeze the sides and they give quite a bit (I think if I tried I could completely bend them inward). I guess they're okay for the price. The measuring spoons seem good. If I had to do it over again I'd go with something a little stronger.",KB_00518,grounded_pick,True,G_057
REC_058,348735,B003L14UCO,Office_Products,train,"What is the capacity?  For example, Brother's cartridge says it'll print 2600 sheets at 5% coverage.",descriptive,1,"[{'text': '2600, give or take a couple hundred.   Remember that this is 5% coverage.   I get about 1800 to 1900 with full text pages.  About four reams of paper.', 'helpful': 3, 'unhelpful': 0, 'total': 3, 'jeffreys': 0.875}, {'text': ""My Brother copier doesn't have a counter, so, of course, I never counted the pages printed.  However, I know that the cartridge lasted a long time and printed many pages.  For the money, I have been more than satisfied."", 'helpful': 0, 'unhelpful': 1, 'total': 1, 'jeffreys': 0.25}, {'text': ""I just installed it today so I can't answer the question, though I presume the capacity is similar to Brother's. My first printouts looked fine, by the way."", 'helpful': 0, 'unhelpful': 2, 'total': 2, 'jeffreys': 0.16666666666666666}]","2600, give or take a couple hundred.   Remember that this is 5% coverage.   I get about 1800 to 1900 with full text pages.  About four reams of paper.","I installed this toner cartridge a couple of weeks ago and it has been working great so far.Even if it doesn't last as long as the $48 Brother TN-360 unit, you can't beat it with a stick as you can buy 3 of these and spend about 6$ less. (If you buy these in a 3 pack, the ratio is about 5 to 1. )Go for it!",KB_00532,grounded_pick,True,G_058
REC_059,353991,B000BKY63G,Tools_and_Home_Improvement,train,can I purchase extra rail clamps for other tools such as a drill press or scroll saw?,descriptive,1,"[{'text': 'Yes you can. Dynamite tools has them and Amazon should have them. I like this stand just wish it was smaller', 'helpful': 0, 'unhelpful': 0, 'total': 0, 'jeffreys': 0.5}, {'text': 'yes, they are available through amazon.', 'helpful': 0, 'unhelpful': 0, 'total': 0, 'jeffreys': 0.5}, {'text': 'Yes you can. They are available at Amazon and building suppliers.', 'helpful': 0, 'unhelpful': 0, 'total': 0, 'jeffreys': 0.5}, {'text': ""Yes, you can.  Here's the link on Amazon.http://www.amazon.com/s/ref=nb_sb_noss/175-1178619-0522226?url=search-alias%3Daps&field-keywords;=PORTAMATE%20TOOL%20MOUNTS%20FOR%20MITER%20SAW%20STANDS"", 'helpful': 0, 'unhelpful': 0, 'total': 0, 'jeffreys': 0.5}, {'text': 'Sure, just order this and and mount your tool to it or mount a piece of plywood with your tool mounted on it.   Portamate PM-7002 Tool Mounts for Miter Saw Work Centers. $35.95 at Amazon.', 'helpful': 0, 'unhelpful': 0, 'total': 0, 'jeffreys': 0.5}, {'text': 'Yes the part number is PM-7002 available on Amazon.com', 'helpful': 0, 'unhelpful': 0, 'total': 0, 'jeffreys': 0.5}, {'text': 'I returned the item as the quality was substandard', 'helpful': 0, 'unhelpful': 1, 'total': 1, 'jeffreys': 0.25}]",Yes you can. Dynamite tools has them and Amazon should have them. I like this stand just wish it was smaller,This is a very heavy duty mitre saw stand. If you are going to use this in one location for extended periods of time then I would highly recommend it. The beauty of this beast is the fact that you can buy additional clamps and mount whatever you want on it. I am building out my woodshop and needed a space saving alternative for various benchtop tools. This is a great solution to the problem.,KB_00536,grounded_pick,True,G_059
REC_060,357402,B002HRET4M,Patio_Lawn_and_Garden,train,"Just installed the Baracuda, it continuously gets stuck on the pool ladder. I followed the instructions is there someting we can do to fix this?",descriptive,1,"[{'text': 'Take out the ladder...', 'helpful': 0, 'unhelpful': 0, 'total': 0, 'jeffreys': 0.5}, {'text': 'Remove the ladder', 'helpful': 0, 'unhelpful': 0, 'total': 0, 'jeffreys': 0.5}, {'text': 'Only thing I found was move the ladder', 'helpful': 0, 'unhelpful': 0, 'total': 0, 'jeffreys': 0.5}, {'text': 'Only thing I found was moved the latter', 'helpful': 0, 'unhelpful': 0, 'total': 0, 'jeffreys': 0.5}, {'text': 'My dying out found was move the ladder', 'helpful': 0, 'unhelpful': 0, 'total': 0, 'jeffreys': 0.5}, {'text': 'I am saying this based on my experience, I had control valve set more suction to baracuda than skimmer. Once I changed set up to be neutral for sharing suction power between baracuda and skimmer, it started behaving the way it should. I hope this resolve your problem', 'helpful': 0, 'unhelpful': 0, 'total': 0, 'jeffreys': 0.5}, {'text': ""Yes catching on the pool ladder is definitely a problem with most automatic vacuums and above ground pools. There are days I'm out there every 20 minutes to move it away from the ladder and then there are weeks I don't have any problems. Removing the ladder while running it is probably the only way to guarantee it won't get tangled up but that is not always feasible. My ladder can easily lift out so if I need to I can do that."", 'helpful': 0, 'unhelpful': 0, 'total': 0, 'jeffreys': 0.5}, {'text': ""We've not had problems with it getting stuck on the ladder.  Our's is the style with gradual steps into the pool so I'm not sure if this matters."", 'helpful': 0, 'unhelpful': 0, 'total': 0, 'jeffreys': 0.5}]",Take out the ladder...,,,jeffreys,True,G_060
REC_061,366603,B001KW0BE2,Home_and_Kitchen,train,"Will it remain stable if the cardboard backing is not put on? I have beautiful wood paneling on my wall, and I would like it to be visible through it.",descriptive,1,"[{'text': ""I don't know as I installed the cardboard back but I wouldn't recommend it."", 'helpful': 0, 'unhelpful': 0, 'total': 0, 'jeffreys': 0.5}, {'text': 'If it were me i would somehow attach it to the wall and make it stable..it looks better online...hope this helps..', 'helpful': 0, 'unhelpful': 0, 'total': 0, 'jeffreys': 0.5}, {'text': 'Yes, it should be fine.  The backing just keeps the DVDs from pushing through to the back side.', 'helpful': 0, 'unhelpful': 0, 'total': 0, 'jeffreys': 0.5}, {'text': ""I would not try it as a stand alone without the backing.  If you are willing to attach it to the wallin a couple of places at the top or on either side, it will probably work.  It is well made, so it may actually work as a stand alone also - I really don't know.  You might get creative and try just cutting a couple of strips off the backing for the top and bottom of the unit - or get a couple of nice looking wood strips at the local hardware store to give more stability at top and bottom."", 'helpful': 0, 'unhelpful': 0, 'total': 0, 'jeffreys': 0.5}, {'text': 'I highly doubt it.  The backing actually stabilizes the overall frame.', 'helpful': 0, 'unhelpful': 0, 'total': 0, 'jeffreys': 0.5}, {'text': 'Nope', 'helpful': 0, 'unhelpful': 0, 'total': 0, 'jeffreys': 0.5}]",I don't know as I installed the cardboard back but I wouldn't recommend it.,The shelf looks ok from a distance but the back is actually black cardboard. It is VERY unstable. It's dangerous really but too costly to return. We put the heaviest items on the bottom and lightest on the top but it is really too tall and narrow to be safe. I would not recommend this to anyone that ever has children or pets in the house.,KB_00557,grounded_pick,True,G_061
REC_062,370946,B002KJSD8K,Beauty,train,what type of smell does it have,descriptive,1,"[{'text': ""No smell and it's my favorite cream, I use it on face to and lasts a long time"", 'helpful': 0, 'unhelpful': 0, 'total': 0, 'jeffreys': 0.5}, {'text': ""It's been a few months since i've used it, but i don't remember any odor and i'm pretty picky and sensitive to smells."", 'helpful': 0, 'unhelpful': 0, 'total': 0, 'jeffreys': 0.5}, {'text': 'It is a very light not unpleasant smell that dissipates quickly.  It is not floral at all.', 'helpful': 0, 'unhelpful': 0, 'total': 0, 'jeffreys': 0.5}]","No smell and it's my favorite cream, I use it on face to and lasts a long time",This product always improves my skin tone and look - I try to use it on my legs and arms daily.,KB_00572,grounded_pick,True,G_062
REC_063,387700,B001RTL5L6,Sports_and_Outdoors,train,How do you turn off/on and is there an auto shut off?,descriptive,1,"[{'text': 'There is a little black button to push for on and off and setting what mode you want them in.  They will automatically shut off after about 5 minutes if the wheels are not in motion.', 'helpful': 2, 'unhelpful': 0, 'total': 2, 'jeffreys': 0.8333333333333334}, {'text': 'Yes there is a small black button that turn it on and off and that same button changes the light to different flashes and also if you let the bike sit still for a few minutes it will turn off by it self....', 'helpful': 1, 'unhelpful': 0, 'total': 1, 'jeffreys': 0.75}, {'text': 'there is an on/off button on the piece that attaches to the hub with the batteries', 'helpful': 1, 'unhelpful': 0, 'total': 1, 'jeffreys': 0.75}, {'text': 'When you stop moving they shut off. If you screw them on too tight, they will not light so just loosen a bit. There is no on/off switch needed.', 'helpful': 1, 'unhelpful': 0, 'total': 1, 'jeffreys': 0.75}, {'text': ""There is an on of switch and they do time out after awhile. We're very happy with them and will buy again."", 'helpful': 1, 'unhelpful': 0, 'total': 1, 'jeffreys': 0.75}, {'text': ""Hi,  There is a small black push-button on the plastic housing, you press it to go through all the 'blinking' sequences, and one of them is OFF.  Just keep pressing it slowly, its there."", 'helpful': 1, 'unhelpful': 0, 'total': 1, 'jeffreys': 0.75}]",There is a little black button to push for on and off and setting what mode you want them in.  They will automatically shut off after about 5 minutes if the wheels are not in motion.,these lights are really cool! the installation is a little bit tricky. my friend didn't want to really read the instructions and actually broke a piece off but we were still able to get them on securely. they look and work great!,KB_00584,grounded_pick,False,G_063
REC_064,419768,B0018B15FE,Health_and_Personal_Care,train,"Using Charlie's without cleaning the machine? has anyone used this soap in a laundromat or apartment building machine where it's nearly impossible to clean the machine?I've heard great reviews of this soap, but I don't really control my washing machine environment as much as I'd like to, since I don't have my own machines - if the soap's going to suck in this environment, I'd rather know ahead of time and not buy it.",descriptive,1,"[{'text': ""I have never cleaned my machine prior to using it and I don't have a problem.  It still has to be better than using those yucky regular detergents on your clothes.  My understanding is that the pre-cleaning is just to get rid of any residue left from regular detergent."", 'helpful': 4, 'unhelpful': 0, 'total': 4, 'jeffreys': 0.9}, {'text': 'I used this in my mother-in-law\'s machine and didn\'t ""clean"" the machine first. I washed 4 loads in succession and was really pleased after the very first load. I don\'t know if I would have obtained even better results if I had been able to run an initial load with just this product to remove any residue; I suppose it\'s possible. But I\'m beyond pleased with how clean and fresh it made my laundry even in a machine coated with soap residue. I\'ve been converted and won\'t ever use another laundry soap.', 'helpful': 2, 'unhelpful': 0, 'total': 2, 'jeffreys': 0.8333333333333334}, {'text': ""I suggest that you call Charlie's Soap, which is located in North Carolina.  The telephone number is 1-800-854-3541.  I believe that the reason to clean the machine is because residues may have a bad chemical reaction with the Charlie's Soap ingredients."", 'helpful': 2, 'unhelpful': 1, 'total': 3, 'jeffreys': 0.625}]",I have never cleaned my machine prior to using it and I don't have a problem.  It still has to be better than using those yucky regular detergents on your clothes.  My understanding is that the pre-cleaning is just to get rid of any residue left from regular detergent.,"I am a starving college student, and this is the only soap I've used since going to college. To be honest with you, I've never gone through an entire container of it because it keeps getting stolen from the laundry room! I'll just assume that means it's a great product. I would absolutely agree with pretty much every positive thing that has been said here about it (though I don't have any experience washing diapers with it, mostly just collegiate grime).",KB_00591,grounded_pick,True,G_064
REC_065,423888,B002HDYD88,Home_and_Kitchen,train,"Anyone using them on carpet? How stable are they? If you were to just sit your speakers on them (without any tac) , would that be ok?",descriptive,1,"[{'text': 'They come with metal spikes for the bottom of the stand.  These extend down into the carpet and create a pretty stable platform.  Mine have nothing attaching the speaker to the stand (just gravity) and they are plenty stable on carpet.', 'helpful': 0, 'unhelpful': 0, 'total': 0, 'jeffreys': 0.5}, {'text': 'No problem. They ship with spike-like feet as well as padded for hard floors too. The spikes would sink into your carpet for stability.', 'helpful': 0, 'unhelpful': 0, 'total': 0, 'jeffreys': 0.5}]",They come with metal spikes for the bottom of the stand.  These extend down into the carpet and create a pretty stable platform.  Mine have nothing attaching the speaker to the stand (just gravity) and they are plenty stable on carpet.,"These stands match my Polk speakers and subwoofer perfectly, they are stable and the cable management works for me. They came with both feet for hardwood floors and spikes for carpet. They are easy to assemble and have worked well for me.",KB_00597,grounded_pick,True,G_065
REC_066,432396,B00165XQWW,Electronics,train,Is it light weight? I have the Logitech M325 and I love everything about it except that it's a little heavier than I'd like since I'm a gamer.,descriptive,1,"[{'text': ""The answer is that it is lightweight and easy to use.  I'm currently using only the 450 with my laptop."", 'helpful': 1, 'unhelpful': 0, 'total': 1, 'jeffreys': 0.75}, {'text': 'Yes, I suppose it is, although I use it mainly on a desktop. What I like about it is the small size, which makes it a very nimble mouse.', 'helpful': 0, 'unhelpful': 0, 'total': 0, 'jeffreys': 0.5}, {'text': ""Not the lightest mouse I've ever used, but not the heaviest, either. Hands down, it's the best mouse I've ever used, though, so the little extra weight doesn't bother me. Disclosure: I'm not a gamer."", 'helpful': 0, 'unhelpful': 0, 'total': 0, 'jeffreys': 0.5}, {'text': ""I don't have an M325 to compare against.  I'd call it solid, but not heavy.  I do not consider myself a gamer, but I know some gaming mice actually have removable weights so you can adjust the mouse to your personal taste.  Mostly I just know my wife, a web surfer and Facebook user, loves it."", 'helpful': 0, 'unhelpful': 0, 'total': 0, 'jeffreys': 0.5}, {'text': 'Yes, lighter in weight than earlier models.', 'helpful': 0, 'unhelpful': 0, 'total': 0, 'jeffreys': 0.5}]",The answer is that it is lightweight and easy to use.  I'm currently using only the 450 with my laptop.,The V450 Nano is a very fast response mouse that can be used practically over any surface (except glass). It is very accurate and the receiver is perfect for my laptop since I don't need to unplug it every time I'm going to put the laptop in the bag.,KB_00612,grounded_pick,False,G_066
REC_067,432588,B007J3FAJ2,Toys_and_Games,train,where to get replacement balls for Fisher-Price Cruise and Groove Ballapalooza?,descriptive,1,"[{'text': 'Fisher Price no longer offers replacement balls but I think there are replacement balls online.', 'helpful': 0, 'unhelpful': 0, 'total': 0, 'jeffreys': 0.5}, {'text': 'Toys r us, some walmarts', 'helpful': 0, 'unhelpful': 0, 'total': 0, 'jeffreys': 0.5}, {'text': 'Amazon is probably the best.  ""Fisher Price replacement balls""', 'helpful': 0, 'unhelpful': 0, 'total': 0, 'jeffreys': 0.5}, {'text': ""Amazon has them for sale. It's a 8 ball set."", 'helpful': 0, 'unhelpful': 0, 'total': 0, 'jeffreys': 0.5}, {'text': ""Hi there! The 16-ball Bright Starts Having A Ball Toys, Bunch of Balls and the 15-ball Marshall Pet Products Pop-N-Play Ball Pack are possibilities for you.  I haven't personally tried the ferret balls, but I did contact Marshall Pet Products and confirm they're BPA-free. I ordered the Bright Starts balls while waiting for a reply from Marshall Pet Products.  They work pretty well:  definitely fit in the tracking, but perhaps don't have enough weight to reverse directions at the bottom the way the original balls might've done.  (I can't make a real comparison, because I bought a used Ballapalooza without any of the original balls.)  Good luck!"", 'helpful': 0, 'unhelpful': 0, 'total': 0, 'jeffreys': 0.5}, {'text': 'Perfect toy.Good condition', 'helpful': 0, 'unhelpful': 0, 'total': 0, 'jeffreys': 0.5}]",Fisher Price no longer offers replacement balls but I think there are replacement balls online.,,,jeffreys,True,G_067
REC_068,443139,B001ELX290,Health_and_Personal_Care,train,what is the active ingredient that inhibits hair growth in this product?,descriptive,1,"[{'text': 'This product does not inhibit hair growth, it prevents ingrown hairs. I believe the most effective ingredients are the glycolic and lactic acids (Alpha hydroxy) and salicylic acid (beta hydroxy).', 'helpful': 2, 'unhelpful': 0, 'total': 2, 'jeffreys': 0.8333333333333334}, {'text': ""This isn't a hair inhibitor. It stops ingrown hairs."", 'helpful': 0, 'unhelpful': 0, 'total': 0, 'jeffreys': 0.5}]","This product does not inhibit hair growth, it prevents ingrown hairs. I believe the most effective ingredients are the glycolic and lactic acids (Alpha hydroxy) and salicylic acid (beta hydroxy).","This product rocks, and does what it say it will do. It makes a huge difference in the amount of irritation and ingrown hairs one gets after various hair removal endeavors and is equally good on Men and Women, You wont be disappointed with this product.",KB_00627,grounded_pick,True,G_068
REC_069,445957,B0066FET1Y,Grocery_and_Gourmet_Food,train,what are the ingredients,descriptive,1,"[{'text': ""What's listed on the package is: roasted organic barley, organic roasted rye, organic roasted chicory, organic ashwa-gandha, organic shatavari, organic brahmi, organic French vanilla flavor. It didn't work well in my Keurig, but did fine in my regular coffee maker."", 'helpful': 0, 'unhelpful': 0, 'total': 0, 'jeffreys': 0.5}, {'text': 'Certified Organic IngredientsOrganic roasted barley Organic roasted rye Organic roasted chicory Organic Ashwagandha Organic Shatavari Organic Brahmi Organic French Vanilla Flavor - See more at: http://ayurvedicroast.com/#sthash.ID7meGcA.dpuf', 'helpful': 0, 'unhelpful': 0, 'total': 0, 'jeffreys': 0.5}]","What's listed on the package is: roasted organic barley, organic roasted rye, organic roasted chicory, organic ashwa-gandha, organic shatavari, organic brahmi, organic French vanilla flavor. It didn't work well in my Keurig, but did fine in my regular coffee maker.","I want to get away from drinking regular coffee and this is the first coffee substitute i've tried . French Vanilla Ayurvedic Roast . I love the ingredients and love the taste and I know that it is all good for me. I will be drinking Ayurvedic Roast from now on and am looking forward to improve health and well-being. Thanks so much , Sandra A.",KB_00643,grounded_pick,True,G_069
REC_070,504735,B0057R27YI,Electronics,train,Will this lens work with a Rebel Xsi?  my telephoto lens was dropped so I am looking for something else to purchase.,descriptive,1,"[{'text': 'It will work but do remember this is a manual lens and not auto-focus and quite heavy for casual photography.  Tripod is a must.', 'helpful': 1, 'unhelpful': 0, 'total': 1, 'jeffreys': 0.75}, {'text': ""I am not positive but think it will. When I purchased the adaptor to fit it to my Rebel T3, it listed a lot of other canon cameras that it also fit. If all canon cameras can fit the same lenses, then the adaptor would do the same. It's been a fun lens, does take some extra moments when focusing."", 'helpful': 1, 'unhelpful': 0, 'total': 1, 'jeffreys': 0.75}, {'text': 'All you need is the correct converter ring. Should cost you anywhere from $2-$20 if its not included', 'helpful': 0, 'unhelpful': 0, 'total': 0, 'jeffreys': 0.5}, {'text': 'Yes. But you have to be aware that is manual focus and has no electronic communication with the camera.', 'helpful': 0, 'unhelpful': 0, 'total': 0, 'jeffreys': 0.5}, {'text': 'Yes, with the adapter that, if I recall correctly, comes with it.  I use it with a Rebel Xsi.', 'helpful': 0, 'unhelpful': 0, 'total': 0, 'jeffreys': 0.5}]",It will work but do remember this is a manual lens and not auto-focus and quite heavy for casual photography.  Tripod is a must.,"for the price, this is fantastic. Hard to get a very good focus...but i also dropped it a couple times. Difficult to keep safe being such a big lens",KB_00647,grounded_pick,True,G_070
REC_071,518149,B00021LQ0U,Home_and_Kitchen,train,Would like it to hold my favorite Lysol wipes. What is the measurement from handle to edge? The picture shows a roll of paper towels so it looks wide.,descriptive,1,"[{'text': ""I just measured the one I purchased, and if you are measuring from edge of handle to inside edge it is about 5 1/4 inches (that is the area across where the paper towel roll is), I just put a jumbo Clorox canister in and fits nicely, I was surprised when I got this as it is a work horse, not one of those flimsy plastic totes, you will not have any problem putting your Lysol wipes in this as it is large. Since it is very sturdy it is heavier and not bendable.  I have one under my kitchen sink full of all the items I use regularly so I don't have to hunt, just pull the tote out and ready to go. I am very pleased with the quality of the tote that I plan to get another one for my work tools, hope this helps you."", 'helpful': 2, 'unhelpful': 0, 'total': 2, 'jeffreys': 0.8333333333333334}, {'text': '5 inches at the opening BUT it narrows to 4 inches on the bottom.  It is actually quite roomy and holds a lot of stuff. This translates to a bit large. Ex: it is too tall to fit under my kitchen sink because of the garbage disposal, however it does fit under the bathroom sink but does not leave much space for anything else. Make sure to measure the space where you want to store it.', 'helpful': 1, 'unhelpful': 0, 'total': 1, 'jeffreys': 0.75}, {'text': '5 inches', 'helpful': 0, 'unhelpful': 0, 'total': 0, 'jeffreys': 0.5}, {'text': 'Inside space is 12 x 17 and it will hold exactly what you see in picture.  I will hold an entire roll of paper towels and multiple full size bottles of cleaning products.', 'helpful': 0, 'unhelpful': 0, 'total': 0, 'jeffreys': 0.5}, {'text': 'Joel its 5 x17 X 6in. deep, that would have to be a small roll of Paper Towel, its well made and just what we were Looking for, Our maid uses it to tote all the different cleaning supplies in, that way where ever she is in the house she has what she need at all times, it makes her work go much faster than having to go back for what she needs,', 'helpful': 0, 'unhelpful': 0, 'total': 0, 'jeffreys': 0.5}, {'text': 'It is about 5 inches wide', 'helpful': 0, 'unhelpful': 0, 'total': 0, 'jeffreys': 0.5}]","I just measured the one I purchased, and if you are measuring from edge of handle to inside edge it is about 5 1/4 inches (that is the area across where the paper towel roll is), I just put a jumbo Clorox canister in and fits nicely, I was surprised when I got this as it is a work horse, not one of those flimsy plastic totes, you will not have any problem putting your Lysol wipes in this as it is large. Since it is very sturdy it is heavier and not bendable.  I have one under my kitchen sink full of all the items I use regularly so I don't have to hunt, just pull the tote out and ready to go. I am very pleased with the quality of the tote that I plan to get another one for my work tools, hope this helps you.","I was trying to keep cleaning gear at each bathroom and in the kitchen, but found that I was always missing one thing or running out of paper towels in one room, etc. So I thought I would buy a caddy and keep cleaning items in it to carry to each room instead. This caddy is large enough to hold all my spray bottles, a roll of paper towel, cloths, Mr. Clean Eraser, etc. and it fits under the sink in my master bath.",KB_00654,grounded_pick,False,G_071
REC_072,521159,B002HKCEAA,Toys_and_Games,train,What should I do to stop the propellers from falling off the rods? The rotation causes them to come right off.,descriptive,1,"[{'text': 'Call the manufacturer they are real great with help.734-502-8796.', 'helpful': 0, 'unhelpful': 0, 'total': 0, 'jeffreys': 0.5}, {'text': 'A good idea is first to make sure the propeller nuts are tight before using the boat as a precaution. Then a lot of rc guys use a drop of Loc-tite on the propeller nut. Instead of Loc-tite  a drop of super glue will also insure that the propeller nuts stay good and tight.', 'helpful': 0, 'unhelpful': 0, 'total': 0, 'jeffreys': 0.5}]",Call the manufacturer they are real great with help.734-502-8796.,,,jeffreys,True,G_072
REC_073,546493,B001GCU0TW,Health_and_Personal_Care,train,what are all ingredients? i am looking for no aspirin. thank you!,descriptive,1,"[{'text': 'This one is just for heartburn. Sodium bicarbonate', 'helpful': 1, 'unhelpful': 0, 'total': 1, 'jeffreys': 0.75}, {'text': ""All ingredients, be it food or drug, are listed on the packaging; all you need to do is to go to Walmart - or where ever and check it out for for yourself.  The alternative is to Google the question.  It's interesting what one learns!!  :-)  Have a great day!!"", 'helpful': 0, 'unhelpful': 0, 'total': 0, 'jeffreys': 0.5}, {'text': 'No aspirin here, only sodium bicarbonate for antacid relief.  Works quick and very effective.', 'helpful': 0, 'unhelpful': 0, 'total': 0, 'jeffreys': 0.5}, {'text': 'The  Heartburn Alka Seltzer contains NO asprin. I use this product for that very reason. I have used it for about 15 years now.', 'helpful': 0, 'unhelpful': 0, 'total': 0, 'jeffreys': 0.5}, {'text': ""I think Alka Seltzer contains aspirin. I ran out so I'm not too sure... Sorry."", 'helpful': 0, 'unhelpful': 0, 'total': 0, 'jeffreys': 0.5}, {'text': 'Alka-Seltzer ""Heartburn"" contains no aspirin.  It is formulated to treat only heartburn (indigestion).  Active ingredients are anhydrous citric acid and sodium bicarbonate, both antacids.  The package it comes in is very similar in appearance to the Alka-Seltzer package which does have tablets containing aspirin.  You have to look carefully.  They both have ""Lemon Lime"" on the front cover.', 'helpful': 0, 'unhelpful': 0, 'total': 0, 'jeffreys': 0.5}, {'text': 'there is no aspirin in the heartburn relief formula', 'helpful': 0, 'unhelpful': 0, 'total': 0, 'jeffreys': 0.5}]",This one is just for heartburn. Sodium bicarbonate,I have used this medication for over two-years now. I cannot take aspirin so this product is perfect for my tummy when it balks at me.,KB_00676,grounded_pick,True,G_073
REC_074,548506,B0093HHGD0,Home_and_Kitchen,train,Did it shrink in size after you washed and dried it?  I'm afraid it might be too small for my queen bed if it shrinks any.,descriptive,1,"[{'text': 'I washed it in cold water and it did fine :)', 'helpful': 1, 'unhelpful': 0, 'total': 1, 'jeffreys': 0.75}, {'text': ""It didn't shrink at all. It washes and dries beautifully!"", 'helpful': 1, 'unhelpful': 0, 'total': 1, 'jeffreys': 0.75}, {'text': ""I actually bought this for my sister for Christmas, but I did ask her and she said that she has washed and dried it multiple times and it hasn't shrunk any, she did however say that she washed it in cold water and dried it on low heat. She said she absolutely loves how soft and colorful it is. Hope this helps."", 'helpful': 1, 'unhelpful': 0, 'total': 1, 'jeffreys': 0.75}, {'text': ""The first time I washed the quilt I hung it out to dry and then the second time I actually put it in the dryer cause I was in a hurry. I didn't see a change in sizing. At the time I was using it on a twin sized bed before I bought the full that I have now. When I made the bed after putting it in the dryer the quilt hung the same length on both sides that it had before washing. It didn't change at all. I have had this quilt now for about 6-7 months and I am still very satisfied with it. I'm also pretty sure that the tag might say preshrunk but I'm not sure, I'd have to look, but mine didn't change in size at all after washing and drying. Hope this helps!"", 'helpful': 1, 'unhelpful': 0, 'total': 1, 'jeffreys': 0.75}]",I washed it in cold water and it did fine :),This quilt is so pretty and warm. I love it. It is aslo a great size for my queen bed.,KB_00684,grounded_pick,True,G_074
REC_075,580345,B008KEJ1LM,Health_and_Personal_Care,train,ease of comb removal,descriptive,1,"[{'text': 'It is very easy.  The comb just slides right off.', 'helpful': 1, 'unhelpful': 0, 'total': 1, 'jeffreys': 0.75}, {'text': 'Pretty easy Slides off but secure', 'helpful': 0, 'unhelpful': 0, 'total': 0, 'jeffreys': 0.5}, {'text': 'Just squeeze and pull off...simple. And clicks right back into place and secures.', 'helpful': 0, 'unhelpful': 0, 'total': 0, 'jeffreys': 0.5}, {'text': 'the comb removal is very easy to remove and put back on. So far this product has been great and is a great buy.', 'helpful': 0, 'unhelpful': 0, 'total': 0, 'jeffreys': 0.5}]",It is very easy.  The comb just slides right off.,I love it for a quick trim of the beard. Saves a lot of time compared to using a comb and scissors.,KB_00703,grounded_pick,True,G_075
REC_076,596943,B0047YVIEC,Electronics,train,Will this battery work with a Linux OS?,descriptive,1,"[{'text': 'Yes', 'helpful': 0, 'unhelpful': 0, 'total': 0, 'jeffreys': 0.5}, {'text': 'Yes', 'helpful': 0, 'unhelpful': 0, 'total': 0, 'jeffreys': 0.5}]",Yes,,,jeffreys,True,G_076
REC_077,605246,B0045JSO32,Electronics,train,"Can you run a single monitor with this?  Basically, I have a DMS59 card and a standard VGA monitor.  Just want to use the card and the monitor.",descriptive,1,"[{'text': ""Yes, you can. You don't have to use 2 monitors. For the card or cable to work properly"", 'helpful': 1, 'unhelpful': 0, 'total': 1, 'jeffreys': 0.75}, {'text': 'Yes you can. You can just use one connect. Thanks', 'helpful': 0, 'unhelpful': 0, 'total': 0, 'jeffreys': 0.5}, {'text': 'Yes you can rub only one monitor.', 'helpful': 0, 'unhelpful': 0, 'total': 0, 'jeffreys': 0.5}, {'text': 'Yes, it will work just fine with one monitor attached.', 'helpful': 0, 'unhelpful': 0, 'total': 0, 'jeffreys': 0.5}, {'text': 'Yes, you can run 1 or 2 monitors. I have used this plug both ways.', 'helpful': 0, 'unhelpful': 0, 'total': 0, 'jeffreys': 0.5}, {'text': 'Indeed you can.Best regards', 'helpful': 0, 'unhelpful': 0, 'total': 0, 'jeffreys': 0.5}]","Yes, you can. You don't have to use 2 monitors. For the card or cable to work properly",It isn't really necessary in my opinion. Works perfectly on the windows 98 monitor I have and the dell monitor I got (even though i can't safely use it otherwise it'll get superheated by the fans in the back) so if you are in this kind of situation like me this will fix. This was also (at this current time May 2013) the cheapest cable for this conversion of LFH to VGA.,KB_00715,grounded_pick,True,G_077
REC_078,636486,B00IYQXZFO,Home_and_Kitchen,train,what is the eer rating of unit..,descriptive,1,"[{'text': 'Per the Energy Guide Sticker on the Amazon page it is 9.8', 'helpful': 0, 'unhelpful': 0, 'total': 0, 'jeffreys': 0.5}, {'text': 'GENERAL SPECIFICATIONSWarranty: 1 Year Full/5 Year Sealed SystemRefrigerant: R410aWindow Height (Min.): 14""Window Width Min. (Max.): 23"" - 36""Product Weight (lbs): 46Shipping Weight (lbs): 53Power Type: ElectricSize: N/AInstallation Type: Window MountedCollection: FrigidaireAC SPECIFICATIONSFan Speeds (Cool): 3Fan Speed (Fan): 3Low Voltage Start-Up: YesFilter Check: YesClean Air Ionizer: NoRemote Control: Full FunctionAir CFM (High): 217Motor RPM (High): 1,600Motor RPM (Med): 1,500Motor RPM (Low): 1,400Air Direction Control: 8-WayNoise Level dB (High): 60.9Noise Level dB (Med): 56.6Noise Level dB (Low): 52.5Fresh Air: NoExhaust Vent: NoVents Closed: YesFilter Access: Tilt-OutSlide-Out Chassis: NoCabinet Louvers: YesWindow Mounting Kit: Pleated Quick MountCharge (ozs): 12.86PERFORMANCEBTU (Cool): 8,000Dehumidification (Pints/Hour): 1.7Cool Area (Sq. Ft.): 350Energy Efficiency Ratio: 9.8Performance Certification: AHAMEXTERIOR SPECIFICATIONSHeight: 13-7/16""Width: 18-1/2""Depth: 15-1/2""ELECTRICAL SPECIFICATIONSVoltage Rating: 115V, 60HzAmps (Cool): 7.4Watts (Cool): 816Horsepower (Cool): 1.09Power Cord Length: 6\' (6-1/2\')Plug Type: LCDI 5-15PCERTIFICATIONS & APPROVALSENERGY STAR® Certified: NoSafety Certification: UL/CUL (SA11087)CONTROLSControl Location: CenterSleep Mode: YesControls: Electronic', 'helpful': 0, 'unhelpful': 0, 'total': 0, 'jeffreys': 0.5}]",Per the Energy Guide Sticker on the Amazon page it is 9.8,,,jeffreys,True,G_078
REC_079,648082,B00IAHRIUA,Cell_Phones_and_Accessories,train,Does this come with the little stand?,descriptive,1,"[{'text': 'No, there is no stand.', 'helpful': 1, 'unhelpful': 0, 'total': 1, 'jeffreys': 0.75}, {'text': 'The one I ordered did not come with a stand.', 'helpful': 0, 'unhelpful': 0, 'total': 0, 'jeffreys': 0.5}, {'text': 'The new packaging does.', 'helpful': 0, 'unhelpful': 0, 'total': 0, 'jeffreys': 0.5}]","No, there is no stand.",,,jeffreys,True,G_079
REC_080,667101,B002N0MZLM,Health_and_Personal_Care,train,Does the 1 oz. bottle include a dropper?,descriptive,1,"[{'text': 'It has a built in dropper....that controls the flow drop by drop...easy to use...', 'helpful': 4, 'unhelpful': 0, 'total': 4, 'jeffreys': 0.9}, {'text': 'No dropper was included. I use a cotton swab to apply the oil.', 'helpful': 1, 'unhelpful': 0, 'total': 1, 'jeffreys': 0.75}, {'text': 'No.', 'helpful': 0, 'unhelpful': 0, 'total': 0, 'jeffreys': 0.5}, {'text': 'No.', 'helpful': 0, 'unhelpful': 0, 'total': 0, 'jeffreys': 0.5}]",It has a built in dropper....that controls the flow drop by drop...easy to use...,"love this scent but wish it was a cheaper price,use alot doing massages.I think I may prefer tea tree to this but is a good scent",KB_00752,grounded_pick,True,G_080
REC_081,676798,B006ZPCQBA,Cell_Phones_and_Accessories,train,Is there WIFI hotspot capability with this LG cell phone?,descriptive,1,"[{'text': 'It does WIFI, but, not have WIFI hotspot capability. It is still a good phone though.', 'helpful': 1, 'unhelpful': 0, 'total': 1, 'jeffreys': 0.75}, {'text': 'Not with boost. I think you would have to call and it would definitely be extra.', 'helpful': 0, 'unhelpful': 0, 'total': 0, 'jeffreys': 0.5}]","It does WIFI, but, not have WIFI hotspot capability. It is still a good phone though.","The battery is lasting me all day with light use, but it does drop quickly under heavy use. I think under constant use, I'd probably get roughly 4 hours. When I'd use my old phone as a WiFi hotspot, it would die after about an hour, even plugged into the wall. So clearly it was using more power than it could take in. I haven't rooted the Marquee yet, so I have not used it as a hotspot.",KB_00756,grounded_pick,True,G_081
REC_082,679315,B000EDNCJO,Health_and_Personal_Care,train,These just arrived but they look used... Is the blade supposed to come clean?,descriptive,1,"[{'text': 'Mine came clean.  I do not think it should look used at all.', 'helpful': 0, 'unhelpful': 0, 'total': 0, 'jeffreys': 0.5}, {'text': ""Mine were absolutely clean and never used. I'm assuming there might be different vendors for the same product."", 'helpful': 0, 'unhelpful': 0, 'total': 0, 'jeffreys': 0.5}, {'text': 'They are suppose too be new a least mines was', 'helpful': 0, 'unhelpful': 0, 'total': 0, 'jeffreys': 0.5}, {'text': ""They are most definitely supposed to be new!! Do you know who you ordered them from?  I would contact the seller and ask that they swap you out for a proper, new pair of clippers.  I looked through the order history on my seller profile and can't find you or an order for this particular clipper.  But if it was one of my staff then I profusely apologize.  Let me know if I can do anything else to help."", 'helpful': 0, 'unhelpful': 0, 'total': 0, 'jeffreys': 0.5}, {'text': 'Supposed to be new. Is there hair on the blade or could it be preservative oil? Mine were clean and new looking.', 'helpful': 0, 'unhelpful': 0, 'total': 0, 'jeffreys': 0.5}, {'text': 'Definitely should be clean!!', 'helpful': 0, 'unhelpful': 0, 'total': 0, 'jeffreys': 0.5}, {'text': 'Yes all products should be new and packaging should be sealed!My best suggestion is to contact the seller for an exchange or what would best for your convenience.', 'helpful': 0, 'unhelpful': 0, 'total': 0, 'jeffreys': 0.5}]",Mine came clean.  I do not think it should look used at all.,Cut really good fade well i cut my own hair and i do diffrent look all the time i like them lot,KB_00767,grounded_pick,True,G_082
REC_083,682063,B0032536QK,Pet_Supplies,train,"Is 24-30"" bright enough for 29 gallon long tank with dwarf baby tears as carpet plants?",descriptive,1,"[{'text': 'No. This light only works for low light plants. Dwarf baby tears need a much brighter light than this one.', 'helpful': 0, 'unhelpful': 0, 'total': 0, 'jeffreys': 0.5}, {'text': 'I do not have live plants in my aquarium. I do have a 50 gal tank and it lights it very nicely. I love the moon light feature.', 'helpful': 0, 'unhelpful': 0, 'total': 0, 'jeffreys': 0.5}]",No. This light only works for low light plants. Dwarf baby tears need a much brighter light than this one.,"This has been great for a 46 gallon bow aquarium which is 20&#34; deep. Previously, with two 30 watt fluorescent tubes, the low growing plants didn't do well. When I increased the fluorescent lighting, I was constantly fighting algae blooms. The LEDs seem to be able to get light to the bottom of the aquarium better than fluorescent lighting. I think this only enough light for plants that need low to medium light.",KB_00778,grounded_pick,True,G_083
REC_084,683931,B00822VUSY,Cell_Phones_and_Accessories,train,"It says that there is an Anti-Fingerprint Screen Protector Comes Pre-Installed, what if i wanted to change the installed screen protector? Can i do it",descriptive,1,"[{'text': 'Yes, the pre-installed screen protector is just a protective plastic film that has already been applied for you. If you wanted to change it, just peel it off and replace it.', 'helpful': 0, 'unhelpful': 0, 'total': 0, 'jeffreys': 0.5}, {'text': ""Yeah it does have it, and I don't know about pealing the anti-fingerprint protector screen and I'm not going to, it's really stuck there. Or it's part of the screen. May want to search it up."", 'helpful': 0, 'unhelpful': 0, 'total': 0, 'jeffreys': 0.5}, {'text': 'Yes you can', 'helpful': 0, 'unhelpful': 0, 'total': 0, 'jeffreys': 0.5}, {'text': ""I left it in place and didn't even attempt to try and peel it off.  Wasn't the biggest fan of the mat look and feel, but I'm used to it nowthat myphone is back to working order."", 'helpful': 0, 'unhelpful': 0, 'total': 0, 'jeffreys': 0.5}, {'text': 'Yes all you have to do is peel it off the anti-fingerprint screen protector is just a sticker like protectant fitted for your mobile device.', 'helpful': 0, 'unhelpful': 0, 'total': 0, 'jeffreys': 0.5}, {'text': ""I can't really remember but I think yes. It came with a screen protector pre-installed to prevent it from being cracked while changing out the old one and then it provided a new one that you slip on. I believe you should be able to but its been about 4-5 months since I replaced mines I can't remember 100% however the one it has, has worked just fine and i've had no issues at all. The kit was well worth the money and the youtube video helped greatly."", 'helpful': 0, 'unhelpful': 0, 'total': 0, 'jeffreys': 0.5}]","Yes, the pre-installed screen protector is just a protective plastic film that has already been applied for you. If you wanted to change it, just peel it off and replace it.","Everything you need, screen, tool kit, instructions, and the screen has a pre-installed anti-glare screen protector on it to boot.",KB_00784,grounded_pick,True,G_084
REC_085,691455,B007HIQD5Y,Health_and_Personal_Care,train,What's the difference between this product and an electric blanket?  Which is better to keep an older person warm?,descriptive,1,"[{'text': 'I think this is less ""bulky"" both the fabric & the heating wires that run through it.  I love it, but it is on the smaller side, not as wide as a throw, which might be appealing if you were looking for a shoulder wrap or lap blanket for an older person. I\'m 5\'9"" and it\'s long enough to keep me warm from shoulders to toes!', 'helpful': 2, 'unhelpful': 0, 'total': 2, 'jeffreys': 0.8333333333333334}, {'text': ""This is an exceptional product! Originally I was looking for a large heating pad for my Mom when this product came up in the Amazon search. Mom is 88 and suffers with arthritis and is always cold. The wrap exceeded what I had hoped to purchase. It is the perfect size to wrap around her shoulders as her upper body and the softness of the material is wonderful. The three heat settings gives her a choice to warm her up quick and then lower setting to maintain the heat. Mom's hands are always cold. The Wrap is long enough to cover her hands. She likes that the best. Because of her arthritis in her hands she has trouble holding the Wrap closed. To fix this I sewed a pocket into the corners of the Wrap that hers hands slip into. It works very well and Mom is very very happy with the results. The Wrap doesn't work as well as a electric blanket but I was looking for a should wrap. Thank you!"", 'helpful': 2, 'unhelpful': 0, 'total': 2, 'jeffreys': 0.8333333333333334}, {'text': 'Well, this item is portable whereas an electric blanket is very large and bulky.  I use this item at work when the office is a little colder than I like.', 'helpful': 2, 'unhelpful': 0, 'total': 2, 'jeffreys': 0.8333333333333334}, {'text': 'The wrap is not as large as a blanket. The wrap is good for keep one area warm such as shoulders or the back.   I like the fact it turns itself after a few hours.   I use on my back most nights.    You may want to look at a blanket if you want to keep a person warm all over.', 'helpful': 1, 'unhelpful': 0, 'total': 1, 'jeffreys': 0.75}, {'text': 'Hello, I am happy to respond ... The electric spa wrap is smaller than an electric blanket. I love mine as I use it all the time.  It is way better than a heating pad as it many ways to place it on the body and wrap your body in it. I hope this helps answer your question.', 'helpful': 1, 'unhelpful': 0, 'total': 1, 'jeffreys': 0.75}, {'text': 'These heating pads need to be kept on low because they can get too hot and then they have to be watched. An electric blanket can be controlled easier as far as the heat. You can put a blanket on low and the settings is just that even tho these are nice little heating pads in my opinion.', 'helpful': 0, 'unhelpful': 0, 'total': 0, 'jeffreys': 0.5}]","I think this is less ""bulky"" both the fabric & the heating wires that run through it.  I love it, but it is on the smaller side, not as wide as a throw, which might be appealing if you were looking for a shoulder wrap or lap blanket for an older person. I'm 5'9"" and it's long enough to keep me warm from shoulders to toes!","I've been using a heating pad a lot lately for a back injury, so I thought this wrap would be even better.Well....not really. It IS fabulous for wrapping around you, or putting in your lap. I have been using it to spread under the covers on my side of the bed--kind of like an electric blanket (which my husband doesn't want on our bed).BUT-this does NOT get anywhere nearly as hot as my traditional heating pad.",KB_00800,grounded_pick,True,G_085
REC_086,695542,B004QIPKNY,Electronics,train,Do you need an outlet adapter to operate this in the US ?,descriptive,1,"[{'text': ""No, this comes ready to use.  I have not had any problem with playing either UK or US dvd's. There are no adjustments needed and it works just great.  Best purchase I've made in a long while."", 'helpful': 1, 'unhelpful': 0, 'total': 1, 'jeffreys': 0.75}, {'text': 'No, the plug is typical US one.', 'helpful': 1, 'unhelpful': 0, 'total': 1, 'jeffreys': 0.75}, {'text': 'No, this is made to be used in the US. It has a standard US cord and works in the US outlets. It plays all the different region DVDs, including region 1 (US and Canada).', 'helpful': 1, 'unhelpful': 0, 'total': 1, 'jeffreys': 0.75}, {'text': 'You do not.  However, there are several DVDs made for the US that this player will not play (seemed like about 30%-40% the movies I rented/owned would not play.', 'helpful': 1, 'unhelpful': 0, 'total': 1, 'jeffreys': 0.75}, {'text': 'It has a US plug', 'helpful': 0, 'unhelpful': 0, 'total': 0, 'jeffreys': 0.5}, {'text': 'If your player was acquired in the UK the simple answer is yes. BUT! . . . The power supply is likely AC 230V-240V, 50Hz . . . whereas in the US and Canada power is AC 110V - 117V, 60Hz . . . therefore your player will not operate properly without a transformer to get the correct voltage and cycling.', 'helpful': 0, 'unhelpful': 0, 'total': 0, 'jeffreys': 0.5}, {'text': 'No, has the U.S. plug already.  Very happy with this DVD player.', 'helpful': 0, 'unhelpful': 0, 'total': 0, 'jeffreys': 0.5}, {'text': 'http://shop.panasonic.com/shop/model/dvd-s68?t=specs This site gives you the instruction manual and all the tech specs. at a quick look I woud say you should have no problems.', 'helpful': 0, 'unhelpful': 0, 'total': 0, 'jeffreys': 0.5}]","No, this comes ready to use.  I have not had any problem with playing either UK or US dvd's. There are no adjustments needed and it works just great.  Best purchase I've made in a long while.",Had an older Panasonic DVD and it finally crashed. Ordered this one and have used it several times. We are not disappointed. Works great and easy to operate.,KB_00805,grounded_pick,True,G_086
REC_087,710731,B002AEOY42,Home_and_Kitchen,train,what are the dimensions of this trash can?,descriptive,1,"[{'text': '11 and 1/2 inches tall , 7 inches width , 9 inches length including the foot pedal.', 'helpful': 2, 'unhelpful': 0, 'total': 2, 'jeffreys': 0.8333333333333334}, {'text': '10 inches x 7.6 inches x 12.1 inches; 2.5 pounds Shipping Weight: 2.65 pounds', 'helpful': 1, 'unhelpful': 0, 'total': 1, 'jeffreys': 0.75}, {'text': '11 inches high and 7.5 diameter', 'helpful': 0, 'unhelpful': 0, 'total': 0, 'jeffreys': 0.5}, {'text': 'This is a small can and the insert is smaller. I would guess that the removable trash insert can is about a foot tall and 6"" across.', 'helpful': 1, 'unhelpful': 1, 'total': 2, 'jeffreys': 0.5}]","11 and 1/2 inches tall , 7 inches width , 9 inches length including the foot pedal.",,,jeffreys,True,G_087
REC_088,5132,B005J31O6M,Electronics,train,will this fit a c655-s5504?,yesno,0,"[{'text': 'I am not sure, but when I look at the vast number of C655 models that it does fit, I imagine it would.  They are cheap enough and if you dropped it with the adapter plugged in, this will fix the problem.  If you are able to do the labor, it is EXTREMELY rewarding to see how easy this part of it really is.  I was very happy.', 'helpful': 0, 'unhelpful': 0, 'total': 0, 'jeffreys': 0.5}, {'text': 'Its been a while since I installed this, but if your computer has a 4 prong plug, it should connect to the power connector just fine. I had a little trouble getting it in the connector case slot to get the case closed, but it finally went. Watch the You Tube video on power connector repair for this model, although he removes the connector from the board a little quick to see, it is not hard to replace. Just make sure to look at the orientation of the pins and polarization fins when you take the old one off. I saved my student $60 with the repair!', 'helpful': 0, 'unhelpful': 0, 'total': 0, 'jeffreys': 0.5}, {'text': 'Hi, can You tell me please, if this ítem is compatible with model c655-s5047. Thanks', 'helpful': 0, 'unhelpful': 0, 'total': 0, 'jeffreys': 0.5}]","I am not sure, but when I look at the vast number of C655 models that it does fit, I imagine it would.  They are cheap enough and if you dropped it with the adapter plugged in, this will fix the problem.  If you are able to do the labor, it is EXTREMELY rewarding to see how easy this part of it really is.  I was very happy.",Installed in Toshiba Satellite C655. Distance between power adapter connector and choke in wire was shorter than OEM piece. I had to cut a notch in the hinge bracket to make it fit. Even with modification it was a very tight fit. Item was delivered in a timely manner.,KB_00826,grounded_pick,True,G_088
REC_089,159286,B008VH8TW0,Health_and_Personal_Care,train,does it fit with Tens Handheld device?,yesno,0,"[{'text': 'The leads only fit ""plug in "" type electrodes not the ""snap on"" type on some TENS handheld devices.', 'helpful': 0, 'unhelpful': 0, 'total': 0, 'jeffreys': 0.5}, {'text': 'Fits perfectly and works very well! Highly recommended.', 'helpful': 0, 'unhelpful': 0, 'total': 0, 'jeffreys': 0.5}, {'text': ""hi; it fits, but the pads barely worked.  the lines were bad.  unfortunately, i waited too long to try them out and can't send them back."", 'helpful': 0, 'unhelpful': 0, 'total': 0, 'jeffreys': 0.5}]","The leads only fit ""plug in "" type electrodes not the ""snap on"" type on some TENS handheld devices.",,,jeffreys,True,G_089
REC_090,169227,B0015ADLOQ,Electronics,train,"if one unit is mounted inside front door, will it be heard by door bell ringer?",yesno,0,"[{'text': 'These units are intercoms where where you push a button and call and talk to the other unit. There is also a monitor feature, which would drain the batteries quickly so if using this feature opt for a DC converter (extra purchase but possible). In the monitor phase, if I understand you correctly,  you could set up one unit near the doorbell ringer to project the sounds to the second unit. As an alternative David, explore a second doorbell ringer which would ring along with the first and place it where you would have placed the intercom. If there is attic access or a ranch home with an unfinished basement the second ringer should be easily installed.', 'helpful': 2, 'unhelpful': 0, 'total': 2, 'jeffreys': 0.8333333333333334}, {'text': 'Probably not, unless it is VERY quiet outside, and you have a uninsulated or thin door.', 'helpful': 1, 'unhelpful': 0, 'total': 1, 'jeffreys': 0.75}, {'text': 'No way to predict ,too many variables . thickness of the door etc.,and the person at the door would be unable to respond without acess to the unit in order to press the talk button.', 'helpful': 1, 'unhelpful': 0, 'total': 1, 'jeffreys': 0.75}, {'text': 'There is an outdor unit available on Amazon that works with the intercomms and may serve your needs, but you would either need to find a way to safely power it if it would be exposed to rain or just remember to keep good batteries in it.', 'helpful': 1, 'unhelpful': 0, 'total': 1, 'jeffreys': 0.75}, {'text': 'To be honest, after a frustrating month with these, we just threw them away.  They were only about 50 feet away, but the sound was so poor they were useless.', 'helpful': 1, 'unhelpful': 1, 'total': 2, 'jeffreys': 0.5}, {'text': ""I'm afraid that I cannot answer that question."", 'helpful': 1, 'unhelpful': 1, 'total': 2, 'jeffreys': 0.5}]","These units are intercoms where where you push a button and call and talk to the other unit. There is also a monitor feature, which would drain the batteries quickly so if using this feature opt for a DC converter (extra purchase but possible). In the monitor phase, if I understand you correctly,  you could set up one unit near the doorbell ringer to project the sounds to the second unit. As an alternative David, explore a second doorbell ringer which would ring along with the first and place it where you would have placed the intercom. If there is attic access or a ranch home with an unfinished basement the second ringer should be easily installed.","We got these in order to communicate between two lake houses next door to one another, as one has no phone. Works great! Seems when one has been unplugged they must be reprogrammed to communicate with one another, but this may be a glitch we just haven't fiured out yet. Other than that, works better than walkie talkies; with the power adapters we can simply plug them in and not worry about batteries losing their charge so quickly.",KB_00845,grounded_pick,True,G_090
REC_091,213720,B006KXDWJC,Beauty,train,"is this a ""tingly"" lotion?",yesno,0,"[{'text': ""No it's not.  I actually added it to a tingle for better results."", 'helpful': 0, 'unhelpful': 0, 'total': 0, 'jeffreys': 0.5}, {'text': 'no, no tingle at all. just a light, non-greasy, smell-good lotion. i\'ve enjoyed it, but not sure how much it ""maximized"" my tanning.', 'helpful': 0, 'unhelpful': 0, 'total': 0, 'jeffreys': 0.5}, {'text': 'no this lotion has no tingler I love this lotionit makes your skin feel so smooth while other lotions tend to dry you out and the smell is absolutely amazing and it does seem to tan better as well. I recommend this lotion.', 'helpful': 0, 'unhelpful': 0, 'total': 0, 'jeffreys': 0.5}]",No it's not.  I actually added it to a tingle for better results.,I love this tanning lotion. I worked very well for me. I could see it working after only a couple of uses.,KB_00860,grounded_pick,True,G_091
REC_092,259219,B003GBNKCU,Toys_and_Games,train,is he full silicone,yesno,0,"[{'text': 'No', 'helpful': 0, 'unhelpful': 0, 'total': 0, 'jeffreys': 0.5}, {'text': 'No, He is so cute, the body of the doll is soft, my daughter loves him.', 'helpful': 0, 'unhelpful': 0, 'total': 0, 'jeffreys': 0.5}, {'text': ""He has RealTouch™ vinyl, which feels so much like a real baby's skin and a cloth bodt"", 'helpful': 0, 'unhelpful': 0, 'total': 0, 'jeffreys': 0.5}, {'text': 'No the body and half the arms are cloth', 'helpful': 0, 'unhelpful': 0, 'total': 0, 'jeffreys': 0.5}, {'text': 'no, he is a vinyl doll', 'helpful': 0, 'unhelpful': 0, 'total': 0, 'jeffreys': 0.5}]",No,,,jeffreys,True,G_092
REC_093,347055,B008BCQP80,Automotive,train,"For the passenger side mirror, is the main (larger) mirror flat or convex.",yesno,0,"[{'text': 'Flat', 'helpful': 0, 'unhelpful': 0, 'total': 0, 'jeffreys': 0.5}, {'text': 'It is flat', 'helpful': 0, 'unhelpful': 0, 'total': 0, 'jeffreys': 0.5}, {'text': 'Main passenger side mirror is flat on the Ram 2500 with the convex accessory to the outside, on the bottom when flipped up in tow mode.', 'helpful': 0, 'unhelpful': 0, 'total': 0, 'jeffreys': 0.5}, {'text': 'Flat', 'helpful': 0, 'unhelpful': 0, 'total': 0, 'jeffreys': 0.5}]",Flat,,,jeffreys,True,G_093
REC_094,512321,B0000E2E9S,Health_and_Personal_Care,train,can i wear this bace for volleyball?,yesno,0,"[{'text': 'Absolutely! My daughter kept rolling an ankle in volleyball but after getting Active ankles - no more sprained ankles! Four years of injury free play.', 'helpful': 1, 'unhelpful': 0, 'total': 1, 'jeffreys': 0.75}, {'text': ""Yes, this is appropriate for volleyball.  Most of the girls on my daughter's team wear this brace or something similar."", 'helpful': 1, 'unhelpful': 0, 'total': 1, 'jeffreys': 0.75}, {'text': 'yes, you can.   We bought the ankle braces for my daughter and she wears them for all her volleyball practices and games.', 'helpful': 1, 'unhelpful': 0, 'total': 1, 'jeffreys': 0.75}, {'text': 'Yes', 'helpful': 0, 'unhelpful': 0, 'total': 0, 'jeffreys': 0.5}]",Absolutely! My daughter kept rolling an ankle in volleyball but after getting Active ankles - no more sprained ankles! Four years of injury free play.,I feel all volleyball players need to wear braces. Prevent an injury before it happens. I bought these for my daughter. They felt funny in her shoe at first but after first practice that was gone. She says fit is good and protection better. They are comfortable on the leg. I suggest to everyone before its to late.,KB_00873,grounded_pick,True,G_094
REC_095,539503,B00HD7IX7K,Electronics,train,is it free shipping to Singapore?,yesno,0,"[{'text': 'no, there is a shipping charge to Singapore', 'helpful': 0, 'unhelpful': 0, 'total': 0, 'jeffreys': 0.5}, {'text': ""No, it's not free.  You will see the cost and options when you will be placing the order."", 'helpful': 0, 'unhelpful': 0, 'total': 0, 'jeffreys': 0.5}]","no, there is a shipping charge to Singapore",,,jeffreys,True,G_095
REC_096,649406,B008G0QB18,Home_and_Kitchen,train,does it work on induction cooktops?,yesno,0,"[{'text': ""It claims to do so... I've never tried."", 'helpful': 0, 'unhelpful': 0, 'total': 0, 'jeffreys': 0.5}, {'text': 'The product description say ""...works on gas, electric, ceramic and induction cooktops""', 'helpful': 0, 'unhelpful': 0, 'total': 0, 'jeffreys': 0.5}]",It claims to do so... I've never tried.,,,jeffreys,True,G_096
REC_097,663944,B0002AHQWS,Toys_and_Games,train,"I'm thinking on this for my 7 & 9 year old grandsons, do I need anything extra?",yesno,0,"[{'text': 'I think you not need extra,the manual inside.', 'helpful': 0, 'unhelpful': 0, 'total': 0, 'jeffreys': 0.5}, {'text': 'No, everything that you need is contained in the box.  However, they may need a bit of help given their ages...you may want to start off with Snap Circuits Junior if possible, just a suggestion.', 'helpful': 0, 'unhelpful': 0, 'total': 0, 'jeffreys': 0.5}, {'text': 'Nothing extra needed. This kit is full of different experiments to try.', 'helpful': 0, 'unhelpful': 0, 'total': 0, 'jeffreys': 0.5}]","I think you not need extra,the manual inside.",A good buy for Middle school kids. Kit itself do not teach how technically all the project worked. Kids may need to reference extra material.,KB_00907,grounded_pick,True,G_097
REC_098,709483,B00AM7M40U,Toys_and_Games,train,does this come assembled?,yesno,0,"[{'text': ""No but it's easy to put together"", 'helpful': 0, 'unhelpful': 0, 'total': 0, 'jeffreys': 0.5}, {'text': 'Nope! But not too hard. Takes about 40 minutes to assemble :)', 'helpful': 0, 'unhelpful': 0, 'total': 0, 'jeffreys': 0.5}]",No but it's easy to put together,,,jeffreys,True,G_098
REC_099,738500,B00C2P6VUY,Toys_and_Games,train,can we ride it on the road ? in a cul-de-sac I mean .,yesno,0,"[{'text': 'No', 'helpful': 0, 'unhelpful': 0, 'total': 0, 'jeffreys': 0.5}, {'text': 'No', 'helpful': 0, 'unhelpful': 0, 'total': 0, 'jeffreys': 0.5}, {'text': 'Yes', 'helpful': 0, 'unhelpful': 0, 'total': 0, 'jeffreys': 0.5}, {'text': 'I think you could but we have never tried it.', 'helpful': 0, 'unhelpful': 0, 'total': 0, 'jeffreys': 0.5}, {'text': 'Yes', 'helpful': 0, 'unhelpful': 0, 'total': 0, 'jeffreys': 0.5}, {'text': 'No', 'helpful': 0, 'unhelpful': 0, 'total': 0, 'jeffreys': 0.5}]",No,,,jeffreys,True,G_099
REC_100,28871,B002VWK0OG,Health_and_Personal_Care,train,can this be used over the toilet?,yesno,1,"[{'text': 'You have to remove the toilet seat. So there is no spillage. All these seats seem to work this way.', 'helpful': 0, 'unhelpful': 0, 'total': 0, 'jeffreys': 0.5}, {'text': 'Yes, it can be used on or off the toilet.', 'helpful': 0, 'unhelpful': 0, 'total': 0, 'jeffreys': 0.5}, {'text': 'NO', 'helpful': 0, 'unhelpful': 0, 'total': 0, 'jeffreys': 0.5}, {'text': 'BUT TRY IT REMOVING THE BUCKET', 'helpful': 0, 'unhelpful': 0, 'total': 0, 'jeffreys': 0.5}, {'text': 'Yes. It can be used over a toilet. It comes with a sleeve attachment that can be used instead of the bucket, and makes sure the ""waste"" lands in the toilet.', 'helpful': 0, 'unhelpful': 0, 'total': 0, 'jeffreys': 0.5}]",You have to remove the toilet seat. So there is no spillage. All these seats seem to work this way.,"where the frame that holds the bucket and braces the seat used to be welded, it is now held on by two bolts.b. the toilet seat on the 2009 model, was heavier and appeared to be molded providing stability and comfort.",KB_00925,grounded_pick,True,G_100
REC_101,36709,B00149HIMY,Sports_and_Outdoors,train,is this ball made in china?,yesno,1,"[{'text': 'Yes.', 'helpful': 0, 'unhelpful': 0, 'total': 0, 'jeffreys': 0.5}, {'text': 'yes', 'helpful': 0, 'unhelpful': 0, 'total': 0, 'jeffreys': 0.5}, {'text': ""I am sorry but I didn't order this item"", 'helpful': 0, 'unhelpful': 1, 'total': 1, 'jeffreys': 0.25}, {'text': 'Not sure. Wuat doesnit matter?', 'helpful': 0, 'unhelpful': 1, 'total': 1, 'jeffreys': 0.25}]",Yes.,,,jeffreys,True,G_101
REC_102,91775,B002I5NO1C,Patio_Lawn_and_Garden,train,will it deter raccoons?,yesno,1,"[{'text': 'I have to say ""Yes"".  We were having a problem until I put my extension hanger up.  They have given up!', 'helpful': 2, 'unhelpful': 0, 'total': 2, 'jeffreys': 0.8333333333333334}, {'text': 'perhaps if you beat them with it.  if they can climb like a squirrel does then the answer is no.', 'helpful': 2, 'unhelpful': 0, 'total': 2, 'jeffreys': 0.8333333333333334}, {'text': ""I can't imagine a raccoon being able to climb that far onto this. We've never seen any raccoons on it. The pole isn't that thick for their big paws. Squirrels have no trouble climbing it though. We will have to buy a squirrel baffle for our feeder still."", 'helpful': 2, 'unhelpful': 0, 'total': 2, 'jeffreys': 0.8333333333333334}, {'text': ""Yes - I can't see it being climbed by a raccoon. one bad thing though, over time it gets pitted and/or sap covered and then the squirrels can climb it. I have to put some lard on it from time to time."", 'helpful': 1, 'unhelpful': 0, 'total': 1, 'jeffreys': 0.75}, {'text': 'Marjorie:  So far no raccoons.  I have bird feeder haning from this rod and so far no criters have goten to the feeder.', 'helpful': 1, 'unhelpful': 0, 'total': 1, 'jeffreys': 0.75}, {'text': 'If your feeding birds with it, then I\'m sure raccoons will try to get it. I have them here in the Pacific Northwest, and they DON""T get into them.....Just keep it up high and mount it on a side of a building. Something slick on the sides. THEY ARE A GREAT DEAL FOR THE MONEY,BOUGHT 4 OF THEM....', 'helpful': 1, 'unhelpful': 0, 'total': 1, 'jeffreys': 0.75}, {'text': ""Honestly, I take my bird feeder down every night, so I haven't had any nocturnal visitors.  I saw a suggestion to put oil on the rod to deter squirrels.  I've seen 2 squirrels at different times on their way to the feeder, but I told them it wasn't for them, so they hopped off the fence and didn't try again.   Strange story, but true."", 'helpful': 1, 'unhelpful': 0, 'total': 1, 'jeffreys': 0.75}, {'text': ""Probably, if you mount it to your house or another structure that they cannot climb up to the base of the pole.  Mine is mounted to my deck, so the animals have easy access to it.  Luckily, one the squirrels get to the feeder, they can't get a good grip on it and they fall off."", 'helpful': 1, 'unhelpful': 0, 'total': 1, 'jeffreys': 0.75}, {'text': 'Now having one winter behind, my answer to the raccoons is ""no"" it does not deter them. They sit on the rail, grab hold of arm, swing it toward them. Have ended up taking the feeder in at dark EVERY nite. Found is does not freeze at 0 temp...arm moves freely.', 'helpful': 1, 'unhelpful': 0, 'total': 1, 'jeffreys': 0.75}, {'text': 'It will slow them down, or simply put some Vaseline on it, that will discourage them from future attempts, stopped out squirrels from going out on it', 'helpful': 0, 'unhelpful': 0, 'total': 0, 'jeffreys': 0.5}]","I have to say ""Yes"".  We were having a problem until I put my extension hanger up.  They have given up!",This is a very sturdy pole and is quite easy to swivle back to the deck for reloading the feeder. The raccoons have given up on our bird food.,KB_00946,grounded_pick,True,G_102
REC_103,98915,B009L1SDL2,Home_and_Kitchen,train,is it worth the price for k-cups use only,yesno,1,"[{'text': 'NO mine works great', 'helpful': 1, 'unhelpful': 0, 'total': 1, 'jeffreys': 0.75}, {'text': ""I need to modify my review, bc since then, I've had intermittent problems with it spitting and spewing water. Further, the coffee tastes different, almost burnt, sometimes; different from my Mr. Coffee at home. (I use this cheap one at work.)   I would advise against the purchase. Go with Mr. Coffee or Keurig."", 'helpful': 0, 'unhelpful': 0, 'total': 0, 'jeffreys': 0.5}, {'text': 'First, the price is about half that of the name brand, but secondly, you can brew your own coffee in the brew basket. I use the filter pods & fill with my favorite grind. I have found this to be exactly what I was looking for in one-cup brewing.', 'helpful': 0, 'unhelpful': 0, 'total': 0, 'jeffreys': 0.5}, {'text': ""I think so. That's all I used the keurig for and its alot more expensive and more clean up"", 'helpful': 0, 'unhelpful': 0, 'total': 0, 'jeffreys': 0.5}, {'text': 'No, gave ours to Goodwill, it had a horrible plastic odor which we could not get rid of after repeatedly running vinegar and water through the coffeemaker. After several weeks we gave up. Hamilton Beach would not refund our money, only offered to replace the coffeemaker. I only wish I had reviewed this product first...reviews were not good.', 'helpful': 0, 'unhelpful': 0, 'total': 0, 'jeffreys': 0.5}]",NO mine works great,works great. makes great coffee with k cups or grounds. amazons price beat all others. also makes great k cup hot chocolate.,KB_00963,grounded_pick,True,G_103
REC_104,137908,B009D3Y0M4,Toys_and_Games,train,is this helicopter durable,yesno,1,"[{'text': ""Mostly. But first, know that I have flown it primarily over tiles, so crashes onto carpet should not be as hard on this toy.  I found this helicopter's runners is the only part that has not held up through numerous bangs. The propellors have hit the wall many a time and held up, and plus, extras are even supplied in the package.  So to answer your question, yes, this helicopter is durable, but I would not advise, if this is your first such toy, not to learn over tiles as crashes are inevitable."", 'helpful': 1, 'unhelpful': 0, 'total': 1, 'jeffreys': 0.75}, {'text': 'Its durable as long as you dont crash it!  It has no cushioning if lands hard the legs that hold the runners will crack.', 'helpful': 0, 'unhelpful': 0, 'total': 0, 'jeffreys': 0.5}]","Mostly. But first, know that I have flown it primarily over tiles, so crashes onto carpet should not be as hard on this toy.  I found this helicopter's runners is the only part that has not held up through numerous bangs. The propellors have hit the wall many a time and held up, and plus, extras are even supplied in the package.  So to answer your question, yes, this helicopter is durable, but I would not advise, if this is your first such toy, not to learn over tiles as crashes are inevitable.",i have had the helicopter for over a month and it is definatley fun to fly once you get the hang of it it controls nicely... as far as the other reviews go i dont go thru batteries any where near what they are saying i have rechargable aas that i charge at night and i go prob 2 days on them now the helicopter itself yes you charge it alot but its a lil helicopter so cant handle a heavy batt.,KB_00966,grounded_pick,True,G_104
REC_105,147302,B000OYJ9AO,Beauty,train,is it good for face?,yesno,1,"[{'text': 'I have no idea. I use it as a body lotion only. I only put creams on my face specific for that purpose.', 'helpful': 0, 'unhelpful': 0, 'total': 0, 'jeffreys': 0.5}, {'text': 'Yes', 'helpful': 0, 'unhelpful': 0, 'total': 0, 'jeffreys': 0.5}, {'text': 'Yes', 'helpful': 0, 'unhelpful': 0, 'total': 0, 'jeffreys': 0.5}, {'text': 'Yes', 'helpful': 0, 'unhelpful': 0, 'total': 0, 'jeffreys': 0.5}, {'text': 'Yes', 'helpful': 0, 'unhelpful': 0, 'total': 0, 'jeffreys': 0.5}]",I have no idea. I use it as a body lotion only. I only put creams on my face specific for that purpose.,"I bought this to use on my face, but it has a fragrance that clashes with my aftershave, so no good. Otherwise, it performs it's function as a moisturizer. No smells listed in the description so it gets one star.",KB_00975,grounded_pick,True,G_105
REC_106,208786,B008OHZ1XW,Home_and_Kitchen,train,WHat if I drop this bad boy into a 5 gallon glass container...will the scoby eventually grow to the size of the giant container?,yesno,1,"[{'text': ""Yes, it will grow to fit the container. You won't have enough starter tea for 5 gallons. I would brew one gallon to start. Once you have a gallon of brewed tea, you can increase to up to 5 gallons."", 'helpful': 0, 'unhelpful': 0, 'total': 0, 'jeffreys': 0.5}, {'text': 'The baby scoby will take the size of whatever container the mother scoby is placed in. I have a 2.5gal container and the new baby scoby that was formed was huge. I can only imagine how large it will become in the 5gal container!', 'helpful': 0, 'unhelpful': 0, 'total': 0, 'jeffreys': 0.5}, {'text': ""Absolutely! The scoby will quickly fill up all the surface area of the liquid. If the 5 gallon jug has a small mouth, just don't fill with sugary tea beyond the larger diameter of the bottle into the neck. You'll need the bigger surface area to ferment that much liquid in a reasonable amount of time."", 'helpful': 0, 'unhelpful': 0, 'total': 0, 'jeffreys': 0.5}, {'text': 'KKamp recommends 1 SCOBY and 1 cup starter liquid per gallon of sweet tea used. Each culture and cup of starter liquid we sell is guaranteed to produce that one gallon successfully, but using one culture for 5 gallons would likely lead to a weak brew and potentially mold. Hope that helps! :)', 'helpful': 0, 'unhelpful': 0, 'total': 0, 'jeffreys': 0.5}, {'text': ""I put my scoby into a large glass jar and a second scoby grew during the three week brewing time.  I'm on my third batch now and I don't think that the original scoby has not gotten any larger."", 'helpful': 0, 'unhelpful': 0, 'total': 0, 'jeffreys': 0.5}]","Yes, it will grow to fit the container. You won't have enough starter tea for 5 gallons. I would brew one gallon to start. Once you have a gallon of brewed tea, you can increase to up to 5 gallons.",I just started making Kombucha and this scoby starter liquid purchase was perfect. It came with a special blend tea that makes one gallon. (this was a plus since now I dont have to buy a whole pack of tea bags) Also this product came with instructions on how to make kombucha as well as some recommended purchases to help facilitate your kombucha making. Great pruchase.,KB_00986,grounded_pick,True,G_106
REC_107,215280,B00CYFEUVE,Toys_and_Games,train,can I to change the FURBYS lenguage from english to spanish??... thanks,yesno,1,"[{'text': 'No', 'helpful': 1, 'unhelpful': 0, 'total': 1, 'jeffreys': 0.75}, {'text': 'No', 'helpful': 0, 'unhelpful': 0, 'total': 0, 'jeffreys': 0.5}, {'text': 'Yes', 'helpful': 0, 'unhelpful': 0, 'total': 0, 'jeffreys': 0.5}]",No,,,jeffreys,True,G_107
REC_108,230434,B002CZ07HC,Tools_and_Home_Improvement,train,will this fixture cast a lot of shadows/ patterns of the sphere on the wall and floor?,yesno,1,"[{'text': ""Ours hasn't done that. We have it in the dining room, so it's not always on. However, when it is on, I haven't noticed many shadows."", 'helpful': 0, 'unhelpful': 0, 'total': 0, 'jeffreys': 0.5}, {'text': ""I notice the shadows on the ceiling more than anything.  However, the wall the fixture is in front of is windows with blinds, and they're not very reflective. Also, I have the fixture over my dining table, so not a lot of light hits the floor."", 'helpful': 0, 'unhelpful': 0, 'total': 0, 'jeffreys': 0.5}]","Ours hasn't done that. We have it in the dining room, so it's not always on. However, when it is on, I haven't noticed many shadows.","The light fixture is pretty. The silver doesn't quite look the same as in the picture. It actually looks like a slightly lesser quality in person. With that said the product does seem solid and well-made. There is a scratch on mine, but the electrician was already there when I noticed it so I decided to stick with it. It's mounted in my kitchen.",KB_01011,grounded_pick,True,G_108
REC_109,293951,B00ANUCV2M,Pet_Supplies,train,"When spraying this in the yard, will it destroy any plants, flowers or Palm trees?  I live in Florida.  Thanks",yesno,1,"[{'text': 'Hi Kat, we sprayed Cedarcide all over our yard, covering our lawn, trees and plants.  Not one thing was damaged.  This product is made with cedar oil from cedar trees.  We have pets and did not want to use perstcides.  The container lasts a long time too.  We still have left from last summer.', 'helpful': 1, 'unhelpful': 0, 'total': 1, 'jeffreys': 0.75}, {'text': ""I experienced no issues with plants or palms in southern Georgia using this product. It will make the yard and plants smell a little difret but other than that you should have no issues what's your plants outside or inside."", 'helpful': 1, 'unhelpful': 0, 'total': 1, 'jeffreys': 0.75}, {'text': ""It shouldn't to my knowledge.  I live in South Dakota and have had nothing but success with these products.  The Company is located in Lewisville, Tx so would assume that the vegetation and climate are somewhat similar.  I would call the companies 800 number and they can tell you for sure.  They have always been more than willing to answer my questions."", 'helpful': 1, 'unhelpful': 0, 'total': 1, 'jeffreys': 0.75}, {'text': 'I live in Florida, also.  It does not harm anything I have in my yard.  It will keep pests away for a long period of time, especially if applied before rain.  I have used it for four years now and it keeps my yard pest-free for the entire year.  Soak it liberally.  Hope this helps.', 'helpful': 1, 'unhelpful': 0, 'total': 1, 'jeffreys': 0.75}]","Hi Kat, we sprayed Cedarcide all over our yard, covering our lawn, trees and plants.  Not one thing was damaged.  This product is made with cedar oil from cedar trees.  We have pets and did not want to use perstcides.  The container lasts a long time too.  We still have left from last summer.","The location we camp has a severe wasp issue. We sprayed the perimeter of our camp site & didn't have one issue with bugs. Not only did this make the trip more enjoyable for us humans, our pets weren't constantly having to deal with flying/crawling pests.This works on the pests that affect your trees, shrubs, flowers, etc. Overall a really great, safe product.No bad smell with this product either.",KB_01015,grounded_pick,True,G_109
REC_110,317067,B007KENYUW,Patio_Lawn_and_Garden,train,do I have to pay state sales tax on this,yesno,1,"[{'text': 'Yes, if you are buying from amazon and there is amazon wharehouse/distribution center in your state. If there is no amazon wharehouse/distribution in your state, you may not have to pay taxes on what you buyfrom amazon.com', 'helpful': 0, 'unhelpful': 0, 'total': 0, 'jeffreys': 0.5}, {'text': 'Yes, if you are buying from amazon and there is amazon wharehouse/distribution center in your state. If there is no amazon wharehouse/distribution in your state, you may not have to pay taxes on what you buyfrom amazon.com', 'helpful': 0, 'unhelpful': 0, 'total': 0, 'jeffreys': 0.5}]","Yes, if you are buying from amazon and there is amazon wharehouse/distribution center in your state. If there is no amazon wharehouse/distribution in your state, you may not have to pay taxes on what you buyfrom amazon.com",This hedge trimmer performs very well and is not too heavy for a female to handle with ease. Have used it once and it is just what I needed.,KB_01033,grounded_pick,True,G_110
REC_111,317144,B003YKDGNQ,Health_and_Personal_Care,train,does this haveshellfish,yesno,1,"[{'text': 'Phone call to Joint Juice customer service 28 Jan 2014 ~~ ""None of Joint Juice products have shellfish in them""', 'helpful': 2, 'unhelpful': 0, 'total': 2, 'jeffreys': 0.8333333333333334}, {'text': '""Be Aware, If Allergic to Shellfish If you have allergies to shellfish, you should talk to your doctor before taking Joint Juice, because typically it is made from shellfish. However, alternative Joint Juice products are made from vegetables. If you\'re allergic to shellfish, vegetable-derived joint juice would be a better option for you."" In short Im finding mixed reviews in regards to it.  I will likely contact customer service to obtain more information.  I do know there are vegetable based joint juice products but if this one has been changed due to the recipe modification I can\'t say for sure and don\'t want you to be mislead and caused any harm etc.', 'helpful': 0, 'unhelpful': 0, 'total': 0, 'jeffreys': 0.5}, {'text': 'hello, to my knowledge it does not. However it would be wise if u have an allergy to shellfish to follow up and check the ingerdientsw for yourself. what i can atteest to is that it is a great product, great taste and helped me significantly when drinking on a consistent basis. Good luck!!', 'helpful': 0, 'unhelpful': 0, 'total': 0, 'jeffreys': 0.5}, {'text': 'It contains glucosamine derived from a vegetarian source, including cranberry and pomegranite.  No where on the list of ingredients does it mention shellfish.  Further information can be obtained from Jointjuice.com', 'helpful': 0, 'unhelpful': 0, 'total': 0, 'jeffreys': 0.5}, {'text': 'On the bottle it says that the glucosamine is from a vegetarian source, and I do not see anything in the ingredient list about a shellfish source, but if you have shellfish allergy, probably contacting the company would be your best bet to make sure.', 'helpful': 0, 'unhelpful': 0, 'total': 0, 'jeffreys': 0.5}, {'text': 'After we experienced explosive diarrhea from drinking it, we flushed the remainder. I do believe it is derived in part from shellfish, but I do notknow.', 'helpful': 0, 'unhelpful': 0, 'total': 0, 'jeffreys': 0.5}, {'text': 'not to my knowledge', 'helpful': 0, 'unhelpful': 0, 'total': 0, 'jeffreys': 0.5}]","Phone call to Joint Juice customer service 28 Jan 2014 ~~ ""None of Joint Juice products have shellfish in them""",,,jeffreys,True,G_111
REC_112,361556,B00AOCSFYC,Cell_Phones_and_Accessories,train,does it work with a droid maxx?,yesno,1,"[{'text': 'I have a Samsung note 3 so l believe that it will fit the Droid Marx . A good investment', 'helpful': 1, 'unhelpful': 0, 'total': 1, 'jeffreys': 0.75}, {'text': 'Its really adjustable n has good grip. It fits my galaxy S4 an S5 n even t tested a note 3 n it fit', 'helpful': 1, 'unhelpful': 0, 'total': 1, 'jeffreys': 0.75}]",I have a Samsung note 3 so l believe that it will fit the Droid Marx . A good investment,"I tried it out with the samsung galaxy s3 and a motorola droid razr both with a ballistic case and an otter box. Great grip, secure, easy to use, and i don't have to keep removing the case to use it with my phones.",KB_01049,grounded_pick,True,G_112
REC_113,438980,B000JJHMT4,Home_and_Kitchen,train,is this pan steel (induction ready)?,yesno,1,"[{'text': 'I think it is aluminum so it would not be induction ready.', 'helpful': 1, 'unhelpful': 0, 'total': 1, 'jeffreys': 0.75}, {'text': 'Aluminum pans without copper or steel discs inside the bottom do not work on induction cooking surfaces.That is not to limit those materials, but those are the ones often used in hybrid aluminum pans.Those who answered about material quality or saying it heats quickly, you should not answer if you do not know.. read up on induction cooking... it requires steel, iron, or copper on the bottom of the pot or pan. (Not all sites list copper, but copper is superior for energy transfer efficiency)Hope this helps.  (About this pan.. the bottom is aluminum, which does not work on induction surfaces.)', 'helpful': 1, 'unhelpful': 0, 'total': 1, 'jeffreys': 0.75}, {'text': 'It is a metal pan, but from what I have read about induction cooking, I would not recommend this omelette pan.  The metal used in cookware for induction cooking should be a higher quality.', 'helpful': 0, 'unhelpful': 0, 'total': 0, 'jeffreys': 0.5}, {'text': ""No good for induction with it being made out aluminium and stainless steel so don't buy it, hope this helps ?....Mike"", 'helpful': 0, 'unhelpful': 0, 'total': 0, 'jeffreys': 0.5}, {'text': ""Hmmm, I'm not really sure about that... But if you're asking if the pan heats up quickly, yes it does heat up faster than other pans... Hope that helps. :>"", 'helpful': 1, 'unhelpful': 1, 'total': 2, 'jeffreys': 0.5}, {'text': 'I am not sure what the undercoat of it is, but I know that it is coated in nonstick. If you use a sharp object to touch the pan it will scrape the coating.', 'helpful': 0, 'unhelpful': 1, 'total': 1, 'jeffreys': 0.25}, {'text': 'I use this pan on my stove top and I love the results.', 'helpful': 0, 'unhelpful': 1, 'total': 1, 'jeffreys': 0.25}]",I think it is aluminum so it would not be induction ready.,"I was shocked at how small the pan was. It seems well made, but I expected it to be larger.",KB_01061,grounded_pick,True,G_113
REC_114,439662,B001TY5D6C,Pet_Supplies,train,has anyone had an issue with a gel like build up on the pump?  it looks like a clear-white goo.  hard to clean out of pump. i keep unit clean!!,yesno,1,"[{'text': ""It's just a build up from your pet drinking out of the dish and the water itself. Infill up my sink with water, submerge the pump and turn it on. I then take a toothbrush (specifically for the pump) to it and clean it out until no more junk comes out. Works like new right afterwards."", 'helpful': 3, 'unhelpful': 0, 'total': 3, 'jeffreys': 0.875}, {'text': ""You need yo run white vinager through it ang wipe it Dow 1-2 times a week. I've gone though about 15 cat fountins and this by far is the best including cleaning. Make sure you add or exchange water every day.   Ty"", 'helpful': 3, 'unhelpful': 0, 'total': 3, 'jeffreys': 0.875}, {'text': ""Yes. This isn't a flaw with he product itself though. I believe it's just household dust,hair,etc that builds up in the water and then gets clogged in the pump. I clean mine once a week and I've found it easiest to just pull the cap off of the end and give it a good rinse. It's nasty stuff but I'll take it for how much my cat enjoys his fountain!!"", 'helpful': 2, 'unhelpful': 0, 'total': 2, 'jeffreys': 0.8333333333333334}, {'text': 'Hello. I experienced the same thing. I used a pipe cleaner wire to gently clean the groves/openings and ran hot water over it weekly. Mine just gave out after about a year. I could not find a way to open up the unit to clean the inside. I am not sure if I would purchase another one. Hope this helps. Take care.', 'helpful': 0, 'unhelpful': 0, 'total': 0, 'jeffreys': 0.5}]","It's just a build up from your pet drinking out of the dish and the water itself. Infill up my sink with water, submerge the pump and turn it on. I then take a toothbrush (specifically for the pump) to it and clean it out until no more junk comes out. Works like new right afterwards.","I keep my pet fountain on a tray, which makes it easier to carry to the sink for cleaning. I take it apart and clean it about once a week. Cleaning it is very easy. I'm not very good about changing the filter and probably only do that about once every few months.Hair does collect in the fountain and needs to be pulled off the pump. There is also now a little hard water deposit forming in certain areas of the fountain.",KB_01068,grounded_pick,True,G_114
REC_115,553266,B000E8ZJGS,Health_and_Personal_Care,train,does it have that nasty protein shake taste and after taste,yesno,1,"[{'text': 'well to be honest with you it depends what flavor , some of the isopure flavors have that taste at the end. i will recommend you , chocolate, mango peach or banana cream . but also take in consideration regardless the flavor this protein actually works !', 'helpful': 3, 'unhelpful': 0, 'total': 3, 'jeffreys': 0.875}, {'text': ""As long as you stick with the Dutch Chocolate, you're good.  It's the best tasting protein shake I've ever found, and I've tried quite a few!"", 'helpful': 3, 'unhelpful': 0, 'total': 3, 'jeffreys': 0.875}, {'text': ""I blend it with frozen fruit and diet v8 splash and you can't even taste the powder. It's like an awesome fruit smoothie, packed with protein!"", 'helpful': 2, 'unhelpful': 0, 'total': 2, 'jeffreys': 0.8333333333333334}, {'text': ""I don't think the unflavored has a protein taste but the flavored ones I have had do. The unflavored is tasteless."", 'helpful': 2, 'unhelpful': 0, 'total': 2, 'jeffreys': 0.8333333333333334}, {'text': 'Tastes great - I mix it with Coffee and Coconut oil for breakfast.', 'helpful': 2, 'unhelpful': 0, 'total': 2, 'jeffreys': 0.8333333333333334}, {'text': ""Nope.. if someone gave me this blind, I would think it's a regular shake. Really enjoyable taste."", 'helpful': 1, 'unhelpful': 0, 'total': 1, 'jeffreys': 0.75}, {'text': 'Not really, but the taste overall is a 6 out of 10.', 'helpful': 1, 'unhelpful': 0, 'total': 1, 'jeffreys': 0.75}, {'text': 'Nope. Tastes awesome. Two scoops with one 16 oz bottle cold water shaken. The colder the better.', 'helpful': 1, 'unhelpful': 0, 'total': 1, 'jeffreys': 0.75}, {'text': ""the low carb dutch chocolate tastes really good.  I mix it with ice, coconut milk, splash of strong coffee and splash of heavy cream and blend to make a low carb protein smoothie. it tastes similar to a frosty at Wendy's."", 'helpful': 0, 'unhelpful': 0, 'total': 0, 'jeffreys': 0.5}, {'text': 'Yes it does. The unflavored is horrible and the vanilla, while having a flavor is really bad as well.', 'helpful': 1, 'unhelpful': 1, 'total': 2, 'jeffreys': 0.5}]","well to be honest with you it depends what flavor , some of the isopure flavors have that taste at the end. i will recommend you , chocolate, mango peach or banana cream . but also take in consideration regardless the flavor this protein actually works !","This is truly the only protein my husband and I have been able to find that isn't loaded with a bunch of unhealthy crap in it. It's just pure whey protein, simple as that. I really wish they advertised this product. It mixes well and tastes great when mixed with milk, dutched cocoa, and a ripe banana. I really appreciate that it is not flavored because they always have a ton of weird ingredients in them and taste nasty. We LOVE this product!",KB_01078,grounded_pick,True,G_115
REC_116,563953,B0009UBS2K,Toys_and_Games,train,does this toy include mistress death and thanos and the face mask of mistress death? thanks,yesno,1,"[{'text': 'Yes. It does include her and the mask. Plus a hand with the glove and without. One of the best sets you can buy.', 'helpful': 0, 'unhelpful': 0, 'total': 0, 'jeffreys': 0.5}, {'text': 'yes it should if it is brand new.', 'helpful': 0, 'unhelpful': 0, 'total': 0, 'jeffreys': 0.5}, {'text': 'It does include all.', 'helpful': 0, 'unhelpful': 0, 'total': 0, 'jeffreys': 0.5}, {'text': 'Yes', 'helpful': 0, 'unhelpful': 0, 'total': 0, 'jeffreys': 0.5}, {'text': 'Yes it does', 'helpful': 0, 'unhelpful': 0, 'total': 0, 'jeffreys': 0.5}, {'text': 'Yes it does. Enjoy', 'helpful': 0, 'unhelpful': 0, 'total': 0, 'jeffreys': 0.5}]",Yes. It does include her and the mask. Plus a hand with the glove and without. One of the best sets you can buy.,"Marvel Select figures always have a great amount of detail and impressive scale. This Thanos figure is definitely worth buying for any Marvel collector out there. It has a decent amount of articulation, a switchable hand with the infinity gauntlet, and a extra figurine of lady death (non articulated) but comes with a removable mask. As a proud collector this is the must have Thanos to own.",KB_01089,grounded_pick,True,G_116
REC_117,574525,B005MKCEDE,Clothing_Shoes_and_Jewelry,train,is this the size to order for women size 11,yesno,1,"[{'text': 'they make women shoe streachers, men are a little bigger', 'helpful': 1, 'unhelpful': 0, 'total': 1, 'jeffreys': 0.75}, {'text': ""No, search for women's, specifically."", 'helpful': 1, 'unhelpful': 0, 'total': 1, 'jeffreys': 0.75}, {'text': 'do not buy product sucks cheap crap', 'helpful': 0, 'unhelpful': 1, 'total': 1, 'jeffreys': 0.25}]","they make women shoe streachers, men are a little bigger",,,jeffreys,True,G_117
REC_118,586300,B001N7AFSG,Electronics,train,does the free keyboard cover come in the same color as the case?,yesno,1,"[{'text': 'As a 2 fingered typist I discarded the cover since made it a bit hard to see the keys in low light. If memory serves it was of a pliable rubbery material, translucent and of the same color as the cover. Seemed to fit the keyboard layout perfectly.', 'helpful': 0, 'unhelpful': 0, 'total': 0, 'jeffreys': 0.5}, {'text': 'No, the keyboard cover is clear.', 'helpful': 0, 'unhelpful': 1, 'total': 1, 'jeffreys': 0.25}]","As a 2 fingered typist I discarded the cover since made it a bit hard to see the keys in low light. If memory serves it was of a pliable rubbery material, translucent and of the same color as the cover. Seemed to fit the keyboard layout perfectly.","The case is great! I love the pop out feet, and it looks so cute! I was disappointed with the free keyboard cover, it is really annoying rubbery stuff that doesn't seem to fit right, and isn't shown anywhere that I could see. I thought it would be one of the nice keyboard covers like the ones shown. Working with ipearl to get a different keyboard cover.",KB_01110,grounded_pick,True,G_118
REC_119,636118,B00DSAAYM8,Tools_and_Home_Improvement,train,"The add mention that the shelves are made of steel but the picture shows what appears to be particle board shelves, are the particle boards included?",yesno,1,"[{'text': 'They are partcle board.  I had two or three mangled corners from shipping, but no real damage.  They were thinner than I expected - probably 3/8"", which is why I wanted to return them, but they were going to have me pay almost the cost of the shelves for the freight, because I had no ""valid"" reason for returning them, other than the fact that I thought they had been misrepresented as stronger than they were.  I had also found a better quality shelf set, actually from Edsal this time, for about the same price, at Sam\'s club.  BUT, I would have had to get them home.', 'helpful': 1, 'unhelpful': 0, 'total': 1, 'jeffreys': 0.75}, {'text': ""The steel is the frame of the shelves.  The particle board is included.  The shelves don't feel stable until you get it all together. Then it feels like a rock."", 'helpful': 0, 'unhelpful': 0, 'total': 0, 'jeffreys': 0.5}, {'text': 'Yes, the particle boards are included.', 'helpful': 0, 'unhelpful': 0, 'total': 0, 'jeffreys': 0.5}, {'text': 'Yes, the shelves are included.', 'helpful': 0, 'unhelpful': 0, 'total': 0, 'jeffreys': 0.5}, {'text': 'Yes, thin but I think thick enough to handle most situations.', 'helpful': 0, 'unhelpful': 0, 'total': 0, 'jeffreys': 0.5}, {'text': 'The shelves are particle board. They seem pretty stable. They are included.', 'helpful': 0, 'unhelpful': 0, 'total': 0, 'jeffreys': 0.5}, {'text': 'The ""legs"" and supports are steel.  But the shelves themselves are thin particle board.  I bought 4 of these shelves and they were a pain in the neck since they don\'t have a support bracket to hold the two levels together.  Compare the price of these (without a bracket) with the same thing (with a bracket) at your local Home Depot.  I thought these were a smokin\' deal to find something online.  But have since found the same thing, but with a little clamp to hold the two levels together, for pretty much the same price at Home Depot.', 'helpful': 0, 'unhelpful': 0, 'total': 0, 'jeffreys': 0.5}]","They are partcle board.  I had two or three mangled corners from shipping, but no real damage.  They were thinner than I expected - probably 3/8"", which is why I wanted to return them, but they were going to have me pay almost the cost of the shelves for the freight, because I had no ""valid"" reason for returning them, other than the fact that I thought they had been misrepresented as stronger than they were.  I had also found a better quality shelf set, actually from Edsal this time, for about the same price, at Sam's club.  BUT, I would have had to get them home.","This lacks a bit of something. It's heavy, and seems rickety when you first put it together, but stabilizes as you continue to assemble it. The 72&#34; height comes from 2 separate poles that don't come together securely enough in my opinion. The shelves are particle board (as I expected), but are only 3/8&#34; thick.",KB_01119,grounded_pick,True,G_119
REC_120,699879,B00GYJZER0,Home_and_Kitchen,train,"When filled with cold beverages, does the exterior sweat?",yesno,1,"[{'text': 'no not a bit also if I have a glass of ice water in the late evening (9 PM)  and the ice is still there in morning (6 AM).  These glasses have really good stainless steel construction.', 'helpful': 1, 'unhelpful': 0, 'total': 1, 'jeffreys': 0.75}, {'text': ""No it doesn't. Great cup. Use it everyday."", 'helpful': 1, 'unhelpful': 0, 'total': 1, 'jeffreys': 0.75}, {'text': 'No', 'helpful': 0, 'unhelpful': 0, 'total': 0, 'jeffreys': 0.5}, {'text': ""No not in 70degree weather. I like the cup, but it's made in China (the silicone top took several washings to get rid of the chemical smell and who knows if it was harmful)"", 'helpful': 0, 'unhelpful': 0, 'total': 0, 'jeffreys': 0.5}, {'text': 'It does not, the double walled design shields the power layer from the beverage temp.   My only gripe is the Silicon lid, awful taste and had to throw it away', 'helpful': 0, 'unhelpful': 0, 'total': 0, 'jeffreys': 0.5}, {'text': 'No the exterior is always dry and room temp. I drink iced coffee often and it keeps it cold and my hands dry. Love this mug especially for the price.', 'helpful': 0, 'unhelpful': 0, 'total': 0, 'jeffreys': 0.5}]",no not a bit also if I have a glass of ice water in the late evening (9 PM)  and the ice is still there in morning (6 AM).  These glasses have really good stainless steel construction.,After purchasing many different glass equivalents and my kids breaking every single one! I decided to try stainless. I was worried they would sweat and have a metallic taste. These proved to be what I had been searching for. I Love ice cold drinking water and hate when the cup sweats water everywhere and the ice melts in 2- minutes in the summer. First these cups DO NOT SWEAT at all!,KB_01128,grounded_pick,True,G_120
REC_121,12074,B009X0UJRM,Sports_and_Outdoors,val,Will it fit the samick Polaris,descriptive,0,"[{'text': ""Judging from the Google images of samick Polaris takedown bow, it looks like you can attach this arrow rest.  I can't tell if the hole in the riser is threaded.  So you may need to go to the hardware store to find a bolt, nut, and washers."", 'helpful': 0, 'unhelpful': 0, 'total': 0, 'jeffreys': 0.5}, {'text': 'Not sure about the Samick. Even though this is a good rest, the brushes ware off so fast. In one day of shooting about 50 arrows I noticed the bristles were worn. Once the bristles on one wares off more than the other your shots may be off.', 'helpful': 0, 'unhelpful': 0, 'total': 0, 'jeffreys': 0.5}]","Judging from the Google images of samick Polaris takedown bow, it looks like you can attach this arrow rest.  I can't tell if the hole in the riser is threaded.  So you may need to go to the hardware store to find a bolt, nut, and washers.","easy to install, It would have been better if the arrow rest would have came with 2 mounting screws. the one it came with wasnt enough to hold the rest in position I had to find another to secure it so it wouldnt move. but good product, it looks nice and is durible.",KB_01144,grounded_pick,True,G_121
REC_122,23948,B0035A3JUK,Toys_and_Games,val,Are these dishwasher safe?,descriptive,0,"[{'text': ""I din't know but would guess these are not dishwasher safe . The light-weight plastic might not hold up well to the heat and detergent. They do clean easily with soap and water."", 'helpful': 0, 'unhelpful': 0, 'total': 0, 'jeffreys': 0.5}, {'text': 'It does not say that these are dishwasher safe anywhere. I never put them in dishwasher and easy to handwash anyway. I will say no based on that.', 'helpful': 0, 'unhelpful': 0, 'total': 0, 'jeffreys': 0.5}]",I din't know but would guess these are not dishwasher safe . The light-weight plastic might not hold up well to the heat and detergent. They do clean easily with soap and water.,"I ordered art caddies to hold a small set of supplies for a clinic where I work. They are the perfect size, not too big, not too small. Plus they are durable. I plan to buy more.",KB_01162,grounded_pick,True,G_122
REC_123,59687,B00C1Y1CY6,Toys_and_Games,val,"How thick are the wires? im going to be using these on a Hubsan Spy Hawk, should i get a different type?",descriptive,0,"[{'text': 'I do not know the ga of the wires but I will say for the money spent I was very pleased with the product and it seemed heavy duty to me, good luck', 'helpful': 0, 'unhelpful': 0, 'total': 0, 'jeffreys': 0.5}, {'text': 'The wires are twisted and are fairly thick.  I found it difficult to run along a seem.  You may be able to in twist the wires, but that would be allot of work.', 'helpful': 0, 'unhelpful': 0, 'total': 0, 'jeffreys': 0.5}]","I do not know the ga of the wires but I will say for the money spent I was very pleased with the product and it seemed heavy duty to me, good luck",It's the same product sold by others but without the fancy packaging.,KB_01179,grounded_pick,True,G_123
REC_124,65345,B0057RI3KK,Health_and_Personal_Care,val,What strain of bifidobacterium infantis does this product use?,descriptive,0,"[{'text': 'The supplement facts on my package says: Bifidobacterium infantis SD-5845  10 mg', 'helpful': 1, 'unhelpful': 0, 'total': 1, 'jeffreys': 0.75}, {'text': ""I am typing this directly from the box.  I hope it helps you. I have been using this for 3 years, don't know if its helping or not.  Can't hurt.This product contains 4 strains of natural beneficial bacteria:  Bifidobacterium infantis, Bifidobacterium lactis, bifidobacterium longum, Bifidobacterium bifidum."", 'helpful': 0, 'unhelpful': 0, 'total': 0, 'jeffreys': 0.5}, {'text': 'B.infantis 35624', 'helpful': 0, 'unhelpful': 0, 'total': 0, 'jeffreys': 0.5}]",The supplement facts on my package says: Bifidobacterium infantis SD-5845  10 mg,,,jeffreys,True,G_124
REC_125,65701,B003YGVDDU,Electronics,val,Will it work with Kindle Fire?,descriptive,0,"[{'text': ""This is a USB keyboard. If the Kindle Fire has a USB port, then I see no reason it wouldn't work. AFAIK, the Kindle Fire has no USB port, so my guess is that it will not work."", 'helpful': 1, 'unhelpful': 0, 'total': 1, 'jeffreys': 0.75}, {'text': 'I can´t help you, it work very well with my laptop.  And I bought it a long time ago, and it is like new.', 'helpful': 0, 'unhelpful': 0, 'total': 0, 'jeffreys': 0.5}, {'text': 'If Kindle fire has a usb port then most likely it will.', 'helpful': 0, 'unhelpful': 0, 'total': 0, 'jeffreys': 0.5}, {'text': 'No. This is a wired keyboard.', 'helpful': 0, 'unhelpful': 0, 'total': 0, 'jeffreys': 0.5}, {'text': 'I dont think you could connect to a Kindle.', 'helpful': 0, 'unhelpful': 0, 'total': 0, 'jeffreys': 0.5}]","This is a USB keyboard. If the Kindle Fire has a USB port, then I see no reason it wouldn't work. AFAIK, the Kindle Fire has no USB port, so my guess is that it will not work.","I have a standard PC with Windows 7. I plugged this keyboard into the same USB port as my old keyboard, and it did not function at all. Pressing the keys had no effect whatsoever--it was a dead keyboard. Nothing I tried (such as restarting my computer) made it work. Too inexpensive to pay to ship it back, so a complete waste of money. Couldn't be more displeased.",KB_01209,grounded_pick,True,G_125
REC_126,67539,B00CNBGUJE,Toys_and_Games,val,Does it adapt to going into the water?,descriptive,0,"[{'text': ""I don't think so, but it is a Christmas gift for my granddaughter and hasn't been opened yet"", 'helpful': 0, 'unhelpful': 0, 'total': 0, 'jeffreys': 0.5}, {'text': 'no it cant float, like it is writen on the box. You have some other boats that float i think it is from lego city collection.', 'helpful': 0, 'unhelpful': 0, 'total': 0, 'jeffreys': 0.5}, {'text': 'No.  It is just for ""land"" play.', 'helpful': 0, 'unhelpful': 0, 'total': 0, 'jeffreys': 0.5}, {'text': ""I've actually never tried that, but I would guess that it's probably not cut out for water."", 'helpful': 0, 'unhelpful': 0, 'total': 0, 'jeffreys': 0.5}]","I don't think so, but it is a Christmas gift for my granddaughter and hasn't been opened yet",my kid likes it. she makes for 2.5hours and she wants Dolphin Cruiser into water but she failed.she likes none the less.,KB_01224,grounded_pick,True,G_126
REC_127,72122,B0019KATWY,Home_and_Kitchen,val,"Has anyone else had the blade/metal stain (black) from sitting on water(min-hour)? Only had a few days, seems rust coming on... suggestions? Normal?",descriptive,0,"[{'text': ""This knife is carbon steel, despite being marketed as stain-free by Dexter, it is not and will both stain and rust readily if left dirty or soaking. Never leave it soaking in water, plain or with detergent. Clean promptly after using and thoroughly dry it. If your knife has rust or stains (and it sounds like your's does) try cleaning it with Bar Tenders friend and a green scrubby. If that doesn't work, try something more agressive like fine stell wool (the real stuff), or more agressive woven abrasive like 3M pads. After you have your knife clean treat it lightly with oil; NEVER use WD-40, 3-in-1, or anything similar on things that come in contact with food. Use only food safe oil, like Camelia Oil (sometimes spelled Camellia, also called tsubaki oil). You can find it at many knife sellers or woodworking supply stores (used on fine metal wood planes). Food safe mineral oil, orange oil, lemon oil, and such can also be used, but avoid any oil that goes rancid like olive, corn, or safflower oils."", 'helpful': 2, 'unhelpful': 0, 'total': 2, 'jeffreys': 0.8333333333333334}, {'text': 'Never leave any knife in water. Wash and dry them immediately after use.', 'helpful': 1, 'unhelpful': 0, 'total': 1, 'jeffreys': 0.75}, {'text': ""I've had this cleaver for almost 2 years. Never had any issues. Been very happy with it. Try polishing it with a pumice liquid. Maybe first try polishing with toothpaste and sponge. Or a very fine grit wet sandpaper? 1000 grit? Then wiping down with a vegetable oil. I use it, wash it and put it away. Never have seen any rust. Good luck"", 'helpful': 1, 'unhelpful': 0, 'total': 1, 'jeffreys': 0.75}, {'text': ""It's carbon steel, not stainless, and should never be left in standing water. Rub it out with some wd40 or 3 in 1 oil."", 'helpful': 1, 'unhelpful': 2, 'total': 3, 'jeffreys': 0.375}]","This knife is carbon steel, despite being marketed as stain-free by Dexter, it is not and will both stain and rust readily if left dirty or soaking. Never leave it soaking in water, plain or with detergent. Clean promptly after using and thoroughly dry it. If your knife has rust or stains (and it sounds like your's does) try cleaning it with Bar Tenders friend and a green scrubby. If that doesn't work, try something more agressive like fine stell wool (the real stuff), or more agressive woven abrasive like 3M pads. After you have your knife clean treat it lightly with oil; NEVER use WD-40, 3-in-1, or anything similar on things that come in contact with food. Use only food safe oil, like Camelia Oil (sometimes spelled Camellia, also called tsubaki oil). You can find it at many knife sellers or woodworking supply stores (used on fine metal wood planes). Food safe mineral oil, orange oil, lemon oil, and such can also be used, but avoid any oil that goes rancid like olive, corn, or safflower oils.","This cleaver is heavy, about 2.75 pounds.  It's about 3/8 inch thick on the spine, tapering to 3/16 near the edge. Once you get it moving, it will chop through ribs and joints very well.  You need a sturdy butcher block for this one.  I don't use it much, but every time I do I get free aerobic exercise.The big 4 x 8 blade made of high carbon steel and holds an edge very well.  I don't think it's stainless because mine has surface rust patina, which I don't mind, but I would not call it stainless.  High carbon steel holds an edge better anyway.  I'd recommend you never put it in a dishwasher or you will rust the blade and split the handle.  The rosewood handle and brass rivets are beautiful and very strong, which they need to be for this bad boy.Dexter Russell sells a lot of cutlery to butchers, restaurants and food service places, so their products are sturdy but not stylish, designed for professionals yet priced well.",KB_01265,grounded_pick,True,G_127
REC_128,74989,B00IVJ1M7M,Video_Games,val,Will this work with Pokemon Omega Ruby and Alpha Sapphire?,descriptive,0,"[{'text': 'Yes it works with the new games', 'helpful': 2, 'unhelpful': 0, 'total': 2, 'jeffreys': 0.8333333333333334}, {'text': 'Yes, is working already.', 'helpful': 1, 'unhelpful': 0, 'total': 1, 'jeffreys': 0.75}, {'text': 'Yes', 'helpful': 1, 'unhelpful': 0, 'total': 1, 'jeffreys': 0.75}, {'text': 'I think so', 'helpful': 0, 'unhelpful': 0, 'total': 0, 'jeffreys': 0.5}]",Yes it works with the new games,works great. got it for pokemon x,KB_01267,grounded_pick,True,G_128
REC_129,77067,B0015IQLVS,Health_and_Personal_Care,val,"What do you mean by ""not meant to be support""?",descriptive,0,"[{'text': 'Sorry, I do not remember the partial phrase and what it means.', 'helpful': 0, 'unhelpful': 0, 'total': 0, 'jeffreys': 0.5}, {'text': 'Not to be used like a crutch to bear the full weight of a person.  The cane offers some support to take some load off one side of the body when walking.  You use a cane to take some of your weight but you never bear down fully on it.', 'helpful': 0, 'unhelpful': 0, 'total': 0, 'jeffreys': 0.5}, {'text': ""I don't remember."", 'helpful': 0, 'unhelpful': 0, 'total': 0, 'jeffreys': 0.5}]","Sorry, I do not remember the partial phrase and what it means.",I really wasn't expecting such a nice cane. It's sturdy and everything you need in a cane. I like the handle as well.,KB_01289,grounded_pick,True,G_129
REC_130,87828,B001D1EMOA,Patio_Lawn_and_Garden,val,What are the inside dimensions?,descriptive,0,"[{'text': 'It measures 21"" wide by 16"" deep by 15.5"" high.  It fits all my husbands BBQ tools etc. perfectly.  It\'s also a great little seat or table.  Very happy with ours!', 'helpful': 2, 'unhelpful': 0, 'total': 2, 'jeffreys': 0.8333333333333334}, {'text': 'The sides are about a 1/2 inch at the corners, but the sides are 1/4 inch so the inside dimensions are slightly smaller than the full dimensions.', 'helpful': 1, 'unhelpful': 0, 'total': 1, 'jeffreys': 0.75}]","It measures 21"" wide by 16"" deep by 15.5"" high.  It fits all my husbands BBQ tools etc. perfectly.  It's also a great little seat or table.  Very happy with ours!","I bought this for storage in the summer for potting mix, hand gardening tools etc. Works great and currently is the only seat on my small 5 x 9 deck, I have so many plants there is no room to put my other seating. Even when we had several days of heavy rain it did NOT leak even with the high winds that went with the rain. If I ever buy a house and move out of my apartment I will certainly get a larger storage box made by Suncast.",KB_01318,grounded_pick,True,G_130
REC_131,90272,B00DTHC1TE,Home_and_Kitchen,val,Is it washable?,descriptive,0,"[{'text': 'Yes.', 'helpful': 0, 'unhelpful': 0, 'total': 0, 'jeffreys': 0.5}, {'text': 'I used a sponge to wipe it off on a regular basis. My son took his lunch every day of this school year and, even with the frequent wipe downs, it has held up really well.', 'helpful': 0, 'unhelpful': 0, 'total': 0, 'jeffreys': 0.5}, {'text': 'Yes', 'helpful': 0, 'unhelpful': 0, 'total': 0, 'jeffreys': 0.5}, {'text': ""It's like a vynal -- it can be wiped off, if needed"", 'helpful': 0, 'unhelpful': 0, 'total': 0, 'jeffreys': 0.5}]",Yes.,,,jeffreys,True,G_131
REC_132,3590,B002J8LMVC,Automotive,val,What do you think of the Schumacher PSJ-1812 DSR ProSeries? Amazon lumps ALL 4 units under one set of user reviews.,descriptive,1,"[{'text': 'It was a gift to my son. He is an auto mechanic uses it every day. He says it is a life saver. I am sure you would love it as well.', 'helpful': 0, 'unhelpful': 0, 'total': 0, 'jeffreys': 0.5}, {'text': 'not sure about the psj-1812. i have the psj-2212 and i highly recommend it.  we use it at the dealership & will jump multiple cars with out recharging. when cables are hooked up the display reads battery voltage then you turn the switch to use jump pack power. the display shows alternator charging voltage after vehicle starts.', 'helpful': 0, 'unhelpful': 0, 'total': 0, 'jeffreys': 0.5}, {'text': ""It got me started right up this winter when my battery was drained to only 9.7 amps because I have a power drain from my auto start and alarm system.So I'd say it's a pretty good model!Best of LuckJJ"", 'helpful': 0, 'unhelpful': 0, 'total': 0, 'jeffreys': 0.5}]",It was a gift to my son. He is an auto mechanic uses it every day. He says it is a life saver. I am sure you would love it as well.,"Pep Boys has what I think is an even nicer unit for $114 in their stores.Update, I got a replacement unit back today and it's doing the exact same thing the other one did, nothing lights up when I plug it in, so no light to say it's charging or a light that says it's charged.",KB_01346,grounded_pick,True,G_132
REC_133,4418,B008HYVG6I,Tools_and_Home_Improvement,val,Does his set come with a tri-wing bit for removing the battery screws on a MacBook Pro?.,descriptive,1,"[{'text': 'Yes it dose it comes with about five or six', 'helpful': 1, 'unhelpful': 0, 'total': 1, 'jeffreys': 0.75}, {'text': 'yeah sure, great for those types of tasks', 'helpful': 0, 'unhelpful': 0, 'total': 0, 'jeffreys': 0.5}, {'text': 'Not sure what size the MacBook Pro takes but the kit does contain tri-wing bit', 'helpful': 0, 'unhelpful': 0, 'total': 0, 'jeffreys': 0.5}]",Yes it dose it comes with about five or six,,,jeffreys,True,G_133
REC_134,8014,B00HX27AM4,Health_and_Personal_Care,val,Will this work on black people? I am medium brown complexion,descriptive,1,"[{'text': 'No.', 'helpful': 0, 'unhelpful': 0, 'total': 0, 'jeffreys': 0.5}, {'text': 'Dark or tanned skin - the light will not detect the difference between skin and hair pigment, therefore it will not flash and treatment will not be effective....(this is what was written with the product)', 'helpful': 0, 'unhelpful': 0, 'total': 0, 'jeffreys': 0.5}, {'text': 'The Flash & Go uses Pulsed Light Technology and therefore is not suitable for use on dark skin tones. It is equally unsuitable for use on light hair colours for the same reason. Pulsed Light works through absorption and reflection of light, the light will be absorbed by the darkly pigmented hair, heat up and ultimately destroy the root. The skin should be pale and therefore reflects the light of the treatment protecting it from absorbing the light emitted. It is for this reason dark skin is not suitable as it will result in the skin absorbing the light instead and is also why the light hair colours will reflect the light thus not heating the root sufficiently to damage it.', 'helpful': 0, 'unhelpful': 0, 'total': 0, 'jeffreys': 0.5}, {'text': 'I am mulatto (I am mixed father is black, mother is white), and this works on me. I would send a picture of my complexion if I could.', 'helpful': 0, 'unhelpful': 0, 'total': 0, 'jeffreys': 0.5}]",No.,,,jeffreys,True,G_134
REC_135,12803,B00EB8KOYO,Home_and_Kitchen,val,Does it have the one touch 30 second button when you press the start button once?,descriptive,1,"[{'text': 'yes it does', 'helpful': 0, 'unhelpful': 0, 'total': 0, 'jeffreys': 0.5}, {'text': ""No it doesn't."", 'helpful': 0, 'unhelpful': 0, 'total': 0, 'jeffreys': 0.5}]",yes it does,,,jeffreys,True,G_135
REC_136,22275,B005VTUT7Y,Home_and_Kitchen,val,This filter DOES fit perfectly in Panasonic canister MC-CG902.,descriptive,1,"[{'text': ""I have a Sears canister vacuum and it fits mine.  I can't give an answer for a Panasonic."", 'helpful': 0, 'unhelpful': 0, 'total': 0, 'jeffreys': 0.5}, {'text': ""I have used the foam filters in other vacuums. I don't know if it is exactly the same size, but they can be cut to size. I hope that helps"", 'helpful': 0, 'unhelpful': 0, 'total': 0, 'jeffreys': 0.5}]",I have a Sears canister vacuum and it fits mine.  I can't give an answer for a Panasonic.,These filters fit my vacuum perfectly and are much cheaper than in other stores. For a HEPA vacuum these have to be changed and now I can keep the costs down.,KB_01422,grounded_pick,True,G_136
REC_137,34352,B00D07HKKS,Patio_Lawn_and_Garden,val,Is the table collapsible?,descriptive,1,"[{'text': 'Yes, it folds down for storage.', 'helpful': 0, 'unhelpful': 0, 'total': 0, 'jeffreys': 0.5}, {'text': 'Yes, it folds down for storage.', 'helpful': 0, 'unhelpful': 0, 'total': 0, 'jeffreys': 0.5}]","Yes, it folds down for storage.",,,jeffreys,True,G_137
REC_138,36460,B000FN7UWS,Sports_and_Outdoors,val,what are the measurements of the 12-oz klean kanteen water bottle?,descriptive,1,"[{'text': '5 inches (height) x 2 3/4 inches (outside diameter)', 'helpful': 0, 'unhelpful': 0, 'total': 0, 'jeffreys': 0.5}, {'text': 'Roughly the size of a 12oz soda can with an inch or two extra on top for the lid', 'helpful': 0, 'unhelpful': 0, 'total': 0, 'jeffreys': 0.5}, {'text': 'They are 11 inches tall (with the cap on) and 3 inches wide.', 'helpful': 0, 'unhelpful': 0, 'total': 0, 'jeffreys': 0.5}, {'text': 'The 12oz. bottle is 5 inches tall and 2.75 inches wide at the bottom and 1.75 inches wide at the neck.', 'helpful': 0, 'unhelpful': 0, 'total': 0, 'jeffreys': 0.5}, {'text': 'My 27 oz measurements are 10.5 inches from the bottom to top of spout, and 2.5 inches wide at the base...so approximately half of the first measurement 5.5 inches? So that would be 5.5X2.5.', 'helpful': 0, 'unhelpful': 0, 'total': 0, 'jeffreys': 0.5}]",5 inches (height) x 2 3/4 inches (outside diameter),,,jeffreys,True,G_138
REC_139,36948,B000F4H5UE,Health_and_Personal_Care,val,Does this contain any man made/refined ingredients or is it all natural?,descriptive,1,"[{'text': 'hi, the problem with a lot of the green powered drinks is contamination with arsenic, bacteria, etc while this product was not on the contaminated list provided by consumer reports, it also, was not on the list of appproved greens. i therefore went with this product,*swanson greenfoods green max powder, which is on the list of approved products. hope this helps.', 'helpful': 5, 'unhelpful': 0, 'total': 5, 'jeffreys': 0.9166666666666666}, {'text': 'Natural', 'helpful': 0, 'unhelpful': 1, 'total': 1, 'jeffreys': 0.25}]","hi, the problem with a lot of the green powered drinks is contamination with arsenic, bacteria, etc while this product was not on the contaminated list provided by consumer reports, it also, was not on the list of appproved greens. i therefore went with this product,*swanson greenfoods green max powder, which is on the list of approved products. hope this helps.","What an overpriced disappointment. All I taste is excess sweetness from Stevia.  Why are almost all green formulas sweetened?  Either you want the greens or not, but don't change the taste with a sweetener.It's also loaded with Lecithin, an inexpensive soy by-product used as a filler and promoted as something good.... it's not.The only greens formula I know without sweeteners and fillers is Garden of Life Perfect Food, the Original Formula. Better yet, make your own green powders from Barley or Wheat grass, Chlorella, Spirulina, and Alfalfa powder from NOW Foods .",KB_01495,grounded_pick,True,G_139
REC_140,41818,B00266A4FM,Office_Products,val,"I have a 1966 Sears Citation 2 manual and a Bradford manual, both with 2"" spools. Do you know if this ribbon will work for either or both machines?",descriptive,1,"[{'text': 'I suggest you look out on Google, search for the specific typewriter that you have (or have someone do this for you).  You will be surprised that you might find THE ONE ribbon for your typewriter.  This one that I got, it will probablly not work on your particular typewriter.  Also check local stores (yes they might help you).', 'helpful': 1, 'unhelpful': 0, 'total': 1, 'jeffreys': 0.75}, {'text': ""Sorry, I don't.  It fit my machine from 1972."", 'helpful': 0, 'unhelpful': 0, 'total': 0, 'jeffreys': 0.5}]","I suggest you look out on Google, search for the specific typewriter that you have (or have someone do this for you).  You will be surprised that you might find THE ONE ribbon for your typewriter.  This one that I got, it will probablly not work on your particular typewriter.  Also check local stores (yes they might help you).","It stayed good and taut, and in place. This looseness in the ribbon also seems to be causing a shadow or skipping in the type. Since I'm using this for my own journalling right now, and not a manuscript, I will continue to use them to the end and flip. Otherwise I would have taken the time to send them back.",KB_01505,grounded_pick,True,G_140
REC_141,42856,B005OPKXG2,Home_and_Kitchen,val,What kind of closure does this bag have? Is it a zipper? Snap?,descriptive,1,"[{'text': 'It is a zipper with a metal logo toggle.', 'helpful': 1, 'unhelpful': 0, 'total': 1, 'jeffreys': 0.75}, {'text': 'It has a zipper closure.', 'helpful': 1, 'unhelpful': 0, 'total': 1, 'jeffreys': 0.75}, {'text': 'It is a zipper', 'helpful': 1, 'unhelpful': 0, 'total': 1, 'jeffreys': 0.75}, {'text': 'Top Zipper', 'helpful': 1, 'unhelpful': 0, 'total': 1, 'jeffreys': 0.75}, {'text': 'The main space is zippered. There is also a small zippered pocket on one side and a small open pocket in the other.', 'helpful': 1, 'unhelpful': 0, 'total': 1, 'jeffreys': 0.75}, {'text': 'Zipper top.', 'helpful': 0, 'unhelpful': 0, 'total': 0, 'jeffreys': 0.5}, {'text': 'Zipper top.', 'helpful': 0, 'unhelpful': 0, 'total': 0, 'jeffreys': 0.5}, {'text': ""Full Zipper--it's great!"", 'helpful': 0, 'unhelpful': 0, 'total': 0, 'jeffreys': 0.5}, {'text': 'Zipper', 'helpful': 0, 'unhelpful': 0, 'total': 0, 'jeffreys': 0.5}, {'text': ""is a zipper, I've own Igloo bags and it performs just as well"", 'helpful': 0, 'unhelpful': 0, 'total': 0, 'jeffreys': 0.5}]",It is a zipper with a metal logo toggle.,Couldn't be more happy with the style and sizing of this bag. It is stylish enough that people believe it is a purse.,KB_01521,grounded_pick,True,G_141
REC_142,43240,B0092KJEB0,Cell_Phones_and_Accessories,val,Does this cell phone work with Micro SIM or standard SIM cards?,descriptive,1,"[{'text': 'Standard sim', 'helpful': 3, 'unhelpful': 0, 'total': 3, 'jeffreys': 0.875}, {'text': 'It works with a standard sim card.', 'helpful': 3, 'unhelpful': 0, 'total': 3, 'jeffreys': 0.875}, {'text': 'standard sim card', 'helpful': 3, 'unhelpful': 0, 'total': 3, 'jeffreys': 0.875}, {'text': ""it uses standard sim cards. if you need to use micro sim cards you'll need an adapter for micro sim to sim."", 'helpful': 2, 'unhelpful': 0, 'total': 2, 'jeffreys': 0.8333333333333334}, {'text': ""Operates with standard sim cards, but with the inability to directly get 3G it becomes a rather inconvenient article for today's social networking."", 'helpful': 1, 'unhelpful': 0, 'total': 1, 'jeffreys': 0.75}, {'text': 'regular/standard Sim cards. Although it is a pretty simple phone, it has proven to be overall good if you need dual chip function.', 'helpful': 1, 'unhelpful': 0, 'total': 1, 'jeffreys': 0.75}, {'text': 'it only has standard sim cards', 'helpful': 0, 'unhelpful': 0, 'total': 0, 'jeffreys': 0.5}, {'text': 'It works with standard SIM cards.', 'helpful': 0, 'unhelpful': 0, 'total': 0, 'jeffreys': 0.5}]",Standard sim,,,jeffreys,True,G_142
REC_143,46170,B00002N9QW,Tools_and_Home_Improvement,val,"What are the dimensions between bolts?  My current knocker is 5 inch center to center on the bolts.  Thank you, Lonnie",descriptive,1,"[{'text': 'Hello Lonnie,  Look,  I really cant not answer you question, my husband hired a guy to fix it. I think everything went well, I think you have to fallow  the instructions!!Lonnie,  This is beautiful you will love it!! Sorry again!!', 'helpful': 1, 'unhelpful': 0, 'total': 1, 'jeffreys': 0.75}, {'text': 'They are 4 inches apart.  Thankfully the holes were wider than my previous door knocker so it covered the old holes. Very nice door knocker, I got it engraved with our last name.   Hope this helps,  good luck', 'helpful': 1, 'unhelpful': 0, 'total': 1, 'jeffreys': 0.75}, {'text': 'Center to center measurement of mounting bolts is 4""', 'helpful': 0, 'unhelpful': 0, 'total': 0, 'jeffreys': 0.5}, {'text': 'center to center is 4 inches', 'helpful': 0, 'unhelpful': 0, 'total': 0, 'jeffreys': 0.5}, {'text': '4 and 1/16 inches', 'helpful': 0, 'unhelpful': 0, 'total': 0, 'jeffreys': 0.5}, {'text': 'The Baldwin bolts are 4 inches center to center. Wes', 'helpful': 0, 'unhelpful': 0, 'total': 0, 'jeffreys': 0.5}, {'text': 'The distance between the bolts on the knocker that I just purchased is exactly 4"".', 'helpful': 0, 'unhelpful': 0, 'total': 0, 'jeffreys': 0.5}, {'text': 'Hello! The distance between the upper and lower bolts is aprox. 3.9 inches.', 'helpful': 0, 'unhelpful': 0, 'total': 0, 'jeffreys': 0.5}, {'text': 'Where can we find a knocker with a 5 inch space between bolts?', 'helpful': 0, 'unhelpful': 0, 'total': 0, 'jeffreys': 0.5}, {'text': ""Unfortunately, I don't know.  I bought this as a housewarming gift for friends last Christmas.  I have not seen it installed at their house as of yet, so I can't honestly answer your question.  Sorry I couldn't be of more help."", 'helpful': 0, 'unhelpful': 2, 'total': 2, 'jeffreys': 0.16666666666666666}]","Hello Lonnie,  Look,  I really cant not answer you question, my husband hired a guy to fix it. I think everything went well, I think you have to fallow  the instructions!!Lonnie,  This is beautiful you will love it!! Sorry again!!",This door knocker added a very beautiful English look to my green door.It is high quality and i love it.,KB_01561,grounded_pick,True,G_143
REC_144,46541,B00075M1T6,Health_and_Personal_Care,val,Does it have 220 volt,descriptive,1,"[{'text': 'It has whatever is US standard because it works in my house.', 'helpful': 0, 'unhelpful': 0, 'total': 0, 'jeffreys': 0.5}, {'text': 'No idea. I returned it cause it was delivered broken.', 'helpful': 0, 'unhelpful': 0, 'total': 0, 'jeffreys': 0.5}, {'text': 'No, unfortunately.', 'helpful': 0, 'unhelpful': 0, 'total': 0, 'jeffreys': 0.5}]",It has whatever is US standard because it works in my house.,works well and I would recommend it for purchase.,KB_01588,grounded_pick,True,G_144
REC_145,51550,B00008URR8,Home_and_Kitchen,val,Does this work on medium pile carpet?,descriptive,1,"[{'text': 'It sure can!  The spinning brushes on this unit also help to remove tough stains.', 'helpful': 1, 'unhelpful': 0, 'total': 1, 'jeffreys': 0.75}, {'text': 'Yes first you remove the liquid fromCarpet with this machine then you spray the type of shampoo solution with the trigger with the brushes scrubbing  thenRemove the rest of residue with the suction into the machine', 'helpful': 0, 'unhelpful': 0, 'total': 0, 'jeffreys': 0.5}, {'text': 'Yes, I purchased new carpet, and indeed it worked fine.', 'helpful': 0, 'unhelpful': 0, 'total': 0, 'jeffreys': 0.5}, {'text': 'yes', 'helpful': 0, 'unhelpful': 0, 'total': 0, 'jeffreys': 0.5}, {'text': 'I use it on medium pile and I have had good luck with it. Pretty good little machine. I like it better than the green cleaner without the rotating brush.', 'helpful': 0, 'unhelpful': 0, 'total': 0, 'jeffreys': 0.5}, {'text': 'Maybe, i sent my back because it had no suction, and you had to pull a trigger to squirt out the cleaner.  I got the bigger one that you could use on furniture and carpet.  Not the lg ones.', 'helpful': 0, 'unhelpful': 0, 'total': 0, 'jeffreys': 0.5}]",It sure can!  The spinning brushes on this unit also help to remove tough stains.,It is also much quicker and easier to work with than one of the larger carpet cleaners with a hand cleaning attachment.,KB_01614,grounded_pick,True,G_145
REC_146,62633,B0007W2EPK,Sports_and_Outdoors,val,"Hi, My friend asked me to order a squat pad for him. I just wonder how it goes in? Does it have a velcro? Can anyone tell me about this please?",descriptive,1,"[{'text': 'Yes, it has a velcro strap along the length of the pad.', 'helpful': 2, 'unhelpful': 0, 'total': 2, 'jeffreys': 0.8333333333333334}, {'text': ""Yes, it's Velcro on the opening. It's your basic pad and gets the job done."", 'helpful': 2, 'unhelpful': 0, 'total': 2, 'jeffreys': 0.8333333333333334}, {'text': 'There is a slit that runs in the middle of the pad you put around the bar, it has velcro running along this slit so it secures good.', 'helpful': 2, 'unhelpful': 0, 'total': 2, 'jeffreys': 0.8333333333333334}, {'text': 'It splits down the the middle and yes it does have Velcro.  Matter of fact you could even use it on a curved curling bar like l do.  Works extremely well, have fun.', 'helpful': 2, 'unhelpful': 0, 'total': 2, 'jeffreys': 0.8333333333333334}, {'text': ""It has a velcro strip that runs along the entire length of it.  It's very heavy duty.  I've had mine a long time and use it 2-3 times a week and the velcro still works like new."", 'helpful': 2, 'unhelpful': 0, 'total': 2, 'jeffreys': 0.8333333333333334}, {'text': 'yes it has velcro closure, I added a thin non skid piece of plastic inside to make it tighter and to stay put. Like the plastic you put on shelves, with holes in it. you can cut it to size', 'helpful': 1, 'unhelpful': 0, 'total': 1, 'jeffreys': 0.75}, {'text': ""It wraps around the barbell, and it does contain a Velcro. It is rather durable. I've thrown it into the washer more than a few times, and it looks just like brand new. I'd definitely recommend this product. Great quality. Great price. Feel free to ask more questions."", 'helpful': 1, 'unhelpful': 0, 'total': 1, 'jeffreys': 0.75}, {'text': 'It fits over the bar w/ velcro!  Fits my olympic bar perfectly!!  Plus I find that it helps me with hand placement a little more.', 'helpful': 1, 'unhelpful': 0, 'total': 1, 'jeffreys': 0.75}]","Yes, it has a velcro strap along the length of the pad.",It has velcro along the seam but the sides don't meet up in order to close completely.,KB_01629,grounded_pick,True,G_146
REC_147,67687,B00365E5HU,Baby,val,Does anyone know if the the bottom is interchangeable with a Dr. Browns bottle?,descriptive,1,"[{'text': ""I'm not 100% sure but my guess is NoThis cup is round & wide. Not like the bottles. Hands down the Best Sippy Cup out there. I have 3 under 3yrs of age. I've tried everything. Good luck!"", 'helpful': 0, 'unhelpful': 0, 'total': 0, 'jeffreys': 0.5}, {'text': ""I agree, this likely won't exchange."", 'helpful': 0, 'unhelpful': 0, 'total': 0, 'jeffreys': 0.5}, {'text': 'No it is not.', 'helpful': 0, 'unhelpful': 0, 'total': 0, 'jeffreys': 0.5}]",I'm not 100% sure but my guess is NoThis cup is round & wide. Not like the bottles. Hands down the Best Sippy Cup out there. I have 3 under 3yrs of age. I've tried everything. Good luck!,"I love Dr. Brown's bottles but after trying this sippy cup once or twice it's been shoved to the back of the cabinet and I doubt we'll try again. My daughter hates it - I think the flat spout is very much unlike a bottle so I am not sure why it is designed that way for training. I tried drinking from it myself and I found it difficult and was getting a lot of air along w/ the liquid, so I'm not surprised my 9 month old didn't like it.",KB_01645,grounded_pick,True,G_147
REC_148,77830,B0006TYH2M,Patio_Lawn_and_Garden,val,what size of bee guard fits this feeder?  I have purchased Item 384 and they are too small for the feeder!,descriptive,1,"[{'text': ""You don't need one."", 'helpful': 0, 'unhelpful': 0, 'total': 0, 'jeffreys': 0.5}, {'text': ""None. The supplier you may have purchased this from doesn't bother to tell you this. They only fit on two HummZinger Models: Fancy and  Ultra. In fact both these models include the 384 Nectar Guards. Funny should should ask me this now as I literally just received the Ultra model. Return the Excel and Nectar Guards. Go here to order from one of Aspects authorized venders. http://birdfeeding.com/hummzingerultra.aspx  This site shows the Nectar Guards as $5 extra. No need to buy. Says right on the box for the HummZinger Ultra that they are included. Hope this helps"", 'helpful': 0, 'unhelpful': 0, 'total': 0, 'jeffreys': 0.5}, {'text': ""I don't understand the question. The feeder itself retards bees, and the little water moat keeps ants at bay pretty well, although some reviewers mentioned needing an additional ant guard."", 'helpful': 0, 'unhelpful': 0, 'total': 0, 'jeffreys': 0.5}, {'text': ""I don't know. I had ordered bee guards with mine but honestly I didn't even try them as I didn't need them.  All you need to do to keep the bees away, and believe me I had hundreds on my old feeders, is make sure you don't drip the sugar water on the outside. If you do, simply take a little bit of water and rinse it off.  I really love these feeders."", 'helpful': 0, 'unhelpful': 0, 'total': 0, 'jeffreys': 0.5}, {'text': ""As other said, I was careful to not drip any sugar water when hanging the feeder, and I had no trouble at all with bees last year.  The year before, the bees were so bad on my previous feeders that I couldn't go outside on my patio.  That's the reason I bought the hummzinger.  I really don't think you'll need bee guards."", 'helpful': 0, 'unhelpful': 0, 'total': 0, 'jeffreys': 0.5}, {'text': ""I agree with all the other people who responded.  You DON'T need a bee guard, as long as you don't spill any sugar water while hanging the feeder up, or wash it off if you do, as another person wrote. The bees don't seem to even know the feeder is there and the ant moat is amazing.  I LOVE this feeder."", 'helpful': 0, 'unhelpful': 0, 'total': 0, 'jeffreys': 0.5}]",You don't need one.,,,jeffreys,True,G_148
REC_149,87781,B007ON1IZC,Patio_Lawn_and_Garden,val,How well does the plastic thatching  hold up to high heat and sun?  We live in Las Vegas and the sun is pretty brutal.,descriptive,1,"[{'text': 'I have had mine for a couple of years now and I live in South Florida. It has held up much better than I expected in the sun, rain & wind.  I would not hesitate to purchase one again when mine finally dies.', 'helpful': 1, 'unhelpful': 0, 'total': 1, 'jeffreys': 0.75}, {'text': 'Superbly, these are the best umbrellas money can buy.  I have 4 of them that are a couple of years old and still looking like new.  I leave them out all year long.', 'helpful': 1, 'unhelpful': 0, 'total': 1, 'jeffreys': 0.75}]","I have had mine for a couple of years now and I live in South Florida. It has held up much better than I expected in the sun, rain & wind.  I would not hesitate to purchase one again when mine finally dies.",I have left it up in the Florida heat all summer and in the rain and has held up wonderful!,KB_01693,grounded_pick,True,G_149
REC_150,59890,B000PD0BNI,Toys_and_Games,val,could I use these for frosting?,yesno,0,"[{'text': ""Getting the frosting in the bottle would be the only trick, but it's totally possible. Since you can cut the tips at any thickness you could certainly use these for frosting!!"", 'helpful': 0, 'unhelpful': 0, 'total': 0, 'jeffreys': 0.5}, {'text': 'No, these would not work for frosting.', 'helpful': 0, 'unhelpful': 0, 'total': 0, 'jeffreys': 0.5}, {'text': 'Dont buy them they leak.', 'helpful': 0, 'unhelpful': 0, 'total': 0, 'jeffreys': 0.5}, {'text': ""Don't use these for frosting.  Buy a pastry bag and tips.  This will give you the most control over frosting.  Buy 1 big bag for boarders and one small bag for writing.  I am sure amazon sells a kit."", 'helpful': 0, 'unhelpful': 0, 'total': 0, 'jeffreys': 0.5}, {'text': ""In theory yes. Depends on how thick. You can cut the applicator tip to the width you'll need."", 'helpful': 0, 'unhelpful': 0, 'total': 0, 'jeffreys': 0.5}, {'text': 'No.  The tops are not able to take the pressure.  They would pop off when squeezed.', 'helpful': 0, 'unhelpful': 0, 'total': 0, 'jeffreys': 0.5}]","Getting the frosting in the bottle would be the only trick, but it's totally possible. Since you can cut the tips at any thickness you could certainly use these for frosting!!","I use this for my gun cleaning products. The tips gives you precise application. Working great, would buy again for future.",KB_01700,grounded_pick,True,G_150
REC_151,69318,B002B5OW7Y,Sports_and_Outdoors,val,the picture shows coyote tan. is that the correct color?,yesno,0,"[{'text': 'Yes.', 'helpful': 0, 'unhelpful': 0, 'total': 0, 'jeffreys': 0.5}, {'text': 'Mine was.', 'helpful': 0, 'unhelpful': 0, 'total': 0, 'jeffreys': 0.5}, {'text': 'Yes it is the correct color. The product is well made.', 'helpful': 0, 'unhelpful': 0, 'total': 0, 'jeffreys': 0.5}]",Yes.,,,jeffreys,True,G_151
REC_152,73057,B00C2DFYX6,Electronics,val,could any one give a discription of the lighting? brightness/key glow/backlght ect. it would be a big help,yesno,0,"[{'text': 'This keyboard has lights only on the edges of the board, I personally bought it so I could see keys in the dark but was disappointed to find  that the keys had no lights, the glow is bright, it looks nice, but not practical in any way', 'helpful': 1, 'unhelpful': 0, 'total': 1, 'jeffreys': 0.75}, {'text': ""The Key's do not glow, Except around the rubberized media keys on the sides, There is a front and back light as well as one Keyboard logo in the top right. They have a medium brightness effect good enough that it can make an impression from a distance, but not too light that it would be annoying or distracting."", 'helpful': 1, 'unhelpful': 0, 'total': 1, 'jeffreys': 0.75}, {'text': ""Just a keyboard does not illuminate the keys just lights up outside around the edges USB wire plug in has media keys that's it nothing super special here"", 'helpful': 1, 'unhelpful': 0, 'total': 1, 'jeffreys': 0.75}, {'text': 'Don\'t get it, they keys are ""sticky"" and my that I mean that most of the time there will be some that are unresponsive when you think you are hitting the key.', 'helpful': 0, 'unhelpful': 1, 'total': 1, 'jeffreys': 0.25}]","This keyboard has lights only on the edges of the board, I personally bought it so I could see keys in the dark but was disappointed to find  that the keys had no lights, the glow is bright, it looks nice, but not practical in any way",Had the Mad Catz gaming keyboard that failed twice (2 different keyboards). Bought this as a cheap replacement until I decide on a permanent one. I may actually end up keeping this one. Response is fine. Lighting is nice. No complaints to this point.,KB_01737,grounded_pick,True,G_152
REC_153,73131,B00894AQJO,Electronics,val,does the antenna come in the box?,yesno,0,"[{'text': 'No a antenna was not included or not needed.', 'helpful': 2, 'unhelpful': 0, 'total': 2, 'jeffreys': 0.8333333333333334}, {'text': 'what antenna? only the netgear and power cord come in the box.', 'helpful': 1, 'unhelpful': 0, 'total': 1, 'jeffreys': 0.75}, {'text': ""The antenna is in the box you see pictured. You can't see it but, it works great."", 'helpful': 1, 'unhelpful': 0, 'total': 1, 'jeffreys': 0.75}]",No a antenna was not included or not needed.,just needed a wireless router for the house althought this was refurbished seen o woork great no complaints... plus the price was good,KB_01763,grounded_pick,True,G_153
REC_154,896,B002WJUFRU,Tools_and_Home_Improvement,val,The drill on charger was mistakenty plugged to a 220V socket. is the drill still usable by just replacing the charger?,yesno,1,"[{'text': 'So was the battery in the charger when it was plugged into the 220 outlet? If not, then the battery is ok. If the battery was in the charger when you plugged it in then most likely the battery and charger are fried. Drill itself should be fine. Hope this helps.', 'helpful': 0, 'unhelpful': 0, 'total': 0, 'jeffreys': 0.5}, {'text': ""The question seems wrong. The drill has a female receiver as does the charger. The drill could not be harmed by the charger without some strange type of adapter. I think what you want to know is if the battery would be damaged if it was in the charger when the charger was plugged into the wrong outlet. I probably should have started this response with I don't know. For what it is worth I don't think your battery would be damaged. The charger on the other hand makes me have visions of smoke and also brings to mind the smell of melting plastic. In short I think you have ruined your charger. I hope this long winded answer helps. God Bless You"", 'helpful': 0, 'unhelpful': 0, 'total': 0, 'jeffreys': 0.5}]","So was the battery in the charger when it was plugged into the 220 outlet? If not, then the battery is ok. If the battery was in the charger when you plugged it in then most likely the battery and charger are fried. Drill itself should be fine. Hope this helps.",I love the charger that came with my drill because you can leave one of the batteries plugged in and it will be ready to go if you need another battery.,KB_01787,grounded_pick,True,G_154
REC_155,13521,B0042E8CGE,Automotive,val,are the vinyl windows charcoal tinted,yesno,1,"[{'text': 'They are approximately 60% tinted, I am not sure if the color is charcoal. They provide great protection from the sun.', 'helpful': 1, 'unhelpful': 0, 'total': 1, 'jeffreys': 0.75}, {'text': ""Yes they are.  I wasn't sure that I would like them tinted.  However, I really like them now that I have them.  Keeps the inside a little cooler in summer sun.  Also makes it harder for others to see what is in your backseat or trunk area.  I took the trunk cover off my tracker years ago so that I could put more things in when shopping or transporting something.  So I'm happy that people can't see in as well because of the tinted windows.They do not obscure your vision while driving."", 'helpful': 0, 'unhelpful': 0, 'total': 0, 'jeffreys': 0.5}, {'text': ""Yes, they are fairly dark, but do look good. But my step-daughter's tracker is black."", 'helpful': 0, 'unhelpful': 0, 'total': 0, 'jeffreys': 0.5}]","They are approximately 60% tinted, I am not sure if the color is charcoal. They provide great protection from the sun.",,,jeffreys,True,G_155
REC_156,16945,B005ODJ888,Electronics,val,"will this work with a Fotodiox Pro Softbox, 32"" x 48""???",yesno,1,"[{'text': 'Yes, just use the rods that come with the softbox and use this bracket instead of the included bracket.', 'helpful': 0, 'unhelpful': 0, 'total': 0, 'jeffreys': 0.5}, {'text': 'i dont own that softbox, but i have a flashpoint of a similar size, and works just fine!!', 'helpful': 0, 'unhelpful': 0, 'total': 0, 'jeffreys': 0.5}, {'text': ""Yes the ring should work with a 32x48 box.  I'm using it with the 48 octagon and love it for outdoor shoots"", 'helpful': 0, 'unhelpful': 0, 'total': 0, 'jeffreys': 0.5}]","Yes, just use the rods that come with the softbox and use this bracket instead of the included bracket.","Okay this item is definitely misleading. In the picture as you can see, it has the silver ring that inserts in the back of your lightbox but when i open the box it did not have the silver ring which is the main reason i bought it. Please change the primary picture to just the Bracket by itself and not the silver ring and the bracket.",KB_01835,grounded_pick,True,G_156
REC_157,36756,B003O6JKLC,Video_Games,val,does it come with games,yesno,1,"[{'text': 'No', 'helpful': 0, 'unhelpful': 0, 'total': 0, 'jeffreys': 0.5}, {'text': 'No', 'helpful': 0, 'unhelpful': 0, 'total': 0, 'jeffreys': 0.5}, {'text': 'No', 'helpful': 0, 'unhelpful': 0, 'total': 0, 'jeffreys': 0.5}]",No,,,jeffreys,True,G_157
REC_158,38725,B00AW6XYLE,Toys_and_Games,val,is this toy ok for a 4 year old kid,yesno,1,"[{'text': 'I bought 2 of these for twin 4 year olds had no more problems than any other toys you buy for boys, HaHa', 'helpful': 0, 'unhelpful': 0, 'total': 0, 'jeffreys': 0.5}, {'text': 'Yep! My son loves it! Does require 4 AA batteries though!', 'helpful': 0, 'unhelpful': 0, 'total': 0, 'jeffreys': 0.5}, {'text': 'yes absolutely. its a big toy. my 5 year old nephew has it as well and he loves it', 'helpful': 0, 'unhelpful': 0, 'total': 0, 'jeffreys': 0.5}]","I bought 2 of these for twin 4 year olds had no more problems than any other toys you buy for boys, HaHa",We bought this for our 4 year old son!,KB_01867,grounded_pick,True,G_158
REC_159,48548,B00286DAV0,Patio_Lawn_and_Garden,val,will this filter fit the pentair ccp320 units?,yesno,1,"[{'text': 'I placed these filters in my Pentair Clean and Clear Plus 320.....they fit perfectly.  It appears some people have had to modify them a bit to fit but I had no problem with the fit.', 'helpful': 1, 'unhelpful': 0, 'total': 1, 'jeffreys': 0.75}, {'text': 'Yes', 'helpful': 0, 'unhelpful': 0, 'total': 0, 'jeffreys': 0.5}, {'text': 'Yes, if it says it is for a 320 it should work.  My research found that the only difference in the 320 and 420 was the height of the filters.  I got the new 4 pack and they are working beautifully.  Good luck!', 'helpful': 0, 'unhelpful': 0, 'total': 0, 'jeffreys': 0.5}]",I placed these filters in my Pentair Clean and Clear Plus 320.....they fit perfectly.  It appears some people have had to modify them a bit to fit but I had no problem with the fit.,These cartridges fit perfectly in my Pentair Clean & Clear Plus.,KB_01888,grounded_pick,True,G_159
REC_160,85392,B0023MHZLA,Sports_and_Outdoors,val,will an ar 15 with a 30 round magazine work in this,yesno,1,"[{'text': ""No,there would be a clearance issue with your magazine,you need the offset style sled/rest from Caldwell for clip fed semi's."", 'helpful': 0, 'unhelpful': 0, 'total': 0, 'jeffreys': 0.5}, {'text': ""No! 30 round mag is too long for this particular sled.  However, a ten round mag works great! This is the only time that a 10 round mag is useful - since you're only using the sled for zeroing."", 'helpful': 0, 'unhelpful': 0, 'total': 0, 'jeffreys': 0.5}, {'text': ""Nope.  It doesn't fit well with a 15 round mag; when I use the LS+ as a bench rest I have to pick the gun up to reload"", 'helpful': 0, 'unhelpful': 0, 'total': 0, 'jeffreys': 0.5}, {'text': 'A 30 rounder will not work, but I used a 20 round straight mag with my AR-15 to dial it in and it worked well.', 'helpful': 0, 'unhelpful': 0, 'total': 0, 'jeffreys': 0.5}]","No,there would be a clearance issue with your magazine,you need the offset style sled/rest from Caldwell for clip fed semi's.",Would not be good with a rifle with a large capacity magazine cause of the top bar on the frame.,KB_01913,grounded_pick,True,G_160
REC_161,713,B006T4EO8U,Health_and_Personal_Care,test,what are the outside dimensions? need to fit in a small pocket,descriptive,0,"[{'text': 'About 3"" by 3"".   We bought 2 retainer cases.  They both broke with in 2 weeks of owning them.', 'helpful': 1, 'unhelpful': 0, 'total': 1, 'jeffreys': 0.75}, {'text': '2 1/2 x 3 1/4 x 1 inch thick', 'helpful': 0, 'unhelpful': 0, 'total': 0, 'jeffreys': 0.5}, {'text': '3"" wide, Back to front 2"". Depth 1 1/2""', 'helpful': 0, 'unhelpful': 0, 'total': 0, 'jeffreys': 0.5}, {'text': 'They are about 3 inches wide, by 3 inches deep (with a little curve on the front corners) by 1 and 1/4 high.', 'helpful': 0, 'unhelpful': 0, 'total': 0, 'jeffreys': 0.5}, {'text': 'The retainer box measures 3"" across and 1-1/2"" high (thick). I doubt it would fit into a small pocket.', 'helpful': 0, 'unhelpful': 0, 'total': 0, 'jeffreys': 0.5}, {'text': 'I bet it\'s 7/8"" tall, and about 2 1/2"" by 3,"" as I recall (no longer need to use). Maybe the manufacturer/seller can answer?', 'helpful': 0, 'unhelpful': 0, 'total': 0, 'jeffreys': 0.5}]","About 3"" by 3"".   We bought 2 retainer cases.  They both broke with in 2 weeks of owning them.","These are sturdy cases and the colors are great because they stand out so well.If we need them, I would definitely re-order!",KB_01919,grounded_pick,True,G_161
REC_162,8792,B00283RXUC,Toys_and_Games,test,can you take them off once they are on and do they fit on the champ RTF,descriptive,0,"[{'text': 'Absolutely they are removable and can be switched back to the landing gear wheels with just a couple of screws! But as for the champ, I believe it would be way too small to carry these pontoons even if you were able to modify them to fit....even the mini supercub is incapable of actual sustained flight with the added size and weight of floats this big in my experience. They are awesome for the supercub which they are designed for!', 'helpful': 0, 'unhelpful': 0, 'total': 0, 'jeffreys': 0.5}, {'text': 'Dave is right, they work great on the Supercub and are removable. You need lots of power for a seaplane so I added an outrigger motor conversion on my Cub. You can get this on eBay.', 'helpful': 0, 'unhelpful': 0, 'total': 0, 'jeffreys': 0.5}]","Absolutely they are removable and can be switched back to the landing gear wheels with just a couple of screws! But as for the champ, I believe it would be way too small to carry these pontoons even if you were able to modify them to fit....even the mini supercub is incapable of actual sustained flight with the added size and weight of floats this big in my experience. They are awesome for the supercub which they are designed for!","The product is a great addition to the supercub. Comes with everything needed for water or snow flying (except for a rudder to steer). It is even cool looking. Comes with the larger propeller needed.My one complaint and is a big one is the assembly of the unit. The screws that come with it are very cheap steel and strip way to easily. That in addition to them being a 1/4"" too long, makes for an annoying and unclean installation. If the screws were different then 5 star all the way.",KB_01940,grounded_pick,True,G_162
REC_163,57538,B00342TOX0,Toys_and_Games,test,What is the packaged weight of this product?,descriptive,0,"[{'text': 'The packing weight is about 20 pnds the product itself is less than that', 'helpful': 0, 'unhelpful': 0, 'total': 0, 'jeffreys': 0.5}, {'text': 'Around 25-30 lbs', 'helpful': 0, 'unhelpful': 0, 'total': 0, 'jeffreys': 0.5}, {'text': 'Light. 10 lbs max.', 'helpful': 0, 'unhelpful': 1, 'total': 1, 'jeffreys': 0.25}]",The packing weight is about 20 pnds the product itself is less than that,The product itself is great so I have it 5 stars.This item is NOT well protected during shipping.,KB_01966,grounded_pick,True,G_163
REC_164,61486,B002CQUFYG,Health_and_Personal_Care,test,what is the country of origin of the product and the manufacturer who produces it from the raw material please,descriptive,0,"[{'text': ""It doesn't say what country of origin.  It is distributed by Cosco.  Here is their 800 # for any questions about the product.  1-800-428-8048."", 'helpful': 0, 'unhelpful': 0, 'total': 0, 'jeffreys': 0.5}, {'text': ""I have seen this question asked many times. You see, according to orthomolecular experts like Dr. Andrew Saul, it really doesn't matter whether it is manufactured in China (and most all pure C powders are, because they have perfected this process). It also doesn't matter if it is derived from GMO corn, etc, because at the molecular level vitamin C molecule is the same C6H8O6, i.e., 6 carbon atoms, 8 hydrogen and 6 oxygen atoms. You see, NONE of those GMO traits, impurities, etc. can get through to the molecular level. A vitamin C molecule is the same, whether it is made in China, the UK or the US. The only exception really is Vitamin E, where natural is much more preferable to synthetic, etc."", 'helpful': 1, 'unhelpful': 1, 'total': 2, 'jeffreys': 0.5}]",It doesn't say what country of origin.  It is distributed by Cosco.  Here is their 800 # for any questions about the product.  1-800-428-8048.,"This product is one of the best. A little on the pricey side, but you get what you pay for. I recommend this high quality product.",KB_01981,grounded_pick,True,G_164
REC_165,64903,B00339C3FA,Sports_and_Outdoors,test,About the door openings. I plan to put this on my deck which is 12 x 18. It looks like the doors are on the 12 foot side.  Can they be switched?,descriptive,0,"[{'text': ""There are two doors, so you can't go wrong!  Enjoy it - very well made, and 1 bit of advise - use the tie downs that come with it - we used it on the deck, and tied it down to the railings.  Stood up to very strong winds, 20-25 MPH.  When you get up to the 30MPH, you need to take it down, but it is so easy to do it, there's no real problem.  We use it 9 months a year, only coming down for the winter when heavy snow comes.  Hope this helps!"", 'helpful': 2, 'unhelpful': 0, 'total': 2, 'jeffreys': 0.8333333333333334}, {'text': ""There is no 12 foot side. The description is somewhat misleading. The shape of the shelter is a hexagon so it is symmetrical. They get the 12' measurement going pole to pole and the 10' measurement going flat to flat. The screen attaches to the too after setup and the doors are meant to line up on the flats. So, your opposing doors will always be situated 10' across from each other."", 'helpful': 2, 'unhelpful': 0, 'total': 2, 'jeffreys': 0.8333333333333334}, {'text': ""Looks like you already have the answer to your question   I'll add this, buying this shelter was a great choice. I've had two or three before this but nothing has come close to this product"", 'helpful': 1, 'unhelpful': 0, 'total': 1, 'jeffreys': 0.75}, {'text': 'Our tent is not up now, but my best recollection is that the doorway can be either at the front or directly in the back, not along the sides.  It is a good tent and serves us well.  But if you need a side door opening, it may not work for you.', 'helpful': 1, 'unhelpful': 0, 'total': 1, 'jeffreys': 0.75}, {'text': 'The shelter is a perfect hexagon so all sides are equal... the screen unzips for the ""doors"" front and back of hexagon.', 'helpful': 0, 'unhelpful': 0, 'total': 0, 'jeffreys': 0.5}, {'text': 'The canopy is a hexagon---each side is the same dimension.  The doors can be put on any two opposite walls of the canopy.', 'helpful': 0, 'unhelpful': 0, 'total': 0, 'jeffreys': 0.5}, {'text': 'Lois, re your last question ...""perfect hexagon""...Good question...I don\'t know the answer, but it\'s big.  We put a small fire pit in the center and could get 6 adults in easy - more if we used smaller chairs. Hope this helps.', 'helpful': 0, 'unhelpful': 0, 'total': 0, 'jeffreys': 0.5}, {'text': 'There are 2 door openings opposite each other.', 'helpful': 0, 'unhelpful': 0, 'total': 0, 'jeffreys': 0.5}, {'text': 'you can place the opening where you choose, the screening is all one piece that hooks on the inside. For the money this is a great item and I use it every summer. Keeps the bugs out and a very nice durable quality and well made.', 'helpful': 0, 'unhelpful': 0, 'total': 0, 'jeffreys': 0.5}]","There are two doors, so you can't go wrong!  Enjoy it - very well made, and 1 bit of advise - use the tie downs that come with it - we used it on the deck, and tied it down to the railings.  Stood up to very strong winds, 20-25 MPH.  When you get up to the 30MPH, you need to take it down, but it is so easy to do it, there's no real problem.  We use it 9 months a year, only coming down for the winter when heavy snow comes.  Hope this helps!","As it is, both choices are available, but only one seems logical to me. Still, tying with just one tie is less than satisfying.Again, regarding the screen sides:  there is a hook and loop tie at the bottom of the side at each corner that only works with the screen on the INSIDE of the frame, but inside isn't optimal in my opinion, so what's up with that? I don't understand what these are for.I like the screen bottom trim-off with plastic fabric. This would seemingly allow you to use sandbags, rocks, or even just dirt to seal the bottom edge if you felt that to be necessary.On take-down & stowage it similarly took me alone about 17-18 minutes to accomplish.",KB_01997,grounded_pick,True,G_165
REC_166,65723,B007X47SCY,Electronics,test,Does it come with factory warranty?,descriptive,0,"[{'text': 'Yes', 'helpful': 0, 'unhelpful': 0, 'total': 0, 'jeffreys': 0.5}, {'text': 'Nop', 'helpful': 0, 'unhelpful': 0, 'total': 0, 'jeffreys': 0.5}, {'text': 'I can only speak to the camera and lenses I registered them with Nikon', 'helpful': 0, 'unhelpful': 0, 'total': 0, 'jeffreys': 0.5}, {'text': 'Yes.  It has a five year warranty with it.', 'helpful': 0, 'unhelpful': 0, 'total': 0, 'jeffreys': 0.5}, {'text': 'yes.. i believe if you check on the page the warranty info is there .. i never buy anything without checking the warranty', 'helpful': 0, 'unhelpful': 0, 'total': 0, 'jeffreys': 0.5}, {'text': ""it's practically the first thing listed KIT INCLUDES 12 PRODUCTS -- All BRAND NEW Items with all Manufacturer-supplied Accessories + Full USA Warranties:"", 'helpful': 0, 'unhelpful': 0, 'total': 0, 'jeffreys': 0.5}]",Yes,,,jeffreys,True,G_166
REC_167,72346,B002XE0HPY,Pet_Supplies,test,what are the measurement of the carrying bag? I need get this in a suitcase to take overseas. Need to know how long and how wide the suitcase must be?,descriptive,0,"[{'text': ""I don't know exactly how big the bag is, but since you can take the obstacles apart, you could always take them out of the bag and fold the bag up.  The suitcase would need to be big enough to put the chute and poles in, and the chute collapses lengthwise, but not diameter-wise.  The chute is about 22 inches in diameter and the poles are about 32 inches long."", 'helpful': 1, 'unhelpful': 0, 'total': 1, 'jeffreys': 0.75}, {'text': ""Hi Deborah,The bag it comes in measures approximately Width 24 inches (60 centimeters)  Height 26 inches (70 centimeters).  The storage bag it comes in is made of light weight fabric, zips up and has handles.  You may be able to check it in at luggage in it's own bag."", 'helpful': 1, 'unhelpful': 0, 'total': 1, 'jeffreys': 0.75}, {'text': 'Sorry but am traveling.  Doubt it would fit in a suitcase.', 'helpful': 1, 'unhelpful': 0, 'total': 1, 'jeffreys': 0.75}, {'text': '26wide  by 32 long and  6 inches thick when full.', 'helpful': 1, 'unhelpful': 0, 'total': 1, 'jeffreys': 0.75}, {'text': ""I don't see why it wouldn't fit in a garment bag suitcase"", 'helpful': 1, 'unhelpful': 0, 'total': 1, 'jeffreys': 0.75}]","I don't know exactly how big the bag is, but since you can take the obstacles apart, you could always take them out of the bag and fold the bag up.  The suitcase would need to be big enough to put the chute and poles in, and the chute collapses lengthwise, but not diameter-wise.  The chute is about 22 inches in diameter and the poles are about 32 inches long.",Agility in the Bag is great for beginning agility. My dog is 6mos old and is just learning to jump. I found each item to be sturdy and the instructions are easy. I like the fact that I can use them indoors or outdoors and can take them apart(I would suggest keeping each set of pieces separate or marked with different colored markers as to not get them confused) and put them back together easily to take to a park or other area. I like it so much I am purchasing another one for my niece who has a 8 month old GSD.,KB_02026,grounded_pick,True,G_167
REC_168,75868,B0097BU1AM,Toys_and_Games,test,Is this the classic one the bigger one,descriptive,0,"[{'text': 'This one adjusts to the height of the child.', 'helpful': 0, 'unhelpful': 0, 'total': 0, 'jeffreys': 0.5}, {'text': 'My three year old grandson can ride this the way it comes. It has an extension bar to lengthen it. My grandson who is 5 1/2 is ready for the extension on his.', 'helpful': 0, 'unhelpful': 0, 'total': 0, 'jeffreys': 0.5}, {'text': 'I believe all of the EzyRollers are the same size.  There is an extension bar which makes it easier for taller children to ride.  Our kids are about 7 or 8 when they want the extension in.  With the extension, teens can ride it...or adults up to about 150 pounds.', 'helpful': 0, 'unhelpful': 0, 'total': 0, 'jeffreys': 0.5}, {'text': 'We bought one a few years ago, then bought another one this year. They are both the same -- I think they are the standard one, no frills, can fit 5-7 year old or has a bar to add for 8-10 year old. Kids love both of them that we have.', 'helpful': 0, 'unhelpful': 0, 'total': 0, 'jeffreys': 0.5}, {'text': ""I've onle seen it in this size."", 'helpful': 0, 'unhelpful': 0, 'total': 0, 'jeffreys': 0.5}]",This one adjusts to the height of the child.,I think every child should have one of these!,KB_02064,grounded_pick,True,G_168
REC_169,76151,B0028XZFE8,Home_and_Kitchen,test,how wide is the bowl of the spoon?,descriptive,0,"[{'text': ""Not wide.  It's the size of an espresso spoon.  I'd estimate about 2/3 the size of a standard teaspoon.  My small kids love them."", 'helpful': 0, 'unhelpful': 0, 'total': 0, 'jeffreys': 0.5}, {'text': 'Without measuring the exact width of the spoon, I\'d say this: for a true ""demitasse"" cup, they MIGHT be a bit large, but for a 2-ounce espresso cup they\'re the perfect size and quite elegant, as well. Hope this is useful.', 'helpful': 0, 'unhelpful': 0, 'total': 0, 'jeffreys': 0.5}, {'text': 'IT IS ABOUT THE SIZE OF A NORMAL TEASPOON.', 'helpful': 0, 'unhelpful': 0, 'total': 0, 'jeffreys': 0.5}, {'text': 'A little less than an inch wide (maybe 7/8), and about an inch and a quarter long.', 'helpful': 0, 'unhelpful': 0, 'total': 0, 'jeffreys': 0.5}, {'text': ""Maybe 3/4 of an inch. I returned them so I don't have an exact measure."", 'helpful': 0, 'unhelpful': 0, 'total': 0, 'jeffreys': 0.5}]",Not wide.  It's the size of an espresso spoon.  I'd estimate about 2/3 the size of a standard teaspoon.  My small kids love them.,"They are tiny and the perfect size. I wanted them to use with my tea set. I also love using them for eating yogurt or other dessert to make it last longer. They are strong, not flimsy. Great deal.",KB_02074,grounded_pick,True,G_169
REC_170,78333,B000JWSDWG,Home_and_Kitchen,test,"What can I do to soften the fabric.  After washing, the sheets are very rough.",descriptive,0,"[{'text': ""It usually takes several washes for them to become real soft. I washed mine in warm water 3 times before putting them on my bed. We've washed them about 5 times total now and ours are super soft."", 'helpful': 1, 'unhelpful': 0, 'total': 1, 'jeffreys': 0.75}, {'text': 'I would return them. Cotton sateen should be soft and silky!! Mine are softer now than they were when I washed them for the first time.', 'helpful': 0, 'unhelpful': 0, 'total': 0, 'jeffreys': 0.5}, {'text': 'Use a fabric softener such as Downey in the wash and/or Bounce in the drier.', 'helpful': 0, 'unhelpful': 1, 'total': 1, 'jeffreys': 0.25}]",It usually takes several washes for them to become real soft. I washed mine in warm water 3 times before putting them on my bed. We've washed them about 5 times total now and ours are super soft.,"When I received them they had a rich color, two pillow cases, and pockets deep enough for my 18"" mattress.",KB_02089,grounded_pick,True,G_170
REC_171,91408,B00858I4M0,Electronics,test,Where are they manufactured or made?,descriptive,0,"[{'text': 'Made in China..', 'helpful': 0, 'unhelpful': 0, 'total': 0, 'jeffreys': 0.5}, {'text': 'china but comes through Japan they rely rock they are kind of big because Denon chose to put the mic and other controls in the ear instead of canle these look like they should be pointed down but ear canals point up that is where you need to have them pointed.', 'helpful': 0, 'unhelpful': 0, 'total': 0, 'jeffreys': 0.5}]",Made in China..,Overall I am happy with the purchase I made.,KB_02106,grounded_pick,True,G_171
REC_172,5736,B000BGM2XG,Sports_and_Outdoors,test,What do you know about the valterra rp800 rocket hand pump? How does it work?,descriptive,1,"[{'text': 'By moving the handle back and forth it moves a pump diaphram that lifts the water from the tank to the sink.', 'helpful': 0, 'unhelpful': 0, 'total': 0, 'jeffreys': 0.5}, {'text': 'Replaced the one on our boat. Works great at almost half the price of the local store.', 'helpful': 0, 'unhelpful': 0, 'total': 0, 'jeffreys': 0.5}, {'text': 'I use it all the time now that I live in my camper van on oil well locations. It works well most of the time, some times there is good flow some times it takes a few pumps to get something. Good pump for a non- electric.', 'helpful': 0, 'unhelpful': 0, 'total': 0, 'jeffreys': 0.5}, {'text': ""In our camper, it is either hand pumped (that's the black handle that kind of looks like a crown that you see in the photo) or it can be run via electricity.  It works quite well.  Our old one cracked and had to be replaced."", 'helpful': 0, 'unhelpful': 0, 'total': 0, 'jeffreys': 0.5}, {'text': ""I have used many of these types of pump faucets over the years in RV's and would rather have this one over any other model and make. They are reliable and very easy to install. They hold the prime for every task I have asked it too. I would recommend this product if using in any location that you need a little water without the worry of a power supply. It only takes about 15 minutes to totally hook up with the right tools and you will have water for as long as you have water in a tank. Don't know what else to say other than they are very useful in RV's and other locations as stated already. Best of use for so much. Hope this helps."", 'helpful': 0, 'unhelpful': 0, 'total': 0, 'jeffreys': 0.5}, {'text': ""Have used this product many times over the past year. Works great when you don't have a hose to hook up too and being my trailer is so old portable water is the only water I have. I prefer it this way anyway and this faucet is the best for my use. I would highly recommend this faucet for any camper with only portable water. It holds its prime once you pump it up and push the lever up and I have found that it drains completely and this is a plus being we have temps well below freezing during the winter time. I hope this helps in your decision on what to purchase. By the best the first time around it will save you alot later on and Valterra rp800 is the Best."", 'helpful': 0, 'unhelpful': 0, 'total': 0, 'jeffreys': 0.5}]",By moving the handle back and forth it moves a pump diaphram that lifts the water from the tank to the sink.,"I can stick the bottom in a bucket of water and pump and it doesn't work, there is no suction at all.",KB_02125,grounded_pick,True,G_172
REC_173,13420,B0006HJSJQ,Toys_and_Games,test,"Does this soldering kit come with the solder? If not what type of solder do I need to buy? To make my self clear, I'm looking to know if this come with solder? Not a soldering gun.",descriptive,1,"[{'text': 'This did not come with solder. Any good rosin cored solder will work, I prefer thinner solders around .5mm.', 'helpful': 1, 'unhelpful': 0, 'total': 1, 'jeffreys': 0.75}, {'text': 'The kit does not come with solder. 60/40 is the best to use on a kit like that. Get it on line,  Radio Shack does notstock it!', 'helpful': 0, 'unhelpful': 0, 'total': 0, 'jeffreys': 0.5}, {'text': 'I do no remember it coming with solder but Radio Shack has rosin core solder and soldering irons.  Use a 25-30 watt iron and small diameter solder and you should be o.k.', 'helpful': 0, 'unhelpful': 0, 'total': 0, 'jeffreys': 0.5}, {'text': ""No it doesn't, you need to buy a normal soldering gun."", 'helpful': 0, 'unhelpful': 1, 'total': 1, 'jeffreys': 0.25}]","This did not come with solder. Any good rosin cored solder will work, I prefer thinner solders around .5mm.",,,jeffreys,True,G_173
REC_174,20627,B00418487I,Home_and_Kitchen,test,Does anyone knows why the system fails to dispense even after the refresh kit was replace?,descriptive,1,"[{'text': ""No, but I know I lived mine when it worked and the manufacturer doesn't stand behind their product.  I would never buy one again."", 'helpful': 1, 'unhelpful': 0, 'total': 1, 'jeffreys': 0.75}, {'text': 'From my own unsatisfactory experience with the 3-chamber version of this product, I believe that shortly after the warranty expires the seals begin to fail so that the required pressure is not maintained. When the seals failed on all three of the chambers in my unit and the manufacturer failed to stand behind the product, I had no other option but to throw it away.', 'helpful': 1, 'unhelpful': 0, 'total': 1, 'jeffreys': 0.75}]","No, but I know I lived mine when it worked and the manufacturer doesn't stand behind their product.  I would never buy one again.","The &#34;replace bottle&#34; button unlocks it, but it's jammed and won't slide out.",KB_02171,grounded_pick,True,G_174
REC_175,30039,B00A4EUUO8,Tools_and_Home_Improvement,test,light switch,descriptive,1,"[{'text': 'Without context on this question, I\'ll provide two answers that might be useful.First, if you have a bulb plugged into a socket that is controlled from a traditional lightswitch, yes this will work, because the bulb will turn on with a default color and brightness when it receives power from an unpowered state.  For instance, if I used the app to turn the bulb ""soft-off"", I can walk over, switch the power off (the bulb is still off, obviously, without power), and then switch it back on and the bulb will light in a default lighting mode.  But if I want to control the brightness or the color, I have to use the Hue app for that.A second question we see a lot is using other ""smart switches"" such as the WeMo to control.  See my response to another related question:  http://www.amazon.com/Phillips-turned-Bridge-without-interference/forum/Fx33N39JCWVV0ZF/Tx1MTU9F16K1IOV/1/ref=cm_cd_ql_tlc_al?_encoding=UTF8&asin;=B00BSN8DN4', 'helpful': 2, 'unhelpful': 0, 'total': 2, 'jeffreys': 0.8333333333333334}, {'text': 'This bulb does not come with a light switch, only the bridge (the bridge requires a connection to your router via an Ethernet cable) - the bulb will screw into any standard light socket and, as such, should with any pre-existing light switch.', 'helpful': 0, 'unhelpful': 0, 'total': 0, 'jeffreys': 0.5}]","Without context on this question, I'll provide two answers that might be useful.First, if you have a bulb plugged into a socket that is controlled from a traditional lightswitch, yes this will work, because the bulb will turn on with a default color and brightness when it receives power from an unpowered state.  For instance, if I used the app to turn the bulb ""soft-off"", I can walk over, switch the power off (the bulb is still off, obviously, without power), and then switch it back on and the bulb will light in a default lighting mode.  But if I want to control the brightness or the color, I have to use the Hue app for that.A second question we see a lot is using other ""smart switches"" such as the WeMo to control.  See my response to another related question:  http://www.amazon.com/Phillips-turned-Bridge-without-interference/forum/Fx33N39JCWVV0ZF/Tx1MTU9F16K1IOV/1/ref=cm_cd_ql_tlc_al?_encoding=UTF8&asin;=B00BSN8DN4","Yes these bulbs are expensive... but let us look at this, how many other lighting effects can you use your Apple devise with, or any other smart devise with and how much are they? That's what I thought. Here is the skinny if you don't have an Apple devise don't fret they still work like a standard 60watt bulb using the light switch and give off the same wavelength (color) you just have to use a computer with internet and a wireless router to turn on or off or change the color.",KB_02177,grounded_pick,False,G_175
REC_176,32164,B002V8UYRI,Toys_and_Games,test,Carolina american doll,descriptive,1,"[{'text': 'I purchased the set for an American Girl doll.  It fit perfectly.', 'helpful': 0, 'unhelpful': 0, 'total': 0, 'jeffreys': 0.5}, {'text': 'My daughter has an American Girl doll and these clothes fit great!', 'helpful': 0, 'unhelpful': 0, 'total': 0, 'jeffreys': 0.5}, {'text': ""The jeans set fit my granddaughter's American Girl fine! I was very pleased,especially since the price was so good."", 'helpful': 0, 'unhelpful': 0, 'total': 0, 'jeffreys': 0.5}, {'text': 'My granddaughter put it on immediately. It seemed to fit fine. Very pleased at the look as well.', 'helpful': 0, 'unhelpful': 0, 'total': 0, 'jeffreys': 0.5}]",I purchased the set for an American Girl doll.  It fit perfectly.,This is soo cute and it fit perfectly the american girl doll.,KB_02213,grounded_pick,True,G_176
REC_177,50143,B00CRZXSGE,Toys_and_Games,test,Is there a Kindle Fire app for this?,descriptive,1,"[{'text': 'No sadly there is not a kindle app for it.  what I have done is downloaded some apps on their kindle fire that you can use the pencil instead of them using their finger or a stylus and it works good.  I wish leapfrog would make it compatible with android system.', 'helpful': 3, 'unhelpful': 0, 'total': 3, 'jeffreys': 0.875}, {'text': ""I put it on an Ipad so don't know if there is an app for it.  You might check with Kindle to see.  I can say the kids love it."", 'helpful': 0, 'unhelpful': 1, 'total': 1, 'jeffreys': 0.25}]",No sadly there is not a kindle app for it.  what I have done is downloaded some apps on their kindle fire that you can use the pencil instead of them using their finger or a stylus and it works good.  I wish leapfrog would make it compatible with android system.,"Although the LeapFrog Learn to Write with Mr. Pencil App is only available for Apple iOS (iPhone, iPad, etc. ), you can still use this for other tablets including Kindle Fire and Microsoft Surface.There are many (free) drawing and coloring apps available for other platforms (Android, Kindle, Windows, etc.) that make good use for this. It teaches kids the skills to holding a marker/pen/pencil correctly and using it to draw/color. Our nephew really loved it.",KB_02216,grounded_pick,False,G_177
REC_178,51931,B007JV701U,Patio_Lawn_and_Garden,test,"Will this carb work on a Briggs 18 hp  twin cly.If not, what does?",descriptive,1,"[{'text': ""If you go to the Briggs and Stratton web site you will find the parts list for your engine (the type/model number is on the engine. The web site should tell where the model number is, typically stamped into the block or on a metal tag)). Once you have the right number search Amazon for that number. That's what I did and I am very happy with the result"", 'helpful': 0, 'unhelpful': 0, 'total': 0, 'jeffreys': 0.5}, {'text': ""I'm pretty sure this one will not work on the 18hp I used mine on a Sears Craftsman with  6 hp Briggs. I would suggest going to the Briggs and Stratton site and see what carb they say. You will need your engine number, they have information on where to find your number."", 'helpful': 0, 'unhelpful': 0, 'total': 0, 'jeffreys': 0.5}]","If you go to the Briggs and Stratton web site you will find the parts list for your engine (the type/model number is on the engine. The web site should tell where the model number is, typically stamped into the block or on a metal tag)). Once you have the right number search Amazon for that number. That's what I did and I am very happy with the result","The carburetor I received had gouges in the aluminum ends on both sides. Additionally, both ends normally have a smooth finish. Both of the ends, on my carburetor, had very rough finishes-with multitudes of curved lines cut into them, from the center holes to the outside of the gasket/o ring area. These lines/groves will allow air to be sucked into the  carburetor by bypassing the gaskets. On the engine side, the air will bypass the carburetor and the carburetor will not work. Experience tells me that the one I received is probably an aftermarket part in a Briggs and Stratton box or what would be considered seconds.",KB_02235,grounded_pick,True,G_178
REC_179,52328,B004NHQX48,Toys_and_Games,test,"Is everything that is pictured included of just the plates, napkins, cups and tablecloth?",descriptive,1,"[{'text': 'Yes everything it listed was in the box I received. Everything looked amazing.', 'helpful': 0, 'unhelpful': 0, 'total': 0, 'jeffreys': 0.5}, {'text': 'Yes everything it listed was in the box I received. Everything looked amazing.', 'helpful': 0, 'unhelpful': 0, 'total': 0, 'jeffreys': 0.5}, {'text': 'Everything! Balloons, crepe streamers, candles, plates, napkins and cups. Was a great package and a great price', 'helpful': 0, 'unhelpful': 0, 'total': 0, 'jeffreys': 0.5}, {'text': ""It's interesting that you asked that because looking at the description, it did not include the yellow forks and spoons, but I have them and did not buy them separately, so I believe those are included, too.  Yes, evrything else that is listed is included.  Hope that helps."", 'helpful': 0, 'unhelpful': 0, 'total': 0, 'jeffreys': 0.5}]",Yes everything it listed was in the box I received. Everything looked amazing.,I in addition recieved everything pictured.,KB_02270,grounded_pick,True,G_179
REC_180,56724,B00006FXHQ,Electronics,test,how is this camera for low light (soccer game),descriptive,1,"[{'text': 'I shoot live theater which can be very dark and have never had a problem.', 'helpful': 1, 'unhelpful': 0, 'total': 1, 'jeffreys': 0.75}, {'text': 'Pretty decent performance in low light situations.', 'helpful': 1, 'unhelpful': 0, 'total': 1, 'jeffreys': 0.75}, {'text': 'Friend the camera records very well in low light day. At night you have to putting on an extra lamp for darkness. and where artificial light very well ... records It is an excellent camera.', 'helpful': 1, 'unhelpful': 0, 'total': 1, 'jeffreys': 0.75}, {'text': ""I've used it with very limited light and it does fine with mimimal noise (grain).  If you shoot on TV mode at 60  speed. A tripod would of course help at that slow shutter speed."", 'helpful': 0, 'unhelpful': 0, 'total': 0, 'jeffreys': 0.5}, {'text': ""As long as there's light you should be fine"", 'helpful': 0, 'unhelpful': 0, 'total': 0, 'jeffreys': 0.5}, {'text': ""This camera is ancient technology. Hope you didn't waste your money on it. I have the XH-A1 and it blows this camera away"", 'helpful': 0, 'unhelpful': 0, 'total': 0, 'jeffreys': 0.5}]",I shoot live theater which can be very dark and have never had a problem.,"I can't say that the low light performance is stellar, but I have never had any sort of failure or lock-up.",KB_02290,grounded_pick,True,G_180
REC_181,59971,B0050SXFKE,Video_Games,test,This game has subtitles in Spanish?,descriptive,1,"[{'text': ""Unfortunately, it doesn't...just English as default language."", 'helpful': 0, 'unhelpful': 0, 'total': 0, 'jeffreys': 0.5}, {'text': 'No, there are no subtitles that I know of.', 'helpful': 0, 'unhelpful': 0, 'total': 0, 'jeffreys': 0.5}]","Unfortunately, it doesn't...just English as default language.",,,jeffreys,True,G_181
REC_182,61256,B002FP4SQ0,Patio_Lawn_and_Garden,test,how far can the transmitter be away from the controller,descriptive,1,"[{'text': '100 ft per Hunter specs', 'helpful': 0, 'unhelpful': 0, 'total': 0, 'jeffreys': 0.5}, {'text': ""Both Hunter's website and my manual claim 1000 feet.  I've never had the opportunity to use it at that distance, but I do use it at 50-75' with no problem, and that 75' includes the signal traveling through the length of the house to the garage where the receiver is located."", 'helpful': 0, 'unhelpful': 0, 'total': 0, 'jeffreys': 0.5}, {'text': ""200' + or -  the more obstructions adversely effect range."", 'helpful': 0, 'unhelpful': 0, 'total': 0, 'jeffreys': 0.5}, {'text': ""It seems to work at least 300' from the control unit. My yard is big and has 9 zones, It works awesome all around the house,even out of direct line sight of the control box. Absolutley required if you do your own setting and adjustments. Worth every penny. Hope this helps. Jeff"", 'helpful': 0, 'unhelpful': 0, 'total': 0, 'jeffreys': 0.5}, {'text': ""I don't know the max distance, but my drive way is 260' long and the controller is on the far side of the house and the unit works fine at that distance. To add to that, there are lots of trees and the house is made of brick. For me, money well spent."", 'helpful': 0, 'unhelpful': 0, 'total': 0, 'jeffreys': 0.5}]",100 ft per Hunter specs,,,jeffreys,True,G_182
REC_183,67972,B002QIYQ5E,Health_and_Personal_Care,test,In the video how does the magnifying glass get grey paper with black lines to show as black paper with white lines?,descriptive,1,"[{'text': 'I think maybe that is a display issue with your monitor or the photos taken because there is no option to change colors, only a light to illuminate what you are magnifying.', 'helpful': 0, 'unhelpful': 0, 'total': 0, 'jeffreys': 0.5}, {'text': ""I did not keep this item.  I thought the two pieces were one and the way it's constructed made me sure that eventually the handle would loosen.  The return/credit went without a hitch, however.  Marianne"", 'helpful': 0, 'unhelpful': 0, 'total': 0, 'jeffreys': 0.5}]","I think maybe that is a display issue with your monitor or the photos taken because there is no option to change colors, only a light to illuminate what you are magnifying.",This is my first magnifying glass and I think I hit the nail on the head.,KB_02339,grounded_pick,True,G_183
REC_184,70660,B007W2ZDX8,Electronics,test,What wall mount do you recommend for this?,descriptive,1,"[{'text': 'I bought a very sturdy mount that swings back and forth.  Got it through Amazon.', 'helpful': 0, 'unhelpful': 0, 'total': 0, 'jeffreys': 0.5}, {'text': ""I'm so sorry, I didn't keep the tv because the picture was terrible."", 'helpful': 0, 'unhelpful': 0, 'total': 0, 'jeffreys': 0.5}, {'text': 'I honestly recommend not getting this tv. I wanted to get something that looked okay and was cheap. It is really, REALLY junky. The first one I got had a bunch of problems, so Amazon sent me another. That onetoo started failing after a few days, so I returned it as well and went with something else.', 'helpful': 0, 'unhelpful': 0, 'total': 0, 'jeffreys': 0.5}, {'text': 'Black Adjustable Tilt/Tilting Wall Mount Bracket for Seiki SE421TT 42"" inch LED HDTV TV/Television is the right kind. However, groupon has a few for about $20 if you want to save some money. But that is the compatible type.', 'helpful': 0, 'unhelpful': 0, 'total': 0, 'jeffreys': 0.5}, {'text': 'Do not use wall mount. Use the stand. Love the TV!!', 'helpful': 0, 'unhelpful': 1, 'total': 1, 'jeffreys': 0.25}]",I bought a very sturdy mount that swings back and forth.  Got it through Amazon.,"This one had the back plastic cracked, but I still was able to wall mount and it worked.",KB_02359,grounded_pick,True,G_184
REC_185,79132,B00E1U2UBC,Office_Products,test,"I don't understand what this phrase means: ""...you can choose or PORT your phone number."" Thank you!",descriptive,1,"[{'text': '""Choose"" means to get a new telephone number.  ""Port"" means to switch (keep) your current telephone number to the new service.', 'helpful': 1, 'unhelpful': 0, 'total': 1, 'jeffreys': 0.75}, {'text': ""I have had Basic Talk for almost a year now and it is everything they advertised it as.  Surprise to me.  Any way I forget all the details but I could not keep my old phone number because of the Old Local Service Company I was with just would give it up.  They had their own exchange numbers and would not let their numbers go out of their exchange.  So therefore I had to choose a new number.  Here is where I forget exactly how I came up with the number I got now.  But I think I just had Basic Talk assign me an number.  I could have probably gave them a certain number that I wanted but it didn't matter to me what the new number was since I couldn't keep my old number I had for 40 years.  I live in WV and talk to my kids in Hawaii and NY all the time for long periods of time and it only cost a total bill of almost $11.00 with all the State and Federal Fees.  Good Luck, hope I helped you make up your mind."", 'helpful': 1, 'unhelpful': 0, 'total': 1, 'jeffreys': 0.75}]","""Choose"" means to get a new telephone number.  ""Port"" means to switch (keep) your current telephone number to the new service.","Easy to use and nice features.The only CON was I was unable to get my old phone number because of the area I lived in, but I got a new easier to remember number and a lot of the nonsense calls stopped which is a plus.",KB_02388,grounded_pick,True,G_185
REC_186,84559,B0040X4PRW,Electronics,test,should i buy this or th f 4 version,descriptive,1,"[{'text': ""You might have noticed the huge disparity in price. Although the 300 f/4L IS is a decent lens, I would not get it. It is an old lens with first generation IS. I don't like how it works with the 1.4x converter; the image quality it not very good with the extender. So this makes it a 300mm lens and that's it.  I think a better option would be the very nice and capable 70-300mm f/4-5.6L IS lens. If you need more than 300mm or you need the shallow depth of field provided by a f/2.8 aperture, then the EF 300mm f/2.8L IS II has no match.  It is super sharp, can be used with both converters with no IQ degradation and is light weight relative to the other big lenses. It also is very fast to focus and has the latestest generation of IS.  If you have the extra funds, the 300 IS II is a true beauty to behold...a luxury for sure while also being a powerful tool."", 'helpful': 2, 'unhelpful': 0, 'total': 2, 'jeffreys': 0.8333333333333334}, {'text': 'What are you going to be photographing? I would be the f/2.8 but I concentrate on low light and sports.', 'helpful': 1, 'unhelpful': 0, 'total': 1, 'jeffreys': 0.75}, {'text': ""I have both. The f/4 has only two advantages: it's much more portable, and it's much cheaper. But if you can afford the f/2.8, and if you can bring it where you want to use it (it's big, and you will probably want at least a monopod)--well, it's an amazing lens. Haven't regretted buying mine for an instant."", 'helpful': 0, 'unhelpful': 0, 'total': 0, 'jeffreys': 0.5}, {'text': 'Your pocket should answer this question mainly.. I had f4 before getting the f2.8. For me , I love the 2.8 even though it is very expensive than the f4.The only thing I miss is the handy size of the f4....would not like take the the 2.8 when I go out to park with the children......', 'helpful': 0, 'unhelpful': 0, 'total': 0, 'jeffreys': 0.5}, {'text': 'if you have the funds you purchase the f/2.8. if not, get the 70-200 f/2.8. with f/2.8 you can utilize the 2x extender to better capabilities (either 300 or 70-200) i hope you have a camera to match the exceptional qualities of the 300mm f/2.8 to maximize what this lens offers.', 'helpful': 0, 'unhelpful': 0, 'total': 0, 'jeffreys': 0.5}, {'text': ""Besides being unbelievably sharp, I think this will be more flexible for you than the f4 version. If you mate it with the new 1.4 MKIII extender you get yourself a nice 420MM f4 (on a full frame body). You won't be able to extend the range of the f4 version like that."", 'helpful': 0, 'unhelpful': 0, 'total': 0, 'jeffreys': 0.5}]","You might have noticed the huge disparity in price. Although the 300 f/4L IS is a decent lens, I would not get it. It is an old lens with first generation IS. I don't like how it works with the 1.4x converter; the image quality it not very good with the extender. So this makes it a 300mm lens and that's it.  I think a better option would be the very nice and capable 70-300mm f/4-5.6L IS lens. If you need more than 300mm or you need the shallow depth of field provided by a f/2.8 aperture, then the EF 300mm f/2.8L IS II has no match.  It is super sharp, can be used with both converters with no IQ degradation and is light weight relative to the other big lenses. It also is very fast to focus and has the latestest generation of IS.  If you have the extra funds, the 300 IS II is a true beauty to behold...a luxury for sure while also being a powerful tool.","No distortion or aberrations to speak of. The three modes of Image Stabilization work great with 4-stops of assistance. I have been trying to post some pics of some zoo animals, but amazon has not uploaded them for some reason. However a link resides in the comments under this review.I have a 1.4x extender and have used it with this lens with great results with regard to picture quality. The extender degrades the quality of any lens it's attached to, but this lens is so astonishing that when brought down a notch, it still provides a better image quality than other lenses in this focal range without the extender - the only exception I imagine would be the big brother of this lens, the EF 400mm f/2.8L IS USM II.",KB_02393,grounded_pick,False,G_186
REC_187,87213,B00BMU4NSM,Health_and_Personal_Care,test,Is the top slippery/slick to sit on?,descriptive,1,"[{'text': ""Hmmm, honestly I usually use it to put my foot on to help shave my legs. I don't think it would be easy to slip out of it though because it is concave - so much so that it pools water. We just pour the water off once the shower is done, but it collects quite a bit of water, so it's got quite a dip in it. Sorry I can't say more about this definitively though."", 'helpful': 1, 'unhelpful': 0, 'total': 1, 'jeffreys': 0.75}, {'text': ""It is a very smooth surface, which makes it slick when wet.  However, I don't see anyone sliding off,  because its surface is slightly concave. I drilled a small hole in the center to allow it to drain.  I actually appreciate the smooth surface--I feel more confident that it isn't growing any microorganisms between cleanings."", 'helpful': 1, 'unhelpful': 0, 'total': 1, 'jeffreys': 0.75}, {'text': 'I just use it to put my foot on to shave my legs. I would not think it would be slippery since the seat is dips in the center.', 'helpful': 0, 'unhelpful': 0, 'total': 0, 'jeffreys': 0.5}]","Hmmm, honestly I usually use it to put my foot on to help shave my legs. I don't think it would be easy to slip out of it though because it is concave - so much so that it pools water. We just pour the water off once the shower is done, but it collects quite a bit of water, so it's got quite a dip in it. Sorry I can't say more about this definitively though.","I wanted something that didn't look so geriatric since my shower has  a clear glass door. This spa seat looks so much better than the seat we had before! As far as function goes,  it works great. I wipe it down each time I use the shower (along with everything else in the shower) and it is so lite and easy to clean. The middle of the seat dips down for comfort but it does cause water to pool up. This small amount of water accumulation can easily be wiped out with your hand  before you sit on it but my husband drilled a small hole to let the water drain off.",KB_02420,grounded_pick,True,G_187
REC_188,89860,B00B2OS85W,Sports_and_Outdoors,test,would this bag be good to house a 3 foot chain and mini u lock or be too bulky?,descriptive,1,"[{'text': 'Yes, I think it is a good size for something like that.  Problem with this bag is that it is right between your legs, so you definately do not want bulk, and you cannot open and close it while you are riding/pedaling.  But I think it is a great bag for a lock and chain that you only need after a ride, or cell phone or snacks or extra inner tube, tools, etc...', 'helpful': 1, 'unhelpful': 0, 'total': 1, 'jeffreys': 0.75}, {'text': 'Maybe too small.  The bag will hold a small sandwich -- it is fairly thin with one pocket if I remember correctly so it depends on how big the lock is.  It should hold the chain.  It does seem to be made well.', 'helpful': 1, 'unhelpful': 0, 'total': 1, 'jeffreys': 0.75}, {'text': 'Would probably fit, but may be bulky... I use it to carry pistol when I bike ride....', 'helpful': 0, 'unhelpful': 0, 'total': 0, 'jeffreys': 0.5}, {'text': 'Dont know the dimensions of a mini u lock but the chain would be no problem.', 'helpful': 0, 'unhelpful': 0, 'total': 0, 'jeffreys': 0.5}, {'text': 'Best bet is to fold up chain/measure it and compare to advertised size of bag.  My personal preference for carrying that type of stuff is to put in larger back on rack on back of bike.  I use this bag for carrying wallet, cell phone, power bars, & other such stuff -- I love the bag for this type of use, it fits great on the bike and I have a bottle rack on the crossbar below -- plenty of clearance.', 'helpful': 0, 'unhelpful': 0, 'total': 0, 'jeffreys': 0.5}, {'text': ""A three foot chain likely wouldn't fit. I use it to stash a tool kit, car keys and some cash when I ride bike trails. It is a nice size that doesn't interfere with standard car bike carriers."", 'helpful': 0, 'unhelpful': 0, 'total': 0, 'jeffreys': 0.5}]","Yes, I think it is a good size for something like that.  Problem with this bag is that it is right between your legs, so you definately do not want bulk, and you cannot open and close it while you are riding/pedaling.  But I think it is a great bag for a lock and chain that you only need after a ride, or cell phone or snacks or extra inner tube, tools, etc...","It is just big enough for a cell phone, wallet and keys. Appears to be well built.Velcro straps are large enough for my Trek Verve top tube with room to spare. A good bag for short rides",KB_02437,grounded_pick,True,G_188
REC_189,90063,B003GZQ15Y,Home_and_Kitchen,test,"The electrical requirements state that a 115 volt (103.5 min, 126.5 max) 60 Hrtz, AC only, 15 amp fused electrical supply is required. On its own circuit. Is this true or would it be ok to use a standard household socket with ground?",descriptive,1,"[{'text': 'I have mine plugged into a regular household 3 prong outlet, and it is working just find for me.', 'helpful': 1, 'unhelpful': 0, 'total': 1, 'jeffreys': 0.75}, {'text': ""I noticed the same thing; so I ordered an adapter for my normal outlets. Didn't need it. It will plug into a normal three prong outlet and on the plug of the AC unit is a breaker....like a hair dryer."", 'helpful': 0, 'unhelpful': 0, 'total': 0, 'jeffreys': 0.5}, {'text': ""I am using a standard outlet, however, there is nothing else plugged into or using power on that specific breaker.  If you're unsure about your wiring, you should really ask an electrician."", 'helpful': 0, 'unhelpful': 0, 'total': 0, 'jeffreys': 0.5}, {'text': 'The requirement is for a standard household electric socket.  The A/C should be on a circuit by itself to prevent overloading the circuit when then unit turns on and off.', 'helpful': 0, 'unhelpful': 0, 'total': 0, 'jeffreys': 0.5}]","I have mine plugged into a regular household 3 prong outlet, and it is working just find for me.",I must also say it cools the room rather quickly and there have been times we've just turned it on for 15 minutes do drop the temp a couple degrees.,KB_02466,grounded_pick,True,G_189
REC_190,17373,B00BJ90LC8,Toys_and_Games,test,can these be used in a swimming pool? my sister wants a glowstick pool party.,yesno,0,"[{'text': ""I don't know. But I do know that if they leak they burn your skin. One leaked after I set it down on my coffee table and it burned through the finish and damaged the wood. I would be careful about them busting in the pool."", 'helpful': 0, 'unhelpful': 0, 'total': 0, 'jeffreys': 0.5}, {'text': 'Probably!  I just had a glow in the dark party in the house get the led balloon lights here on Amazon those are really cooland you can use neon colored construction poster paper and cut it out and it goes really cool under the black lights', 'helpful': 0, 'unhelpful': 0, 'total': 0, 'jeffreys': 0.5}, {'text': ""Yes!!! And it looks beautiful! We've done it three times. Just make sure to keep the connectors out of the pool or you'll find them for days afterwards. :)"", 'helpful': 0, 'unhelpful': 0, 'total': 0, 'jeffreys': 0.5}, {'text': 'They are very thin but they could be used in a pool. You might want to look at the bigger ones.', 'helpful': 0, 'unhelpful': 0, 'total': 0, 'jeffreys': 0.5}, {'text': ""I didn't put them in the water but I don't see why not."", 'helpful': 0, 'unhelpful': 0, 'total': 0, 'jeffreys': 0.5}, {'text': 'They sure can.', 'helpful': 0, 'unhelpful': 0, 'total': 0, 'jeffreys': 0.5}, {'text': 'Yes', 'helpful': 0, 'unhelpful': 0, 'total': 0, 'jeffreys': 0.5}, {'text': 'I did not use them in the pool but I feel they are sturdy enough to be used in the pool.', 'helpful': 0, 'unhelpful': 0, 'total': 0, 'jeffreys': 0.5}]",I don't know. But I do know that if they leak they burn your skin. One leaked after I set it down on my coffee table and it burned through the finish and damaged the wood. I would be careful about them busting in the pool.,used them for a halloween party for kids. they loved it! not one dud in the whole batch too !,KB_02473,grounded_pick,True,G_190
REC_191,18980,B009L946II,Electronics,test,can this card worck whith p5kc motherboard?,yesno,0,"[{'text': 'From the quick search of your motherboard:Your board supports PCI-eThe card is PCI-e 3.0Generally devices are backwards comparable but you will experience slower bus speeds.I am not sure if you have 3.0 or not, but the card should work regardless.The only downfall I dislike about this specific card is it says it supports SLI, but does NOT actually have the ports.So it supports it, just cant use it? Thats silly to me.', 'helpful': 1, 'unhelpful': 0, 'total': 1, 'jeffreys': 0.75}, {'text': ""Davit, yes it should work fine as long as your PSU has the right connections and wattage to accommodate it.  It won't run at optimum speed, since your chipset is PCIe 1.1 and this card is capable of PCIe 3.0, but it should work fine. It just may not be as performant as it could be as PCIe 3 has roughly 4x the capacity of PCI3 1.x.I should add also that it depends on what you want to do with it a little as well.  If you are running applications that take advantage of compute (i.e. CUDA, OpenCL, etc.) then you really won't get the maximum out of this card as PCIe 3 really optimized for those types of calculations in many cases."", 'helpful': 1, 'unhelpful': 0, 'total': 1, 'jeffreys': 0.75}, {'text': 'yes ofcourse it will work if you have good PSU', 'helpful': 1, 'unhelpful': 0, 'total': 1, 'jeffreys': 0.75}, {'text': 'Yes, but i recommend use a power supply over 400 watts', 'helpful': 0, 'unhelpful': 0, 'total': 0, 'jeffreys': 0.5}, {'text': ""It should because it's backwards compatible both 1.0 and 2.0."", 'helpful': 0, 'unhelpful': 0, 'total': 0, 'jeffreys': 0.5}]","From the quick search of your motherboard:Your board supports PCI-eThe card is PCI-e 3.0Generally devices are backwards comparable but you will experience slower bus speeds.I am not sure if you have 3.0 or not, but the card should work regardless.The only downfall I dislike about this specific card is it says it supports SLI, but does NOT actually have the ports.So it supports it, just cant use it? Thats silly to me.","This is a PCI-e x16 revision 3.0, but is backwards compatible with revision 2.0 and 2.1 if you don't have a x 16 3.0 motherboard. Of course it's DirectX 11 ready, has NVIDIA's 3D Vision Surround, and something called Adaptive Vertical Sync, which is supposed to improve frame rates. For the outputs you get two dual-link DVI ports, although for the card itself, you are limited to 3 DVI monitors, so it functions like it has 1, single-link DVI, and 1, dual-link DVI), a full size HDMI port, and a VGA D-Sub port.",KB_02496,grounded_pick,True,G_191
REC_192,55098,B00BCT14EE,Patio_Lawn_and_Garden,test,does it fit the charbroil gas and charcoal combo grill,yesno,0,"[{'text': 'I have a double wide jennair with a side burner and an eta storage area and it fit perfect. Also it is very nice quality especially for the price.', 'helpful': 1, 'unhelpful': 0, 'total': 1, 'jeffreys': 0.75}, {'text': 'My grill has charcoal, gas, and refrigerator and the grill cover fits perfectly. The only think missing is the extra protective felt cloth interior lining that the original grill cover had. However no problems with the grill cover fit.--perfect!', 'helpful': 1, 'unhelpful': 0, 'total': 1, 'jeffreys': 0.75}, {'text': 'I have a 7 burner Jenn Air gas grill  with a side burner and the 86 inch cover fits it well along with a small refrigerator. It covers both the grill and refrigerator. I hope this helps.', 'helpful': 1, 'unhelpful': 0, 'total': 1, 'jeffreys': 0.75}, {'text': 'Mary,Unfortunately this cover is only listed for specific model numbers. If you could provide the model number from the back of your grill, we can check compatibility for you. Thank you!', 'helpful': 0, 'unhelpful': 0, 'total': 0, 'jeffreys': 0.5}]",I have a double wide jennair with a side burner and an eta storage area and it fit perfect. Also it is very nice quality especially for the price.,It fit my jen-air bbq perfectly. Nice heavy duty cover. Reasonably priced. I should have bought an extra for a backup.,KB_02519,grounded_pick,True,G_192
REC_193,72673,B00FIG39RC,Electronics,test,Does this work if my charging port is damaged (will not charge at all)?,yesno,0,"[{'text': 'The answer is yes.  I only know because my port was ruined and the kidigi has a place to plug in in the rear', 'helpful': 1, 'unhelpful': 0, 'total': 1, 'jeffreys': 0.75}, {'text': 'Yes,it will charge wirelessly. Just plug the micro USB power cabel into the charging dock and place your Nexus 7 into the dock.', 'helpful': 1, 'unhelpful': 0, 'total': 1, 'jeffreys': 0.75}, {'text': 'The answer to your question is yes. I only know this because the port on my google nexus 7 was totally ruined. The only draw back is that the 2013 model only is chargeable when the unit is in the vertical position. It does not charge if you dock the unit in the horizontal mode.', 'helpful': 0, 'unhelpful': 0, 'total': 0, 'jeffreys': 0.5}, {'text': 'As long as you have the newer version of the tablet it will work even if your charging port is busted on your tablet.  Your tablet is not plugged in to this devise at all it is essentially a holding base and charges wirelessly.', 'helpful': 0, 'unhelpful': 0, 'total': 0, 'jeffreys': 0.5}, {'text': 'Yes!!', 'helpful': 0, 'unhelpful': 0, 'total': 0, 'jeffreys': 0.5}, {'text': ""Yep.. doesn't need a port...it charges wireless"", 'helpful': 0, 'unhelpful': 0, 'total': 0, 'jeffreys': 0.5}, {'text': ""Unfortunately, I purchased the kidigi docking station and it is not charging. I based this on  the advice from Staples and the feedback on this blog.I had taken my tablet to Staples (where I purchased it about 2 years ago) and the Tech guys said the docking station would work because the tablet has the inductive slots in the lower right corner.  I'm wasting money. Could the tablet have damage to the motherboard which prevents it from charging?"", 'helpful': 0, 'unhelpful': 0, 'total': 0, 'jeffreys': 0.5}]",The answer is yes.  I only know because my port was ruined and the kidigi has a place to plug in in the rear,"Because the device is my primary alarm, the Xoom had always been on a dock on the bedside table.One challenge with the Nexus is the location of the charging port (on the side when in landscape orientation) is the lack of landscape docks.",KB_02543,grounded_pick,True,G_193
REC_194,10679,B000LRBSFI,Tools_and_Home_Improvement,test,can i stack all 4 vertically?,yesno,1,"[{'text': 'Yes, you can stack them any way you like.  They are pretty flexible that way.', 'helpful': 1, 'unhelpful': 0, 'total': 1, 'jeffreys': 0.75}, {'text': 'Yes, that is how I have mine, but it is in a corner. I am not sure how sturdy it would be completely free standing.', 'helpful': 0, 'unhelpful': 0, 'total': 0, 'jeffreys': 0.5}, {'text': 'Yes, but one will be missing a panel. I did this, but left the bottom panel empty. It works just fine.', 'helpful': 0, 'unhelpful': 1, 'total': 1, 'jeffreys': 0.25}]","Yes, you can stack them any way you like.  They are pretty flexible that way.",If you stack them high you need to secure them to something so they don't fall on you.,KB_02565,grounded_pick,True,G_194
REC_195,14575,B005E39NS8,Automotive,test,"bought one for my 07 silverado, will not turn on when i put it into ignition after getting it cut and following instructions.  what is wrong?????",yesno,1,"[{'text': 'Do you have the original key that turns your truck on ?', 'helpful': 1, 'unhelpful': 0, 'total': 1, 'jeffreys': 0.75}, {'text': 'Does it turn at all?  If not it was probably cut incorrect Try pulling the key out just a hair and turning. I was able to correct a bad cut with a small file.', 'helpful': 1, 'unhelpful': 0, 'total': 1, 'jeffreys': 0.75}, {'text': 'You must follow the instructions to a tee if not your not programing the key', 'helpful': 0, 'unhelpful': 0, 'total': 0, 'jeffreys': 0.5}, {'text': 'you got the program it', 'helpful': 0, 'unhelpful': 0, 'total': 0, 'jeffreys': 0.5}, {'text': ""There's instructions in the manual"", 'helpful': 0, 'unhelpful': 0, 'total': 0, 'jeffreys': 0.5}, {'text': 'Did you put the good key in 1st & then put in the new key?Mine worked perfect the 1st time I tried it.follow these instructions1. Insert an existing programmed working key into the ignition cylinder. 2. Turn ignition to the ON position for 5 seconds, then back to OFF position.3. Remove the existing key and within 5 seconds insert new key and turn it to the ON positiion for 5 seconds.4. Turn key OFF then back to ON. The key is now programmed. Start vehicle to test key.', 'helpful': 0, 'unhelpful': 0, 'total': 0, 'jeffreys': 0.5}, {'text': ""The same thing happened to me.  The key was cut wrong (Sorry Ace Hardware, and they did it FREE).  I went to Lowe's, they had a better machine and the re-cut key worked as advertised."", 'helpful': 0, 'unhelpful': 0, 'total': 0, 'jeffreys': 0.5}]",Do you have the original key that turns your truck on ?,"I did not have an original key so I had to put it in the ignition turn it on, wait 10 min.",KB_02586,grounded_pick,True,G_195
REC_196,17682,B004CFDJ2A,Electronics,test,will this work with a MAC book air?? I don't want to damage my air,yesno,1,"[{'text': 'i dont know but it works on my macbook pro.', 'helpful': 1, 'unhelpful': 0, 'total': 1, 'jeffreys': 0.75}, {'text': ""I couldn't get mine to work at all. I tried with a laptop windows 7 and a desktop XP. It never came on."", 'helpful': 0, 'unhelpful': 0, 'total': 0, 'jeffreys': 0.5}]",i dont know but it works on my macbook pro.,"I had hoped that the drive would work with my windows tablet using Windows 8.1, but it did not. I works well with my old desktop running Windows XP but not with the tablet.",KB_02602,grounded_pick,True,G_196
REC_197,42456,B00029X1O6,Electronics,test,will this fit 2000 jeep wrangler?,yesno,1,"[{'text': 'According to the Metra website, yes. I do not have a definitive answer since I installed it in my Neon. http://www.metraonline.com/files/products/INST-6000_web.pdfJeepCherokee 1997-2000Grand Cherokee1993-1995Grand Cherokee1996-1998Wrangler 1997-2000', 'helpful': 1, 'unhelpful': 0, 'total': 1, 'jeffreys': 0.75}, {'text': ""Im not sure but It fits  a 2000 jeep Cherokee sport perfect. If that's any help."", 'helpful': 0, 'unhelpful': 0, 'total': 0, 'jeffreys': 0.5}, {'text': 'I know for sure that this will fit 1999 Cirrus, Stratus, Breeze, Neon. All others, I have not tried.', 'helpful': 0, 'unhelpful': 0, 'total': 0, 'jeffreys': 0.5}, {'text': 'YES, you will need to trim off a couple of the tabs but it fits and looks great.  >tc', 'helpful': 0, 'unhelpful': 0, 'total': 0, 'jeffreys': 0.5}, {'text': 'It fits a 2002 sport just fine. So I would say it should fit with no problem. I did remove the wire brace on the original radio and did not use it on the new one.', 'helpful': 0, 'unhelpful': 0, 'total': 0, 'jeffreys': 0.5}, {'text': 'Nope.  That Jeep needs a single-DIN kit, and this is for cars/trucks with a 1½-DIN dash.', 'helpful': 1, 'unhelpful': 1, 'total': 2, 'jeffreys': 0.5}]","According to the Metra website, yes. I do not have a definitive answer since I installed it in my Neon. http://www.metraonline.com/files/products/INST-6000_web.pdfJeepCherokee 1997-2000Grand Cherokee1993-1995Grand Cherokee1996-1998Wrangler 1997-2000","Very good instructions with illustrations, easy to follow. I even installed it myself!!! My 2000 mini van came with a cassette player and I had bought a CD player, this kit solved all the issues and was very easy to work on",KB_02620,grounded_pick,True,G_197
REC_198,47179,B000NMJWZO,Grocery_and_Gourmet_Food,test,is Pamelas baking & pancake mix a 4lb. bag or 3 bags equaling 4 lbs,yesno,1,"[{'text': 'Its a 4 pound bag.  However, I buy the 25 pound bags because they are so much more economical.', 'helpful': 0, 'unhelpful': 0, 'total': 0, 'jeffreys': 0.5}, {'text': 'Each bag is 4lbs', 'helpful': 0, 'unhelpful': 0, 'total': 0, 'jeffreys': 0.5}, {'text': '4 lb bags', 'helpful': 0, 'unhelpful': 0, 'total': 0, 'jeffreys': 0.5}, {'text': '4 lb bag', 'helpful': 0, 'unhelpful': 0, 'total': 0, 'jeffreys': 0.5}, {'text': 'As packaged - the ""option"" I always purchase is 3-4 lb bags.  Lasts a good while and worth every penny!', 'helpful': 0, 'unhelpful': 0, 'total': 0, 'jeffreys': 0.5}]","Its a 4 pound bag.  However, I buy the 25 pound bags because they are so much more economical.",I have been using this mix for years and have never changed!! It is a awesome substitute for &#34;self-rising wheat flour&#34;! I use it for all my baking and it also works as a substitute for any Bisquick receipe. The 4 pound bag [pack of 3] is a awesome buy!,KB_02640,grounded_pick,True,G_198
REC_199,67258,B0052EC160,Tools_and_Home_Improvement,test,can this dimmer switch be used with dimmable LED bulbs?,yesno,1,"[{'text': 'Yes. It is a CFL, LED and Incandescent dimmer.', 'helpful': 1, 'unhelpful': 0, 'total': 1, 'jeffreys': 0.75}, {'text': '!i Yes the dimmer will work, but you have to check the LED bulbs carefully.  I have found dimmable bulbs like the CREE line of LEDs to work just fine.  Other ""dimmable LEDs"" have not worked very well.  Some Phillips and FEIT bulbs would blink rapidly or hum loudly.', 'helpful': 1, 'unhelpful': 0, 'total': 1, 'jeffreys': 0.75}, {'text': 'yes', 'helpful': 0, 'unhelpful': 0, 'total': 0, 'jeffreys': 0.5}, {'text': ""Yes. I believe I left a negative review of this dimmer. I later learned that it wasn't the dimmer. It was these off-brand dimmable LED lamps. I've since replaced the lamps with a working LED dimmable and they work great. Be careful of what dimmable lamps you purchase. Some won't dim with this Lutron dimmer. Me? I used lamps to replace the R-20 lamps in a ceiling fan/light assembly. I do not recall the brand but can look back at my order history if anyone inquires"", 'helpful': 0, 'unhelpful': 0, 'total': 0, 'jeffreys': 0.5}, {'text': ""I would say yes and no.  I'm currently using it for dimmable LEDs but on any level but high I tend to get instability.  I haven't figured out if it's my LEDs or the dimmer.  This is the second dimmer I've tried (the other was a different mfgr) and I had similar issues.  Sorry I can't give a better answer."", 'helpful': 0, 'unhelpful': 0, 'total': 0, 'jeffreys': 0.5}, {'text': 'Yes', 'helpful': 0, 'unhelpful': 0, 'total': 0, 'jeffreys': 0.5}]","Yes. It is a CFL, LED and Incandescent dimmer.",We retrofit some recessed cans with LED bulbs and had an old style dimmer on the circuit.,KB_02666,grounded_pick,True,G_199
REC_200,81190,B000BVC6G4,Tools_and_Home_Improvement,test,"hi, can i interface it  my chevy volt homelink garage opener with aleco ac2700 gate opener by using this interface?",yesno,1,"[{'text': 'It is possible, but you will want to check with Chamberlain first to see if it requires a repeater kit.  In 2007 they introduced a new security scheme, and Homelink provided compatible equipment, but not all car manufacturers started using it right away.  In fact, as late as 2011 some car makers were still using the old Homelink technology that would not work with the new Chamberlain stuff ""out of the box"".  So you will want to confirm with both Chamberlain and Chevrolet if your year and model car will be able to transmit the new codes.  If not, there is an add-on repeater that will receive your Homelink signal and translate it to the new Chamberlain security codes, but it is about $50 retail itself.  However, this unit IS what you would be looking for to attach to your gate opener to receive signals from your Homelink or a remote.  Sorry I can\'t give a more definitive answer, but there are a lot of variables.  May be better to buy one locally that you can return easily if you cannot get your Homelink to work with it.', 'helpful': 0, 'unhelpful': 0, 'total': 0, 'jeffreys': 0.5}, {'text': ""It's for gates. Not garage doors. If your door opens via remote your car will sinc up without this"", 'helpful': 0, 'unhelpful': 1, 'total': 1, 'jeffreys': 0.25}, {'text': 'Probab', 'helpful': 0, 'unhelpful': 1, 'total': 1, 'jeffreys': 0.25}]","It is possible, but you will want to check with Chamberlain first to see if it requires a repeater kit.  In 2007 they introduced a new security scheme, and Homelink provided compatible equipment, but not all car manufacturers started using it right away.  In fact, as late as 2011 some car makers were still using the old Homelink technology that would not work with the new Chamberlain stuff ""out of the box"".  So you will want to confirm with both Chamberlain and Chevrolet if your year and model car will be able to transmit the new codes.  If not, there is an add-on repeater that will receive your Homelink signal and translate it to the new Chamberlain security codes, but it is about $50 retail itself.  However, this unit IS what you would be looking for to attach to your gate opener to receive signals from your Homelink or a remote.  Sorry I can't give a more definitive answer, but there are a lot of variables.  May be better to buy one locally that you can return easily if you cannot get your Homelink to work with it.","I use this receiver with a Viking gate operator. The unit itself and antenna are mounted under the plastic cover, which may affect range somewhat. But generally, I have to pull up within 15 feet or so in order to active the opener (coming from either side of the gate). About 50% of the time, I have to depress the opener several times (LiftMaster visor-mounted openers are used, as well as HomeLink). Before the Viking gate opener was installed a year ago, the old unit used a LiftMaster receiver with the antenna mounted on the exterior of the pedestal and range was close to 500 feet -- but that unit used a lower frequency without the code hunting.",KB_02676,grounded_pick,True,G_200
