chunk_id,doc_id,record_id,asin,category,text,n_words
PASS_000001,KB_00001,REC_001,B00E7LVBCE,Electronics,Excellent. I wanted a monitor to connect to my laptop. I am enjoying with my new dell monitor good.It has both VGA and DVI options. Would have given 5 rating if the VGA cable was of good quality. Its of very poor quality.,43
PASS_000002,KB_00002,REC_001,B00E7LVBCE,Electronics,I bought this to be used in my lab for my test servers. For less than a $100 I think I got a pretty good monitor. No - its not supper great for starring at all day - but its good enough to be used as a second monitor. Its attached to a DVI KVM.,55
PASS_000003,KB_00003,REC_001,B00E7LVBCE,Electronics,"This item arrived on time as promised. I unpacked the monitor, connected it to the computer, turned it on and it began to work correctly without any problems. I will buy another one if I need in the future.",39
PASS_000004,KB_00004,REC_001,B00E7LVBCE,Electronics,"For the money I paid and the brand of Dell, I am thrilled! No generic names. My Dell monitor fits my Dell computer just wonderful! And, I received it within 3 days! What else can I say. Thank you",39
PASS_000005,KB_00005,REC_001,B00E7LVBCE,Electronics,I bought this monitor because of its low price and thought I had gotten a good deal at the time. I should have payed more attention to the reviews. It was hard to look at for any length of time and it could not be seen from a angle. Disappointing at best although I now have a monitor to go with my old computer when I sell it.,68
PASS_000006,KB_00006,REC_001,B00E7LVBCE,Electronics,"Not too many reviews on this  but I think its a great monitor. Bought it for a new Dell pc and it looks great. The picture is fine and its a larger screen size than you would think. The dimensions are a little different. The monitor itself feels very wide or elongated but you get used to it. Not that big of a deal. Mine came with two cords, the VGA and DVI were included. Great purchase/ I would definitely recommend.",81
PASS_000007,KB_00007,REC_001,B00E7LVBCE,Electronics,"Using the computer this afternoon, a medium-size black circle has appeared in the upper right screen. I cannot remove it, know the monitor is going bad. I am trying to figure out how to return it to Amazon for a replacement. I am quite discouraged. Amazon refuses to exchange the monitor, say I must go to the manufacturer, the manufacturer says I must go to the retailer, ie. Amazon. So, now what do I do?? ?",76
PASS_000008,KB_00008,REC_001,B00E7LVBCE,Electronics,Easy to set up. Bright and vivid colors. Best value I found for my new Dell computer.Don't understand complaints about viewing from side. Why would you want to view it other than on your desk?,35
PASS_000009,KB_00009,REC_001,B00E7LVBCE,Electronics,"I absolutely love this computer screen! It's very bright and it doesn't take a long time to set up. It was supposed to ship to me at Tuesday, May 20, 2014. But I got it a day earlier which made my day. I would recommend this computer screen, very nice resolution.",51
PASS_000010,KB_00010,REC_001,B00E7LVBCE,Electronics,I bought this to replace the 14&#34; I broke when I fell down the stairs. It will not work with the Dell 531s I gave my nephews and niece to practice using the computer when they got home from school. My 24&#34; Dell works fine with the 531s but not the 19&#34;. I wasted a lot of money getting it shipped to Mexico only to find out it will work.,70
PASS_000011,KB_00011,REC_002,B008N7CCJY,Electronics,Works great! Works with android phones well which is what both my fiance and I have. Easy to use too.,20
PASS_000012,KB_00012,REC_002,B008N7CCJY,Electronics,I use this in my car all of the time when I'm waiting in my car for someone or when I am driving. I love it a lot I definitely recommend!,31
PASS_000013,KB_00013,REC_002,B008N7CCJY,Electronics,"Easy to use, good for the price. I use it everyday in my car and the sound quality isn't bad at all. I'm actually very happy with it. I've bought 40$ transmitters that did the same as this.",38
PASS_000014,KB_00014,REC_002,B008N7CCJY,Electronics,This transmitter works great . . I love it . I can now use my phone in the car . The only couple of problems is that of course there's a little bit of static depending where your at but over all a great product,45
PASS_000015,KB_00015,REC_002,B008N7CCJY,Electronics,"I just got this for my wife's car so we could listen to music from our phones. We used to use a tape deck adapter but the tape deck in her car just stopped working, so I got this.",39
PASS_000016,KB_00016,REC_002,B008N7CCJY,Electronics,"I think it fits the bill perfectly. It does exactly as it describes. It transfer music or recordings from your mps player, ipad, phone, etc. to your car speakers. Pick a channel that works and out comes the sound. Easy to use with little to no set up. Perfect for those of us that have a car in the collection that pre-dates MP3 audio insert on the dashboard.",68
PASS_000017,KB_00017,REC_002,B008N7CCJY,Electronics,I have a friend who has a similar product and he showed it to me and I thought that was cool beings I have a older car that doesn't have that .Hooked it up and works GREAT and also you can get phone calls though your car speakers which is quite helpful with the Laws in my State you can't use a cell while driving and it solves that problem. I would recommend this product to anyone THANX AMAZON : ) !! Very Happy,84
PASS_000018,KB_00018,REC_002,B008N7CCJY,Electronics,"I liked it very much. The music playback is good and no interruptions heard. And also it charges the phone fast. I have an iphone and one android phone, it's working fine for both.",34
PASS_000019,KB_00019,REC_002,B008N7CCJY,Electronics,Works great. My granddaughters love listening to their favorite music in the car. The sound is great. Easy to use.,20
PASS_000020,KB_00020,REC_002,B008N7CCJY,Electronics,"Got this for my husband and he says it works great, better than the old one. Easy to use & read in the car.",24
PASS_000021,KB_00021,REC_003,B008VGQ4VO,Electronics,the sound is great if u are not moving. good for desk work or laying in bed listening to music. the cords DO make a noise when u move them. when i called klipsch to ask about the noise they said they never heard of that before. i doubt that but will be returning them more than likely. also they short out easily if ur ears get sweaty.,68
PASS_000022,KB_00022,REC_003,B008VGQ4VO,Electronics,"Same problem as before, a short in the line near the plug. I went online to see if others were having the same problem, and there were loads of complaints from consumers that were having the same exact issue. I'm saddened by the lack of quality in the S4 II headphones. I have come to expect better from Klipsch. I even recommended the original S4 headphones to anyone that would listen to my rants about their quality for the price.",80
PASS_000023,KB_00023,REC_003,B008VGQ4VO,Electronics,Comfortable earbuds but there's already a short the sound and I'd say I've had these about a month. Not too happy about that.,23
PASS_000024,KB_00024,REC_003,B008VGQ4VO,Electronics,"I purchased these headphones based on a Time article ([...]) comparing them in terms of cost and performance to the Beats by Dre Tour headphones. Unfortunately, the performance of the Klipsch headphones left a lot to be desired. While the headphones sounded very clear and crisp on the high end, the low end did not provide any appreciable bass. I tried some adjustments to the way the earbuds fit in the ear canal, but no luck on bass improvement.",79
PASS_000025,KB_00025,REC_003,B008VGQ4VO,Electronics,"After doing a huge amount of researches, l finally decided to choose klipsch s4ii. I was looking for sth that could provide me the best sound under $100. I was thinking about Bose, but most other people were saying that these were worth the money. I put them on....the mids and background details are really nice! however! the baas is kinda bad. I was pretty disappointed by that. Even those $20 earbuds have stronger baas than it does.",78
PASS_000026,KB_00026,REC_003,B008VGQ4VO,Electronics,Might be the best headphones on the market in this price range. Recommend these to anyone looking for quality earbuds.,20
PASS_000027,KB_00027,REC_003,B008VGQ4VO,Electronics,I recently bought these here and in my opinion....the new flat cord was a terrible idea....I had a pair before these with the round cord and they were great until they developed a short of course....unless you only listen motionless these new one's are worthless....the cord noise is so bad it's ridicules...why they would want to lose good customers like myself is a mystery to me...but they have....,68
PASS_000028,KB_00028,REC_003,B008VGQ4VO,Electronics,"There is also a lot of cord noise. I sit at my desk and listen to pandora, and have to take the headphones out because the cord noise becomes very distracting - the slightest shift is incredibly loud.3. The tip. The eartips were very soft in the original S4 and could be removed easily for cleaning. These tips are made of much stiffer plastic that is unpleasant to use for long periods.",72
PASS_000029,KB_00029,REC_003,B008VGQ4VO,Electronics,"I have had these for a year and i have mistreated them stuffed them at the bottom of backpacks with binders, left them on the floor of my room, and put them through the wash several time. They are seemingly indestructible, they sound just as amazing as they did on day one, i love these earphones and definitely recommend them to anyone else who has trouble taking good care of earbuds.",71
PASS_000030,KB_00030,REC_003,B008VGQ4VO,Electronics,I'm really surprised that there aren't more reviews to this effect- the sound is great but the cord noise completely negates this. I'm shocked that anyone uses these- even walking makes a ton of noise.,35
PASS_000031,KB_00031,REC_004,B00C53831I,Electronics,The memory was a perfect fit for my Dell desktop computers and I had no problem with installing the memory myself. I received my purchase ahead of time and you can not beat the price.,35
PASS_000032,KB_00032,REC_004,B00C53831I,Electronics,The memory I received was made in 2007. It passed the performance test with average scores on the old Dell I put it in. Works good and I'm satisfied. Three stars.... I save higher ratings for excellence.,37
PASS_000033,KB_00033,REC_004,B00C53831I,Electronics,"One needs to be careful in buying memory modules without the advice of the makers of these modules. If you know the exact nomenclature of the description (by a little research) of the modules you need, then it is safe to purchase same. These modules were just what I needed to expand the memory on my Dell desktop computer. Easy to install and ran my memory stress tests with no errors. A good buy at a bargain price.",78
PASS_000034,KB_00034,REC_004,B00C53831I,Electronics,"Ordered this a few days ago in order to replace some failing ram sticks, and to my surprise, the packaged arrived early! When I opened it, I thought to myself &#34;this is it, these will last me for a lifetime&#34;, and to my dismay, the ram sticks did NOT match at all! But the worst and most stressing part about this is that the new sticks did not work!",69
PASS_000035,KB_00035,REC_004,B00C53831I,Electronics,it works as advertized and i am happy with the purchase since it was much cheaper than at bestbuy and any other store locally,24
PASS_000036,KB_00036,REC_004,B00C53831I,Electronics,i ordered two matching sticks and got two different ones. according to CPU-Z one stick is PC2-5300 and the other is PC2-6400 both made by MELCO. although the 6400 stick will revert back to 5300 it kinda makes you wonder how this could happen. you get what you pay for i guess.,52
PASS_000037,KB_00037,REC_004,B00C53831I,Electronics,"great buy and very easy to install, works perfectly fine also. my PC is alot faster with more memory there was no need for me to get a new one just yet.",32
PASS_000038,KB_00038,REC_004,B00C53831I,Electronics,Went in smoothly after removing DVD drive. No problems as of now. Certainly improved performance of Slimline which had only a Gig originally.,23
PASS_000039,KB_00039,REC_004,B00C53831I,Electronics,Was the right memory for the right application. They shipped it out on time and it went in easy and the computer is working well.,25
PASS_000040,KB_00040,REC_004,B00C53831I,Electronics,"This memory passed the full test I applied and meets industry standards. Decent memory at a decent price, what else is there.",22
PASS_000041,KB_00041,REC_005,B006YVFGAS,Electronics,"I was a little worried that this antenna would be a waste of money, but I was wrong. After years of pixelation and moving my old rabbit ears around to try to get stations, I wanted to try something better. I have this going in to a digital converter box as I still have a tube TV. After messing around with the placement, I get more channels than before and I no longer have to worry about if where I sit in the room will affect my reception. Very good antenna!",91
PASS_000042,KB_00042,REC_005,B006YVFGAS,Electronics,"power, and with a new converter box scan I was able to somewhat pick up WTMV and its 2 sub-channels, 29-1, 29-2, and 29-3. It was VERY scrambled, and then I tried messing around with the placement of the antenna, and subsequent converter box scans couldn't pick that station up anymore.",51
PASS_000043,KB_00043,REC_005,B006YVFGAS,Electronics,"It has been years since I bought an antenna, and so, even with digital TV, I was a little skeptical. Setting it up where I wanted it to go served no issue whatsoever. I plugged in the antenna, positioned it with the help of the converter box, and found the ideal position. The picture is comparable to that of satellite, and I am really impressed. Not only can I watch the channels I want to watch, but I can also record any program with the best of quality.",88
PASS_000044,KB_00044,REC_005,B006YVFGAS,Electronics,Here in Ashford CT the rumor was we couldn't get any free to air stations. This antenna picks up 12-15 stations although I need to sit it in the window pointing West. Probably three of those channels come in maybe 60% of the time. Most of the channels are 30+ miles away with hills in the way and it still gets them.,62
PASS_000045,KB_00045,REC_005,B006YVFGAS,Electronics,This antenna did very poorly and was able only to get reception on 2 channels which formerly got 15 on old antenna .I would not recommend this product to anyone. I went back to old unit sold at Best Buy . It was a total waste of money.,48
PASS_000046,KB_00046,REC_005,B006YVFGAS,Electronics,I can put up with it.Be sure you buy the RIGHT Micron XG--apparently there is a UHF version and I think there is another version yet that comes without the amplifier. Even ClearStream's own website is confusing as to which version is which.And shop around--I paid about $40 too much. But it is still better than eating a $80 cable bill month after month.,64
PASS_000047,KB_00047,REC_005,B006YVFGAS,Electronics,"We don't care that we don't have popular cable TV channels, e.g. HBO, Food Network, CNN, ESPN etc., because we still can have other great alternations, especially the internet has so much fun to enjoy. The only thing we need to do is just to connect the TV and computer.This product outlook is gorgeour and simple. It does not look not good when we put it besides the small windown platform.",71
PASS_000048,KB_00048,REC_005,B006YVFGAS,Electronics,"I live in NYC and Time Warner has the monopoly in Manhattan. Local channels come in great with the exception of  channel 11. When using the amp u can get channel 11 and a few others as well. Also,my antenna box was opened and repacked  like it was a return. Not happy about that.",54
PASS_000049,KB_00049,REC_005,B006YVFGAS,Electronics,"Sometimes the cables not working too great so I switch to this Antenna and get all the channels I need, never miss a show",24
PASS_000050,KB_00050,REC_005,B006YVFGAS,Electronics,"I received the itme without the amplifier. Nevertheless, it still functions good. I received approximately 46 channeleven though I'm an average of 45 miles from most of the TV station's transmitters. Very good for an indoor antenna.",37
PASS_000051,KB_00051,REC_006,B00CGW74YU,Electronics,"These items arrived as promised, just ahead of a big weekend of chasing hot air balloons. The caps are spares, so I didn't need to use them, but I did snap on onto my lens and it appears to fit just fine and is made of heavy plastic...doesn't feel flimsy at all.The cap-keepers are wonderful! I really like the elastic to fit around the lens instead of hooking on to the strap anchor on the camera. It's much less in the way.",82
PASS_000052,KB_00052,REC_006,B00CGW74YU,Electronics,"I recently purchased a Nikon D5200 single lens reflex camera and am quite happy with it, except for one thing. The lens caps that came on the lenses have the brand name NIKON deeply embossed on the middle of the outward facing portion of the lens cap. Very good looking, but unfortunately because of that embossing it is impossible to have the adhesive that holds the lens cap to the elastic that goes around the lens adhere to the lens cap.",81
PASS_000053,KB_00053,REC_006,B00CGW74YU,Electronics,I love this product. The band fits great around the lens. No more worrying where to put the lens cap!,20
PASS_000054,KB_00054,REC_006,B00CGW74YU,Electronics,Many similar elastic band retainers have bee criticized for falling off various lens caps and that may be the result of insufficient pressure when installing them.,26
PASS_000055,KB_00055,REC_006,B00CGW74YU,Electronics,The caps arrived a timely manner and were appropriately packaged for shipment. They fit the lens as advertised and the elastic band does an excellent job of holding onto the lens barrel. Completely satisfied with the quality and price.,39
PASS_000056,KB_00056,REC_006,B00CGW74YU,Electronics,"I like tying the string to the lens cap through a small hole in the cap, rather than glueing a string holder to the front of the cap. To accomplish this one must connect the string to the cap, cut off the string holder from the stretchy part that goes around the lens, and then tie the two parts together. No big deal.",63
PASS_000057,KB_00057,REC_006,B00CGW74YU,Electronics,"How often have you lost a lens cap? I have many times so I bought several of these and they are great and easy to use, especially with the nifty keeper. Just slip the elastic band on the lens itself and stick the sticky end on the lens cover and off you go!",53
PASS_000058,KB_00058,REC_006,B00CGW74YU,Electronics,These caps for my lens are awesome! I love that attaching the part to the cap is easy and it stays. I LOVE the elastic part which goes on and then keeps my cap right where I need it while using my camera. I then can find my cap and am never worried that I can't find my cap. It's a must have!,63
PASS_000059,KB_00059,REC_006,B00CGW74YU,Electronics,"They have an elastic band that slips over the lens that is then attached to a nice little leash stuck to the cap. Those pesky lenses and their desire for freedom is now thwarted. And even if I happen to come across an extra crafty lens that some how gets loose, I have a few more in the package to take its place. They fit like the originals and I can't complain. Take that Lake Superior! You don't get any more of my caps!",84
PASS_000060,KB_00060,REC_006,B00CGW74YU,Electronics,"I just received the lens caps earlier this week and put them to good use immediately. These lens caps fit my lenses very well, as they will on any 58 mm lens. While I am not going to use the elastic band, I believe I will try to use the cords that come without the elastic. This seems a better fit for my needs.I will definitely recommend this product to a friend . . . but not an enemy.",79
PASS_000061,KB_00061,REC_007,B004HW6F9M,Electronics,i read all the reviews before i bought this and didnt see many bad ones. but i had to hear for myself. all i can say is holy crap. this thing is so small and sounds so huge. i have it in a 07 saturn vue running it with a pyramid 1000watt artic amp. if you need space and huuuuge sound buy this. buy it now!!!!!!!! !,67
PASS_000062,KB_00062,REC_007,B004HW6F9M,Electronics,I ordered this not really expecting this much sound out of such a small box. I had an old Hifonics 50 x 50 amp that connected in bridge mode. This thing is awesome! Much more bass than I need. You will not hear it unless you are sitting in the truck and then it rocks. Vibrates the rear view mirror and the seats.,63
PASS_000063,KB_00063,REC_007,B004HW6F9M,Electronics,"I have this laying in the trunk of my 2009 Civic. It takes up a small amount of space, but I can stack luggage on top if I need the space. The Pioneer GM-3500T amp driving it has plenty of power to drown out road noise on the freeway and rattle the trunk if I turn it up. Overall it is a great combination.",64
PASS_000064,KB_00064,REC_007,B004HW6F9M,Electronics,"It sounds great, I have it running through an ancient RF punch amp and it hits HARD. Granted its an older RF amp and they are SERIOUSLY underrated. Its a sealed enclosure, so it""s a quick,  solid hard hitting bass, rather than a really deep ultra low tone bass. It does need to break in and i feel that it will only get better after break in.",67
PASS_000065,KB_00065,REC_007,B004HW6F9M,Electronics,"Here's the review.While writing this I see the product title as Enclosure 800 Watts. Not sure if that is a mistake or what, but it is rated for 200 Watts. I am currently giving it 200 Watts (from a bridged RF 4 channel amp) and let me tell you, it will need no more. I've had sound systems that were insane in my younger days, so I know what to expect from a shallow mount 10&#34; sub. I was surprised.",80
PASS_000066,KB_00066,REC_007,B004HW6F9M,Electronics,"I was looking for a sub for my 2000 mustang ragtop to give me some bass when the top was down. Almost spent 600.00  plus at an electronics store, they said I would need a special setup to get bass. I read the reviews on this sub with the boss R1100M. Bought it, installed it, exceeded my expectations. Great sounding bass on the highway with the top down. The adjustable bass control that comes with the amp works great to adjust the sub to different music.",86
PASS_000067,KB_00067,REC_007,B004HW6F9M,Electronics,"For ""Maximum Bass"" I can fold the rear seats forward and then really have to lower the gain on the remote gain control for the Boss amp or I get way more bass than I need. Had to change the low bypass filter setting from 100db to 80db on the head unit to get a less muddled sounding low end and the 6 X 9's do such a good job with this setting that it sounds perfect. I have only had this running for two days now and it is really impressive.",92
PASS_000068,KB_00068,REC_007,B004HW6F9M,Electronics,"The two descriptions of the dimensions are different so I need to know the exact specifications of the length, width, and height. Somebody help!",24
PASS_000069,KB_00069,REC_007,B004HW6F9M,Electronics,"If you are look for a compact sub/box, this is the unit you need. I am not a person that likes a high amount of bass. This unit has enough bass anybody needs.",33
PASS_000070,KB_00070,REC_007,B004HW6F9M,Electronics,"I was able to remove the foam housing around the spare tire compartment and plant this thing in its place without any modification to the area. This thing thumps when you need it to and really helps bring in the lows that regular speakers can't produce, and because the subwoofer faces downward, you don't have to worry about damaging anything!",60
PASS_000071,KB_00071,REC_008,B00CAN8ETE,Electronics,Easy to plug into 30 pin socket and connect to Bluetooth devices. Volume is a bit low so need to crank up stereo then turn volume down for other sources.,30
PASS_000072,KB_00072,REC_008,B00CAN8ETE,Electronics,"I tried this in 2 different cars. My friend has a BMW, not sure model, and used an aftermarket converter to hook up his iphone. It works on his, but the controls don't work. Having the phone hooked up allowed for you to skip tracks, etc. That no longer works. So if you are looking for that functionality be warned, it May not work. But it still connects and works fine.I also installed one in my wifes car, honda accord. Same thing.",82
PASS_000073,KB_00073,REC_008,B00CAN8ETE,Electronics,"I tried this product with two different Sony bookshelf stereo systems and four different smart phones. It powered up and paired with each phone (iPhone 5, HTC One, and Samsung Galaxy), but it would not play any music through either stereo's speakers. I verified each docking station by directly connecting and playing music with an iPod. I returned the bluetooth adapter for a refund.",64
PASS_000074,KB_00074,REC_008,B00CAN8ETE,Electronics,"If I could, give this negative stars, I would. Not only did it not work (it just got super hot), when I plugged my iPod back in there was now a thumping noise, and it would no longer charge the iPod. I have one of those USA Spec adapters that hooks into my stereo. So while I was able to return the NAXA, I'm out $100 for the iPod adapter that I now have to replace. Super pissed about this thing.",81
PASS_000075,KB_00075,REC_008,B00CAN8ETE,Electronics,I thought this would work on my car. My car has a plugin for an ipod so i tried to use this so I can play music from my galaxy s2. Didn't work.,33
PASS_000076,KB_00076,REC_008,B00CAN8ETE,Electronics,"This thing never connected to any of my docks or with my car's 30pin cable. I sent it back and ordered the ViseeO Tune2Air WMA1000 which is more expensive, but works perfectly with every device I have and connects instantly in my car for A2DP Stereo Bluetooth music. Do yourself a favor and spend the extra money to get the ViseeO.",61
PASS_000077,KB_00077,REC_008,B00CAN8ETE,Electronics,"It has to be powered. Don't rate this thing bad because you plugged it in to your unpowered unit and it didn't work. You didn't read. That's your fault.So plug it in your powered dock/iphone aux for your car and turn on bluetooth. Go searching for the device and it should come up in a few seconds. The device automatically searches when it's powered on. You might have to enter four zeros as a password, but I did not.So now it works.",82
PASS_000078,KB_00078,REC_008,B00CAN8ETE,Electronics,This item works great! I have two of them. One for the office and the other one at my house.,20
PASS_000079,KB_00079,REC_008,B00CAN8ETE,Electronics,My old ipod/iphone Bluetooth received died so I needed another one.,11
PASS_000080,KB_00080,REC_008,B00CAN8ETE,Electronics,"I purchased this device for my motorcycle to connect to my iPhone wirelessly. It automaticly connects to my phone when I start the bike, and makes using Google Maps great. With this device I get turn-by-turn directions through my stereo, and never have to take my eyes off the road. Awesome! The only thing I don't like is the odd noises it makes through the stereo while it is connecting.",70
PASS_000081,KB_00081,REC_009,B0013V3CQY,Electronics,The system far exceeds my expectations. It is used to keep an eye on my 1/10th of a mile driveway in a rural area. I keep it connected to my TV and switch to it when the alarm sounds.I would recommend this to anyone having such a need.,48
PASS_000082,KB_00082,REC_009,B0013V3CQY,Electronics,"The LCD even has an option to scroll back and forth between the two.Cons:1) To record you do need to hook it up to a recording device. Sadly it does not record on its own which does limit it's helpfulness a bit.2) Sometimes when viewed on a larger TV, the screen can be a bit snowy. However it has never gotten nearly bad enough for me that I couldn't see what was going on outside.3)The camera does need to be sheltered when used outside.",84
PASS_000083,KB_00083,REC_009,B0013V3CQY,Electronics,"I was reluctant to buy this because of some of the reviews, but did so anyway and am glad I did. I also purchased an additional camera, which gives me coverage of my entire yard and front entrance. My cameras are not mounted far away from the receiver/monitor, so I get great reception and a crystal clear picture. I like that I can take the monitor to the back of my house, however the reception does get a little fuzzy the further away from the cameras.",86
PASS_000084,KB_00084,REC_009,B0013V3CQY,Electronics,This is the second monitor and camera that I have purchased and if another one is needed I will not hesitate to order the same one again. It is just what we need for our vewing. Easy to use.,39
PASS_000085,KB_00085,REC_009,B0013V3CQY,Electronics,"I love this little security camera. I bought it back in 2011 for $50 off Amazon.com from a seller. I mainly bought this to catch my sister&#8217;s ex boyfriend that stalks her constantly. I have yet to catch him, but I have caught many other crazy things outside with this camera. I attached it to my DVD recorder, so I can record for up to several hours non stop and catch anything I might miss.",75
PASS_000086,KB_00086,REC_009,B0013V3CQY,Electronics,"It views everything in a black and white picture, but does still have a picture whereas most cameras would just show black.3) The camera can and will record if and only if you hook it up to a VCR, DVD recorder, or some other recording device that works with AV cables.",51
PASS_000087,KB_00087,REC_009,B0013V3CQY,Electronics,"Even the manual will tell you that if the picture is not coming up clearly just adjust the cables and the monitor position so that it can get a clearer signal. I have also noticed that when I have the video stream running on my 20"" TV it can be a lot easier to view some of the smaller shapes.",60
PASS_000088,KB_00088,REC_009,B0013V3CQY,Electronics,"I haven&#8217;t had any issues with it. It&#8217;s on basically 24/7 and has been since I bought it. I have it outdoors and it works very well, even when it rains. Of course I have it in a spot under where hopefully no water will hit it. Just make sure you have somewhere to plug it in outside, I think you can get a rechargeable battery from GE as well for extra of course.",74
PASS_000089,KB_00089,REC_009,B0013V3CQY,Electronics,"We purchased this system in April as a baby monitor. We just recently started using it in the last month. We have used it 5 times and now there is no picture. We have tried the small troubleshooting guide and nothing works. I understand that amazon cannot refund everything but since our 30 days since purchase has passed we can only get a partial refund. Needless to say, I will start looking around before buying from amazon as well as GE.",81
PASS_000090,KB_00090,REC_009,B0013V3CQY,Electronics,"the video baby monitor transmitted a crystal clear picture and great sound. ...therefore, I PACKAGED THE GE CAMERA AND MONITOR UP AND RETURNED IT FOR A REFUND  :(not sure what we're going to get to replace this - would like something that can be placed outside - but the baby monitor worked so well, i may end up with one of those  ;-)sorry that i can't say anything good about this system.",72
PASS_000091,KB_00091,REC_010,B004JKBVBY,Electronics,"Before noticing the button, I had sent and resent the file multiple times thinking it wasn't working.It took two weeks to find the mythical software on the Polaroid site that allows you to print from your computer. You have to go to polaroid dot com /en/greylabel  That's where you find the software for your PC and android smartphones. If you don't have a cable to print from the computer, one is not supplied. It's a standard cable so I probably have one somewhere.",83
PASS_000092,KB_00092,REC_010,B004JKBVBY,Electronics,"You can have your professional printed at a lab, and use these for the road.-----After having it for a few weeks I wanted to update my review. The really frustrating thing about this product is apparently Polaroid has forgotten they make it (despite still selling it). You can't find the software on their website (it's hidden in a separate website, see above) and you can't find any support materials on the site either.",73
PASS_000093,KB_00093,REC_010,B004JKBVBY,Electronics,"My expectations were met regarding the picture quality considering the price I paid and the product description. I understood this product was trying to recreate original Polaroid instant photos when I bought it.Ultimately, I returned the GL10. I like Polaroid's concept regarding this printer. However, the printing jams and the poor user interface in both the PC and Android applications make this product unsatisfactory.",64
PASS_000094,KB_00094,REC_010,B004JKBVBY,Electronics,"I recently purchased the Portable GL10 Zink Printer from Amazon.com. I purchased the product in the view that it was a great idea and an extremely useful way of bringing back the old polaroid photograph style.However, whenever I downloaded the software from the Polaroid website which accompanies the printer, and decided to choose one of the overlaying filters for the photograph, my printer is no longer able to print the normal white border or any other filter.",77
PASS_000095,KB_00095,REC_010,B004JKBVBY,Electronics,"Usually I research my purchases pretty well. I must have read a glowing review of this and lost my mind a bit. To be fair, I don't think I was looking for a tiny tiny portable printer you can use in a bar (maybe). I just wanted a photo printer that was easy. For my wife. The thing that made me mad was how in the instructions it said visit the site forinfo on using printer with Mac and USB. I go there. Can't find anything.",86
PASS_000096,KB_00096,REC_010,B004JKBVBY,Electronics,"The first printer I got was DOA. Would not power up or connect no matter what I did. No help files, FAQ, drivers, anything really on Polaroid's page. So, I used Amazon's great return policy and just ordered a new one. 2nd one worked fine. But the instructions say ""get the GL10 application"". OK, where? I had to do some searching to find how to get to the link. Just bad support/design, in my opinion.",75
PASS_000097,KB_00097,REC_010,B004JKBVBY,Electronics,"I just received this today. I'm glad I checked it out before giving it to my husband. The printer would not connect to the computer. After waiting 25 minutes on hold with Polaroid they just told me to return it. Also, it's nearly impossible to find the link for the computer software on the website. Don't bother looking for any instructions online either. To connect to the computer you need a USB to USB cable. This is not supplied and they are hard to find.",85
PASS_000098,KB_00098,REC_010,B004JKBVBY,Electronics,"It is difficult to use. Admittedly, my frustration in navigating the app limited my use.Printer setup, including installing the battery, loading the photo paper, and installing the PC driver, was easy.The physical printing process is poor. The printer jammed 80% of the time (it jammed 4 times out of the 5 times I tried to print).The one photo I printed is best described as ""Polaroid instant film quality.""",68
PASS_000099,KB_00099,REC_010,B004JKBVBY,Electronics,"I had considerable difficulty finding the PC software for this device. It is located on the Polaroid website, but it is not easy to find. (Incidentally, it is located here: [...] ).The PC software has a poor user interface. When finding photos, the program's interface does not follow the Windows Explorer framework.",52
PASS_000100,KB_00100,REC_010,B004JKBVBY,Electronics,"If you try to connect with the USB, you will need drivers. The manual says you should go to the polaroid.com and download the software from there. Which I did but I couldn't find any. Maybe it's just me. Probably this minor thing it's going to be address in the near future (hey, I said 'outstanding', not 'perfect'!",58
PASS_000101,KB_00101,REC_011,B00CVK49LI,Electronics,"Great product! The color and contrast of the case looks really nice and it fits on the laptop well. The case snaps onto the laptop sides, the bottom one seems to be more sturdier though. Would definitely buy another one if I ever needed it (or maybe a different color). Very happy with the product.",55
PASS_000102,KB_00102,REC_011,B00CVK49LI,Electronics,I give up the second cover that was supposed to fit y Dell. Both were junk and they both would Not stay on my laptop.,25
PASS_000103,KB_00103,REC_011,B00CVK49LI,Electronics,Excellent fit to my Inspiron 15z and looks great. Now I don't have to worry about my laptop handled rough by my kids.,23
PASS_000104,KB_00104,REC_011,B00CVK49LI,Electronics,"Well it fits, I just wish that the hooks that hold it onto the lid of the laptop were a little more sturdy. It hasn't fallen off or broken but it looks a little fragile.",35
PASS_000105,KB_00105,REC_011,B00CVK49LI,Electronics,"I just got this today and immediately put it on my laptop. It was very easy- only took about twenty seconds to put it on and it looks great- even better than it looked in the online pictures. After going back and forth trying to decide between the color choices, I went with the aqua and it is very pretty, so I'm happy. The one nagging concern is that I'm wondering how to clean this thing.",76
PASS_000106,KB_00106,REC_011,B00CVK49LI,Electronics,inexpensive plastic cover works fine. Make break or become brittle in the future but great for the price. Very happy with this,22
PASS_000107,KB_00107,REC_011,B00CVK49LI,Electronics,"Fits my Dell Inspiron 15z Touch Ultrabook like a glove. Snapped right on and looks quite nice. It is see-through, but it looks kind of cool that way.",28
PASS_000108,KB_00108,REC_012,B0045ZZKOM,Electronics,"Choice was easy SB-700 cheapest unit now, seems to work ok, still learning the basic . I like it so far.",21
PASS_000109,KB_00109,REC_012,B0045ZZKOM,Electronics,This flash works perfectly. It has very good light power and can reach out for those long shots. It also is easy on the batteries permitting a lot of work before recharging.,32
PASS_000110,KB_00110,REC_012,B0045ZZKOM,Electronics,"I am very satisfied with my Nikon Speedlight SB-700. I have not used all of the accessories yet, but those that I have used work just fine. I look forward to future use of these products.",36
PASS_000111,KB_00111,REC_012,B0045ZZKOM,Electronics,I ordered the flash kit for my Nikon D3100. I was tasked with taking pictures at my school's graduation ceremony and I felt that the built-in flash wouldn't be enough. The flashed work as advertized and the rechargeable batteries held up through the whole ceremony. Everyone was happy with the pictures and I am glad I bought the kit.,59
PASS_000112,KB_00112,REC_012,B0045ZZKOM,Electronics,"Timely delivery. Product as advertised. Competitive price. Just what I was looking for. I haven't had time to put the flash through its paces yet, but am sure it will deliver what I wanted. The vendor delivered just as promised. Typical shipping tracking info delivered via email. I'm happy with the transaction.",52
PASS_000113,KB_00113,REC_012,B0045ZZKOM,Electronics,"This Speedlight was highly recommended at a Nikon class I took & now that I have used it, I can see why. Easy to use, very versatile. The package I bought (from Cameta Camera) came with some very good additions; only item I needed to purchase separately was the cord.",50
PASS_000114,KB_00114,REC_012,B0045ZZKOM,Electronics,"Sem defeitos, funciona muito bem e suas baterias recarreg&aacute;veis  e o carregador que vem junto, so, sem d&uacute;vida, um diferencial.",20
PASS_000115,KB_00115,REC_012,B0045ZZKOM,Electronics,"Makes my pictures looks great. I have D7000 and fits perfectly and plus the kits great... so you dont need to buy anything else cuz it's included. Easy to use too, i'm a newbie in this ... quite easy to figure it out, if not.. it's always google it to find the answer.",53
PASS_000116,KB_00116,REC_012,B0045ZZKOM,Electronics,"Just used this today. Perfect results. Good power, though not Nikon's most powerful. It will be fine for most situations.",20
PASS_000117,KB_00117,REC_012,B0045ZZKOM,Electronics,It was perfectly packed and arrived in great timing. So far my husband loves it a lot and has had no issues.,22
PASS_000118,KB_00118,REC_013,B007KMFXZ8,Electronics,"First off, 4 TVs can't watch independently, only 3 can. There are only 3 tuners on the Hopper. The Hopper ""supports"" 3 Joeys, but if you add a third Joey then one of the Joeys has to watch the same as one of the other TVs, or something recorded. This is VERY misleading advertising on Dish's part.We got the Hopper and 2 Joeys for a 3-TV two-story household.",68
PASS_000119,KB_00119,REC_013,B007KMFXZ8,Electronics,"You can still personalize favorite channels and the interface for doing that is great since it is clear to see what the channel is that you are selecting. You have to set up favorite channels for each Joey though.Transferring content from an external hard drive was easy and as before, you can add an external hard drive for additional recording storage. There are some apps available (which run through your internet). We connected to the internet via WiFi using the provided antenna.",82
PASS_000120,KB_00120,REC_013,B007KMFXZ8,Electronics,"I switched to Dish in December 2012. Direct TV wouldn't add the Pac 12 network so all of the football and basketball games were unavailable. No provider in my area other than Dish offers the Pac 12 Network. I was concerned over a number of the posts here and elsewhere regarding quality and issues with the Hopper Software and Joeys. So far, after more than 2 months,  find the quality to be at least as good as DTV. The process for recording is different but equally as good.",88
PASS_000121,KB_00121,REC_013,B007KMFXZ8,Electronics,"The guide data was instantly available in my guide. What would make a great box even better would be some minor tweaks I am sure that are software driven. Please allow more folders and sub folders. Add some of the more mainstream apps like Netflix, Amazon Prime and many of the other great apps found on a Roku box. Web surfing would be cool but might simply be a novelty, if you add the YouTube app and some others you would probably cover the bulk of what people are surfing.",90
PASS_000122,KB_00122,REC_013,B007KMFXZ8,Electronics,"No resume, which means if you stop in the middle of a recording and then go back to watch you have to find where you left off. Like taking a bookmark feature out of a book, ridiculous. But typically, new improved isn't always improved. And we lose the ability to rename a recording. That made no sense.",57
PASS_000123,KB_00123,REC_013,B007KMFXZ8,Electronics,"I don't know how many times I have seen a commercial, or saw a recap, for a favorite show and rushed home to watch it before it got ""spoiled"" by the media only to find it did not record and when I look up the timer schedule it tells me there are no instances of the show to find and record, new or reruns.",64
PASS_000124,KB_00124,REC_013,B007KMFXZ8,Electronics,"We have had the Hopper and 2 Joeys for a couple months now. We had &#34;regular&#34; Dish before, but when we got a new TV, we upgraded (LOL). First of all, I don't see much advantage to the Hopper/Joey system over what we had before. Yes, you can record on 3 televisions, but you can't watch anything else except a previous recording when you are doing the actual recording.",69
PASS_000125,KB_00125,REC_013,B007KMFXZ8,Electronics,"You will regret it. And two year contracts needs to die out unless it's smartphones and service. I should not have to agree to a new contract as an existing customer. That's retarded but it's there only because they know their product is crap. The penalty from what I read for cancelling is paying for the receivers and joeys which comes out to an astonishing 1,000 dollars each. Now, I don't know what their policy is that they stand by.",80
PASS_000126,KB_00126,REC_013,B007KMFXZ8,Electronics,Direct TV is comming out with wireless receivers. Dish network doesn't have any wireless. Dish network doesn't want and/or appreciate their long standing existing customers. They will charge you for upgrading to a hopper while new customers will get a heavy discount on receivers as well as programming.I am going to cancel my account with dish and move onto direct TV.,61
PASS_000127,KB_00127,REC_013,B007KMFXZ8,Electronics,"Also, if we have the same timers in more than one room, others can delete my recordings before I even watch them. E.g. My brother and I both watch the Colbert Report and both set timers for new episodes. After he watches the new episode, he'll delete it so I can't see it anymore. Before, my recordings could not be altered by other viewers and I had my own space.",70
PASS_000128,KB_00128,REC_014,B00009R95W,Electronics,Screwed it on my camera. Turned the the filter while photographing water with sun glinting off it and couldn't see any difference no matter how I turned the filter (I turned it 360 degrees). Could be operator error and if it is I'm happy to change my review but I don't think it's worth anything to me. I've put polarized sunglasses in front of my point and shoot and gotten better results.,72
PASS_000129,KB_00129,REC_014,B00009R95W,Electronics,This is a very good circular polarizer it not the newest one that the Hoya NTX But it still very good for the price can not beat it.,28
PASS_000130,KB_00130,REC_014,B00009R95W,Electronics,I have used both a cheap no-name circ-polarizer but it is was not even worth the shipping price. The threads on the knock off were rough and the adjustment ring difficult to turn. The Hoya is of a much higher quality. It adjusts with ease and threads onto your lens very smoothly. The filter is clean with zero imperfections. Highly recommended.The only improvement I would like to see is a mark on the adjustment filter for reference.,77
PASS_000131,KB_00131,REC_014,B00009R95W,Electronics,"Excellent circular polarizer filter by Hoya. I'm using this for anOlympus PEN E-P1 12.3 MP Micro Four Thirds Interchangeable Lens Digital Camera with 14-42mm f/3.5-5.6 Zuiko Digital Zoom Lens (Silver Body/Black Lens)camera. The filter does what it is supposed to, cut back reflections, improve tonality of blue-green and give an extra punch to outdoor photographs.",55
PASS_000132,KB_00132,REC_014,B00009R95W,Electronics,"I bought the little waterproof Nikon camera, and it came with an attachment for filters. I never would have dreamed of being able to attach filters to a point and shoot. . . But I ordered the polarizer as soon as I found out, we took it to Hawaii, and put it to work. We took some with it on the camera and some without, when the situation really calls for it, it definitely makes a huge difference.",78
PASS_000133,KB_00133,REC_014,B00009R95W,Electronics,The new zoom lens for the NEX SONY cameras uses a smaller filter size than the 49mm diameter which fits most of the other lenses currently being provided for these cameras. For polarizing effects it is therefore necessary to get the 40.5 mm diameter lens. It does provide adequate polarization control.,51
PASS_000134,KB_00134,REC_015,B008A4H67I,Electronics,works great and very easy to use. I much prefer this type rather than the ones with keys. I highly recommend.,21
PASS_000135,KB_00135,REC_015,B008A4H67I,Electronics,"after reviewing several different types of locks to send my daughter to college with, this lock was simple and not complicated to use. It is lightweight to throw into her backpack and is aware it is to hopefully slow down a would be thief--not necessarily prevent the theft. For now, its worth the investment",54
PASS_000136,KB_00136,REC_015,B008A4H67I,Electronics,"This is sturdy, easy to use and a pretty color. You will need a tiny Philip's screwdriver to set your combination but after that it is really a good accessory to have if you use your laptop in public. No one wants to have to pack everything up and lose that prime spot in Starbuck's with the wide table and outlet just to go to the bathroom. It's a great deal.",71
PASS_000137,KB_00137,REC_015,B008A4H67I,Electronics,"So, the instructions are BACKWARDS. Like, part of the instructions say to twist something clockwise. Ergo, you should twist it COUNTER-CLOCKWISE!Other than that, I like this product. The color is cute (and matches my laptop) and the lock seems to work well.",42
PASS_000138,KB_00138,REC_015,B008A4H67I,Electronics,"My toddler loves my laptop. If I turn my head away for a second, he's already figured how to pop keys off. So in order to protect my computer, I ordered this security cable. (It's really very long, so I made sure to wrap it tight to keep my toddler safe, too. )I can easily lock my laptop to its desk and not worry about it being damaged. It allows for a four-digit combination, which is useful on the road.",80
PASS_000139,KB_00139,REC_016,B004R7A9NU,Electronics,"Looks like it's luck of the draw. If you get one that doesn't work, keep exchanging it until you get one that does.Upgraded to 4 stars. If all the cases worked correctly with the iPad 3s and 4s out of the gate, it would be a 5.",47
PASS_000140,KB_00140,REC_016,B004R7A9NU,Electronics,"The sleep / awake funtion on this case does not work for the new iPad. So, 1 star for using this with the iPad 3 but 4 stars for using it with the iPad 2 (sleep awake works for the older model). Unfortunately, I bought it for the iPad 3!! I was hesitant to purchase a case before the iPad 3 was released for just this reason, but I bought from this seller because they specifically said it would work with the new iPad. Bummer.",85
PASS_000141,KB_00141,REC_016,B004R7A9NU,Electronics,Review changed from one to 4 stars. The magnets in the case do not line up to allow auto shutoff of the IPad when cover is closed. Function does work on IPad 2 models as we own one of those as well. As of 3/24 the vendor should only be shipping the new case that supports IPad 2 and IPad3 so review was changed to reflect the fix. They promptly got me a replacement case when the older IPad 2 case would not work.,84
PASS_000142,KB_00142,REC_016,B004R7A9NU,Electronics,"I have bought 4 of these now for myself and family, all for iPad 3 (New). They fit fine, nice quality for the price and is the closest case to the original iPad thin vinyl case made by Apple. BUT...the black and red ones turn off & turn on the device just fine. The Blue one just would not work no matter how I manipulated the magnet in the cover and even used the other case covers including reversed to change polarity.",82
PASS_000143,KB_00143,REC_016,B004R7A9NU,Electronics,"I bought this in June of 2013 and it still looks like new. The description says synthetic exterior, but it looks and feels like leather. It also has that long lasting leather type quality. This case feels like something that costs 3-4 times what I paid. I use my iPad a lot and take it back and forth to work every day. This case is still working like new and looks really nice. Very well worth it and the price is very good.",83
PASS_000144,KB_00144,REC_016,B004R7A9NU,Electronics,"every aspect of the case is not good.1.The smell is so bad. I hope the odor come loose as soon as possible but it is not happened.The smell make me nausea and faint.2.The material quality of case lining is fabric not genuine leather. it is coarse,smell bad.3.Poor contact.Sometimes,the function of wake-and-sleep does not work.4.heavyI do not recommend this brand case.",60
PASS_000145,KB_00145,REC_016,B004R7A9NU,Electronics,"I spent at least 4 days searching websites, reviews, catalogs, and other online sources to find a good case. It seemed like there were 400 cases and about 10 of them were rated highly, and some were chock full of bad reviews to accompany the good ones. I figured if I spent 25 on a case and it didn't work out, I'd be losing very little compared to buying a 75 dollar case and ending up resentful. I love this case.",81
PASS_000146,KB_00146,REC_016,B004R7A9NU,Electronics,"I have reviewed several items on here and I always put something through its pace. I will say that the sleep mode on mine works fine. The case allows it to stand at 2 different angles, both work perfect. The iPad2 fits like a glove in this case. Many have said that the edges are not protected. Well in my opinion even if you had leather covering the corner, which I have seen on several, how will that leather stop a 3-4 foot fall on bare ground.",87
PASS_000147,KB_00147,REC_016,B004R7A9NU,Electronics,This is a nice looking Ipad 4 case. I love it. It does its job protecting the cover. Highly recommended.,20
PASS_000148,KB_00148,REC_016,B004R7A9NU,Electronics,I have an iPad 4 and this case fits perfect. Nice looking at a reasonable price. Very happy with this case.,21
PASS_000149,KB_00149,REC_017,B002PWHOYG,Electronics,It took me a little while to get a good operating process down when using the head but I am now able to use it with ease. The head does a good job of holding my Canon 40D in place when in the vertical position. I have a Manfrotto tripod that has a center column that can be place in a horizontal position and have have put my camera in this configuration looking down on an object I was photographing.,80
PASS_000150,KB_00150,REC_017,B002PWHOYG,Electronics,"But I now love the short knobs as it is more intimate and fine-tuned. I am no longer dodging around the long release and locking/unlocking is a matter of a few finger twists.Another great function, which speaks as much to the new tripod (Manfrotto 055XPROB Pro Tripod Legs (Black)) is when going to portrait/vertical mode, adjusting the now vertical position is smooth and there is no slack/play in the mechanism.Product arrived quickly as Prime and in retail Manfrotto packaging.",79
PASS_000151,KB_00151,REC_017,B002PWHOYG,Electronics,"The third knob is to rotate the base.The base rotation knob was important to me as I like shooting an occasional panoramic. It's nice getting everything locked down with regard to horizon orientation, vertical and horizontal, then simply pan the camera without loosening up all the controls. But I mainly photograph portraits and this is a nice balance of size, quality and control.The only negative I can think of is why they even bother to put the degree of rotation reference markings on the base.",85
PASS_000152,KB_00152,REC_017,B002PWHOYG,Electronics,"This is a really nice head. It has multiple adjustments and each one can be tighten individually giving you the ability to position the camera just about any way you want. If you are going to pan from side to side you will have no problems, but if you plan to pan up and down the ability will be somewhat limited. My guess is that you can go up to about 10 o'clock very easily but 10 to 12 will be a bit more of a challenge.",87
PASS_000153,KB_00153,REC_017,B002PWHOYG,Electronics,"I set up the tripod, head and camera; leveled everything and got ready for a shot; oops, I was pointed a few inches to the left of where I wanted to be; I simply loosened the panning knob and panned to the right until my subject was framed the way I wanted. I think with the 496RC2, I would have rotated the ball head and risked having everything go out of level.",72
PASS_000154,KB_00154,REC_017,B002PWHOYG,Electronics,A spring flew out from underneath the broken plastic cap. I still have the parts. Also added a pic in the customer images.The tension knob still holds a camera in place but I wouldn't walk away from it. It bounces all over the place before settling into place when framing a shot.I got 2 years of acceptable use out of it. Maybe more if I had stuck to lenses under a pound...?,72
PASS_000155,KB_00155,REC_017,B002PWHOYG,Electronics,"I bought this ballhead to replace the standard head that came with my Manfrotto tripod and so far haven't been disappointed. I've never had any sag except for a small bit when first setting position. I take this into account now and always aim a bit high before tightening. All the controls are smooth, especially the panning, and all knobs lock securely.",62
PASS_000156,KB_00156,REC_017,B002PWHOYG,Electronics,"I bought this head the end of April this year, and would give it at less a four star rating, until today. The little spring arm that is your safety lock, so that if you accidentally move the release is failing. When I engaged the camera, the smaller spring arm does not fully swing back into it fully elevated position. If that does not happen the release arm has nothing to stop it.",73
PASS_000157,KB_00157,REC_017,B002PWHOYG,Electronics,I did a lot of research before purchasing my tripod and for the head I did quite the same. I knew I wanted a ball head and this one works great. It's easy to move it around to the position you need it to be in and although I had never worked with a tripod head like this before I found it to be easy to works with.This was a big upgrade from my previous tripod which was plastic and didn't have a separate head on it.,87
PASS_000158,KB_00158,REC_017,B002PWHOYG,Electronics,"lovin' this every shot. I paried the 498rc2 with 055XPROB, and both are a great combination for anyone. I wouldn't waste money on anything more expensive, you are only wasting money that can go towards other stuff. I've done a ton of research, and this is the best. This is a tough product and one that you won't feel bad for using it in harsh environments. I know photographers who take great photos but shrink from using gear in the field because its too expensive for them to replace.",89
PASS_000159,KB_00159,REC_018,B003L75CUC,Electronics,"Went to pool to take some pictures.Water got in from two spots same time. Lens lid and bottom, I saved my lens but the water which got in from bottom went in to battery and screwed it up. Both sponges they put in the bottom got sock and let water further in. Thanks guys",54
PASS_000160,KB_00160,REC_018,B003L75CUC,Electronics,Got this to protect our Nikon D3000 slr. Works perfectly. Watertight and pics come out great. We took it with us on vacation to St. Lucia - used the camera when we climbed a mountain in the rainforest - and we did get rained on - completely soaked and the camera was protected - not a drop of water got in. Definitely worth the money to protect an expensive camera.,70
PASS_000161,KB_00161,REC_018,B003L75CUC,Electronics,"The case fit by Nikon d7100 camera and was water tight. The problem is that in order to adjust the focus or distance, you have to remove the front cover...which defeats the purpose of it being water tight!. Basically it became a waterproof storage case rather than actually taking pictures with it",52
PASS_000162,KB_00162,REC_018,B003L75CUC,Electronics,"This bag was extremely good at keeping my camera dry, even up to 20 ft under water. Also, it floats, or atleast, it was determined to float for me. Which is great, because if you accidentally let it go, atleast you can get it back.The only bad points about the bag is that it's very large (but if I upgrade my camera, I'll be able to use it for that one), it's nearly impossible to zoom the lens under water through the finger grips.",84
PASS_000163,KB_00163,REC_018,B003L75CUC,Electronics,"This product worked just as it said it would. I took great photos in Hawaiian surf and not one drop of water touched my investment NIKON Camera.However, my telephoto lens cover has ridges on it and when the lens cover touched the plastic cover of the case it scratched it terribly rendering some photos  not useable.There is no manufacture information to call to replace the cases clear lens. So, the case was shot.",73
PASS_000164,KB_00164,REC_018,B003L75CUC,Electronics,"It works but it's not easy to operate button inside. Also, the front mirror scratches easily. Once dirt and water and scratches get on the front glass, it's difficult to get a good quality picture even when you have a great DSLR. So, maybe it's easier to just buy a waterproof point-n-shoot .That said, I've had it for a year. Used it occasionally. But my camera is still safe with it. So it gets a passing grade.",77
PASS_000165,KB_00165,REC_018,B003L75CUC,Electronics,Overall I like this bag it serves its purpose however you have to be conscious of where the lense is pointing. If you do not pay attention you will end up with a black shadow/ring around your pictures from taking a picture of the bag.,45
PASS_000166,KB_00166,REC_018,B003L75CUC,Electronics,"I was expecting something a little more fitted since it mentions my camera model in the title of the product. It's HUGE and very hard to adjust outside of the water, let alone inside. I tried a couple photos outside the water and there was a lot of distortion as well as issues with the casing in the edges of the photos. I never return anything, but I will be returning this.",72
PASS_000167,KB_00167,REC_018,B003L75CUC,Electronics,"I ordered this model for my Nikon D3100. Sent it back.This model is for LARGE DSLR cameras, if you have a Canon Rebel series, or a Nikon D3000, 3100, 5100 or similar, this thing will absolutely swallow the camera.",39
PASS_000168,KB_00168,REC_018,B003L75CUC,Electronics,Great sturdy housing. works like a charm. hadnt had any leaks and have been all over the world with it. very good price and quality product.,26
PASS_000169,KB_00169,REC_019,B000GPHQWO,Electronics,"The Sigma 70mm 2.8 lens gets an excellent review at [...] for its optics and image quality, and I think the 70mm focal length works well for close-up flower photos. I returned this lens only because I found it too long and heavy to keep steady while used with my monopod for garden and wildflower shots (it weighs 1.2 pounds). I just don't find it practical to use a tripod on hikes in the hills.If I buy another marco lens I'll probably go with the Canon EF-S 60mm f/2.8 USM for my Canon EOS Rebel XSi, which is significantly lighter and shorter.",102
PASS_000170,KB_00170,REC_019,B000GPHQWO,Electronics,"Simply amazing. Crisp and sharp even at the lowest f/stop! The bokeh is beautiful, and the lens feels good in hand. I STRONGLY recommend picking up a Tripod with this one, it's a little heavy on my Canon EOS 450D, and I find myself losing out on some real high quality shots cause of those shaky hands! Get a tripod and get this lens!",64
PASS_000171,KB_00171,REC_019,B000GPHQWO,Electronics,"Yes it's slow, noisy, and then there's the lens hood issue, (lens hood doesn't fit when the lens cap is attached). That's the bad news, the good news is this lens is razor sharp and super accurate. I use it on a full frame Canon body to produce beautifully clear images. Because of this lenses sharpness and precision I suggest using a tripod when doing any 1 to 1 macro work.",71
PASS_000172,KB_00172,REC_019,B000GPHQWO,Electronics,"I have been very please with the results obtained through this lens. It is ultra sharp, has a great macro range and the f/2.8 lets me use it as a portrait or low light lens as well!The only slight negatives I can see are its size (will fit full frame), a little on the heavy side but reasonable for a macro lens of this size with all that glass. It does sometimes have a problem auto focusing in macro mode in low light, but I usually shoot in manual focus to get exactly what I want.",96
PASS_000173,KB_00173,REC_019,B000GPHQWO,Electronics,"This is a great lens. We've taken some great shots of flora and fauna with it, also a few sports shots. Image rendition is excellent. We use it on Canon 30D and 40D bodies. It focuses quickly and without a lot of noise. We have no complaints at all with this lens.",52
PASS_000174,KB_00174,REC_019,B000GPHQWO,Electronics,"I think it wasn't built strong enough. Was it a Canon or Nikon lens, it should have withstood this much impact. I know that I should have been careful about this. I am not too sure about it, but there might have been a little bit focus shift problem because of this impact. The lens is still working, but I suspect that it is not as sharp as before.For those who are interested in buying this lens: It is not a bad lens. But make sure never to drop the lens!",91
PASS_000175,KB_00175,REC_019,B000GPHQWO,Electronics,"This lens in my opinion is a solid keeper and worth every penny. The bokeh on this is silky buttery smooth. I'm a photo enthusiast and have used this for mainly portraits on my Canon 5D Mark II. There are other great reviews out there that have been explained well how this lens performs technically so for me, I'll just say that I couldn't be more happier. I have also used this on my 7D. If you need an affordable full frame prime that just performs well in just about any fstop, well this is it.",96
PASS_000176,KB_00176,REC_019,B000GPHQWO,Electronics,"This lens does three things very well: (1) Macro, (2) Portraits, (3) Action. The image quality is great. The focus, while very fast and accurate, has some idiosyncrasies. (This review is based on an 11-day rental of this lens. I used the lens on a Canon 7D. )The macro works as specified. The lens is 9.4cm long, focussed at infinity. When you focus to 1:1 (about 25cm from the focal plane), the lens is 14.6 cm long.",77
PASS_000177,KB_00177,REC_019,B000GPHQWO,Electronics,I was searching the whole internet to find reviews on a most sharp lens to mount on my K-5 Pentax. Someone said it must be the SIGMA 70 or the Tamron 90 and when I got to [...] I looked in all possible lens for specs..rating and found this as the best in under $1500. On that site you have to see this lens in Canon body mount section;It is splendid indeed/ there is absolutely no complain about sharpness and the bokeh is fabulous; however there is a draw back in autofocus if not limited.,95
PASS_000178,KB_00178,REC_019,B000GPHQWO,Electronics,"I've never been a big fan of Sigma Zoom lenses, but their prime lenses are top notch. I've been using the Sigma 105mm and 50mm macro primes on my Canon full frame bodies so I decided to pick this lens up for my Nikon D300 to give me a 105mm equiv lens for that system.In a nutshell, this lens is fantastic. It is very sharp corner-to-corner on my Nikon D300. It is sharp wide open at f/2.8 and stays sharp up until about f/11, where it starts to soften just a bit.",92
PASS_000179,KB_00179,REC_019,B000GPHQWO,Electronics,"I just don't find it practical to use a tripod on hikes in the hills.If I buy another marco lens I'll probably go with the Canon EF-S 60mm f/2.8 USM for my Canon EOS Rebel XSi, which is significantly lighter and shorter.",42
PASS_000180,KB_00180,REC_019,B000GPHQWO,Electronics,"I STRONGLY recommend picking up a Tripod with this one, it's a little heavy on my Canon EOS 450D, and I find myself losing out on some real high quality shots cause of those shaky hands!",36
PASS_000181,KB_00181,REC_019,B000GPHQWO,Electronics,"Yes it's slow, noisy, and then there's the lens hood issue, (lens hood doesn't fit when the lens cap is attached).",21
PASS_000182,KB_00182,REC_019,B000GPHQWO,Electronics,"It is ultra sharp, has a great macro range and the f/2.8 lets me use it as a portrait or low light lens as well!The only slight negatives I can see are its size (will fit full frame), a little on the heavy side but reasonable for a macro lens of this size with all that glass.",57
PASS_000183,KB_00183,REC_019,B000GPHQWO,Electronics,"Overall, I'd say that this lens produces more in-focus, usable, action shots than my Nifty Fifty (Canon EF 50mm f/1.8).More on the focusing.- When you throw the focus limit switch, so that it can focus more normally, it stops focussing at 0.5m.",42
PASS_000184,KB_00184,REC_019,B000GPHQWO,Electronics,"I've been using the Sigma 105mm and 50mm macro primes on my Canon full frame bodies so I decided to pick this lens up for my Nikon D300 to give me a 105mm equiv lens for that system.In a nutshell, this lens is fantastic.",44
PASS_000185,KB_00185,REC_019,B000GPHQWO,Electronics,I used the lens on a Canon 7D.,8
PASS_000186,KB_00186,REC_019,B000GPHQWO,Electronics,"Canon does not make an equivalent lens, even if I was willing to pay twice for an 'L' lens.",19
PASS_000187,KB_00187,REC_019,B000GPHQWO,Electronics,":-)Pros:- Excellent IQ- Excellent Macro capabilities- Excellent focus speed and accuracy- Very good portrait lens- Appropriate priceCons:- Coordination of focus point with my Canon 7D was not perfect- It focus-hunts rather badly near the 1:1 macro point; manual focus is warranted for this situation- The lens-to-subject distance at 1:1 is short (approximately 9.5cm)- While 2.8 is quite useful, for portraits, a little bit of DOF reduction (to, say, f/2.0) would make this lens down-right incredible.Conclusion: I may have to buy this lens.",82
PASS_000188,KB_00188,REC_019,B000GPHQWO,Electronics,It was sharper than my 50 mm Canon f1.8 lens.,10
PASS_000189,KB_00189,REC_019,B000GPHQWO,Electronics,"Bought this to pair with my Nikon D90. It's a sharp lens that's very pleasant to use. As the other reviewer said, it's a 'nice' length on an APS-C sized sensor, ~105mm. Sharpness is on par with the venerable Nikkor 50mm f1.8, IMHO. So that's great. Not unexpected though, as this is supposedly Sigma's sharpest prime lens and it's a Macro lens, which by definition has to be tack sharp. Build quality seems very good too. All in all, it's a nice lens at a good price.Focus is slow compared to AF-S lenses, but only because there's such a huge focal range. This lens does seem hunt a lot on my D90, even in bright light. It'll often have to run the focus across the entire range to get a lock, and that's a pain. However, flipping the focus limiter switch solves it and makes it focus just as fast as my other non AF-S lenses. So that's ok. And for macro shots I'd usually be focusing manually anyway, so it's not a big deal. But it's just not quite as quick as my AF-S lenses.I also don't like the fact that the lens cap won't snap on when the",200
PASS_000190,KB_00189,REC_019,B000GPHQWO,Electronics,"as quick as my AF-S lenses.I also don't like the fact that the lens cap won't snap on when the sunshade is screwed on. Makes it a bit of a pain when you're out and about and want to cap the lens, as you've got to unscrew the shade (and put it somewhere - it doesn't reverse) to put the cap on. A pain compared to Nikkor shades that allow the cap while they're installed, even while reversed.But there is one major negative that none of the other reviews have touched upon. And it's nearly a deal-breaker for me. This is NOT a true f2.8 fixed lens. It is from 10ft to infinity, but below that the max aperture grows as the subject distance decreases. At 1:1 magnification, 3-4 inches away, maximum aperture is f4.8. This is not really what I had in mind when I bought this lens, and I may return it because it's not going to work as well as I had hoped. I bought an f2.8 lens expecting a constant aperture. I was wrong. I actually think it's a bit of deceptive advertising on the part of Sigma. Since it's primary purpose is to be a",200
PASS_000191,KB_00189,REC_019,B000GPHQWO,Electronics,"think it's a bit of deceptive advertising on the part of Sigma. Since it's primary purpose is to be a Macro lens, they should be clear that it's an f2.8 lens only at decidedly non-macro focal ranges. This is really an f4.8 Macro lens, which isn't so great. So just be advised before you purchase this lens.Followup:Apparently, a variable aperture at decreasing macro distances is common to many macro lenses, including Nikon's own 60mm f2.8 and 105mm f2.8 macro lenses. So I can't pick on Sigma too much for this. I'm new to the world of dedicated macro lenses, and I didn't know this 'feature' was just the way these lenses worked. Taking this into consideration, the 70mm Sigma is perhaps more deserving of four (4) stars, rather than three. I'd edit my star rating but I can't.This also makes me reevaluate my comments about potentially returning this Sigma. I was strongly considering returning the Sigma and picking up the 60mm f2.8 Nikkor Macro instead. I had assumed that the Nikkors would be truly constant f2.8 lenses. I would have been wrong! Since the Nikkor's do this variable aperture thing too, I'm thinking I'll just keep the Sigma - as",200
PASS_000192,KB_00189,REC_019,B000GPHQWO,Electronics,"been wrong! Since the Nikkor's do this variable aperture thing too, I'm thinking I'll just keep the Sigma - as other than this aperture thing, it's a great lens. Lesson learned! :-)",32
PASS_000193,KB_00190,REC_019,B000GPHQWO,Electronics,"I've never been a big fan of Sigma Zoom lenses, but their prime lenses are top notch.  I've been using the Sigma 105mm and 50mm macro primes on my Canon full frame bodies so I decided to pick this lens up for my Nikon D300 to give me a 105mm equiv lens for that system.In a nutshell, this lens is fantastic.  It is very sharp corner-to-corner on my Nikon D300.  It is sharp wide open at f/2.8 and stays sharp up until about f/11, where it starts to soften just a bit.  Lens construction is very sturdy and typical of the top-end sigma primes.  Autofocus speed is adequate but not as fast as the best Nikon lenses.  It also makes a little more noise when focusing.  Manual focusing is excellent with a very smooth and precise feel.  I really like this lens and it may be one of the sharpest prime lenses on the market.  I highly recommend it.",159
PASS_000194,KB_00191,REC_020,B002TV5M5G,Electronics,I was the correct product. My computer is working ok. Was not easy to choose the correct product. Please include a picture of the computers to use.,27
PASS_000195,KB_00192,REC_020,B002TV5M5G,Electronics,battery has no more life than the one I replaced >>> overpriced piece of Chinese made s***! You can take this piece of crap  & stick it where the sun don't shine !!! It damn sure is not any more help to me than the worn out one I had . I would  warn all potential buyers  >>>DON'T WASTE YOUR MONEY !! !,63
PASS_000196,KB_00193,REC_020,B002TV5M5G,Electronics,"After a week of using this battery, the bios of my Lenovo, before loading Windows, started saying that I wasn't using a genuine Lenovo battery and that Lenovo cannot guarantee the performance of the battery. Sure does look genuine.",39
PASS_000197,KB_00194,REC_020,B002TV5M5G,Electronics,"My Lenovo accepted it without any problems, and the battery life is good. But I replaced it with the old dead battery because I realized my laptop is less portable than I thought, and because I like having it always on (just lift the lid), instead of going to sleep.",50
PASS_000198,KB_00195,REC_020,B002TV5M5G,Electronics,"Your supplier shipped the wrong battery which did not match the order and would not work with my computer. I requested and received authorization to return the wrong battery; however, I should not have been required to pay the costs for the return shipment. Amazon's supplier made the error and should have covered the costs for the return ($6.95). If it was my error I would have expected to cover the return cost. I am asking that Amazon credit my account for ($6.95) postage for the cost of the return.",90
PASS_000199,KB_00196,REC_020,B002TV5M5G,Electronics,"The price is good, shipping was couple days earlier than predicted, does the job, no problems so far. The only thing was when I checked the battery condition on my laptop it said only about 80%. This means it will only charge to 80% of its charge and for my ThinkPad Edge 14 it only lasts me about 2.5-3 hrs on a full charge compared to the original which will last about 3.5-4 hrs on a full charge. But I guess that is what you get when you buy it for less than half the price.",96
PASS_000200,KB_00197,REC_020,B002TV5M5G,Electronics,Its a good battery and it works well. There is not much to say about it except that it is the same battery that comes with lenovo computers.,28
PASS_000201,KB_00198,REC_020,B002TV5M5G,Electronics,Not much to say but works great -- an OEM replacement for a bad battery to extend the life of your Lenovo Laptop!,23
PASS_000202,KB_00199,REC_020,B002TV5M5G,Electronics,"This is the OEM replacement for the battery that shipped with the Lenovo ThinkPad SL410, so if you were happy with your SL410's original battery, you'll be happy with this one.",31
PASS_000203,KB_00200,REC_020,B002TV5M5G,Electronics,"Batteries I received were Lenovo, appeared identical to mine and fit my laptops. Because I have experienced problems with one laptop after installing batteries (from a prior order) that had also appeared identical, upon arrival I compared the product number of what was ordered with what arrived. Again, they were the wrong product - and incompatible. So even if batteries appear identical to ones you are replacing, to protect your investment, please carefully compare product number of item ordered with what you receive. I have never encountered any problems with Lenovo batteries that came with purchase of either laptop.",99
PASS_000204,KB_00201,REC_020,B002TV5M5G,Electronics,battery has no more life than the one I replaced >>> overpriced piece of Chinese made s***!,17
PASS_000205,KB_00202,REC_020,B002TV5M5G,Electronics,"After a week of using this battery, the bios of my Lenovo, before loading Windows, started saying that I wasn't using a genuine Lenovo battery and that Lenovo cannot guarantee the performance of the battery.",35
PASS_000206,KB_00203,REC_020,B002TV5M5G,Electronics,I was the correct product.,5
PASS_000207,KB_00204,REC_020,B002TV5M5G,Electronics,I have never encountered any problems with Lenovo batteries that came with purchase of either laptop.,16
PASS_000208,KB_00205,REC_020,B002TV5M5G,Electronics,"Batteries I received were Lenovo, appeared identical to mine and fit my laptops.",13
PASS_000209,KB_00206,REC_020,B002TV5M5G,Electronics,There is not much to say about it except that it is the same battery that comes with lenovo computers.,20
PASS_000210,KB_00207,REC_020,B002TV5M5G,Electronics,"My Lenovo accepted it without any problems, and the battery life is good.",13
PASS_000211,KB_00208,REC_020,B002TV5M5G,Electronics,My computer is working ok. Was not easy to choose the correct product.,13
PASS_000212,KB_00209,REC_020,B002TV5M5G,Electronics,"I ordered this battery for my mothers laptop. It didn't last 6 months! It will NOT hold a charge and when I contacted the seller WDELAPTOPS, they said, &#34;Sorry the part only have 3 months warranty.&#34; I payed 50 dollars for a 3 month warranty and a 6 month battery? Amazon should throw these guys off the marketplace.",58
PASS_000213,KB_00210,REC_021,B003YLZ8J0,Electronics,"I needed the buttons programmable so I could create specific custom repetitive tasks, and after installing the software, I only found that I could change the buttons to do pre programmed things already within the software.",36
PASS_000214,KB_00211,REC_021,B003YLZ8J0,Electronics,"I was surprised to actually get a follow-up letter from a company, it says numbers for their company for sure.The mouse is a very good product and works great and i still haven't had to change the battery yet.I had a Microsoft blue track mouse before this one and the range wasn't even close to my TreckNet. Excellent product and great guest service, Five stars.",65
PASS_000215,KB_00212,REC_021,B003YLZ8J0,Electronics,"This pile of junk can't make up its mind to be on, or off. If left sitting for about 5 min, I haven't timed it, the mouse turns off, and won't turn back on until you pick up the mouse, turn it over, turn off the mouse power switch, leave it that way for at least 5 seconds, turn it back on, and it will work until the next time it falls asleep, and then you can repeat the above process. The programmable buttons are backwards. If you set the function you want for button 4 for button 5, and vice versa.",102
PASS_000216,KB_00213,REC_021,B003YLZ8J0,Electronics,"I really like this product, the only reason I;m not giving it five stars is because for the first couples weeks the right mouse button squeaked loudly when clicked. Ironic, because it's a &#34;mouse&#34;. Anyway, after the squeak went away the mouse is a perfect product.",46
PASS_000217,KB_00214,REC_021,B003YLZ8J0,Electronics,"The reason I put a three out of five star because there is one thing that is a little bit off and that is the on/off/Led Light on switch.Bad Thing: I want to point out the bad thing first of all. When it got here, I open it, test it, saw the led light on but the mouse is not moving, on my pc or laptop. So I follow the instruction manual carefully and it still didn't move. Then I was like think that I should just make a request for a return because I gave up on it, on that day.",102
PASS_000218,KB_00215,REC_021,B003YLZ8J0,Electronics,"If you decide to forgo the software, the default for the forward and back buttons are backwards.... the further button on the left is back and the closer one is forward... recovering from a digression, decent buy.",37
PASS_000219,KB_00216,REC_021,B003YLZ8J0,Electronics,I would recommend this mouse to anyone who is in search of a wireless mouse. I love the extra buttons on it as well as the lights. I have gone almost three months of constant daily use and I have still not had  to change the battery and it feels great. 10/10,52
PASS_000220,KB_00217,REC_021,B003YLZ8J0,Electronics,"Item did not work at all. No movement of my cursor, no affect when pressing any of the buttons or attempting to scroll. Contacted TeckNet, and after sending some basic trouble-shooting tips that did not work, they refused to stand behind their product simply because I had received free shipping. Let the buyer beware. This mouse is a total piece of junk, only worth buying if you're looking for a paperweight with lights on it.",75
PASS_000221,KB_00218,REC_021,B003YLZ8J0,Electronics,"If you compare this mouse to a $100 mouse, then you will be disappointed. But, compare it against any other $20 mouse and it is head and shoulders better than anything out there.I purchased the wired version and am thoroughly impressed. The cord is braided fabric, not rubber, making it very flexible. The buttons are crisp and responsive. The mouse itself fits my hand very comfortably. It has a nice weight. A couple ounces more would be better, but like I said before, for less than $20 it is great.",90
PASS_000222,KB_00219,REC_021,B003YLZ8J0,Electronics,"This is a good mouse, so far I like its aesthetics and features, such as the 5 buttons that allow you for quick access in a crucial moment of a game, and its awesome that you can program them to do whatever you want, not necessarily with the software that Tecknet provides, but with other party software, its possible, plus you can bind keys to the mouse in-game so its not a problem. The only problem I've noticed, is the responsiveness of the mouse, it tends to not respond at times when in game and doesn't move when I want it to, I'm not sure whether this is because of the surface I use?",114
PASS_000223,KB_00220,REC_021,B003YLZ8J0,Electronics,The programmable buttons are backwards.,5
PASS_000224,KB_00221,REC_021,B003YLZ8J0,Electronics,"I can't really speak for battery consumption as of now ( I've only had this mouse for for days) but will update this review about battery life.UPDATE 2/1/14 ON BATTERY LIFE:The Battery life is meh on this mouse, I have had to change the batteries twice since writing this review though this may be due to the fact that I use the LEDs quite frequently.If I were to have any gripes about the Mouse it would have to be that it come with one of those pesky mini-disc with the Drivers that let you actually program the mouse itself which was quite awkward for me because my laptop has no optical drive and my imac has a side loading disk tray which is not compatible with mini discs.",128
PASS_000225,KB_00222,REC_021,B003YLZ8J0,Electronics,The reason I put a three out of five star because there is one thing that is a little bit off and that is the on/off/Led Light on switch.Bad Thing: I want to point out the bad thing first of all.,41
PASS_000226,KB_00223,REC_021,B003YLZ8J0,Electronics,"This is a good mouse, so far I like its aesthetics and features, such as the 5 buttons that allow you for quick access in a crucial moment of a game, and its awesome that you can program them to do whatever you want, not necessarily with the software that Tecknet provides, but with other party software, its possible, plus you can bind keys to the mouse in-game so its not a problem.",73
PASS_000227,KB_00224,REC_021,B003YLZ8J0,Electronics,The buttons are crisp and responsive.,6
PASS_000228,KB_00225,REC_021,B003YLZ8J0,Electronics,"No movement of my cursor, no affect when pressing any of the buttons or attempting to scroll.",17
PASS_000229,KB_00226,REC_021,B003YLZ8J0,Electronics,"Its quite sad that there is only one review about this mouse on the US amazon site (1/9/14) because these Mice are quite popular on the UK amazon site and if the manufacturer didn't specify it was from the UK I would have probably skipped over this mouse.For me personally, coming from an ancient PS/2 Dell Optical mouse and a Decent but rather small Microsoft Wireless mouse with a dongle half the size of the mouse, this mouse feels good in the hand, weighs enough, is rather easy to program and is quite sensitive ( if you don't like that in a mouse or if someone else is using it you can easily turn it down via the two DPI buttons above the mouse wheel).",125
PASS_000230,KB_00227,REC_021,B003YLZ8J0,Electronics,I love the extra buttons on it as well as the lights.,12
PASS_000231,KB_00228,REC_021,B003YLZ8J0,Electronics,"Its quite sad that there is only one review about this mouse on the US amazon site (1/9/14) because these Mice are quite popular on the UK amazon site and if the manufacturer didn't specify it was from the UK I would have probably skipped over this mouse.For me personally, coming from an ancient PS/2 Dell Optical mouse and a Decent but rather small Microsoft Wireless mouse with a dongle half the size of the mouse, this mouse feels good in the hand, weighs enough, is rather easy to program and is quite sensitive ( if you don't like that in a mouse or if someone else is using it you can easily turn it down via the two DPI buttons above the mouse wheel). The Blue LED's are a nice touch for gaming at night but they can easily be turned off with the flick of a switch. I can't really speak for battery consumption as of now ( I've only had this mouse for for days) but will update this review about battery life.UPDATE 2/1/14 ON BATTERY LIFE:The Battery life is meh on this mouse, I have had to change the batteries twice since writing this review though",200
PASS_000232,KB_00228,REC_021,B003YLZ8J0,Electronics,"Battery life is meh on this mouse, I have had to change the batteries twice since writing this review though this may be due to the fact that I use the LEDs quite frequently.If I were to have any gripes about the Mouse it would have to be that it come with one of those pesky mini-disc with the Drivers that let you actually program the mouse itself which was quite awkward for me because my laptop has no optical drive and my imac has a side loading disk tray which is not compatible with mini discs. However after busting out an old thinkpad with an optical drive that takes mini discs I quickly copied the files over to my google drive and simply downloaded the drivers to my laptop without a hitch. After that whole experience however, I still wouldn't peg the mouse itself down one whole star for the company skimping on disc space.Overall great mouse for the price!UPDATE 6/1/14Any and all mention of TeckNET using excess Anker stock have been removed.Battery life remains at a solid Meh, Investing in rechargeables for this mouse is a good idea. Once more positive reviews come I will adjust this to",200
PASS_000233,KB_00228,REC_021,B003YLZ8J0,Electronics,"Investing in rechargeables for this mouse is a good idea. Once more positive reviews come I will adjust this to the four star rating I think this mouse deserves ( the battery life is really below average). However, for the time being the aggregate review score of 4 out 5 starts is a sufficient representation of this mouse.",58
PASS_000234,KB_00229,REC_022,B0083V5SZK,Electronics,"This little thing is brilliant. I can carry around one compact little charger and charge both my android phone or my iPad when I'm out somewhere. I don't have an iPhone, so I can't help out others who might need to charge their new phones, but that's the only thing it's lacking. I'm so glad I found this.",58
PASS_000235,KB_00230,REC_022,B0083V5SZK,Electronics,"I have purchased about 5 of these over the past year, and love them. Very versatile for those who travel--particularly overseas. I live in the UK and constantly travel to other parts of Eurasia where the electrical systems are different. Works great for my Blackberry device, as well as apple devices in our family.",54
PASS_000236,KB_00231,REC_022,B0083V5SZK,Electronics,"Works great for my Blackberry device, as well as apple devices in our family.",14
PASS_000237,KB_00232,REC_022,B0083V5SZK,Electronics,Very versatile for those who travel--particularly overseas.,7
PASS_000238,KB_00233,REC_022,B0083V5SZK,Electronics,This little thing is brilliant.,5
PASS_000239,KB_00234,REC_022,B0083V5SZK,Electronics,I'm so glad I found this.,6
PASS_000240,KB_00235,REC_022,B0083V5SZK,Electronics,I live in the UK and constantly travel to other parts of Eurasia where the electrical systems are different.,19
PASS_000241,KB_00236,REC_022,B0083V5SZK,Electronics,"I have purchased about 5 of these over the past year, and love them.",14
PASS_000242,KB_00237,REC_022,B0083V5SZK,Electronics,"I don't have an iPhone, so I can't help out others who might need to charge their new phones, but that's the only thing it's lacking.",26
PASS_000243,KB_00238,REC_022,B0083V5SZK,Electronics,I can carry around one compact little charger and charge both my android phone or my iPad when I'm out somewhere.,21
PASS_000244,KB_00239,REC_023,B000NIQMG0,Electronics,"This is really cool. I have the camera and panner set up outside under eave of garage. I can operate remotely from about 60 ft. away. That is thru 3 house and garage walls and a 10 ft. breezeway. It can go left and right or up and down. You can preset 4 stops for each camera and keep sweeping or you can push left, right, up, down and go only as far as you want. It has a button to recenter also. The top that holds the cam has only 2 holes which didn't match my camera so I marked and drilled 3 holes to match my cam.",109
PASS_000245,KB_00240,REC_023,B000NIQMG0,Electronics,"The movement is very smooth, slow and quiet (the birds don't even hear it panning). I'll paint it 'camo' or cover it with 'camo tape' later...",26
PASS_000246,KB_00241,REC_023,B000NIQMG0,Electronics,"The feature ideas are great but it quit working after one use. During the one use, it moved very slow. I couldn't keep up pace with a young child and his mother as they walked past my house. It doesn't rotate nearly as far as the Security Man mount so I was getting less coverage with this mount. The tilt is a nice feature to have but it still was way below my expectations. So why did I choose this one - it said it was for outdoor use. I live in the Southwest desert and no weather issues to have made it stop working.",105
PASS_000247,KB_00242,REC_023,B000NIQMG0,Electronics,"If you want a low budget easy to install sweeping camera, this is it. I have two. One in the front and one in the back of house.",28
PASS_000248,KB_00243,REC_023,B000NIQMG0,Electronics,I'd send it back but because we used a Lorex camera we had to slightly modify the holes to attach the camera. So can't return it for a working one. Our loss.,32
PASS_000249,KB_00244,REC_023,B000NIQMG0,Electronics,I would like to say I am so happy to have it if it works but I am sorry that I bought this item!!! Be aware!! !,27
PASS_000250,KB_00245,REC_023,B000NIQMG0,Electronics,"I mounted my own wired video security camera (not an X10 camera) with Heavy Duty Velcro on top of this and watch the birds around my feeder along with other animals... It has 5 points to go to automatically. Center and 4 programed positions, then you can slowly move to any other location with the 4 up, down, left, right keys. The Tilt is controlled by a hand held 'RF' remote device. My camera is outdoors, outback and I control it from the front room about 50 feet away.",89
PASS_000251,KB_00246,REC_023,B000NIQMG0,Electronics,"I bought this to install a wireless camera, not the ninja one, everything works like a charm, really nice remote controller reception, great quality product, nice looking, etc, only issue is that sometimes I wish I could have a way to make the device to move faster... mostly when moving from side to side or trying to follow a person or object, it would be nice if it has like an option for slow/fast panning and tilt..",77
PASS_000252,KB_00247,REC_023,B000NIQMG0,Electronics,Had to purchase 3 small bolts and nuts to attach the camera. I am very pleased with it so far. We have not had any bad weather yet so I can't say how it will be in 15 degrees or lower. Will have to update on that.,47
PASS_000253,KB_00248,REC_023,B000NIQMG0,Electronics,I can operate remotely from about 60 ft. away.,9
PASS_000254,KB_00249,REC_023,B000NIQMG0,Electronics,"You can preset 4 stops for each camera and keep sweeping or you can push left, right, up, down and go only as far as you want.",27
PASS_000255,KB_00250,REC_023,B000NIQMG0,Electronics,Will have to update on that.,6
PASS_000256,KB_00251,REC_023,B000NIQMG0,Electronics,We have not had any bad weather yet so I can't say how it will be in 15 degrees or lower.,21
PASS_000257,KB_00252,REC_023,B000NIQMG0,Electronics,The top that holds the cam has only 2 holes which didn't match my camera so I marked and drilled 3 holes to match my cam.,26
PASS_000258,KB_00253,REC_023,B000NIQMG0,Electronics,The tilt is a nice feature to have but it still was way below my expectations.,16
PASS_000259,KB_00254,REC_023,B000NIQMG0,Electronics,"The movement is very smooth, slow and quiet (the birds don't even hear it panning).",15
PASS_000260,KB_00255,REC_023,B000NIQMG0,Electronics,The feature ideas are great but it quit working after one use.,12
PASS_000261,KB_00256,REC_023,B000NIQMG0,Electronics,The Tilt is controlled by a hand held 'RF' remote device.,11
PASS_000262,KB_00257,REC_023,B000NIQMG0,Electronics,"I mounted my own wired video security camera (not an X10 camera) with Heavy Duty Velcro on top of this and watch the birds around my feeder along with other animals... It has 5 points to go to automatically. Center and 4 programed positions, then you can slowly move to any other location with the 4 up, down, left, right keys. The Tilt is controlled by a hand held 'RF' remote device.  My camera is outdoors, outback and I control it from the front room about 50 feet away. The movement is very smooth, slow and quiet (the birds don't even hear it panning). I'll paint it 'camo' or cover it with 'camo tape' later...",115
PASS_000263,KB_00258,REC_024,B0081XI2Y4,Electronics,My son loves to play video games on his laptop this adapt make for better play when he can play ona largedscreen also good for viewing videos,27
PASS_000264,KB_00259,REC_024,B0081XI2Y4,Electronics,This adapter is simple plug and play. Our new Lenovo X1 Carbon have only a mini display port out - so connecting video equipment (large screen TV's or projectors) requires an adapter. This adapter was perfect.,36
PASS_000265,KB_00260,REC_024,B0081XI2Y4,Electronics,"I use this daily, I have a Dell XPS 12 which does not have a standard HDMI or VGA output, only this Mini DisplayPort that is usually found on Macs. The connection is solid and I don't have any problems with it. Yes it works on Windows. I have used Windows 7 and 8 and never even needed to install any drivers or anything -just plug and play.The white color is nice too. Great product!",75
PASS_000266,KB_00261,REC_024,B0081XI2Y4,Electronics,"This is a great little headset that combines all the features I want and need. It is small, light, loud and comfortable. It charges with my phone's charger and it streams audio. I really love this headset because of its superior noise-cancellation feature and its long battery life.",48
PASS_000267,KB_00262,REC_024,B0081XI2Y4,Electronics,wasted my money...did not work at all!screws don't lock with equipment and nothing came on .it did not work at all.,21
PASS_000268,KB_00263,REC_024,B0081XI2Y4,Electronics,today I went to use this adapter for the second time ever it said no connection. After spending an hour of my time trying to figure out if it was a software issue I had realized the connection was open and frayed on the mini display port thanks Standbyon for wasting my time an money.,55
PASS_000269,KB_00264,REC_024,B0081XI2Y4,Electronics,"this is not an expensive, very cheap, but it works very well. I recommend you to use it.Excellent!! Have a good day!",22
PASS_000270,KB_00265,REC_024,B0081XI2Y4,Electronics,the thunderbolt part of it works on the macbook pro because the screen goes black and then back on (therefore showing it detects it) but no response when plugging it into a vga cable monitor. am sad :( tested friend's vga adapter and that worked fine so it's just a faulty product. too cheap to send back though.,58
PASS_000271,KB_00266,REC_024,B0081XI2Y4,Electronics,poor quality item. you are better spending a little extra with the brand one. Forget about this little piece of trash. It does not recognize most computers.,27
PASS_000272,KB_00267,REC_024,B0081XI2Y4,Electronics,it arrived but did not work at all... i ended buying the original one so it waste of money and time,21
PASS_000273,KB_00268,REC_024,B0081XI2Y4,Electronics,This adapter is simple plug and play.,7
PASS_000274,KB_00269,REC_024,B0081XI2Y4,Electronics,I have used Windows 7 and 8 and never even needed to install any drivers or anything -just plug and play.The white color is nice too.,26
PASS_000275,KB_00270,REC_024,B0081XI2Y4,Electronics,It charges with my phone's charger and it streams audio.,10
PASS_000276,KB_00271,REC_024,B0081XI2Y4,Electronics,you are better spending a little extra with the brand one.,11
PASS_000277,KB_00272,REC_024,B0081XI2Y4,Electronics,too cheap to send back though.,6
PASS_000278,KB_00273,REC_024,B0081XI2Y4,Electronics,today I went to use this adapter for the second time ever it said no connection.,16
PASS_000279,KB_00274,REC_024,B0081XI2Y4,Electronics,"this is not an expensive, very cheap, but it works very well.",12
PASS_000280,KB_00275,REC_024,B0081XI2Y4,Electronics,the thunderbolt part of it works on the macbook pro because the screen goes black and then back on (therefore showing it detects it) but no response when plugging it into a vga cable monitor.,35
PASS_000281,KB_00276,REC_024,B0081XI2Y4,Electronics,"So for the price this adapter is definitely worth it for CASUAL use. I have used it periodically at home to connect a display to my 13 inch macbook air and it works okay. For a more prominent user however, maybe someone who uses a projector or runs multiple monitors at home constantly without disconnecting the adapter, I would not recommend getting this. I would go ahead and purchase one from Apple and spend the extra 30$. Yes, this is a great, budget friendly solution, but with low cost comes sacrifices to the quality. For example (on the adapter i received) there is a build flaw; the screw holes are placed to far into the adapter. So say if i connect a VGA cable to the adapter, I would not be able to screw the cable in securely. Another problem I have experienced is display flickering when the cable is moved near the mini-displayport end. Would I buy this certain adapter again? No, knowing the issues and flaws that came with it I would go ahead and put another 20$ to the already 10$ with this cable and get either an Apple or startech adapter.",195
PASS_000282,KB_00277,REC_025,B006VB6UNI,Electronics,I love my Nook Simple Touch. This is my second one (purchased this one as a gift). The Nook got me back into reading.,24
PASS_000283,KB_00278,REC_025,B006VB6UNI,Electronics,"I'm so happy with my Nook -- it's so much easier on my eyes with the e-ink screen.I can read for hours without eyestrain. I'd like to get a Nook HD also to watch movies and use as a tablet, but my Nook Simple Touch is perfect for reading.",49
PASS_000284,KB_00279,REC_025,B006VB6UNI,Electronics,"I own a full-sized IPad that's great indoors, but I'm glad I chose a Simple Touch as my on- the-go reader. No worries taking it outdoors, camping, beach or pool. Better yet, I don't have to go to the library or purchase any books...just check them out from our county library via wifi at home! Can't do that on the &#34;other&#34; brands. Liked it so much, we now own four for each member of the family!",76
PASS_000285,KB_00280,REC_025,B006VB6UNI,Electronics,"Bought this nook for my younger kids, They couldn't be happier. The price was cheap and shipping was quick! Everything that I LOVE!",23
PASS_000286,KB_00281,REC_025,B006VB6UNI,Electronics,"best thing I ever bought in muy life. Very happy with my nook, never though i would be such a great product..",22
PASS_000287,KB_00282,REC_025,B006VB6UNI,Electronics,I am enjoying it. Just wish I had purchased the backlit one and also wished I had purchased a case for the Nook. Still getting used to it.,28
PASS_000288,KB_00283,REC_025,B006VB6UNI,Electronics,It is so easy to use.. I purchased this item for my 8 year old daughter's birthday. She easily moves about the device with little to no parental assistance. Thank you. Great product.,33
PASS_000289,KB_00284,REC_025,B006VB6UNI,Electronics,"I love my NOOK, IS FIRST TIME YOU BUY A NOOK. BUY IT AND I WENT GREAT USED. I LOVE IT",21
PASS_000290,KB_00285,REC_025,B006VB6UNI,Electronics,I got this for a friend for their birthday. I got a pretty big discount on in and it had a case that came with it and I thought it was a steal until I found out that the Nooks are being discontinued shortly and that you aren't going to be able to get new books for them in the near future.,62
PASS_000291,KB_00286,REC_025,B006VB6UNI,Electronics,I bought this to have all my books in one place but not all were able to be transferred. Also miss the lighting. I had to buy a separate light to read at night. I have not been able to see how it will be out in the sun that is the other reason i bought this since i was unable to read in the sun.,66
PASS_000292,KB_00287,REC_025,B006VB6UNI,Electronics,I love my Nook Simple Touch.,6
PASS_000293,KB_00288,REC_025,B006VB6UNI,Electronics,"I own a full-sized IPad that's great indoors, but I'm glad I chose a Simple Touch as my on- the-go reader.",21
PASS_000294,KB_00289,REC_025,B006VB6UNI,Electronics,"I'd like to get a Nook HD also to watch movies and use as a tablet, but my Nook Simple Touch is perfect for reading.",25
PASS_000295,KB_00290,REC_025,B006VB6UNI,Electronics,"Very helpful staff at B&N, she confirmed when questioned I wasn't the first to be unable to decipher the &#34;oriental English&#34; operating instructions.",23
PASS_000296,KB_00291,REC_025,B006VB6UNI,Electronics,"Only negative it's instruction manual is written in &#34;oriental English&#34;, I had to go to Barnes and Noble nearby to get it &#34;translated&#34; so I could figure out how to operate it.",32
PASS_000297,KB_00292,REC_025,B006VB6UNI,Electronics,"Obviously Amazon will win the war, but I definitely believe that B&N will still be a thorn in the side for a few years at least.",26
PASS_000298,KB_00293,REC_025,B006VB6UNI,Electronics,Just wish I had purchased the backlit one and also wished I had purchased a case for the Nook.,19
PASS_000299,KB_00294,REC_025,B006VB6UNI,Electronics,I purchased this item for my 8 year old daughter's birthday.,11
PASS_000300,KB_00295,REC_025,B006VB6UNI,Electronics,"I love my NOOK, IS FIRST TIME YOU BUY A NOOK.",11
PASS_000301,KB_00296,REC_025,B006VB6UNI,Electronics,I have not been able to see how it will be out in the sun that is the other reason i bought this since i was unable to read in the sun.,32
PASS_000302,KB_00297,REC_026,B00FGYC9LI,Electronics,"I have tried everything to fix it, still can't!-It cannot drive a 30 inch 2560x1600 monitor at full resolution, not even at 1080P. I have tried every cable/converters out there.UPDATE1: I opened up the laptop. It is sealed by many standard size + head screws. It does NOT look like warranty can be voided by opening the bottom. From there you can upgrade the memory and hard drive. The hard drive is a WD Blue 2.5in WD10SPCX. It is a little slimmer than most 2.5in drives, but I have check that most 2.5 SSD have the same dimension, but I do not plan on upgrading until the prices for SSD drops more.",112
PASS_000303,KB_00298,REC_026,B00FGYC9LI,Electronics,"ALL FOR $900 LESS than the Air, and $1700 LESS than the MacBook Pro.That's why I say it is the best bargain going in a full feature, desktop replacement laptop.",30
PASS_000304,KB_00299,REC_026,B00FGYC9LI,Electronics,"This is an amaziong laptop... screen is brilliant, speed is insanely fast, I could go on and on. Only downside is the trackpas is pretty rubbish. If I didn't use a mouse 90% of the time this would be a game ender.",42
PASS_000305,KB_00300,REC_026,B00FGYC9LI,Electronics,"Excellent piece of craftmanship. Looks good, feels good (keyboard) runs at super speeds and doesn't crash. Not sure how long the battery will last as I haven't gone on a trip with it yet, but hopefully it won't disappoint me.Sound is especially good for a laptop.",46
PASS_000306,KB_00301,REC_026,B00FGYC9LI,Electronics,"Fits into the basaltic nylon Tumi soft side briefcase for ease of portability and airport use. All internal functions, e.g. internet, connect without issue. It's an excellent businessman's laptop as all the &#34;geek&#34; features work as advertised...behind the scenes!",39
PASS_000307,KB_00302,REC_026,B00FGYC9LI,Electronics,"The keys are very low, it's not so bad, but something to get used to. The keys are rested in a way that you can have books on top of it, and the keys will not be pressed. This is very good for students, because you can lay a textbook on top of the keys. Also the keys have a one-setting light which should be adequate. The hinges that are holding the screen is quite sturdy. If you push the screen, the entire laptop will tip over before the screen start bending back.",93
PASS_000308,KB_00303,REC_026,B00FGYC9LI,Electronics,"If you can handle just using the touchscreen or not being picky then get this computer! Someone else mentioned the keys. They are a little funny to type on, but it's something you'll get use to.I really wanted to love this laptop. The reviews are dead on about how wonderful this laptop is (minus the trackpad). I went with a Lenovo Yoga and I'm really happy now.Lenovo 13 3 Inch Convertible Touchscreen Ultrabook",73
PASS_000309,KB_00304,REC_026,B00FGYC9LI,Electronics,"I find myself stretching my fingers to reach the keys when playing games, but works great for typing text. The number-pad is very handy to have as well. This laptop is not as sharp as other ultrabooks near the wrist area, so it doesn't feel like my wrist is getting ""cut"" when I'm typing. The touchscreen is as responsive as the trackpad. The touchscreen may not seem useful at first, but it comes in handy when using the Start Menu applications, zooming, dragging folder, and selecting text when you don't have a mouse.",93
PASS_000310,KB_00305,REC_026,B00FGYC9LI,Electronics,"Pros-- Boots up quickly- Doesn't feel hot, quiet too.- Numeric keypad- Fast - I run Photoshop, Illustrator and InDesign at the same time with no issues.- Doesn't seem to come with a ton of bloatware.- Very bright and sharp display.This was hard to find in a 15&#34; laptop, with a Haswell processor and touchscreen.Cons--Really hate the trackpad, Difficult to control. I find myself using the touchscreen a lot - thank goodness it has one.-The brushed aluminum and screen are real fingerprint magnets.",82
PASS_000311,KB_00306,REC_026,B00FGYC9LI,Electronics,"I returned it. I didn't buy it on Amazon since it was $200 cheaper at Microsoft, but I always leave feedback on Amazon because I love Amazon. Anyways...I hated, and I mean I LOATHED the trackpad. Everything else about the laptop is top notch; the touchscreen, the graphics, weight, the look of it (she is pretty), the specs, but it's that trackpad I can't get passed. I can only describe it like running your finger over rubber. It's not smooth at all which makes it hard to scroll.",88
PASS_000312,KB_00307,REC_026,B00FGYC9LI,Electronics,It does NOT look like warranty can be voided by opening the bottom.,13
PASS_000313,KB_00308,REC_026,B00FGYC9LI,Electronics,You will rarely feel this laptop getting hot even when playing games because the hottest area is at the upper-right.,20
PASS_000314,KB_00309,REC_026,B00FGYC9LI,Electronics,You may also want to make some adjustments so it can ignore your palm better since this can get somewhat annoying.The performance on this laptop is better than I expected.,30
PASS_000315,KB_00310,REC_026,B00FGYC9LI,Electronics,"This laptop is not as sharp as other ultrabooks near the wrist area, so it doesn't feel like my wrist is getting ""cut"" when I'm typing.",26
PASS_000316,KB_00311,REC_026,B00FGYC9LI,Electronics,"This is an amaziong laptop... screen is brilliant, speed is insanely fast, I could go on and on.",18
PASS_000317,KB_00312,REC_026,B00FGYC9LI,Electronics,"They are a little funny to type on, but it's something you'll get use to.I really wanted to love this laptop.",21
PASS_000318,KB_00313,REC_026,B00FGYC9LI,Electronics,"The speakers are very good for a laptop of this size, but it sounds even better when I use my ath-m50 headphones.The screen quality has excellent color at 1080p resolution.",30
PASS_000319,KB_00314,REC_026,B00FGYC9LI,Electronics,The reviews are dead on about how wonderful this laptop is (minus the trackpad).,14
PASS_000320,KB_00315,REC_026,B00FGYC9LI,Electronics,"That's right, this laptop has two upgradable hard drives!UPDATE2 (4 months later): I have finally purchase a 256GB msata SSD to replace the 24GB msata SSD that is included with this laptop.",32
PASS_000321,KB_00316,REC_026,B00FGYC9LI,Electronics,"Screen clarity/sharpness a pleasure if you're upgrading from &#34;any&#34; other Ultrabook, notebook or laptop.",14
PASS_000322,KB_00317,REC_026,B00FGYC9LI,Electronics,"I very rarely review items on Amazon, despite being a regular shopper, but the Acer Aspire V7-582PG-6421 is such a stunning example of a Windows laptop ""done right"" that I just had to leave a comment or two. The preceding review by Gc is excellent and covers almost all of the bases. My point in doing this review is to highlight the ""extras"" you get with the Acer that I have not found on ANY laptops other than the MacBook Pro. One correction to Gc's review, however - the lid is not aluminum, but brushed surface plastic. I checked this directly with Acer, and you can tap the cover with a fingernail and hear it yourself - BUT - it does not do justice to just say that it is plastic, because it is structurally sound and very good looking. Now, for the ""goodies"" -1. The screen is spectacular. I've owned a retina MBPro, and it is nearly that good (glossy though). As Gc said, you can truly review two documents side by side on the screen without a magnifying glass.2. The ""Acer connector"" is a displayport connector - I am running my WQHD 2560x1440 monitor on it now. It",200
PASS_000323,KB_00317,REC_026,B00FGYC9LI,Electronics,"glass.2. The ""Acer connector"" is a displayport connector - I am running my WQHD 2560x1440 monitor on it now. It will support the internal screen (1920x1080), the displayport (2560x1440), and a 1920x1080 HDMI monitor, all at the same time.3. Battery Life: AWESOME. The Haswell 4200U went four hours last night on web surfing, Word editing, and document viewing (no media running) and still had 67% battery left (7:42 estimated remaining time). After being put into sleep mode, seven hours later it still showed 66% battery left.4. Upgradeable: remove the army of screws (15-18) from the base plate, and you can go up to 12GB ram (replacing the 4GB module with an 8GB module); replace the HDD with a SATA III SSD up to 1TB; AND replace the mSATA with up to a 512GB SSD. My solution was to upgrade to a 256GB mSATA for the OS and programs, and leave the 1TB HDD for file storage - the system now screams when loading software and files.5. Built in Gigabit Ethernet - enough said.6. NVidia GT720M with 2GB ram - not a gaming rig, but far from shabby, and pretty rare to get in this form factor on a Windows rig",200
PASS_000324,KB_00317,REC_026,B00FGYC9LI,Electronics,"a gaming rig, but far from shabby, and pretty rare to get in this form factor on a Windows rig already sporting HD4400 graphics.7. The touch screen is as smooth operating as a tablet, and you will quickly find that it is a legitimate ""third"" interface to Windows 8 - scrolling, zooming, selecting onscreen elements is very natural in addition to the keyboard and trackpad - DON'T LET ANYONE LIE TO YOU ABOUT GORILLA ARMS - it is a short 4"" reach from the keyboard.8. Keyboard - the key press is shallow, but it is outstanding to have the numeric keypad in this form factor.Let's talk about form factor for a minute. This year I have tried nearly everything - including the awesome MacBook Air 13"" (8GB/512GB max rig), and a MacBook Pro 15"" (16GB/512GB max rig) - the Acer is no aluminum work of art like those two, but from a confirmed Windows user perspective, this is the BEST laptop rig of them all. A little larger and heavier than the Pro (less than 1/2"" longer/wider; 0.08"" thicker; and 0.35lb ) but the internals are equal to or superior; expandability is only up to your imagination; and the screen,",200
PASS_000325,KB_00317,REC_026,B00FGYC9LI,Electronics,"0.35lb ) but the internals are equal to or superior; expandability is only up to your imagination; and the screen, although not retina, is FAR superior to MacBook Air, and not far from the quality of the Retina Pro. ALL FOR $900 LESS than the Air, and $1700 LESS than the MacBook Pro.That's why I say it is the best bargain going in a full feature, desktop replacement laptop.",69
PASS_000326,KB_00318,REC_027,B002KGXB0I,Electronics,"Great product! Does what it says. Glad they include a remote because the bottons are hard to push(have to push hard)....on another note after double chevking this product when asked by amazon to answer a question about it i realized the picture shown is not at all what i recieved, there are no plug ins for mp3 player or headphones, half the buttons on the picture are not there. So its quite misleading if you base what you are getting off what the picture shows. We bought this as a first boombox for our daughters ages 7 and 10 and its fine for them for what they use it for.",110
PASS_000327,KB_00319,REC_027,B002KGXB0I,Electronics,This was purchased as a Christmas gift. The individual who received it loved it and is using it daily. She loves being able to plug her ipod into it.,29
PASS_000328,KB_00320,REC_027,B002KGXB0I,Electronics,"I can't use it unless I use batteries, which is way too expensive, as It did not come with a wall plug. :(",23
PASS_000329,KB_00321,REC_027,B002KGXB0I,Electronics,"The picture for this, shows a dock cover on top, and two additional jacks on the front to plug in other sources. I purchased this, thinking that it would have all those things (making it 5 stars). However, the player that I recieved does not have those things - nor does it have an easily identifiable power button. The one I got definitly has something lacking - but it does appear to play music well.",75
PASS_000330,KB_00322,REC_027,B002KGXB0I,Electronics,"Hi,I just bought from you 11 RCA RCD175i portable CD player with dock for iPhone... in the picture or photo you show the player has two audio jack outlets but the players I just received dosen't have any outlet in the front as shown. I bought them for a Mexican school use and they want to connect headphones but could not do that. How can you change this prodcut for another that comes with the audio jack outlet? ?Thanks",79
PASS_000331,KB_00323,REC_027,B002KGXB0I,Electronics,"This works perfectly for a white noise CD, along withSennheiser HD 202 II Professional Headphones (Black). It has an audio-in jack for an MP3 player, and the grandkids also use it with their iPods.It's mostly used for recorded books while I'm working, and it's absolutely fine for that, since it takes either a CD or the iPod. Oh, and it works for the Kindle/Audible audiobooks, too, with a cable (purchased separately).It's a little pricy for what we use it for, or I'd give it five stars.",86
PASS_000332,KB_00324,REC_027,B002KGXB0I,Electronics,thought it would take the 3rd or 4th generation ipod touch...works fine for my iphone3 and has good sound to it,21
PASS_000333,KB_00325,REC_027,B002KGXB0I,Electronics,"this thing is an over rated hunk of junk. the sound quality leaves allot to be desired. the CD player would not play correctly unless the unit was perfectly level, the mp3 input had absolutely no amplification, and the preset operation is absolutely useless. save your money and find something else.",51
PASS_000334,KB_00326,REC_027,B002KGXB0I,Electronics,"this box is so easy to carry. Sound is ok, i'd say this is just the thing if you're looking for a portable player to take to school, etc.",29
PASS_000335,KB_00327,REC_027,B002KGXB0I,Electronics,the radio is light weight and it has a wire antannae.,11
PASS_000336,KB_00328,REC_027,B002KGXB0I,Electronics,"Glad they include a remote because the bottons are hard to push(have to push hard)....on another note after double chevking this product when asked by amazon to answer a question about it i realized the picture shown is not at all what i recieved, there are no plug ins for mp3 player or headphones, half the buttons on the picture are not there.",63
PASS_000337,KB_00329,REC_027,B002KGXB0I,Electronics,"This works perfectly for a white noise CD, along withSennheiser HD 202 II Professional Headphones (Black).",16
PASS_000338,KB_00330,REC_027,B002KGXB0I,Electronics,She loves being able to plug her ipod into it.,10
PASS_000339,KB_00331,REC_027,B002KGXB0I,Electronics,"I can't use it unless I use batteries, which is way too expensive, as It did not come with a wall plug.",22
PASS_000340,KB_00332,REC_027,B002KGXB0I,Electronics,"The picture for this, shows a dock cover on top, and two additional jacks on the front to plug in other sources.",22
PASS_000341,KB_00333,REC_027,B002KGXB0I,Electronics,I bought them for a Mexican school use and they want to connect headphones but could not do that.,19
PASS_000342,KB_00334,REC_027,B002KGXB0I,Electronics,which is fine since i really don t listen to a.m. that much.,13
PASS_000343,KB_00335,REC_027,B002KGXB0I,Electronics,this thing is an over rated hunk of junk.,9
PASS_000344,KB_00336,REC_027,B002KGXB0I,Electronics,this box is so easy to carry.,7
PASS_000345,KB_00337,REC_027,B002KGXB0I,Electronics,"I've been looking for a small portable stereo / cd player / iphone player for a few months now. I finally settled and took a chance on the RCA RCD175i. Not because I found so many great and helpful reviews. That sure didn't happen! I couldn't even find one review, lol I purchased this mainly because it looked nice and had most of the features I was looking for. The RCA RCD175i came in perfect new condition and was packed well thanks to Amazon. The speakers sound good for their size. They can fill a decent sized room with plenty of sound. It's no JBL or Bose, but you get what you pay for. The cd player is tray loading which is kind of a neat feature on a portable stereo. It also came with a free Santana cd in the tray? I'm not a big Santana fan, but that's still cool. The iphone dock works great. It charges the iphone and you can control the iphone's music skip and play/pause features with the remote. This stereo takes 6 D size batteries if you want it to be fully portable. I haven't used the radio yet. You really don't need",200
PASS_000346,KB_00337,REC_027,B002KGXB0I,Electronics,"size batteries if you want it to be fully portable. I haven't used the radio yet. You really don't need a radio when you have the I Heart Radio app on your iphone. The only thing I wish this had is a better way of docking the iphone. Don't get me wrong the dock is fine and works as it should, but I like the front docking and cover idea like on the Sony ZSS4IP because you can carry it around while the iphone is playing and it helps protect too. Over all I'm very happy with my purchase. I hope this review is helpful.",105
PASS_000347,KB_00338,REC_028,B00G2BX616,Electronics,"With a full charge, after an 8 hour day, I  still have about 65% to 70% of my battery. Generally I have an error of about 19 feet horizontally, slightly more vertical error. It holds a fix on satellites very well.However, when I use Bad Elf in the field for work, it has turned about to be a huge time sink. When I switch between the Bad Elf App (free and necessary to download for use on your device) and either my data collection App and/or my topo map App it loses power and fix.",95
PASS_000348,KB_00339,REC_028,B00G2BX616,Electronics,"I am a GPS junky, so was intrigued by this device. The one I received seemed to have problems initializing. I contacted customer support. They were very helpful in trouble shooting the problem, which turned out to be me! But they were concerned enough to want to exchange mine with a replacement so they could double check the first unit. I consider that exceptional customer service, especially in light of finding out I was the problem!",76
PASS_000349,KB_00340,REC_028,B00G2BX616,Electronics,Really great when it worked. I'm a realtor and I bought this to show farms. It worked for about 3 days. Now it won't stay connected to my mini ipad. If you continue to adjust it will connect but it won't stay connected. With the cost of the mini ipad I have about $400 in it.I sent an email to the manufacturer but so far have not heard from them.Was contacted by John at customer support. The company replaced the item and the new unit works as advertised.,88
PASS_000350,KB_00341,REC_028,B00G2BX616,Electronics,"Questionable accuracy, plastic case, this is hardly a pro-pilot solution. Any older gps phone gets same results as this.I used it with ForeFlight on a mini IPAD. There are dropouts and its reliability is questionable. The only good thing is that it worked right out of the box with ForeFlight, This should sell at $25 a piece.Update:After playing with it longer , I decided to give it 3 stars instead of 2. It works with Foreaflight but it doesn't come close to any cockpit installed Garmin.",86
PASS_000351,KB_00342,REC_028,B00G2BX616,Electronics,Worked great for the first month. Then the connector got loose. I have to hold it a certain way to make it work. This makes it unusable in the cockpit.,30
PASS_000352,KB_00343,REC_028,B00G2BX616,Electronics,"After only one test trip, navigation with the Bad Elf and the iPad appears to work well. Although more testing is required I found that with the ipad connected to the car power source through the Bad Elf the pad became very warm and recharging seemed not to keep up with the discharge.",53
PASS_000353,KB_00344,REC_028,B00G2BX616,Electronics,"The cable *is* heavy and can pull out of the device because of its weight - what with all that vibration experienced during driving. It hasn't happened yet, only almost, so I had to pull the car over and re-seat the Bad-Elf and its cable connectors.John explained that many of the GPS applications do not download maps large enough so that you can count on them to go just anywhere. For example I was using the WASE app which got confused from its signals from Bad-Elf and was useless to the point of being dangerous while driving.",97
PASS_000354,KB_00345,REC_028,B00G2BX616,Electronics,"John explained to me that with Google's app one can type in ""go map"" and, while connected via Wi-Fi, that will cause I download of a map area in the neighborhood - but I'm still fuzzy on how big that neighborhood is and how one would know if it's boundary has been exceeded.Bad-Elf's hype that this device can be used with just about any GPS app - at least that's what I believed after having read the advertising - that's not quite true. It's more difficult to use than a store-bought GPS because of this limitation with the maps.",99
PASS_000355,KB_00346,REC_028,B00G2BX616,Electronics,"It's a nice gadget that may be of great use for a number of purposes. I was hoping to use it on the Airbus flight deck, where it didn't work at all. The reason is that signal reception is not possible due to the thick/ heated cockpit windows on the Airbus flight deck, not even through the rear windows. I am still looking for a working solution to get a cable-connect (or plugin) external gps for the ipad (no-one of  serious nature would use a wireless or bluetooth transmitter in such an environment) - and have had no joy so far for.I have tested signal reception of my iphone 5 at the rear windows, and it works just fine.",119
PASS_000356,KB_00347,REC_028,B00G2BX616,Electronics,Great GPS for your iPad or iPhone It works everywhere and is easy to use. The apps available that work with the Bad Elf are first class and integrate seamlessly.,30
PASS_000357,KB_00348,REC_028,B00G2BX616,Electronics,"I consider that exceptional customer service, especially in light of finding out I was the problem!",16
PASS_000358,KB_00349,REC_028,B00G2BX616,Electronics,With the cost of the mini ipad I have about $400 in it.I sent an email to the manufacturer but so far have not heard from them.Was contacted by John at customer support.,33
PASS_000359,KB_00350,REC_028,B00G2BX616,Electronics,"With a full charge, after an 8 hour day, I  still have about 65% to 70% of my battery.",19
PASS_000360,KB_00351,REC_028,B00G2BX616,Electronics,When I switch between the Bad Elf App (free and necessary to download for use on your device) and either my data collection App and/or my topo map App it loses power and fix.,34
PASS_000361,KB_00352,REC_028,B00G2BX616,Electronics,"There have been several email exchanges and each time bad elf replied in a timely manner and the information I received was quite helpful.John even addressed my concern about the heavy cable which comes with this device, but I think he may have misunderstood my point and his answer regarding my complaints about the table, to my mind, did not compute.",61
PASS_000362,KB_00353,REC_028,B00G2BX616,Electronics,"John explained to me that with Google's app one can type in ""go map"" and, while connected via Wi-Fi, that will cause I download of a map area in the neighborhood - but I'm still fuzzy on how big that neighborhood is and how one would know if it's boundary has been exceeded.Bad-Elf's hype that this device can be used with just about any GPS app - at least that's what I believed after having read the advertising - that's not quite true.",83
PASS_000363,KB_00354,REC_028,B00G2BX616,Electronics,"It holds a fix on satellites very well.However, when I use Bad Elf in the field for work, it has turned about to be a huge time sink.",28
PASS_000364,KB_00355,REC_028,B00G2BX616,Electronics,I have to hold it a certain way to make it work.,12
PASS_000365,KB_00356,REC_028,B00G2BX616,Electronics,"I am a GPS junky, so was intrigued by this device.",11
PASS_000366,KB_00357,REC_028,B00G2BX616,Electronics,"They were very helpful in trouble shooting the problem, which turned out to be me!",15
PASS_000367,KB_00358,REC_028,B00G2BX616,Electronics,"Have not been able to use because if you have a case for Ipad it will not fit into the Lightning Connector.  Also the seller ANTONLINE is brutal and I will never deal with them again.  They have an impossible return policy that ends up costing you a ton of money even if, by some miracle, they accept your return.  Also, was very late on shipping and did not offer tracking until I begged for it because I had not gotten the shipment.  Avoid Antonline.",85
PASS_000368,KB_00359,REC_028,B00G2BX616,Electronics,"It's a nice gadget that may be of great use for a number of purposes. I was hoping to use it on the Airbus flight deck, where it didn't work at all. The reason is that signal reception is not possible due to the thick/ heated cockpit windows on the Airbus flight deck, not even through the rear windows. I am still looking for a working solution to get a cable-connect (or plugin) external gps for the ipad (no-one of serious nature would use a wireless or bluetooth transmitter in such an environment) - and have had no joy so far for.I have tested signal reception of my iphone 5 at the rear windows, and it works just fine. So I am a little unhappy that this specifically designed external gps could not get a valid signal in the same spot where my iphone got one just fine. How can it be that the internal gps of a phone has a better signal reception than an external gps that has no other purpose than get a GPS (and in this case also GLONASS) signal?Support from bad elf has been mixed, with some good respones first, but now I am complaining",200
PASS_000369,KB_00359,REC_028,B00G2BX616,Electronics,"case also GLONASS) signal?Support from bad elf has been mixed, with some good respones first, but now I am complaining about the product, I receive no further replies.If you know where you are going to use this item, I guess there are many fields where it comes in handy. Though most users will probably need an extension cable - I do not understand why that is not supplied with the unit.For Pilots, if you face multi-layered heated windows similar to the Airbus flight deck, stay clear of this item as you will very likely not get signal reception. The regular GA pilot on smaller aircraft will probably find this works fine in his cockpit.I appreciate your inputs and findings on the topic.",122
PASS_000370,KB_00360,REC_029,B00HQXUFYA,Electronics,"After 2-weeks of low intensity work, my drive would no longer turn on. I've had very good success with G-drives in the past and will give them a second chance. Although, I fear that the Thunderbolt technology isn't refined enough yet and power draw could make this flaw all too frequent.",51
PASS_000371,KB_00361,REC_029,B00HQXUFYA,Electronics,I have been a supporter of g-technology drive for a number of years. I have never had a problem in the past until now. I purchased the hard drive adn used it only 1 time. I was using it as a media drive for editing. Unfortunately the hard drive would not power up. I'm assuming that it is an issue with the power supply or the switch perhaps. I actually went out and purchase the firewire/ USB 3.0 version which seems to be running fine. But this one died quick.,90
PASS_000372,KB_00362,REC_029,B00HQXUFYA,Electronics,"Very sturdy, and pretty portable too. The Thunderbolt cable is long, so that is handy, but it's quality made and matches your mac to boot.",25
PASS_000373,KB_00363,REC_029,B00HQXUFYA,Electronics,"How simple would it be to say that it DOES come with a USB AND a Thunderbolt cable?? ?Might save a few of us some good money, trying to guess whether it is included.",34
PASS_000374,KB_00364,REC_029,B00HQXUFYA,Electronics,Compairing thunderbolt to USB 3 is like switching from dial up internet to google fiber. I work with large RAW photo files and Lightroom can import to this drive just as fast as the hard drive in the computer.,39
PASS_000375,KB_00365,REC_029,B00HQXUFYA,Electronics,"This is my first G-Drive with Thunderbolt, after owning four other G-Drives without incident over the past few years. All seemed well with the drive until it decided not to turn on. After 10+ years of hard drive purchases, this is the first one to fail on me.",48
PASS_000376,KB_00366,REC_029,B00HQXUFYA,Electronics,"These are the fastest and best hard drives I've ever purchases. I highly recommend them. I'm a professional videographer and i trust these hard drives with my footage. With the Thunderbolt port, they're lightening fast. Don't buy any other kind - these are the best.",45
PASS_000377,KB_00367,REC_029,B00HQXUFYA,Electronics,"I have this drive since February, but my early Feb. order for my Mac Pro was on back order (got it in April) so I can't send back.The USB3 and Thunderbolt speed is about the same on the new 6core 2013 Mac Pro. You can have here on Amazon a 3TB Seagate USB3 drive for little more then $100.",59
PASS_000378,KB_00368,REC_029,B00HQXUFYA,Electronics,"We love using G-Tech g-drives - we have 24 others around our offices. We are holding out final rating on this Thunderbolt drive. It died on us - won't turn on - after about a week of use. We have had better luck with G-Tech drives in years past. We are returning it and ordering another to see if it is a fluke. We have had a couple of failed G-tech drives, after years of use though.",77
PASS_000379,KB_00369,REC_029,B00HQXUFYA,Electronics,"***Update March 20, 2014***Returned the drive for a full refund.----------------Just got this drive to use as my second backup drive. Set it up today. Here are my initial observations:Pro: the Thunderbolt is really fast. It worked right out of the box as it's formatted for Mac. Easy set up. On/Off switch is great feature that many drives are missing.Con: loud constant whirring noise like it never spins down.",68
PASS_000380,KB_00370,REC_029,B00HQXUFYA,Electronics,I purchased the hard drive adn used it only 1 time.,11
PASS_000381,KB_00371,REC_029,B00HQXUFYA,Electronics,"After 2-weeks of low intensity work, my drive would no longer turn on.",13
PASS_000382,KB_00372,REC_029,B00HQXUFYA,Electronics,"With the Thunderbolt port, they're lightening fast.",7
PASS_000383,KB_00373,REC_029,B00HQXUFYA,Electronics,We are holding out final rating on this Thunderbolt drive.,10
PASS_000384,KB_00374,REC_029,B00HQXUFYA,Electronics,I use the Thunderbolt connection primarily with a maxed out 2014 iMac.,12
PASS_000385,KB_00375,REC_029,B00HQXUFYA,Electronics,"I have this drive since February, but my early Feb. order for my Mac Pro was on back order (got it in April) so I can't send back.The USB3 and Thunderbolt speed is about the same on the new 6core 2013 Mac Pro.",43
PASS_000386,KB_00376,REC_029,B00HQXUFYA,Electronics,Here are my initial observations:Pro: the Thunderbolt is really fast.,10
PASS_000387,KB_00377,REC_029,B00HQXUFYA,Electronics,"Although, I fear that the Thunderbolt technology isn't refined enough yet and power draw could make this flaw all too frequent.",21
PASS_000388,KB_00378,REC_029,B00HQXUFYA,Electronics,Compairing thunderbolt to USB 3 is like switching from dial up internet to google fiber.,15
PASS_000389,KB_00379,REC_029,B00HQXUFYA,Electronics,"This is my first G-Drive with Thunderbolt, after owning four other G-Drives without incident over the past few years.",19
PASS_000390,KB_00380,REC_029,B00HQXUFYA,Electronics,"How simple would it be to say that it DOES come with a USB AND a Thunderbolt cable???Might save a few of us some good money, trying to guess whether it is included.",33
PASS_000391,KB_00381,REC_029,B00HQXUFYA,Electronics,"I've been a loyal G-Tech fan over the years, owning many G-Raid drives. They have served me well, with only one failure...which is to be expected after years of use.Bought this for use with my new Mac Laptop. After installing many GB of data and software, drive crashed in the second week. Went through the G-Tech return process, which requires you to pay for shipping to return their failed drive (don't understand the logic behind that). Good news: I promptly received a replacement drive. Bad News: It was dead on arrival. Called tech support and they said the only thing they could do for me is issue me another RMA to return the replacement drive. Not sure why I would want to go through this again, much less install a bunch of data on a product I have zero confidence in.A replacement, replacement drive? Sorry G-Tech, you just lost a loyal customer. This whole experience has just been a time and data suck.",163
PASS_000392,KB_00382,REC_030,B008O7MEAU,Electronics,gave this 5 stars.. its small enought to fit towards the back of the trunck and also leaves lots of space for whatever. Seems vey solid.,26
PASS_000393,KB_00383,REC_030,B008O7MEAU,Electronics,"This enclosure does everything I expected it to, it's well constructed, looks great, and is very affordable. Every other enclosure I looked at in retail stores were upwards of $100, and that was without carpeting. All around, I'm a happy camper.",41
PASS_000394,KB_00384,REC_030,B008O7MEAU,Electronics,The box itself looks and feels nice but i will either have by buy another box or mod this one so my Rockford Fosgate p2 sub will fit which I'm sucks so make sure your sub will fit the box before you buy it or it will just become fire wood like mine probably will,55
PASS_000395,KB_00385,REC_030,B008O7MEAU,Electronics,"Arrived in 2 days, Great workmanship and materials. I was actually surprised when I hooked up my two Boss Audio P12DVC subwoofers in this enclosure. Using the 2 ohm wiring method, at 15% volume using a 100 watt sub amp (the P12DVC's are rated for 1000 each) I was nearly shaking my car already. This box is a definite steal at $38, its probably the best box that I have ever heard, by far, and I have hooked up subs for friends in $140 boxes. The biggest reason I was amazed was the extremely clear low frequency output and I mean 25 Hz low.Recommend to anyone with 12&#34; subs that wants really low and clean bass.",116
PASS_000396,KB_00386,REC_030,B008O7MEAU,Electronics,this box is great my punch p2 look and sounds great i would recommend it to anybody looking for a subwoofer box plus good price beats paying 120 dollars at best buy,32
PASS_000397,KB_00387,REC_030,B008O7MEAU,Electronics,now this is review is for &#34;MY&#34; application 88 honda prelude this box fits perfectly and still gives me  plenty of trunk space....so i gave this a 5 star rating because it meets/exeeds ALL of my needs1. fits my trunk2.box hits proper3. it was 40 buckz.,46
PASS_000398,KB_00388,REC_030,B008O7MEAU,Electronics,have this in an 04 lancer with 2 vm audio subs srw12 and it rocks my car with a 1000 watt sony amp turned up half way,27
PASS_000399,KB_00389,REC_030,B008O7MEAU,Electronics,great product for the price. also shipped fast. The product is also built strong. I would buy from them again.,20
PASS_000400,KB_00390,REC_030,B008O7MEAU,Electronics,You'll pay double anywhere else for a box built as well as this one. It sounds amazing in the back of my bronco,23
PASS_000401,KB_00391,REC_030,B008O7MEAU,Electronics,gave this 5 stars.. its small enought to fit towards the back of the trunck and also leaves lots of space for whatever.,23
PASS_000402,KB_00392,REC_030,B008O7MEAU,Electronics,"This enclosure does everything I expected it to, it's well constructed, looks great, and is very affordable.",17
PASS_000403,KB_00393,REC_030,B008O7MEAU,Electronics,I was actually surprised when I hooked up my two Boss Audio P12DVC subwoofers in this enclosure.,17
PASS_000404,KB_00394,REC_030,B008O7MEAU,Electronics,"Every other enclosure I looked at in retail stores were upwards of $100, and that was without carpeting.",18
PASS_000405,KB_00395,REC_030,B008O7MEAU,Electronics,now this is review is for &#34;MY&#34; application 88 honda prelude this box fits perfectly and still gives me  plenty of trunk space....so i gave this a 5 star rating because it meets/exeeds ALL of my needs1.,37
PASS_000406,KB_00396,REC_030,B008O7MEAU,Electronics,great product for the price.,5
PASS_000407,KB_00397,REC_030,B008O7MEAU,Electronics,Great quality and fits perfect in his altima. Arrived ahead of schedule. It looks great accompanied with the two boss subs I got him. If the subs worked :/,29
PASS_000408,KB_00398,REC_031,B007260OOC,Toys_and_Games,"These will not open to look round, have them hanging and still won't open all the way. Not what I expected.",21
PASS_000409,KB_00399,REC_031,B007260OOC,Toys_and_Games,"I ordered these not so much to use as a party accessory, but to spice up my daughter's room (she's into anything zebra print). These latterns along with other zebra accessories have brought her room to life and she loves it. The latterns are easy to assemble...took less than a minute and we strung them from the ceiling. Just be careful because they are paper...",65
PASS_000410,KB_00400,REC_031,B007260OOC,Toys_and_Games,These arrived on time and are perfectly light to hang from the ceiling. They added just the right bling to my granddaughter's room.,23
PASS_000411,KB_00401,REC_031,B007260OOC,Toys_and_Games,My 11 year old daughter loves these lanterns hanging over her bean bag reading corner with lights strung through them.,20
PASS_000412,KB_00402,REC_031,B007260OOC,Toys_and_Games,Just the right addition to my grand daughters zebra themed room. Just a little extra item for Christmas. Looks cute hanging.,21
PASS_000413,KB_00403,REC_031,B007260OOC,Toys_and_Games,These things tore before I even had a chance to use them for my daughters b-day party. don't recommend them,20
PASS_000414,KB_00404,REC_031,B007260OOC,Toys_and_Games,This item was purchased as a Christmas gift and has not yet been opened. I am rating the item based on what I see in the package only.,28
PASS_000415,KB_00405,REC_031,B007260OOC,Toys_and_Games,My daughters loved them. They were perfect for the girls room. Good quality also. I would def. recommend this product.,20
PASS_000416,KB_00406,REC_031,B007260OOC,Toys_and_Games,very nice looking once put together. alittle harder to put up and alot smaller than I expected them to be.. I was under the assumption they we much bigger,29
PASS_000417,KB_00407,REC_031,B007260OOC,Toys_and_Games,I should have shopped around locally before searching the web. Ended up paying $5.00 more for it online. Product itself is exactly what I was looking for.,27
PASS_000418,KB_00408,REC_032,B00BSWSFEC,Toys_and_Games,"This is perfect, exactly like picture and really cute! if this is something you are looking for its completely worth it.",21
PASS_000419,KB_00409,REC_032,B00BSWSFEC,Toys_and_Games,"It came packaged really well but it was a little dirty anyway. It looks exactly like the picture. It is not very large, but the details are great! I highly recommend this item! It is a good buy!",38
PASS_000420,KB_00410,REC_032,B00BSWSFEC,Toys_and_Games,"This is a really nice plush minion. The goggles are hard plastic, not fabric like I have seen on other minions.",21
PASS_000421,KB_00411,REC_032,B00BSWSFEC,Toys_and_Games,"I've been looking everywhere for a cute little minion plush, ever since the first movie came out. Glad I could actually find one. This one is especially nice, because of how the eyes are made. They're actually plastic goggles so it looks just like the movie minions. Where as most of them have plush goggles that are all lopsided and weird looking. Perfect size. Really well put together. Awesome plush! Fast shipping! No problems! Anyone who loves Despicable Me will love this little guy!",84
PASS_000422,KB_00412,REC_032,B00BSWSFEC,Toys_and_Games,"I like it but it doesn't look anything like the photo that I bought it under. It will make a great gift though, just wish the photo was a bit more accurate.",32
PASS_000423,KB_00413,REC_032,B00BSWSFEC,Toys_and_Games,Not exactly sure what happened but it isn't what was in the picture and did not match the other Minion I had ordered.,23
PASS_000424,KB_00414,REC_032,B00BSWSFEC,Toys_and_Games,"It's in really good shape, size is great (10 inches), the minion's goggles are rubber and it has like popping eyes, price is good for the qualty you get, really adorable. If you like the movie, you'll love this item.",40
PASS_000425,KB_00415,REC_032,B00BSWSFEC,Toys_and_Games,This product was really satisfactory for us. Our Kid feel really happy with his minion plush. Thats the only thing that is very important here.,25
PASS_000426,KB_00416,REC_032,B00BSWSFEC,Toys_and_Games,She loves the movies and thought having her own &#34;Dave&#34; was great!! The price was really reasonable. I think everyone deserves their own minion!! !,25
PASS_000427,KB_00417,REC_032,B00BSWSFEC,Toys_and_Games,"My girlfriend is REALLY into the minion thing, absolutely loves the despicable me series. I got this as a gift for her after she was really disappointed in not finding one in any of our stores. Surprised her with it when it came in and she loved it. Appears to be made well.",53
PASS_000428,KB_00418,REC_033,B00ARQW1C2,Toys_and_Games,"In addition, although the battery pack is difficult to get to, this Elmo comes in frustration-free packing (thank you Playskool)!",20
PASS_000429,KB_00419,REC_033,B00ARQW1C2,Toys_and_Games,"I bought this for my little girl (1 yo) for Christmas, because she is fascinated with talking stuffed animals and Sesame Street. When we pulled it out of the frustration free packing ( I love that feature), I was a little concerned that she would terrified of it. It is a bit bigger than I expected but it could be because she is so young.",65
PASS_000430,KB_00420,REC_033,B00ARQW1C2,Toys_and_Games,"Shipping was good. I ordered the item six days before Xmas so I knew it may have taken a while to arrive but it came the day before Xmas. I used the frustration free shipping so I understood that the item would not come packaged in it's original box.As for the product itself, my 3 year old loves playing with Elmo... but it stopped working this morning. She only played with him for less than 12 hours!! I used a brand new pack of AA batteries.",86
PASS_000431,KB_00421,REC_033,B00ARQW1C2,Toys_and_Games,"Came in a timely manner. Just a heads up - It did NOT come in the store-type packaging, just a box. It works great and makes my son happy.",29
PASS_000432,KB_00422,REC_033,B00ARQW1C2,Toys_and_Games,"I returned the first one due to the condition of the packaging. The packaging on the second was damaged as well. The toy was not damaged, but I bought it as a gift.",33
PASS_000433,KB_00423,REC_033,B00ARQW1C2,Toys_and_Games,"We gave these to 3 to 5 year olds for Christmas. Unfortunately, we did not know there were no batteries included (not mentioned on packaging) so the kids could not get their hugs on Christmas.",35
PASS_000434,KB_00424,REC_033,B00ARQW1C2,Toys_and_Games,They really should make it obvious that they are not sending it in the packaging. If you go on now they have that option but when I purchased this item I DEFINITELY purchased the standard packaging. They sent it without the packaging anyway.,43
PASS_000435,KB_00425,REC_033,B00ARQW1C2,Toys_and_Games,This does come in a small brown box. No fancy packaging. It was a gift for my daughter so I was a bit concerned when it arrived like that. If that doesn't bother you than this is a wonderful gift and a great price. The talking Elmo is adorable.,49
PASS_000436,KB_00426,REC_033,B00ARQW1C2,Toys_and_Games,"Mine doesn't work. I ordered long before Christmas and at Chirstmas, all the packaging was garbaged.My daughter calls it creepy and won't even have it in her room. She also lays it face down because it's so creepy! HaHaHa!It doesn't seem to function properly also.Oh well... another item for CL!",50
PASS_000437,KB_00427,REC_033,B00ARQW1C2,Toys_and_Games,Well this one doesn't. The packaging is very simple and there's not strings to cut and nothing that will cut you when you open. Elmo does need 4AA batteries though once you do get him out the package and those were easily installed.Elmo comes with an Off/Play/Sleep mode and once turned on Elmo starts talking. Elmo continually asks for a hug and an even bigger hug and tells you to hug him tighter and tighter.,75
PASS_000438,KB_00428,REC_034,B0001YH03U,Toys_and_Games,"I am going to make a trendy-er cover set, but over all this is perfect for the 18 inch dolls like AG!",22
PASS_000439,KB_00429,REC_034,B0001YH03U,Toys_and_Games,Had to find a bunk bed for 18&#34; dolls for a little girl in the family we sponsored for Christmas and I was excited when I found this one on Amazon. Most places had the beds but they were $50+ and that was just too far outside of my budget. Then we found this one for less than half that! Nice quality materials and I think it would hold up to the abuse of a 6 year old for quite awhile.,81
PASS_000440,KB_00430,REC_034,B0001YH03U,Toys_and_Games,My 5 year old really loves these bunk beds. Ours did not come with a ladder (or maybe I threw it out but that's highly doubtful) and the pink blanket you see in the picture doesn't open up so like a mattress pad and a separate blanket so my little one used a hand towel for a softer mattress than the stiff cardboard the actual bed part is made of. It's a pretty sturdy little bed if you trust your child will not sit or stand on it.,88
PASS_000441,KB_00431,REC_034,B0001YH03U,Toys_and_Games,"My 8 yr. old really wanted to buy a bunk bed for her American Girl dolls with her own money. This bed was great for her budget. We were worried that it would be difficult to fit the doll in the bottom bunk but it was very easy. They fit just great. It's like an ""Ikea version"" of an American Girl Doll Bed. The only bummer is that the ladder isn't attached. It just lays against the bed. But she is so happy with this product.",86
PASS_000442,KB_00432,REC_034,B0001YH03U,Toys_and_Games,"I purchased one a year ago for a 7,4 and 2 year old. It has held up very well. Grampa had to replace one of the bottoms when the now 5  year old sat on it, but that would be expected. He was amazed about how easily he could take it back apart to make the necessary repairs. This purchase is for a 6 year old.I also purchased 2 of the sets with the wardrobe on the bottom and the bed on top.",83
PASS_000443,KB_00433,REC_034,B0001YH03U,Toys_and_Games,"My 5 year old loves this bunk bed and it appears to be sturdy enough for her. She uses it for groovy girl dolls, 18 inch dolls and stuffed animals. I would recommend it.",34
PASS_000444,KB_00434,REC_034,B0001YH03U,Toys_and_Games,"Right now my daughter is using a pillowcase as a blanket until we get a little blanket to fit. The pillowcase is the perfect size, by the way. The bed seems very sturdy and looks like it will last a long time. Highly recommended!",44
PASS_000445,KB_00435,REC_034,B0001YH03U,Toys_and_Games,"My daughter received this doll bed for her 7th birthday for her American girl doll. We are both very happy with it. It fits the doll perfectly both on the top and bottom bunk. I found it very easy to put together and all the pieces were in great condition. I did find that one of the holes for one of the screws wasn't quite deep enough, but that was easy enough too fix by poking a pointed screw inside to get the provided flat screw started. Then it worked fine.",91
PASS_000446,KB_00436,REC_034,B0001YH03U,Toys_and_Games,"The price was reasonable, the bedding in adequate, the overall appearance is cute, but the construction is not impressive. There are dowels to hold the side rails on (so there is one dowel and one screw, much like anything at Ikea) Unfortunately, the dowels aren't long enough to make any connection between the side rail and the headboard. Because the side rails are the only thing that support the cardboard bed surface, then the side rail rotates out (because the dowel doesn't connect) the bed surface falls.",87
PASS_000447,KB_00437,REC_034,B0001YH03U,Toys_and_Games,My daughter has a mixture of 18 dolls (varying brands)This was easy to put together and looks great!for the price this was absolutely fantastic! What a relief to find something for American girl dolls that does not cost a million!,40
PASS_000448,KB_00438,REC_035,B000GQ0JZO,Toys_and_Games,Was wonderful but I exchanged it for a bigger one. I wasn't paying attention to the size. Promo return and refund.,21
PASS_000449,KB_00439,REC_035,B000GQ0JZO,Toys_and_Games,"The actual size is smaller than what you would guess from the picture (and smaller than other sets that I saw before). But overall, it is ok.",27
PASS_000450,KB_00440,REC_035,B000GQ0JZO,Toys_and_Games,I was extremely happy with this backgammon set for the money. A nice little case that is just perfect.,19
PASS_000451,KB_00441,REC_035,B000GQ0JZO,Toys_and_Games,I bought this game for my daughters to play on trips to the beach and love it's easy travel case.,20
PASS_000452,KB_00442,REC_035,B000GQ0JZO,Toys_and_Games,"Not only is the product exactly as it was described, but they give explicit directions explaining what to do in case I was unhappy with any part of the product.",30
PASS_000453,KB_00443,REC_035,B000GQ0JZO,Toys_and_Games,"Just like the one I used to play when I was a kid. So glad to have another classic game to teach my own children. Lovely case - great, well-constructed board.",31
PASS_000454,KB_00444,REC_035,B000GQ0JZO,Toys_and_Games,ok... this game is kind of a small version of what I was thinking... maybe I should have looked at the dimensions before I got it ... but that's my fault... the chips are small and the dice are small... but other then that... this game is exactly the way I expected it and is a great set,58
PASS_000455,KB_00445,REC_035,B000GQ0JZO,Toys_and_Games,nice set no chipping no problems while playing it. its worth the money. who needs leather?,16
PASS_000456,KB_00446,REC_035,B000GQ0JZO,Toys_and_Games,We got it to revive the days of when we used to play serious Backgammon. Still haven't used it but it's the spittin' image of what we had many years ago. An especially good deal for those first starting out with the game.,43
PASS_000457,KB_00447,REC_035,B000GQ0JZO,Toys_and_Games,Very nice for the price. Seems like it is well made. Would buy this item again or send as a gift.,21
PASS_000458,KB_00448,REC_036,B00172R9O0,Toys_and_Games,"My teen age grand daughter only wanted cash for Christmas. We obliged by putting money in one of these puzzle boxes. She LOVED it, and spent the evening playing with it while others opened gifts. She even replayed it several times that evening and a few days later made her dad solve it to get a piece of candy. HIGHLY recommend. P.S. Although we bought 3 different puzzles, we have yet to try 2 of them. The one described here was the cube shaped box.",85
PASS_000459,KB_00449,REC_036,B00172R9O0,Toys_and_Games,Can't figure out how to solve. Maybe I need a better set of eyes. I think a solution sheet should be provided!,22
PASS_000460,KB_00450,REC_036,B00172R9O0,Toys_and_Games,this was completely awful. could not get any cards or cash out. would need a hammer to open. am returning both that I bought.big disappointment. truly not for kids.,29
PASS_000461,KB_00451,REC_036,B00172R9O0,Toys_and_Games,"It was fun for those of us watching as well. I don't think I'd give another gift card without one of these as a little bonus. They are fairly inexpensive and highly entertaining. I stock up on greeting cards, so I will probably purchase a couple more of these just to keep for when I give more gifts. They turned out to be a highlight of the gift giving.",69
PASS_000462,KB_00452,REC_036,B00172R9O0,Toys_and_Games,Bought 3 of these for Christmas presents.Fun watching them try to solve the puzzle to get the &#34;prize&#34;. (I used cash instead of a gift card)Nice quality.,27
PASS_000463,KB_00453,REC_036,B00172R9O0,Toys_and_Games,I bought this as a gag gift for my husband to put money in. When I got the item I decided to try it out first. Lucky all I put in it was a gift card that had no money on it. Upon completion of the maze I gently pushed the button like the instructions said. However the drawer wouldnt come out. I do not recommend this to anyone. It wouldve been a great idea if it would of actually worked.,81
PASS_000464,KB_00454,REC_036,B00172R9O0,Toys_and_Games,"I got one of these a few years ago, and I won't give a gift card without one anymore. They make a perfect addition to the gift card and you can give the card and still feel like you put a little bit of thought into the present.I have never had anyone complain about getting one of these. Another cool part is that the gift getter can reuse it for another gift card for someone else down the road",79
PASS_000465,KB_00455,REC_036,B00172R9O0,Toys_and_Games,We bought this as a gift card holder for a white elephant gift exchange and it was a hit. I was one of the most wanted gifts. Took them about 15 mins to unlock it.,35
PASS_000466,KB_00456,REC_036,B00172R9O0,Toys_and_Games,"Every Christmas I give money maze boxes to my grandsons. This one was fun for one to open. I had also put the directions to solving the puzzle inside with the cash positioned where he couldn't see how to solve it. After about thirt minutes he blew hard in the hole to try to move the directions and the drawer popped open. All and all, it was a fun money maze.",71
PASS_000467,KB_00457,REC_036,B00172R9O0,Toys_and_Games,"I purchased two of these in which to place gift cards and cash for my grandsons. I gave one an Amazon gift card and the other some cash. These are pretty nice items. The boys could see very clearly what was inside. They are sturdy, too; all the shaking and rattling that went on in the process of their trying to solve the maze had no negative effects at all. One boy was able to solve it considerably faster than the other.",82
PASS_000468,KB_00458,REC_037,B0084XZE7E,Toys_and_Games,"When I saw this on Amazon I knew my 6-year old granddaughter would love it...and she does. For whatever reason, she has an infatuation with tape! The rolls are very tiny and there's not a whole lot of tape on each roll. However, the designs are very cute. She has already used several designs to do art or to make something for her doll. I would order it again, but wish there was more tape on each roll.",78
PASS_000469,KB_00459,REC_037,B0084XZE7E,Toys_and_Games,I bought it for a nine year old girl and she loved it! She started making things right away! It was a good choice but a little pricey!,28
PASS_000470,KB_00460,REC_037,B0084XZE7E,Toys_and_Games,My 5 year old uses this tape on EVERYTHING and loves it! It's a great gift idea for any craft lover!,21
PASS_000471,KB_00461,REC_037,B0084XZE7E,Toys_and_Games,This was a successful gift for an eight year old girl who likes tape. There are a lot of choices of style and nothing that would be in poor taste.,30
PASS_000472,KB_00462,REC_037,B0084XZE7E,Toys_and_Games,"I bought this as a gift for an 11-year-old girl. It was a big hit! She really liked it, and it got passed around, as everyone else wanted to check it out.",32
PASS_000473,KB_00463,REC_037,B0084XZE7E,Toys_and_Games,"It's practically impossible to keep the rolls on the caddy, which I had to thrown away because it wouldn't stay together, and wouldn't hold any dispenser. The dispensers are extremely small and come apart very easily. The dispensers, or their parts, end up strewn all over the house. My 3-year old loves the tape designs, but I dislike the clutter. It's a good value if you get a nice clear box to hold the dispensers and are good about keeping them in it.",83
PASS_000474,KB_00464,REC_037,B0084XZE7E,Toys_and_Games,"I bought this for my ten year old Granddaughter and she really enjoyed decorating her school binder as well as different items.This is a fun gift to give to either boys or girls. Its like using a scotch tape dispenser, very easy to use.",44
PASS_000475,KB_00465,REC_037,B0084XZE7E,Toys_and_Games,"Got as a christmas gift for a little 6 yr girl and ended up being jealous and wanting one myself at 26 lol. Perfect for scrapbooking and paper crafts. I personally use them when I ship things in recycled packaging, cute tapes to seal the boxes and envelopes that have been torn open, gives them personality. A+++",57
PASS_000476,KB_00466,REC_037,B0084XZE7E,Toys_and_Games,I gifted this so I don't know anything about it. It seemed to make a good gift. The little girl liked it.,22
PASS_000477,KB_00467,REC_037,B0084XZE7E,Toys_and_Games,"My 8 yr old wanted these little rolls of tape. Alot cheaper then the stores, and in stock. She had a good time with them.",25
PASS_000478,KB_00468,REC_038,B00004YRPC,Toys_and_Games,It is well made but is too stiff for a seven year old to use. She can't get any bounce out of it. I haven't been able to find an adjustment of any kind yet.,35
PASS_000479,KB_00469,REC_038,B00004YRPC,Toys_and_Games,I am 85 pounds and it works great (in fact the pedals go down to the tip when i jump!P.S. You can't get over 1foot of air (unlike flybar),29
PASS_000480,KB_00470,REC_038,B00004YRPC,Toys_and_Games,This pogo stick is very well made and works great. The spring comes extremely tight so it gives the child a chance to get used to it before they start moving. The handles are all wrapped for safety and that helps. At the top of the bar it most have some kind of joints pieces and they stick out slightly but not a big deal.,65
PASS_000481,KB_00471,REC_038,B00004YRPC,Toys_and_Games,"Whether you are looking to start a life-long hobby of Pogo-Sticking, a new way to exercise, or just want something to do, this is the Pogo-Stick for you. It's an easy option to start with. The weight rating is 80-160 pounds and if you know what you are doing you can get about a 2 feet of air. The product also includes a link for the companies website to get replacement parts. This is a great buy for a beginning Pogo-Sticker.",81
PASS_000482,KB_00472,REC_038,B00004YRPC,Toys_and_Games,"The pogo came assembled and ready to rock but golly is it ever hard to bounce! I thought my kid was just too small but I couldn't even get it to really bounce either. My friend ordered the exact same pogo for her son (8 years old, like mine) and had the same problem. Kind of a shame because it is not so flimsy like other pogos I've seen but the kids can't really use it.",76
PASS_000483,KB_00473,REC_038,B00004YRPC,Toys_and_Games,This is a great pogo for  anyone who wants to jump really high. It gets tons of air. In general it's just a great stick plus the custormer service is really good so I would reccomend this to 10-11 year olds and teenagers who are below the weight limit. For more info on this stick go to  [...],58
PASS_000484,KB_00474,REC_038,B00004YRPC,Toys_and_Games,This stick is the the greatest thing ever! My friend just got it a few days ago in just the first few jumps  he was already getting over a foot of air! it was was crazy even he was amazed. Even I who had never really done it before learned pretty fast on this stick. Plus the foam is awsome it feels really good on your hands and legs unlike other pogo sticks.,73
PASS_000485,KB_00475,REC_038,B00004YRPC,Toys_and_Games,"Too far back and he could fall backwards. However, it didn't take him long to know exactly what to do. If he felt himself tipping too far forward or too far backward, he hopped off. But if wasn't long before he learned to correct this while still jumping. So far, I would definitely recommend this. Although the weight restrictions indicate 80-160 lbs. He is only 62 lbs. and had no problem getting great jumps and even ""catching air.""",78
PASS_000486,KB_00476,REC_038,B00004YRPC,Toys_and_Games,"I am rating manufacturer of this product not product itself. I am so mad to them that, I request Amazon to stop them of selling all products manufactured by this company period. They don't have any kind of quality instection and responsibility before shipping. I had purchase this for my 12 yr daugher's Christmas gift. We hide from her till night before and wraped up and next day when she opened package in front of everybody. We found half piece of broken pogo stick in side the box.",88
PASS_000487,KB_00477,REC_038,B00004YRPC,Toys_and_Games,The whole family has been using this pogo stick. It is easy to use and the kids get much enjoyed from it.,22
PASS_000488,KB_00478,REC_039,B00GZ1GUSY,Toys_and_Games,"The multiplayer is pretty undercooked as well.All in all though, this is a fun single player experience for anyone who loves adventure games and great environments.",26
PASS_000489,KB_00479,REC_039,B00GZ1GUSY,Toys_and_Games,"I've beaten the game, and it was such a blast to play that I am going to try to unlock the Platinum trophy for it. The only part that I didn't like about the game was some of the QTE's. I haven't tried the multi-player yet, but plan to soon.",50
PASS_000490,KB_00480,REC_039,B00GZ1GUSY,Toys_and_Games,"If you haven't purchased this games yet then it's totally worth the $60. The graphical improvements are very noticeable and you get the full game with DLC, although not a lot of single player content. Still great game if you haven't already played it on previous hardware.",47
PASS_000491,KB_00481,REC_039,B00GZ1GUSY,Toys_and_Games,"The single player experience is phenomenal. Tense moments throughout really make you jump with a good pair of headphones. The multi-player is a joke, and brings down the rating 1 star. Bad move on Squeenix's part. Gorgeous graphics on PS4 too.",41
PASS_000492,KB_00482,REC_039,B00GZ1GUSY,Toys_and_Games,"The remaining cast is mostly done very well, with one or two exceptions.The graphics in the last-gen version of the game were spectacular, and the current-gen are even better. The controls are update as well, with fun new ways to switch weapons, bring up the map, and light and stow your torch.",52
PASS_000493,KB_00483,REC_039,B00GZ1GUSY,Toys_and_Games,"The story keeps you interested. I'm about 65% done and I've yet to hit any dull moments.I played multi-player for about an hour and wasn't impressed. I'm not even sure why they even invested any time in developing that aspect of the game, but I guess some may find it fun. The real gem here is the campaign.",58
PASS_000494,KB_00484,REC_039,B00GZ1GUSY,Toys_and_Games,"The puzzles were challenging but not so challenging that they ruin the game experience. Graphics are amazing, there were a few times when the game went to a cut scene and when it went back to Lara Croft it took me a minute to realize that the cut scene was over and I was back to playing! The player has the choice of whether they want to be stealthy or go for a full on assault or something in between.",80
PASS_000495,KB_00485,REC_039,B00GZ1GUSY,Toys_and_Games,"It adds a small but considerable aspect to the gameBottom line-This is a different game than the last gen version, so treat it as such. If you have already played the game I wouldn't warrant buying a new one just cause you can, but if you are looking for an action packed 16 hours (single player) than this is your game. The online isn't anything ground breaking but it is entertaining.",71
PASS_000496,KB_00486,REC_039,B00GZ1GUSY,Toys_and_Games,"I like the games that have a Great campaign rather than Multi player. Tomb Raider Definitive Edition may be one of the Best Single player games EVER! The graphics, game play, story line and upgrade system are Incredible. As the game progresses you wonder, how could it get any better...and it does! This game does Not Disappoint! Buy it on Amazon for $30, it is worth every penny!! !",69
PASS_000497,KB_00487,REC_039,B00GZ1GUSY,Toys_and_Games,"It's one of those games that you can't wait to get home to play. Really well executed and the pacing is probably the best I've ever experienced.Here are the two major points I will address, specific to the Definitive Edition:1) Graphical Upgrade:Oh my god, if you thought the first version was already smooth, you're in for a treat with the PS4 version.",62
PASS_000498,KB_00488,REC_040,B000ANKKK2,Toys_and_Games,"This is a fun for the whole family low tech game, and made in the USA. It's nicely challenging to the user. Wooden pins...more like an old arcade-type game. Overall a well made toy.",34
PASS_000499,KB_00489,REC_040,B000ANKKK2,Toys_and_Games,"We bought this for a surprise for the grandchildren - and what a surprise!! The kids range in age from 13 to 18 months, and they are all enjoying it. The little ones (2 under 2 years old) simply love rolling the ball at the pins and knocking things down. The older ones keep score and get very competitive with each other. The board is solid. The pins are wood and are substantial. There's two bowling balls.",77
PASS_000500,KB_00490,REC_040,B000ANKKK2,Toys_and_Games,"This is really nice, quality product. Beautifully made of quality materials. Made in the USA just warms my heart and gives me the fuzzies. No bells. No whistles. No flashing lights. No batteries. Simple old fashion fun for everyone! And the price is an amazing value for the quality of the product. Couldn't be happier.",55
PASS_000501,KB_00491,REC_040,B000ANKKK2,Toys_and_Games,"Purchased for a bed-bound lady who used to bowl. She loves to play this table top, and it brings back so many memories for her.",25
PASS_000502,KB_00492,REC_040,B000ANKKK2,Toys_and_Games,"My daughters got this as a Christmas present and while the wood looks old school durable, the plastic backstop came with a missing hinge so it's cheap and wobbly. And the catapult pin was too big to fit into the catapult and broke when I tried to insert it so now the game is pretty much useless. Really disappointed. I'm sure if it came in proper shape it'd be fun.",70
PASS_000503,KB_00493,REC_040,B000ANKKK2,Toys_and_Games,"Great fun, and as usual, is good quality from Carrom.",10
PASS_000504,KB_00494,REC_040,B000ANKKK2,Toys_and_Games,Gift for my 10 year old grandson-who loves bowling. Also just loves playing. This doesn't take up much room either. Great fun.,22
PASS_000505,KB_00495,REC_040,B000ANKKK2,Toys_and_Games,Fun for all ages. The ball launcher is good for those with arthritis. The manual pin setter is unnecessary but creates a nice backboard.,24
PASS_000506,KB_00496,REC_040,B000ANKKK2,Toys_and_Games,"A well made game that has given hours of trouble-free fun to my grand kids. For the size it's the closest thing to actual bowling, being able to control the ball and the pin spotter action.",36
PASS_000507,KB_00497,REC_041,B004KKX82I,Toys_and_Games,This is the most awesome bey ever. It has more stamina than all my other beys. It even beat my Diablo Nemesis!! !,23
PASS_000508,KB_00498,REC_041,B004KKX82I,Toys_and_Games,It is amazing how long this bey spins even while being hit by strong attacks or against other stamina types.,20
PASS_000509,KB_00499,REC_041,B004KKX82I,Toys_and_Games,This beyblade is cool. It defeated my Phantom Orion B:D and my other beys. This beyblade is good for stamina,20
PASS_000510,KB_00500,REC_041,B004KKX82I,Toys_and_Games,Awesome bey grate stamina the tip is great to help attack beys with low stamina just grate All around bey,20
PASS_000511,KB_00501,REC_041,B004KKX82I,Toys_and_Games,"Scythe Kronos is one of the best stamina types. It has two modes: stamina mode, attack mode. I LOVE IT and I give it *****",25
PASS_000512,KB_00502,REC_041,B004KKX82I,Toys_and_Games,Both my boys said it is a really good stamina and attack type beyblade. I would recommend Scythe Khronos to anyone who has children who love beyblades.,27
PASS_000513,KB_00503,REC_041,B004KKX82I,Toys_and_Games,It has really good stamina but the tip really should be more defencey. The spinning energy ring is genius they at like claws and make it spin longer. But it still is not the best phantom orion is.overall it is really great but not the best,46
PASS_000514,KB_00504,REC_041,B004KKX82I,Toys_and_Games,FACE: KronosClear Wheel: KronosMetal Wheel: SytheTrack: T/TornadoBottom: EDS E/Eternal D/Defense S/SharpThis beyblade is very good. The EDS is free spinning that makes the beyblade stamina.It is a Stamina Type,29
PASS_000515,KB_00505,REC_041,B004KKX82I,Toys_and_Games,"It is free-spining which prolongs the duration and stamina of the beyblade, it has this small spike which gives it a lot more stamina but it will get flat if the beyblade is used wrong or if overused.Its a great beyblade Overall and you will love it as soon as you get it but keeping in mind taking care of the performance tip.",63
PASS_000516,KB_00506,REC_041,B004KKX82I,Toys_and_Games,from using scythe kronos before this bey by far the best stamina type i have used i am currently borrowing my bfs but it is very impressive. the only thing to look out for is the tip inside the plastic cover it will break if there's to much pressure put on it. unlike our versions of the beys the imports you have to give a little extra spin bc it has more metal in the ring,76
PASS_000517,KB_00507,REC_042,B00DJ78H1A,Toys_and_Games,Best way to connect in parallel two batteries of the same make and size to the phantom to extend flight time. You will want to add a twin battery plates to exterior of Phantom to make best use of the Y Harness.,42
PASS_000518,KB_00508,REC_042,B00DJ78H1A,Toys_and_Games,These are just what they say they are. They work great for adding extra batteries to your Phantom. I suggest them is you want more flight time.,27
PASS_000519,KB_00509,REC_042,B00DJ78H1A,Toys_and_Games,I dont see the difference. I think with the DJI Phantom Quadcopter Dual Battery Carbon Fiber Mount they make my DJI quadcoper heavier to fly. or maybe the cable drains the energy from both batteries at the same time. cause by the time i finish exhausting the batteries they are both dead whereas i flew the copter for only 5-7 mn. which is normally the fight time of one battery anyway.,71
PASS_000520,KB_00510,REC_043,B00IGXUSGY,Toys_and_Games,"my son loves to splash.... in the tub, in the sink, anywhere he can. he usually gets in trouble for it, so we thought we might get him a place to splash, discipline-free. best birthday present ever!",37
PASS_000521,KB_00511,REC_043,B00IGXUSGY,Toys_and_Games,by far the best water table for toddlers,8
PASS_000522,KB_00512,REC_043,B00IGXUSGY,Toys_and_Games,"Very easy to put together,love the pieces  that were included with  it. I would like it better if the pieces that attach would stay on, my grandson can pull them off but other than that really like it.",38
PASS_000523,KB_00513,REC_043,B00IGXUSGY,Toys_and_Games,This is a good water table. It comes with several little activities to pour water into and is at a good height for my 19 mo. old son. He seems to like! The drain plug sometimes leaks a little and when you go to release the water sometimes the plug comes off entirely which by design it should not. Overall this is a good product.,65
PASS_000524,KB_00514,REC_043,B00IGXUSGY,Toys_and_Games,The tower for the water wheel was finicky snapping together and I feared I'd break a tab off. Some of the plastic showed signs of stress after I had messed with it for awhile.,34
PASS_000525,KB_00515,REC_043,B00IGXUSGY,Toys_and_Games,"The octopus doesn't really create a whirlpool as much as it makes a current in the water to flow the floating fish and toys around the tub. As far as the build goes, everything fits together solidly and fairly sturdy. I didn't observe any leaking from the drain plug. Of course, there's A LOT of splashing, but that's all part of the fun!",63
PASS_000526,KB_00516,REC_043,B00IGXUSGY,Toys_and_Games,Sturdy and fun for the kids.,6
PASS_000527,KB_00517,REC_043,B00IGXUSGY,Toys_and_Games,"Setup was literally a snap (all of the parts easily ""snapped"" together) and it took only about 15 minutes. Assembly instructions were detailed and clear pictures (not idealized drawings that are hard to decipher, like some instructions.) Even before the water went in, my 29 month old daughter was already having fun spinning the octopus and organizing the ""fish."" Then her four year old big brother and I filled it up with 4 gallons of water and the fun really started.",81
PASS_000528,KB_00518,REC_044,B0002D00QE,Toys_and_Games,This is a high quality entry level recorder.I wouldn't recommend it for a very young child because the inside can get damp after use and you need to clean and dry it after you have a session. The sound is richer than the cheaper plastic instruments. It comes with a cleaning rod. The recorder takes apart into two pieces for cleaning.,61
PASS_000529,KB_00519,REC_044,B0002D00QE,Toys_and_Games,"These are (I bought two) very nice recorders. Don't let people tell you the plastic ones sound just as good. I own both, and there's no comparison. It's nice that this comes with a cleaning stick, but the storage case is something that looks like it was made out of clear shower curtain material. I'm going to end up searching for, or making a better case for it.",68
PASS_000530,KB_00520,REC_044,B0002D00QE,Toys_and_Games,"Awesome product, excellent quality, My grandson is so musical and he loves it. I recommend to anyone. Priced reasonable. Great",20
PASS_000531,KB_00521,REC_044,B0002D00QE,Toys_and_Games,"I had really high hopes for this product and was very excited when it arrived. Good sound, good feel, but within a few months it was very loose and wouldn't stay in tune. I would see this as frustrating to beginners and unacceptable for those more advanced.[...]",47
PASS_000532,KB_00522,REC_044,B0002D00QE,Toys_and_Games,"This is a good recorder, especially for the price. The wood ones have a great tone that the resin ones cannot compare with. It is a soprano recorder so it is pitched high, but the finger spacings are easy and the product itself is quite decent. This is a great beginning recorder to get used to woodwinds and reward yourself with easy playability.",63
PASS_000533,KB_00523,REC_044,B0002D00QE,Toys_and_Games,"Product description says this is made in Germany. I didn't pay 2.5 times more for this recorder than a Tudor or Yamaha that I KNOW is made in China for a recorder that is falsely advertised as made in Germany just to find that it's made in China.Looks like a nice recorder, but I can't say that it sounds any better or will last any longer than a $10 Yamaha or Tudor.",72
PASS_000534,KB_00524,REC_044,B0002D00QE,Toys_and_Games,"The recorder is okay. It sounds about as good as the much less expensive plastic one, but it is quite difficult to clean/sanitize. I sometimes buy products made in China, but I was under the impression that this recorder was from Germany. When it arrived we saw that it is a German company that manufactures in China. Because my kid puts this in her mouth, I wanted a product manufactured in a place with more stringent rules on toxicity in paints, treated wood etc.",84
PASS_000535,KB_00525,REC_044,B0002D00QE,Toys_and_Games,"i was totally impressed that this instrument was a JEWEL ofa bargain and with the proper training would produce beautiful music.i would want my kid to have one of these if they were going to take lessons.be sure which key to buy, check with the instructor in advance. I have smallhands though and as an older adult found it hard to finger and release all the holeson top and bottom in a manner which would enable even basic baroque tunes to bemasterfully played. Nice quality product however!",87
PASS_000536,KB_00526,REC_044,B0002D00QE,Toys_and_Games,"While it is not a bad recorder, I would not buy this again or recommend it to others.",18
PASS_000537,KB_00527,REC_045,B00AEQ0JTM,Toys_and_Games,No complaints! Great product and great price. Easy to set up with spektrum radio. I'm hooked on spektrum. Plus amazon prime! Can't beat it.,24
PASS_000538,KB_00528,REC_046,B0092BWWG8,Toys_and_Games,"They are cheaply made, and I had one break before I ever even used it, because I was trying to figure out how to make it &#34;flash,&#34; as the Amazon description said it would (it doesn't).HOWEVER, they are super cute, and definitely worth the low price. Right now, they are $5.29 with free (Prime) shipping for a 6 pack. That is a good price.",64
PASS_000539,KB_00529,REC_046,B0092BWWG8,Toys_and_Games,"I bought 2 packs of 6. 7 of the 12 broke off the barrette as I was taking the outer cellophane off. These are cute and fun, but you would need to buy twice as many as you actually need to make sure you have enough unbroken ones to use. While they did not glow as in the pictured, the flashing lights in the barrette part gave off enough light to be a fun addition to a party. We had a good time with the unbroken ones.",87
PASS_000540,KB_00530,REC_046,B0092BWWG8,Toys_and_Games,"Some reviews state that they don't last long. The package says it brings trial batteries so if using for more than one occasion, look up battery size CR1220. I saw some on Amazon for like $4 a five pack which is not bad either. I think if I get to use this for about three occasions in the following months, then I'll get more than my money's worth. Also, the clip is a bit on the big side but it lights up too which is a pro.",87
PASS_000541,KB_00531,REC_046,B0092BWWG8,Toys_and_Games,Cheap and break in one use. I bought them for kids and adults and even the adults were falling apart. Don't waste your money. The shipping was fast.,28
PASS_000542,KB_00532,REC_046,B0092BWWG8,Toys_and_Games,I actually used these to light up my little girls' Halloween costumes. They all worked great and I loved how they changed colors slow and the fast. You can trim the too.,32
PASS_000543,KB_00533,REC_046,B0092BWWG8,Toys_and_Games,I bought the package of 6 to wear to an upcoming music concert. They are battery-operated with an easy on/off switch. They are beautiful and functional and easy to use. I loved the pic of the girl wearing them around her hair-bun. It's actually what inspired me to purchase.,49
PASS_000544,KB_00534,REC_046,B0092BWWG8,Toys_and_Games,"Yes Pretty, Came quickly, I am happy with the product. The hair clip is weak and the power pack is on the heavier side. (not sure what I was expecting there).It would be better if the Hair clip were stronger to actually hold the thing in the place. I am thinking of modifying the ones I have to make them more practical. Fun things...",64
PASS_000545,KB_00535,REC_046,B0092BWWG8,Toys_and_Games,"In the last 30 seconds:-the plastic of the barrette broke when opening metal clip in 3 of the 4 barrettes-the plastic was already broken in the 4th package that I looked at-the light source to the fiber optics is bright and awesomely blinky, but the actually fiber is near useless-I helped potential buyers from buying this crappy product...",58
PASS_000546,KB_00536,REC_046,B0092BWWG8,Toys_and_Games,"I purchased these for my daughters sleep-over birthday party thinking that the girls would have fun with them. Here are the reasons that I felt these were terrible.1- the fibers come out easily and now my house is covered in plastic strings2- the clips do not hold any hair3- the battery pack is very heavy and very big causing them to slide out of the hair once you actually get them to clip4- the batteries didn't last more than an hourAll in all, these were a big let down",89
PASS_000547,KB_00537,REC_046,B0092BWWG8,Toys_and_Games,I bought a pack of the hair lights for stocking stuffers. They worked for all of 2 seconds! Do not buy this product!,23
PASS_000548,KB_00538,REC_047,B00000J0NT,Toys_and_Games,"NOT 120 COLORS! It includes multiple boxes of crayons that are identical, not 120 different colors",16
PASS_000549,KB_00539,REC_047,B00000J0NT,Toys_and_Games,I bought these for the school event and was very pleased with 120 different colors of crayons. Good buy for the price.,22
PASS_000550,KB_00540,REC_047,B00000J0NT,Toys_and_Games,"You really can't beat the quality of Crayola's crayons. Other crayons are too waxy & break far too easy. Crayola's crayons are durable & very vivid. In this box, there really are 120 crayons of different colors. Who knew there even could be that many colors? !",47
PASS_000551,KB_00541,REC_047,B00000J0NT,Toys_and_Games,There is nothing negative I can about this.There really are 120 different colors. They really are ALL different (unlike the box of 64 colored pencils). It comes in a great sturdy box with a crayon sharpener. I'm 33 and I love coloring!,42
PASS_000552,KB_00542,REC_047,B00000J0NT,Toys_and_Games,"The 120 crayons come in two boxes of 48 and one box of 24. They may all be different colors but why the extra packaging? If I want to view all the crayons at once, I have to look through 3 different boxes. *sigh* life can be so difficult sometimes.",50
PASS_000553,KB_00543,REC_047,B00000J0NT,Toys_and_Games,"Okay, so when I opened this box I was admittedly confused, I thought, oh no this is just 2 48's and a 24 count box of regular crayons...but when you open the boxes they are all different colors and you really do get 120 different crayons, and amazing colors at that!",51
PASS_000554,KB_00544,REC_047,B00000J0NT,Toys_and_Games,"i like these crayons and they were cheap, but some of my crayons when i got this were broken, but crayons are easily broken so wasnt that big of a deal. i thought when there was 120 crayons there would be more variety of colors nut some arent all that different. some people said there were duplicate colors of the crayons in the box, that is not true they are similar but not the exact same crayon.",77
PASS_000555,KB_00545,REC_047,B00000J0NT,Toys_and_Games,"There's not much to say about the quality of Crayons, they seem to be the same as they were decades ago. My problem is that this item was supposed to have 120 different colors and that was not the case. Most of them are different, but out of the 5 small boxes that come in the 120-pack box, 2 of the small boxes were identical. Not a huge disappointment, but still not as advertised.",74
PASS_000556,KB_00546,REC_047,B00000J0NT,Toys_and_Games,"I was disappointed. When I ordered this I thought I was getting 120 different crayons and a useable sharpener. However, this is a set with two boxes of 48 crayons with the same colors, and one box of 24. The sharpener was unusuable. It just didn't work. The crayons were, of course, good quality, Crayola but packaging was deceptive.",59
PASS_000557,KB_00547,REC_047,B00000J0NT,Toys_and_Games,"I picked this box because it said that it had 120 unique colors. When I opened it, I saw 2 boxes of 48 and a box of 24. I was disappointed. Then I opened the boxes and saw that they were all different. However, I only got 118 crayons and another one was broken. It's still a nice set and I'm happy with it.",64
PASS_000558,KB_00548,REC_048,B0062RKIIY,Toys_and_Games,"I bought my great nephew the mustang, so of course I had to get the Camaro for his older brother. Now they race and have a ball. This is a fantastic toy.",32
PASS_000559,KB_00549,REC_048,B0062RKIIY,Toys_and_Games,"Second one of these I bought that has a wiring short in it. It goes until it hits an object, or even just goes up onto a carpet, and it stops. Can't get it to go again unless you pick it up and shake it. Made in China = doesn't work.",51
PASS_000560,KB_00550,REC_048,B0062RKIIY,Toys_and_Games,"Bought this for my son who is 3.5yrs old. The car is decent, looks good, is pretty fast & spins well. The only issue I have with the car is that the tires skid. They get worst once they have the slightest dirt on them .But it still works well ,so I recommend it.",54
PASS_000561,KB_00551,REC_048,B0062RKIIY,Toys_and_Games,"We'll keep trying though. Either way my son is quite upset :(UPDATE:  After waiting almost 30 days I didn't get a response from either the seller or the toy company, so back it went. I still think it's  a good car, but beware of the fragile antenna!",47
PASS_000562,KB_00552,REC_048,B0062RKIIY,Toys_and_Games,"We bought my son this toy for his birthday. He has used it for less than 24 hours and already we have a problem. The antenna is very weak and snapped as we were pushing it back in to put it away. Very disappointing! The car was zippy and durable, but the control antenna breaking was obviously a bummer. Hopefully we can find a replacement or return it. I will update later if we get it all figured out.",79
PASS_000563,KB_00553,REC_048,B0062RKIIY,Toys_and_Games,"Our 5-year-old grandson was excited to get this remote-controlled car for Christmas, and has proved good at maneuvering it around furniture.",21
PASS_000564,KB_00554,REC_048,B0062RKIIY,Toys_and_Games,This piece of crap caught on fire and started smoking 25 minutes after we took it out of the box. Sent an email to manufacture and heard nothing. Will never order anything from TPA Store again. Sent it back and hope to get a refund soon. Do not order this toy!!!!!!!!!!!!! !,52
PASS_000565,KB_00555,REC_048,B0062RKIIY,Toys_and_Games,This toy was surprisingly good. I had bought it with scepticism but it turned out to be a pleasant surprise.,20
PASS_000566,KB_00556,REC_048,B0062RKIIY,Toys_and_Games,"Very nice car, Grandson wanted this car. I'm sure he will love it. I think it is really neat. Super",20
PASS_000567,KB_00557,REC_048,B0062RKIIY,Toys_and_Games,Very disappointed. The car looked great but would not turn left and barely turned right. I returned it for a refund.,21
PASS_000568,KB_00558,REC_049,B00FDTJQYY,Toys_and_Games,This was really a good deal and there were lots of colors in the bag. The clips are &#34;s&#34; clips which are a little harder to use than the &#34;c&#34; clips that come with the rainbow loom.,37
PASS_000569,KB_00559,REC_049,B00FDTJQYY,Toys_and_Games,"like the price and the quantity you get with them, Love that it has the clips, what a bonus that was!! !",22
PASS_000570,KB_00560,REC_049,B00FDTJQYY,Toys_and_Games,Bands are very durable & colorful. My daughter just loves the bands & clips. She has made several bracelet & charms so far.,23
PASS_000571,KB_00561,REC_049,B00FDTJQYY,Toys_and_Games,The latex loom bands came but no clips. Very disappointing. Wont shop on line anymore. I wouldnt recommend this to anyone,21
PASS_000572,KB_00562,REC_049,B00FDTJQYY,Toys_and_Games,Awesome products and super fast at shipping. My daughter was so excited to receive the refill. I also bought charms and s clips. One happy little loomer. Thank you so much,31
PASS_000573,KB_00563,REC_049,B00FDTJQYY,Toys_and_Games,"I did get 1200 with clips, but the packages are not of 'assorted colors'. I got 2 packages of one color each. Luckily I ordered 3 so I got 6 different colors, but feel description for this item is misleading.",40
PASS_000574,KB_00564,REC_049,B00FDTJQYY,Toys_and_Games,Loom Rubber Bands - 1200 Latex-Free Rainbow Loom Band Refills and 48 Clips is a great set for your kids to create bracelets with. We found the loom bands to be very strong and sturdy. My daughter loves creating bracelets with her loom and these bands added some good colors to her collection. I would definitely recommend this product.Thank you for reading my review.,64
PASS_000575,KB_00565,REC_049,B00FDTJQYY,Toys_and_Games,"I ordered these for my younger siblings who are caught up in this craze! I got 4 bags. Each contain 300 bands and 12 &#34;S&#34; clips. 2 bags had purple, light lavender, yellow, white and hot pink. The other 2 bags have blue, orange, yellow, red, black, and white. Shipping was FAST! I ordered other things that were &#34;Prime&#34; the same day I ordered this, which wasn't Prime...",68
PASS_000576,KB_00566,REC_049,B00FDTJQYY,Toys_and_Games,"this was for my niece and she absolutely loves it. she has become very good using it. great product. it's fulfilling when a gift does what you intended it to do, be fun and entertaining!",35
PASS_000577,KB_00567,REC_049,B00FDTJQYY,Toys_and_Games,the kids had fun playing with it. the bands are just what we expected. the colors and quality were what we expected.,22
PASS_000578,KB_00568,REC_049,B00FDTJQYY,Toys_and_Games,The clips are &#34;s&#34; clips which are a little harder to use than the &#34;c&#34; clips that come with the rainbow loom.,22
PASS_000579,KB_00569,REC_049,B00FDTJQYY,Toys_and_Games,My daughter just loves the bands & clips.,8
PASS_000580,KB_00570,REC_049,B00FDTJQYY,Toys_and_Games,"I did get 1200 with clips, but the packages are not of 'assorted colors'.",14
PASS_000581,KB_00571,REC_049,B00FDTJQYY,Toys_and_Games,I also bought charms and s clips.,7
PASS_000582,KB_00572,REC_049,B00FDTJQYY,Toys_and_Games,Each contain 300 bands and 12 &#34;S&#34; clips.,8
PASS_000583,KB_00573,REC_049,B00FDTJQYY,Toys_and_Games,Loom Rubber Bands - 1200 Latex-Free Rainbow Loom Band Refills and 48 Clips is a great set for your kids to create bracelets with.,24
PASS_000584,KB_00574,REC_049,B00FDTJQYY,Toys_and_Games,The latex loom bands came but no clips.,8
PASS_000585,KB_00575,REC_049,B00FDTJQYY,Toys_and_Games,"like the price and the quantity you get with them, Love that it has the clips, what a bonus that was!!",21
PASS_000586,KB_00576,REC_049,B00FDTJQYY,Toys_and_Games,"you can not tell the difference that they are not loom bands, will be buying them again",17
PASS_000587,KB_00577,REC_049,B00FDTJQYY,Toys_and_Games,when i opened it up the name was not  Rainbow Loom but Zupa loomi bandz..,15
PASS_000588,KB_00578,REC_049,B00FDTJQYY,Toys_and_Games,They said latex free but on the back of the package it says rubber.  I have a latex allergy and my throat started tightening before I could even get the bands out of the package.  I had to throw them out.  Please stop advertising them this way.  You could kill someone with latex allergy,54
PASS_000589,KB_00579,REC_050,B00EZIXA78,Toys_and_Games,"This was the reason I gave it 4 stars instead of 5.Comment:  It was a little difficult for the 2 yr old to get in, as there was no door. Because it is such a good size, it would be hard for a mom to pick it up and put it in the back of the van. It would be nice perhaps to have provision to attach an umbrella or canopy, however, the fact that it doesn't have a canopy means that taller children fit into it without a problem.I would definitely recommend this wagon to a family with multiple children.I received the Radio Flyer Triple Play Wagon for my honest review from the Amazon Vine Program.",117
PASS_000590,KB_00580,REC_050,B00EZIXA78,Toys_and_Games,"It kind of looks like a row boat when folded under and I imagine the kids will be playing pirates with it this winter as we cannot really use it outside yet as it is frigid cold and snowy.I look forward to walks around the block pulling the little ones I love behind me. Thinking ahead of trips to the zoo and packing a picnic and toys, diapers it is going to be used so much. It actually has seats and there are drain holes so if it rains and it is out or something gets spilled no worries.If you register online they will double the warranty to two years so make sure and do that.Enjoy all the memories you will make with the children.",125
PASS_000591,KB_00581,REC_050,B00EZIXA78,Toys_and_Games,"I would have liked the option to upgrade later if I wanted. So, if you want the canopy on it, get the deluxe version from the start.",27
PASS_000592,KB_00582,REC_050,B00EZIXA78,Toys_and_Games,I am looking forward to Spring when we can get some real mileage on it! Please NOTE:  You cannot add a canopy to this. You must buy the deluxe version if you want  a canopy.,35
PASS_000593,KB_00583,REC_050,B00EZIXA78,Toys_and_Games,"Plus, the kids just love going for rides! The cup holders are great for each of them to have a sippy and/or snack. Plus 2 adults can also take drinks along.My only &#34;complaint&#34; about this wagon is that it doesn't have an option for a canopy. You can get the deluxe version with the canopy, but you cannot add it to this version. The holes for installing the canopy were not drilled into this wagon, so it has the spot from the mold where the indent is, but no hole.",90
PASS_000594,KB_00584,REC_050,B00EZIXA78,Toys_and_Games,"But the wheels of the Step 2 are not either.No canopy. You have to buy the deluxe model for the canopy. I think for the price it should have a canopy and there should be no deluxe model.Overall this is not really much better than the Step 2 except you can haul the extra kid. The Step 2 also has storage, only you can't access it unless the kids are out of the wagon (it's under the seat). This Radio Flyer is a great option if you have lots of toddlers/preschoolers to haul, but I think the back seat (the one that seats 2 kids) would be a little tight for bigger kids.",113
PASS_000595,KB_00585,REC_050,B00EZIXA78,Toys_and_Games,"I had a Radio Flyer wagon as a child the old metal kind loved that wagon. Wagons are a toy all children should have they are so fun and stir the imagination. This is a rather unique wagon. First of all I have some physicsl disabilities the wagon arrived when I was home by myself and I decided I would put it together. It took me just over an hour it would not take a younger or stronger person that long I am sure. The instructions are mostly pictures few words, personally I do better with words but then I'm not the majority.The construction is solid.",106
PASS_000596,KB_00586,REC_050,B00EZIXA78,Toys_and_Games,"We have this Radio Flyer wagon along with theStep2 Wagon for Two Plus Blueso this review is kind of a comparison of the two wagons, even though the Step 2 only holds two children. I was excited about this wagon for the extra storage space on the back and I like that it is made in the USA.Pros:If you have three children, especially three toddlers (triplets?) this wagon eliminates the need for the annoying huge triple stroller for most situations.The cup holders are very nice, especially since there are so many of them for kids and adults.The bag on the back is plenty big for diapers, wipes, toys, extra clothes, or even a towel or two.",116
PASS_000597,KB_00587,REC_050,B00EZIXA78,Toys_and_Games,"It is a little bulky for travel, but we use it close to home on walks and picnics, etc.",19
PASS_000598,KB_00588,REC_050,B00EZIXA78,Toys_and_Games,"If you only intend to use this for one child I encourage you to consider the other Radio Flyer wagon, which is the same general construction, but which only seats one child on each end.Highly Recommended.",36
PASS_000599,KB_00589,REC_050,B00EZIXA78,Toys_and_Games,"It would be nice perhaps to have provision to attach an umbrella or canopy, however, the fact that it doesn't have a canopy means that taller children fit into it without a problem.I would definitely recommend this wagon to a family with multiple children.I received the Radio Flyer Triple Play Wagon for my honest review from the Amazon Vine Program.",60
PASS_000600,KB_00590,REC_050,B00EZIXA78,Toys_and_Games,It kind of looks like a row boat when folded under and I imagine the kids will be playing pirates with it this winter as we cannot really use it outside yet as it is frigid cold and snowy.I look forward to walks around the block pulling the little ones I love behind me.,54
PASS_000601,KB_00591,REC_050,B00EZIXA78,Toys_and_Games,"We have this Radio Flyer wagon along with theStep2 Wagon for Two Plus Blueso this review is kind of a comparison of the two wagons, even though the Step 2 only holds two children.",34
PASS_000602,KB_00592,REC_050,B00EZIXA78,Toys_and_Games,I had a Radio Flyer wagon as a child the old metal kind loved that wagon.,16
PASS_000603,KB_00593,REC_050,B00EZIXA78,Toys_and_Games,You must buy the deluxe version if you want  a canopy.,11
PASS_000604,KB_00594,REC_050,B00EZIXA78,Toys_and_Games,You have to buy the deluxe model for the canopy.,10
PASS_000605,KB_00595,REC_050,B00EZIXA78,Toys_and_Games,"You can get the deluxe version with the canopy, but you cannot add it to this version.",17
PASS_000606,KB_00596,REC_050,B00EZIXA78,Toys_and_Games,"The holes for installing the canopy were not drilled into this wagon, so it has the spot from the mold where the indent is, but no hole.",27
PASS_000607,KB_00597,REC_050,B00EZIXA78,Toys_and_Games,"So, if you want the canopy on it, get the deluxe version from the start.",15
PASS_000608,KB_00598,REC_050,B00EZIXA78,Toys_and_Games,Plus 2 adults can also take drinks along.My only &#34;complaint&#34; about this wagon is that it doesn't have an option for a canopy.,23
PASS_000609,KB_00599,REC_050,B00EZIXA78,Toys_and_Games,"I have 3 little ones aged 2.5 & almost 1-year-old twins. I've found that trying to do the &#34;stroller&#34; thing is too much of a pain once you pass 2 kids. I have a double stroller, but either my oldest ends up walking (aka being held by mom or dad by the end of the outing) or we need a 2nd stroller or I have to babywear one of the twins. Triple strollers are few and far between and way out of my budget.Wagons are an awesome alternative to strollers! I have a classic Radio Flyer (it was mine as a kid) that we use for rides up and down the street. I also have a foldable wagon for going out in the car and using for travel (highly recommend it for going through the airport when you have a couple kids or more!). My only complaint with the other wagons are their are no restraints. My youngest 2 still refuse to sit still for too long and end up standing up in the wagon. Enter the Triple Play...3 seats all with seat belts! Yay! All 3 buckle up and we go for rides around the neighborhood and to the",200
PASS_000610,KB_00599,REC_050,B00EZIXA78,Toys_and_Games,"all with seat belts! Yay! All 3 buckle up and we go for rides around the neighborhood and to the grocery store (it is close, so walking is easier than driving). I love the bag on the back for filling up with groceries--it will hold up to 25 lbs, so it can get quite a bit in it.I'm not sure about loading this in and out of the car on a regular basis, but I wouldn't have a problem doing it occasionally. It isn't heavy, but it is still bulky. I mean, it is a wagon that fits 3 kids, so it isn't going to be small. Plus the wheels don't fold down or make it &#34;smaller,&#34; so it won't easily fit in the trunk of a car. I plan on using the foldable for most travel, but this one is nice to have when I'm not going to be getting the kids in and out of the wagon often--like for trips to the farmer's market or the like.Perfect for any walking distant activity that we go to. Plus, the kids just love going for rides! The cup holders are great for each of them to have a sippy and/or",200
PASS_000611,KB_00599,REC_050,B00EZIXA78,Toys_and_Games,"kids just love going for rides! The cup holders are great for each of them to have a sippy and/or snack. Plus 2 adults can also take drinks along.My only &#34;complaint&#34; about this wagon is that it doesn't have an option for a canopy. You can get the deluxe version with the canopy, but you cannot add it to this version. The holes for installing the canopy were not drilled into this wagon, so it has the spot from the mold where the indent is, but no hole. I would have liked the option to upgrade later if I wanted. So, if you want the canopy on it, get the deluxe version from the start.",115
PASS_000612,KB_00600,REC_051,B0002KW4AC,Toys_and_Games,This is a good soldering station for the price. I was an electronics bench technician for many years so I have used some decent Weller soldering stations. I have not worked in that industry for many years but I still wanted a simple and inexpensive station for some hobby work I do simply from time-to-time. This station fits the bill. Is it a $100+ dollar Weller station no but for what I need it to do and for the price it does a great job. I recommend this unit.,89
PASS_000613,KB_00601,REC_051,B0002KW4AC,Toys_and_Games,"I bought this and used it for a week. Mine took a long time to heat up even after tinning the tip it seemed to be a long time before I could solder a decent joint. I tried to desolder a few components on a 360 controller and it took forever but with the radio shack 35 watt Iron it seemed to take no time and it was clean. The iron itself seemed to lack enough power to do the most basic small jobs. LED Soldering, Wire tinning, Adding and removing a component. It really is sad because I had high hopes for the unit but Returning it and getting something better.Pro: Cheap, can plug anything into the unit, Tips are relatively cheap online.Cons: Failed to solder a few components and the joints were not without damage after it finally did solder.",142
PASS_000614,KB_00602,REC_051,B0002KW4AC,Toys_and_Games,"Fine product... no complaints at all. Heats fast, cools fast when off. Does everything I need for a nice price.EDIT:Changed my rating from 5 stars to 3. When the iron power cord is dangling off the edge of your tabletop this solder station will tip over; there's not enough counter weight i nthe base of it to keep is stable. Further, the opening of the solder iron holder is not ""smooth""; there's a ledge in there that always catches the ledge on my soldering iron.",85
PASS_000615,KB_00603,REC_051,B0002KW4AC,Toys_and_Games,"I use my soldering station to connect 22 guage wires to engine decoders on my model railroad. The heat control runs just above half the dial so there is plenty of control. I was also able to use my Weller soldering iron by just pluging it in, so your not stuck with one size tip and waiting for the iron to cool down to change the tips.",67
PASS_000616,KB_00604,REC_051,B0002KW4AC,Toys_and_Games,The reviews that got irons that didn't heat up must have gotten the fluke one off bad ones - because this has been going strong for me for about 3 years now. No complaints! I would definitely buy this again.,40
PASS_000617,KB_00605,REC_051,B0002KW4AC,Toys_and_Games,"PERFECT product for hobbyists and I would venture to say for professionals as well!Don't let a lack of reviews deter your decision! Give Elenco's Station a chance! *****3 years after purchase...And another update nearly a year after the comment I left on this review:Both station and iron are still doing extremely well. I've never replaced the tip and it still works great. I've been doing a lot of SMD soldering with the original tip, however I am going to be getting a separate brass tip cleaner.Still one of the best purchases that any hobbyist can make.",96
PASS_000618,KB_00606,REC_051,B0002KW4AC,Toys_and_Games,"It not often I give a review let alone a 5 star one. But this product is just what I needed. I come with a 40 Watt Iron, a nice one but the most notable thing is it can be used with any pencil iron less than 300 watts. It has a 3 prong plug on the back for the iron to plug into. This means I can use my Weller Irons as well. I like Weller because you can get tips for them most anywhere. I have 2 I use.So for just a little more than a soldering Iron holder, you get an adjustable heat control a holder with sponge and a 40 watt Iron.",116
PASS_000619,KB_00607,REC_051,B0002KW4AC,Toys_and_Games,"I'm not using it as much as when I first reviewed it, but thats just for lack of projects. It still works great. I probably use it several times a year.Last year I used it quite a bit when I wired some LED undercabinet lights.Anyway, just wanted to update my review to let you know that its still working great after 4 years of moderate home-owner use.If it ever dies, I will buy another one... its a nice iron!",79
PASS_000620,KB_00608,REC_051,B0002KW4AC,Toys_and_Games,"(Written by the buyer's husband)After doing a LOT of research on high quality soldering irons, I was really going to buy a professional soldering station for more than twice the price. My wife surprised me with this as a gift before I could buy and I thought I would give it a try since I could not find ONE review on it! I can honestly say I am so very glad I gave it a chance! After heavily using this iron for the past couple months, it has continued to heat up quickly (within a minute) to the highest settings, it stays hot after continuous soldering ( I solder about 10-20 joints per minute), and I love the perks that come with this station:1.",124
PASS_000621,KB_00609,REC_051,B0002KW4AC,Toys_and_Games,"First 2 sections are for show, I could not use the iron until I turned it to the end of the third and it still wasn't hot enough which is confusing.Overall : Maybe my unit was defective or the tips were bad but 7 bad tips? I bought the package with it with the spare tips just in case. I would not purchase this unit again. If you are looking for something within the price range, RS Sells a decent but long iron with an adjustable knob which out performed this unit.",92
PASS_000622,KB_00610,REC_051,B0002KW4AC,Toys_and_Games,"I come with a 40 Watt Iron, a nice one but the most notable thing is it can be used with any pencil iron less than 300 watts.",28
PASS_000623,KB_00611,REC_051,B0002KW4AC,Toys_and_Games,"I've been doing a lot of SMD soldering with the original tip, however I am going to be getting a separate brass tip cleaner.Still one of the best purchases that any hobbyist can make.",34
PASS_000624,KB_00612,REC_051,B0002KW4AC,Toys_and_Games,"I was also able to use my Weller soldering iron by just pluging it in, so your not stuck with one size tip and waiting for the iron to cool down to change the tips.",35
PASS_000625,KB_00613,REC_051,B0002KW4AC,Toys_and_Games,"I probably use it several times a year.Last year I used it quite a bit when I wired some LED undercabinet lights.Anyway, just wanted to update my review to let you know that its still working great after 4 years of moderate home-owner use.If it ever dies, I will buy another one... its a nice iron!",56
PASS_000626,KB_00614,REC_051,B0002KW4AC,Toys_and_Games,"After heavily using this iron for the past couple months, it has continued to heat up quickly (within a minute) to the highest settings, it stays hot after continuous soldering ( I solder about 10-20 joints per minute), and I love the perks that come with this station:1.",48
PASS_000627,KB_00615,REC_051,B0002KW4AC,Toys_and_Games,"The bigger tips work well for desoldering, the little tips work great for installing small items)I see no need to get a more expensive model...*****UPDATE 8may2013I've been using this for about 4 years now.",34
PASS_000628,KB_00616,REC_051,B0002KW4AC,Toys_and_Games,Is it a $100+ dollar Weller station no but for what I need it to do and for the price it does a great job.,25
PASS_000629,KB_00617,REC_051,B0002KW4AC,Toys_and_Games,"First time I've need a soldering station, it works as I expected.",12
PASS_000630,KB_00618,REC_051,B0002KW4AC,Toys_and_Games,Does everything I need for a nice price.EDIT:Changed my rating from 5 stars to 3.,15
PASS_000631,KB_00619,REC_051,B0002KW4AC,Toys_and_Games,"This is a great iron. I used to have a Radio Shack iron that was bulky and always got dirty. Having this setup with the temperature control and built-in sponge will save you lots of hassle.I've only had it for about 2 weeks, but I've used it for about 10 hours at least. Get the extra tips and the desoldering wick if you are planning a serious project. (I was changing out LEDs in 5 exit signs so I had to remove them and put new ones in. The bigger tips work well for desoldering, the little tips work great for installing small items)I see no need to get a more expensive model...*****UPDATE 8may2013I've been using this for about 4 years now. I'm not using it as much as when I first reviewed it, but thats just for lack of projects. It still works great. I probably use it several times a year.Last year I used it quite a bit when I wired some LED undercabinet lights.Anyway, just wanted to update my review to let you know that its still working great after 4 years of moderate home-owner use.If it ever dies, I will buy another one... its a nice",200
PASS_000632,KB_00619,REC_051,B0002KW4AC,Toys_and_Games,"working great after 4 years of moderate home-owner use.If it ever dies, I will buy another one... its a nice iron!",21
PASS_000633,KB_00620,REC_052,B000BO63OC,Toys_and_Games,"We recommend you buy a better $30-$50 net set, but the table itself is of excellent quality and highly recommended by our club!! UPDATE:  3 months later, we still love the table, have had no problems whatsoever and the table has been absolutely perfect for our use. HIGHLY RECOMMENDED!! UPDATE:  8 months later, it's still perfect, no problems at all. The net we use is the Stiga Premium VM model, as it provides a  set-up for professional-style play.",78
PASS_000634,KB_00621,REC_052,B000BO63OC,Toys_and_Games,I am a patient person (so i've been told) so gave them the benefit of the doubt but delivery attempt #3 sealed the deal. The table is packaged up as if they are delivering you bath towels so it's not shocking there would be damage. I am not sure why you would ship a $600 item with no real padding provided. Amazing. I have a note into Fogdog for a full refund but of course I need to set up another appointment with the delivery company they use! I just hope to have this mangled table out of my garage by the new year.I've read good things about the table itself so it's sad to not be able to try it out.,122
PASS_000635,KB_00622,REC_052,B000BO63OC,Toys_and_Games,"The table installs pretty quick. Lifting the table and moving it around was the only issue.Assembly was less than 10 mins. So far, we have not had anything to complain about. I will certainly recommend this table to anyone",39
PASS_000636,KB_00623,REC_052,B000BO63OC,Toys_and_Games,"Stiga makes T8612 which is widely available and T8612A available on in Sports Chalet (in California). The T8612A seems to be half the price of T8612. Does anyone know how both of them compare with each other?Both of them look sturdy construction, smooth table top with protected corners.Thanks",48
PASS_000637,KB_00624,REC_052,B000BO63OC,Toys_and_Games,"My wife surprised me with the Ping Pong table for Christmas this year (2011). My first thought when the package arrived was ""There goes the rest of my day putting this thing together."" To my surprise it came out of the box ready to play. We set it up in the garage and have only left its warm embrace to eat, sleep, and write a review!Great table! Make sure you buy paddles and balls, it does not come with.",79
PASS_000638,KB_00625,REC_052,B000BO63OC,Toys_and_Games,"If I were to buy another table I would not buy this brand again. Jeff, San Diego",17
PASS_000639,KB_00626,REC_052,B000BO63OC,Toys_and_Games,Easy to put together! Great table. Been very happy with it!!! Would recommend to any body...very durable and cleans up well!,21
PASS_000640,KB_00627,REC_052,B000BO63OC,Toys_and_Games,This gift arrived exacting on the date promised and it was in great shape. It was a gift for my grandchildren and they loved it. It was easy to assemble and move around. They have had a great time playing with the table. I would highly recommend the table and the shipping worked out great as well.,57
PASS_000641,KB_00628,REC_052,B000BO63OC,Toys_and_Games,"I was worried that setting up a table tennis table would take hours and I kept a whole weekend aside for it. I was most pleasantly surprised. I spent 10 minutes setting this up, including time to rip open the packaging and we were up and playing within 20 minutes of the box being placed in our basement.If you want to have a table set up before a weekend party and you are ordering this as a last minute thing- then go ahead and do it! The table arrived two days earlier than stated in the confirmation email and was in good condition.",103
PASS_000642,KB_00629,REC_052,B000BO63OC,Toys_and_Games,"I bought this table back in July, it is now December. Overall I like the table but one side of the table top wood is warping. I play ping pong with some really good players and the warp does effect the outcome of the game. The warp is about 3/4&#34; in the center and only one side is warping so it is very noticeable. I would only recommend this table for kids or beginners only. Also we have always kept the table in our front living room away from any elements that would normally cause warping by weather etc.",99
PASS_000643,KB_00630,REC_052,B000BO63OC,Toys_and_Games,I will certainly recommend this table to anyone,8
PASS_000644,KB_00631,REC_052,B000BO63OC,Toys_and_Games,"We recommend you buy a better $30-$50 net set, but the table itself is of excellent quality and highly recommended by our club!!",23
PASS_000645,KB_00632,REC_052,B000BO63OC,Toys_and_Games,If I were to buy another table I would not buy this brand again.,14
PASS_000646,KB_00633,REC_052,B000BO63OC,Toys_and_Games,I would only recommend this table for kids or beginners only.,11
PASS_000647,KB_00634,REC_052,B000BO63OC,Toys_and_Games,I would highly recommend the table and the shipping worked out great as well.,14
PASS_000648,KB_00635,REC_052,B000BO63OC,Toys_and_Games,Would recommend to any body...very durable and cleans up well!,10
PASS_000649,KB_00636,REC_052,B000BO63OC,Toys_and_Games,Doesn't get much easier than this.,6
PASS_000650,KB_00637,REC_052,B000BO63OC,Toys_and_Games,"Because it is two pieces held together by the net anchors, it is much easier to work with and around than an ordinary table and this does not affect play.Its on a screened in porch and its been there through 3 light snow storms and its in indirect sun much of the day.",53
PASS_000651,KB_00638,REC_052,B000BO63OC,Toys_and_Games,When the company was called the individual that I spoke to did not want to listen to what I had to say and only wanted to know the number of the part needed to be replaced.,36
PASS_000652,KB_00639,REC_052,B000BO63OC,Toys_and_Games,The delivery team dropped off garage and I had to get neighbor to help me carry down to basement.,19
PASS_000653,KB_00640,REC_052,B000BO63OC,Toys_and_Games,"Even though this table appears to be of excellent quality so far, I rate it low because of the company support. The table arrived by truck and was unloaded by fork lift on a wood pallet. It weighed almost 300 pounds as shipped and was packaged very well and had no damage from shipping. However, there was a defect in workmanship on one of the folding legs with the wheels and the part had to be replaced to make the leg secure. When the company was called the individual that I spoke to did not want to listen to what I had to say and only wanted to know the number of the part needed to be replaced. In order to replace the part and install the new part I had to grind a rivet out and use a nut and bolt to replace it. Another nut and bolt could not be removed therefore it had to be cut off and a new nut and bolt used to replace it. I was able to do this but some individuals may not and have to hire someone to do it. The individual that I spoke to on the phone was very",200
PASS_000654,KB_00640,REC_052,B000BO63OC,Toys_and_Games,"not and have to hire someone to do it. The individual that I spoke to on the phone was very adamant that the rivet and bolt and nut could be removed with a phillips screw driver and hammer and used again. If that is true, I must be stupid. I have never seen a rivet that could be reused with any quality or reliability. I will have to say that the replacement part came promptly when ordered, however these parts are mirror images of each other for opposite legs and of course I received the wrong one so I just made do. It just folds in the wrong direction but it does not hurt anything. I would give the table a 4 star rating but company support a Zero.",129
PASS_000655,KB_00641,REC_052,B000BO63OC,Toys_and_Games,"Be careful when buying table tennis tables...they can take hours to assemble depending upon the manufacturer.  This table, however, is a cinch!  We were playing in 15 minutes.  It took 10 of those minutes to carefully remove the table from the shipping carton.The table is good quality and very sturdy.  The breakaway into 2 pieces is a great feature for storage and portability, not to mention extra table space for yard sales.I'd buy the same table again in a heartbeat.",80
PASS_000656,KB_00642,REC_053,B001AEZIY8,Toys_and_Games,"The thrusters and blasters were also painted to add a bit of color seperation. Also, it could really do with some panel lines. Revell has incorperated great detail into this model, with many lines all around the hull that can easily be picked out with some paint or a lining marker.As a model kit, it's actually very durable, but I don't reccomend playing with it. As a general rule, models are meant more for display than for play. You have action figure toys for that.Overall, it's a simple, nice, and faithful representation of the classic X-Wing fighter from the original Star Wars Trilogy.",103
PASS_000657,KB_00643,REC_053,B001AEZIY8,Toys_and_Games,"Price is descent and glad I bought it for its lite weight and dimensions!My youthful son didn't seem to care much if it was a heavier or more durable version of the X-Wing.The lite plastic parts are fairly straight forward for an adult to assemble like 15 minutes with a favorite beverage. :)I noticed that the laser cannons on each wing can fall off or break if a child isn't careful.Overall, I'm glad I purchased it and might buy the bigger more heavier and expensive version when my son gets older.",91
PASS_000658,KB_00644,REC_053,B001AEZIY8,Toys_and_Games,It seems pretty durable and it snaps together pretty well. If your child is just beginning to build models you will need to oversee the project a bit. All parts are wonderfully detailed and pre-painted. Instructions are pretty good if you've built kits before. I wish it was a large as the original X-Wings I built as a kid (curse you Lucas and your toady accounts). It'll look good sitting on a shelf. And it went together much better than at Trek model we bought that was rated at the same level.,92
PASS_000659,KB_00645,REC_053,B001AEZIY8,Toys_and_Games,"I really wanted to get a Star Wars model for a long time, and what better start to simple model building that the X-Wing. Pretty simple to put together, did it in about two hours, filing away the break points and slowly taking my time with it :) The instructions were pretty clear. Well laid out !Now, off to paint it !",62
PASS_000660,KB_00646,REC_053,B001AEZIY8,Toys_and_Games,"Oh, and it also comes with a nice set of landing gear. I suppose it compensates for a lack of a stand, but be warned. The cover for the landing gear in the front is very difficult to remove, evern though they give you a little finger indent. There are no problems with the rear landing gear, though.I will note some downsides to it. This is merely a personal preference, but I feel that the X-Wing is lacking in it's color choices. I went ahead and painted in a lot of the pieces that I didn't like; the blue cockpit looked too mellow (all of the light baby blue on this model generally looked ugly), so I painted it silver, and changed the ""vent"" colors to a black and gray.",130
PASS_000661,KB_00647,REC_053,B001AEZIY8,Toys_and_Games,"Not major, my son simply took it without the landing gear.We also got the Tie Fighter, so I'm hoping that goes well.In the end, my son and I built some toys that if he breaks, we can glue back together.",40
PASS_000662,KB_00648,REC_053,B001AEZIY8,Toys_and_Games,"My seven yr old loves this as he has really gotten into Star Wars lately. It was fairly easy to assemble, just need a little patience with the small parts. It has been very durable so far, which is always a plus with a 7 yr old. Overall, I was very pleased.",52
PASS_000663,KB_00649,REC_053,B001AEZIY8,Toys_and_Games,My 8 year old son loves advanced Lego sets and can build them fast. I'm always looking for other building kits/sets. This was a great set for him. It's similar building to Legos but a little less step by step. He enjoyed building it and needed very little assistance from me. I would definitely get him a different set at this level again.,63
PASS_000664,KB_00650,REC_053,B001AEZIY8,Toys_and_Games,"This is a great little model for me and my four year old to work on together. The pieces are already painted, and just snap together so I can actually give him pieces to put together instead of me doing all the work and him being bored (as in the paint and glue sets). Really fun!",56
PASS_000665,KB_00651,REC_053,B001AEZIY8,Toys_and_Games,I feel like I would mostly echo other reviewers but this was a great model at a great price.It went together well and looks great.I'm thinking about buying another to try doing a different paint scheme on myself.,38
PASS_000666,KB_00652,REC_053,B001AEZIY8,Toys_and_Games,"Maybe it's illustrated wrong, maybe I'm wrong, I don't know.",10
PASS_000667,KB_00653,REC_053,B001AEZIY8,Toys_and_Games,"Now I can easily put in the landing gear in order for me to display it on a flat surface, and easily remove the gear to display it in flight (using wire hung from ceiling).I didn't use glues/cements, but may go back and use adhesives on the four engines, just to minimize the gaps between pieces.I may also touch up the paint later, to add 'battle damage'.",67
PASS_000668,KB_00654,REC_053,B001AEZIY8,Toys_and_Games,"Maybe some glow-in-the-dark paint to the engines/cannons.Eventually, I hope to purchase 3 more of this same product, so that I can display them flying in formation (using fishing wire attached to the ceiling).I also purchased the Millenium Falcon model kit from Revell.",42
PASS_000669,KB_00655,REC_053,B001AEZIY8,Toys_and_Games,"This is merely a personal preference, but I feel that the X-Wing is lacking in it's color choices.",18
PASS_000670,KB_00656,REC_053,B001AEZIY8,Toys_and_Games,"I'm sure my son liked that part, but I was hoping for a little more teamwork putting it together.It's a snap-together model, so theres no glue or paint required.",29
PASS_000671,KB_00657,REC_053,B001AEZIY8,Toys_and_Games,Price is descent and glad I bought it for its lite weight and dimensions!My youthful son didn't seem to care much if it was a heavier or more durable version of the X-Wing.The lite plastic parts are fairly straight forward for an adult to assemble like 15 minutes with a favorite beverage.,52
PASS_000672,KB_00658,REC_053,B001AEZIY8,Toys_and_Games,"The pieces are already painted, and just snap together so I can actually give him pieces to put together instead of me doing all the work and him being bored (as in the paint and glue sets).",37
PASS_000673,KB_00659,REC_053,B001AEZIY8,Toys_and_Games,"I didn't buy my particular model from Amazon, since I got it on sale at Michaels, but I seem to see most people complaining that it's a model kit. Well, that's what it is.This is a Level 1 kit from Revell, so it requies no glue or paint to complete for the original ""stock"" look as shown on the box. The box art is actually very accurate; they show it straight-built, with even the nub marks still visible. Once you take it out of the box, like a traditional model it, you must cut the parts out of the ""plates"" and clean them up. From there it's simple snap and go. The parts are all pre-painted; Revell was nice enough to add all the red, orange, blue, gray, etc. on the plastic parts for you. It even comes with two little rubber figures of R2-D2 and Luke Skywalker. They are VERY detailed and painted completely, and I must say...the paint they use is GREAT, since it takes a lot of rubbing to make it come off. The Luke Skywalker figure, however, looks rather awkward in the cockpit; he simply looks like he's lying down more than he's sitting. Oh, and",200
PASS_000674,KB_00659,REC_053,B001AEZIY8,Toys_and_Games,"however, looks rather awkward in the cockpit; he simply looks like he's lying down more than he's sitting. Oh, and it also comes with a nice set of landing gear. I suppose it compensates for a lack of a stand, but be warned. The cover for the landing gear in the front is very difficult to remove, evern though they give you a little finger indent. There are no problems with the rear landing gear, though.I will note some downsides to it. This is merely a personal preference, but I feel that the X-Wing is lacking in it's color choices. I went ahead and painted in a lot of the pieces that I didn't like; the blue cockpit looked too mellow (all of the light baby blue on this model generally looked ugly), so I painted it silver, and changed the ""vent"" colors to a black and gray. The thrusters and blasters were also painted to add a bit of color seperation. Also, it could really do with some panel lines. Revell has incorperated great detail into this model, with many lines all around the hull that can easily be picked out with some paint or a lining marker.As a",200
PASS_000675,KB_00659,REC_053,B001AEZIY8,Toys_and_Games,"many lines all around the hull that can easily be picked out with some paint or a lining marker.As a model kit, it's actually very durable, but I don't reccomend playing with it. As a general rule, models are meant more for display than for play. You have action figure toys for that.Overall, it's a simple, nice, and faithful representation of the classic X-Wing fighter from the original Star Wars Trilogy. It only takes a day or two to build, detail, and paint. If you're looking for a durable, pre-built toy that can take a serious thrashing, though, I'd say look for an actual toy instead of a model.",109
PASS_000676,KB_00660,REC_054,B004G32WA8,Toys_and_Games,"there are better cases on the market, but they are much more expensive. if you are looking for a case that will hold the tiles and racks and other things you need for the game, this will do it. i'm happy with my purchase",44
PASS_000677,KB_00661,REC_054,B004G32WA8,Toys_and_Games,"Lovely soft sided case can hold complete set of American Mahjong tiles, four racks, and accessories. Light weight easy to carry with handle and shoulder strap. The tote is a nice accessory I use both with and without the case.",40
PASS_000678,KB_00662,REC_054,B004G32WA8,Toys_and_Games,"I love the concept of this case, however the 2nd time I used it the handle broke off. It does hold everything as stated ( racks, pushers and tiles)  The soft zip bags for the tiles are great. I am going to try to see if I can get it repaired. It is possible I just received one that had a weakness.",62
PASS_000679,KB_00663,REC_054,B004G32WA8,Toys_and_Games,"Fits all my mah jongg racks, pushers and tiles. Easy to carry since it is lightweight. Very happy with it.",20
PASS_000680,KB_00664,REC_054,B004G32WA8,Toys_and_Games,"This is a light weight, easy to care, case that fits racks, pushers, and tiles. I recommend it highly. It is so much easier than the hard, heavy cases.",29
PASS_000681,KB_00665,REC_054,B004G32WA8,Toys_and_Games,Great for travel or just storing your Mahjong set in the house. I took it on a cruise and it was much easier to handle than my hard case would have been. Racks with pushers fit into it with all the tiles.,42
PASS_000682,KB_00666,REC_054,B004G32WA8,Toys_and_Games,My original case was falling apart after only 2 years (made of cardboard). A friend has one of these and I think they're great. Only thing you have to watch is you don't know if you have all the tiles by sweeping them into the cases. You will only find out when setting up game. Will consider looking into case for racks as mine are wood and I don't want them to break if I drop the case.,78
PASS_000683,KB_00667,REC_054,B004G32WA8,Toys_and_Games,"I do like the bag; everything fits, easy to carry. The only reason I gave it 4 stars instead of 5 stars was that I really, really wanted a hard case, but was not able to purchase one separately. All hard cases come with a full MahJongg set... which I do not need. And- I was unable to find a contact number for Yellow Mountain Imports... no person to contact for help.",72
PASS_000684,KB_00668,REC_054,B004G32WA8,Toys_and_Games,I have a mah jongg case that I have been struggling with because it is very heavy and hard for me to carry. I saw this one and it was on sale so I decided to try it. It is great! Meets my expectations and is HALF the weight of the other. I like the pouches for the tiles. There are no protective coverings for the racks but I bought tube sox that fill that need. I would recommend this bag for anyone looking for a nice case to carry their mah jongg game in.,95
PASS_000685,KB_00669,REC_054,B004G32WA8,Toys_and_Games,I was delighted with my purchase of the Leatherette Mahjong Case. This replaced my old hard surface case that was nicked andunattractive. This case has 2 soft internal cases for the tiles and a tote that holds extra tiles and chips leaving plenty of room for my 4 racks . The case can also be wiped down with a damp cloth if needed. Everything fits in this case neatly; my old case sprung its hinges if you did not put the tiles and racks exactly perfect.,86
PASS_000686,KB_00670,REC_054,B004G32WA8,Toys_and_Games,"Lovely soft sided case can hold complete set of American Mahjong tiles, four racks, and accessories.",16
PASS_000687,KB_00671,REC_054,B004G32WA8,Toys_and_Games,"It does hold everything as stated ( racks, pushers and tiles)  The soft zip bags for the tiles are great.",20
PASS_000688,KB_00672,REC_054,B004G32WA8,Toys_and_Games,"if you are looking for a case that will hold the tiles and racks and other things you need for the game, this will do it.",26
PASS_000689,KB_00673,REC_054,B004G32WA8,Toys_and_Games,"The only reason I gave it 4 stars instead of 5 stars was that I really, really wanted a hard case, but was not able to purchase one separately.",29
PASS_000690,KB_00674,REC_054,B004G32WA8,Toys_and_Games,Will consider looking into case for racks as mine are wood and I don't want them to break if I drop the case.,23
PASS_000691,KB_00675,REC_054,B004G32WA8,Toys_and_Games,This case has 2 soft internal cases for the tiles and a tote that holds extra tiles and chips leaving plenty of room for my 4 racks .,28
PASS_000692,KB_00676,REC_054,B004G32WA8,Toys_and_Games,There are no protective coverings for the racks but I bought tube sox that fill that need.,17
PASS_000693,KB_00677,REC_054,B004G32WA8,Toys_and_Games,"Fits all my mah jongg racks, pushers and tiles.",9
PASS_000694,KB_00678,REC_054,B004G32WA8,Toys_and_Games,Everything fits in this case neatly; my old case sprung its hinges if you did not put the tiles and racks exactly perfect.,23
PASS_000695,KB_00679,REC_054,B004G32WA8,Toys_and_Games,"This is a light weight, easy to care, case that fits racks, pushers, and tiles.",15
PASS_000696,KB_00680,REC_055,B00DJ4PJ64,Toys_and_Games,"This is our first foray into Lego Advent Calendars and with it being the 2nd of December today, we have opened up the first two doors. So far, our son (9) is very pleased with it. The mini-figures are cool and he can add those to his many Lego Star Wars sets after the holiday. These are a little on the expensive side when compared to simple advent calendars, but they do of course offer items that your children can use and play with well into the future. If you see this on sale and your kids like Star Wars and Lego buy this without hesitation.",106
PASS_000697,KB_00681,REC_055,B00DJ4PJ64,Toys_and_Games,"This is more in line with the first (2011) Lego Star Wars Advent Calendar (which contained 266 pieces and also had an MSRP or $39.99), and feels more reasonable in general, especially when you can sometimes get it on sale for even less than this.So, whether you collect Lego advent calendars, Lego Star Wars sets, Lego Star Wars mini figures, or some combination of these, I think you'll find something worthwhile about this set. Not to mention they are a blast to open when the holidays finally get here (I've really enjoyed it the past two years, and am glad I'll get to make it three years in a row).",110
PASS_000698,KB_00682,REC_055,B00DJ4PJ64,Toys_and_Games,"We got one of these for our boy and a pair of the &#34;Friends&#34; sets for our girls. They all loved them.This set includes several small build-able ships, stationary figures and mini-figs that create a great little set over the count down. Our kids like building each piece every night and then as they had more and more built pieces they had fun playing with all of them together as a set.We found it to be a really fun countdown that also helps the little ones understand the number of days to Christmas.",93
PASS_000699,KB_00683,REC_055,B00DJ4PJ64,Toys_and_Games,"My 8 yr old son was SOOOOOO excited about this when recvd. However, we are on December 15th, and he's gotten mostly spaceships. Every so often, he'll get a mini-figure - droid usually - but almost everyday, it's become a little joke now - &#34;Another spaceship today?&#34;  I think because there are SOOOOO many figures out there, and you are paying $40 for something that can't really be used again, the least Lego could have done was put a few more of the ever-clamored-after figures in instead of 90% spaceships.",90
PASS_000700,KB_00684,REC_055,B00DJ4PJ64,Toys_and_Games,"Received my 2013 Lego Star Wars Advent Calendar the other day, and thought I'd put together a quick review for those who might also be considering getting one. As with the previous Lego Star Wars Advent Calendars, one of the best parts about this one is that it included NINE mini figures (including the EXCLUSIVE Santa Jango Fett figure). In addition to this exclusive figure you get, Young Boba Fett (nice that they kept the family together for the holidays! ), Scout Trooper, R5-F7, Rebel Commando, Clone Trooper, Battle Droid, Geonosian Pilot, and FA-4.",94
PASS_000701,KB_00685,REC_055,B00DJ4PJ64,Toys_and_Games,"I'm a big fan and avid collector of Lego Star Wars Mini Figures, so it's great to see so many figures again. And, I think they did a nice mix of original trilogy and prequel (though I always prefer more original trilogy when possible).You also get some new and nice new ships etc. from both the original trilogy and the prequel. I'm always amazed how they can make some of these ships/items look so good using so few small pieces each. Not always perfect, mind you, but always good enough that you can tell what it's supposed to be (and often much better than that).Since there were a lot of complaints about the fewer pieces and higher price in last year's, I thought I'd also note that the Lego 2013 Star Wars Advent Calendar increased the number of pieces and decreased the price this year (last year there were 234 pieces and the MSRP was $49.99, this year there are 254 pieces ant the MSRP is $39.99).",167
PASS_000702,KB_00686,REC_055,B00DJ4PJ64,Toys_and_Games,"This has been fun so far, we are on day nine. My boys are more excited about the mini figures than the mini ships though. So far we have gotten lots of ships and few figures.",36
PASS_000703,KB_00687,REC_055,B00DJ4PJ64,Toys_and_Games,"Not sure if we missed some instructions or what, but we found the calendar lacking in stability as a self-supporting, standing structure. However, kids loved the mini figures and there was a lot of product for the price. Get it on sale...I wouldn't have been happy paying full price. For what I paid, though, good deal.",56
PASS_000704,KB_00688,REC_055,B00DJ4PJ64,Toys_and_Games,"We purchase the Star Wars Lego calendar every year. Make sure you purchase early! We always purchase RIGHT when they come out because they sell out every year. We are happy with the calendar, as we have been every year.",40
PASS_000705,KB_00689,REC_055,B00DJ4PJ64,Toys_and_Games,One of the reasons I purchased this item was because the item description indicated that the pieces came in a container to open each day of December. You have to come up with your own advent container. I would not have order this Lego  product if I had known that it was only the Lego pieces. Therefore I am returning this product.,62
PASS_000706,KB_00690,REC_055,B00DJ4PJ64,Toys_and_Games,"This is more in line with the first (2011) Lego Star Wars Advent Calendar (which contained 266 pieces and also had an MSRP or $39.99), and feels more reasonable in general, especially when you can sometimes get it on sale for even less than this.So, whether you collect Lego advent calendars, Lego Star Wars sets, Lego Star Wars mini figures, or some combination of these, I think you'll find something worthwhile about this set.",74
PASS_000707,KB_00691,REC_055,B00DJ4PJ64,Toys_and_Games,The mini-figures are cool and he can add those to his many Lego Star Wars sets after the holiday.,19
PASS_000708,KB_00692,REC_055,B00DJ4PJ64,Toys_and_Games,"Every so often, he'll get a mini-figure - droid usually - but almost everyday, it's become a little joke now - &#34;Another spaceship today?&#34;  I think because there are SOOOOO many figures out there, and you are paying $40 for something that can't really be used again, the least Lego could have done was put a few more of the ever-clamored-after figures in instead of 90% spaceships.",67
PASS_000709,KB_00693,REC_055,B00DJ4PJ64,Toys_and_Games,"I'm a big fan and avid collector of Lego Star Wars Mini Figures, so it's great to see so many figures again.",22
PASS_000710,KB_00694,REC_055,B00DJ4PJ64,Toys_and_Games,"As with the previous Lego Star Wars Advent Calendars, one of the best parts about this one is that it included NINE mini figures (including the EXCLUSIVE Santa Jango Fett figure).",31
PASS_000711,KB_00695,REC_055,B00DJ4PJ64,Toys_and_Games,"They all loved them.This set includes several small build-able ships, stationary figures and mini-figs that create a great little set over the count down.",24
PASS_000712,KB_00696,REC_055,B00DJ4PJ64,Toys_and_Games,My boys are more excited about the mini figures than the mini ships though.,14
PASS_000713,KB_00697,REC_055,B00DJ4PJ64,Toys_and_Games,"However, kids loved the mini figures and there was a lot of product for the price.",16
PASS_000714,KB_00698,REC_055,B00DJ4PJ64,Toys_and_Games,One of the worse Lego sets ever got.,8
PASS_000715,KB_00699,REC_055,B00DJ4PJ64,Toys_and_Games,Grandson loves star wars Lego and  enjoys opening a workable addition to his sets each day.,16
PASS_000716,KB_00700,REC_055,B00DJ4PJ64,Toys_and_Games,"Received my 2013 Lego Star Wars Advent Calendar the other day, and thought I'd put together a quick review for those who might also be considering getting one. As with the previous Lego Star Wars Advent Calendars, one of the best parts about this one is that it included NINE mini figures (including the EXCLUSIVE Santa Jango Fett figure). In addition to this exclusive figure you get, Young Boba Fett (nice that they kept the family together for the holidays!), Scout Trooper, R5-F7, Rebel Commando, Clone Trooper, Battle Droid, Geonosian Pilot, and FA-4. I'm a big fan and avid collector of Lego Star Wars Mini Figures, so it's great to see so many figures again. And, I think they did a nice mix of original trilogy and prequel (though I always prefer more original trilogy when possible).You also get some new and nice new ships etc. from both the original trilogy and the prequel. I'm always amazed how they can make some of these ships/items look so good using so few small pieces each. Not always perfect, mind you, but always good enough that you can tell what it's supposed to be (and often much better than that).Since there were",200
PASS_000717,KB_00700,REC_055,B00DJ4PJ64,Toys_and_Games,"always good enough that you can tell what it's supposed to be (and often much better than that).Since there were a lot of complaints about the fewer pieces and higher price in last year's, I thought I'd also note that the Lego 2013 Star Wars Advent Calendar increased the number of pieces and decreased the price this year (last year there were 234 pieces and the MSRP was $49.99, this year there are 254 pieces ant the MSRP is $39.99). This is more in line with the first (2011) Lego Star Wars Advent Calendar (which contained 266 pieces and also had an MSRP or $39.99), and feels more reasonable in general, especially when you can sometimes get it on sale for even less than this.So, whether you collect Lego advent calendars, Lego Star Wars sets, Lego Star Wars mini figures, or some combination of these, I think you'll find something worthwhile about this set. Not to mention they are a blast to open when the holidays finally get here (I've really enjoyed it the past two years, and am glad I'll get to make it three years in a row).",190
PASS_000718,KB_00701,REC_056,B003TO4YYC,Toys_and_Games,"We read through all the reviews we could before we chose this kitchen for our daughter for Christmas. It took a while to put together, but wasn't difficult--just time consuming. It has some wood pieces and some pressed board pieces, but is nice and sturdy. It doesn't have any ""counter space"" so we put a little end-table next to it for our daughter to ""prepare"" her food. Overall, I am very pleased.",72
PASS_000719,KB_00702,REC_056,B003TO4YYC,Toys_and_Games,"This is a great set. It took me about 4 hours to assemble. The hardest part was aligning the screews under the counter top to the center wall. The only down side to the set is the faucet - it moves around nicely but seems weak and I think will be prone to breaking. Otherwise a great set for a child that wants to ""play kitchen"". I would definitely recommend this set to family & friends.",76
PASS_000720,KB_00703,REC_056,B003TO4YYC,Toys_and_Games,"It's not solid wood - but the finishes are nice. The ""granite"" counter, while obviosly not real granite, has a cute, counter top like finish and doesn't look cheesy. The back of the kitchen is also finished nicely, which was important to us since we do not have it backed up against a wall.Our daughter loves playing with it - rummages through the cabinets, puts her dishes in the little sink, turns her ""faucet"" on and off. She loves playing with the dials that click.",85
PASS_000721,KB_00704,REC_056,B003TO4YYC,Toys_and_Games,"I love the red and white color scheme, including real gingham curtains. There is a white fridge, a two-burner stove with clicking knobs, an oven with similar knobs, a little microwave, a sink with a faucet that has a turn-able handle, and a cubby space to store kitchen what nots. It is made out of engineered wood with a wood-grain looking finish, and the black and white counter top is realistically styled to look like laminate, corian or granite counters. The quality latching mechanism of the doors clicks open and shut firmly.",92
PASS_000722,KB_00705,REC_056,B003TO4YYC,Toys_and_Games,"After doing a lot of research on play kitchens, I decided on this one. I am very happy with the decision. The kitchen arrived within 2 days of the order in a big box. I was a little overwhelmed by the number of pieces that were in the box. It took about 2 hours to put together, but the instructions were clear and the pieces were numbered. Now that the kitchen is put together, it looks great! The pieces are very durable and it is a great height for my tall 2-year-old.",92
PASS_000723,KB_00706,REC_056,B003TO4YYC,Toys_and_Games,"It's a good size; not so small that it's cramped and not so big that it takes up too much space. My tallish 2 1/2 year old seems quite comfortable with the height. Altogether, a great purchase; we really like it a lot.The above was my initial review; since then we still really like the kitchen, but I wanted to mention that the faucet piece broke pretty easily -- he hadn't even had it a month. It still looks fine, but it's really loose. Not that big a deal, but mildly annoying.",92
PASS_000724,KB_00707,REC_056,B003TO4YYC,Toys_and_Games,"this set has way to many parts, i would suggest this kitchen set to only advanced people who have had experience building models or such.",25
PASS_000725,KB_00708,REC_056,B003TO4YYC,Toys_and_Games,still works after 2 years so I would say its fairly sturdy considering how much stuff has been crashed into it and the doors have been slammed.,27
PASS_000726,KB_00709,REC_056,B003TO4YYC,Toys_and_Games,"Well built, well thought out toy. Our granddaughter loves it! Great value. Very heavy and durable. quality material and great instructions.",21
PASS_000727,KB_00710,REC_056,B003TO4YYC,Toys_and_Games,"We'll see if it keeps her attention for a while, but so far she enjoys playing with it.",18
PASS_000728,KB_00711,REC_056,B003TO4YYC,Toys_and_Games,My tallish 2 1/2 year old seems quite comfortable with the height.,12
PASS_000729,KB_00712,REC_056,B003TO4YYC,Toys_and_Games,The hardest part was aligning the screews under the counter top to the center wall.,15
PASS_000730,KB_00713,REC_056,B003TO4YYC,Toys_and_Games,"The ""granite"" counter, while obviosly not real granite, has a cute, counter top like finish and doesn't look cheesy.",19
PASS_000731,KB_00714,REC_056,B003TO4YYC,Toys_and_Games,"It is made out of engineered wood with a wood-grain looking finish, and the black and white counter top is realistically styled to look like laminate, corian or granite counters.",30
PASS_000732,KB_00715,REC_056,B003TO4YYC,Toys_and_Games,"It doesn't have any ""counter space"" so we put a little end-table next to it for our daughter to ""prepare"" her food.",22
PASS_000733,KB_00716,REC_056,B003TO4YYC,Toys_and_Games,The pieces are very durable and it is a great height for my tall 2-year-old.,15
PASS_000734,KB_00717,REC_056,B003TO4YYC,Toys_and_Games,"very durable, especially since my daughter enjoys openining and closing the doors over and over again.",16
PASS_000735,KB_00718,REC_056,B003TO4YYC,Toys_and_Games,to open and close and store things.,7
PASS_000736,KB_00719,REC_056,B003TO4YYC,Toys_and_Games,"the finished kitchen set is the cutest thing and worth the price and time it took to build.the only thing is maybe the last screw by the little phone and sink would not screww all the way in .. its a small support for the fridge shelf but, i believe if its taken out the other three screws should support it .i left mine slightly unscrewed i it becomes an issue for my daughter id remove it ..",78
PASS_000737,KB_00720,REC_056,B003TO4YYC,Toys_and_Games,"I bought this for my nieces for Christmas. It's very cute and sturdy. Since I haven't given it to them yet, I can't tell you what they think of it, but after spending 3 1/2 hours putting it together last night, I can give you a few hints on assembly.First, it's definitely harder than Ikea. Ikea optimizes the assembly so that everything can be put together with one or two types of hardware. This is not the case here. If there is a board, it probably has it's own hardware. There are seven types of bolts and four types of screws. They organize the hardware nicely in a divided packet, but be very careful not to mix them up. Open only the ones you need from the pack by the perforated cardboard on the back. Don't mix up the matching bolts and nuts. They come attached to each other. I mixed them up at some point and they didn't attach easily, even though they were the same type of hardware.I was able to manage with the mini wrench and Allen wrenches supplied, but you do need a Philips screwdriver. It does need to be a real one, not one with",200
PASS_000738,KB_00720,REC_056,B003TO4YYC,Toys_and_Games,"wrenches supplied, but you do need a Philips screwdriver. It does need to be a real one, not one with interchanges bits since the post holding up the curtain require you to insert the screw inside the post an inch or two and the hole wasn't wide enough to accommodate my interchangeable screwdriver.There are 35 pieces in the set and 22 steps. The steps, while do not have any text, are pretty clear. Be patient, make sure you've attached everything since there are usually many things to attach in each step. Step 1 is probably the hardest, so don't get discouraged. It essentially puts together the frame. Step 3 is a little visually confusing, but all it really means is that 26 gets attached with screw F and 7 gets attached with screw G. I did notice one slight error. For piece 7, the latch should be on top. It doesn't appear in diagram in Step 3 (which is shouldn't since this is a bottom view), but when you see the top view of the piece, in Step 4 it doesn't appear either (which is should). It doesn't show up until Step 6 so be careful which direction you assemble",200
PASS_000739,KB_00720,REC_056,B003TO4YYC,Toys_and_Games,"doesn't appear either (which is should). It doesn't show up until Step 6 so be careful which direction you assemble it.I noticed small alignment issues. The back splash was a little tight and I had one back panel (piece 21) whose grooves on the bottom didn't align with the grooves on the side. It wasn't a huge misalignment, but enough that I had to loosen hardware and push and pull a little to work.So, in summary? It's harder than Ikea, less standardized, more steps, more pieces but probably sturdier. If you can put together an Ikea piece of furniture, you can put this together, but with a little more patience and time. Don't wait until Christmas Eve.",117
PASS_000740,KB_00721,REC_057,B000HCL94W,Toys_and_Games,This just made a hit. My grandson turned 2 so this was his gift. It had to be assembled but it wasn't difficult. It is sturdy and made well. Also it is a nice size...will last him quite sometime. The price was so reasonable. Recommend.,45
PASS_000741,KB_00722,REC_057,B000HCL94W,Toys_and_Games,"He loves it! We love the soft, plush horse, and the safety spring covers for my 20 month-old son. I had wanted one that didn't ""sing"" or ""speak"", but couldn't find one for this price. ""Lucky"" for us, the batteries wore out after a week. But those who want the songs/sounds won't like that they aren't replaceable. They're just button batteries sewn into the ears.",65
PASS_000742,KB_00723,REC_057,B000HCL94W,Toys_and_Games,"She is 2 and was a little afraid at the beginning. The last picture I saw, she was standing on top of it lol...obviously she has gotten over her fear. Good quality. I wanted to make sure this wouldn't tip over or move. It plays music and speak if you keep the batteries in. If it's annoying to you, take out the batteries. I like the fur better than the hard plastic ones.",73
PASS_000743,KB_00724,REC_057,B000HCL94W,Toys_and_Games,"I bought this for my 3 year old daughter & she absolutely loves it. We bought this for Christmas last year & she is still riding Lucky. It is durable as we have had nieces, nephews, & friends kids ride this thing like it was real & it has held up to everything. It even still has the original batteries in it. The only downfall is the saddle. It is just fabric & velcro and comes off all the time. It was a great buy for us & I am sure we will hand it down to our baby on the way!",102
PASS_000744,KB_00725,REC_057,B000HCL94W,Toys_and_Games,"In the Try Me setting, all the sound, songs, and phrases are said. In the On setting, the only difference is that the galloping sound plays anytime the horse senses movement when the child rides on it or if you walk past it. There is a low and high volume switch but it doesn't seem to be too much different in volume. The product comes with batteries but as with many products that come with batteries, they may not last very long and must be replaced to continue hearing the sounds. The battery pack is in a velcro pouch on the neck by the mane.",105
PASS_000745,KB_00726,REC_057,B000HCL94W,Toys_and_Games,"For those reviews that say the sound doesn't work anymore, my advise is, ""Change the batteries. ""The fur is soft. The saddle doesn't seem to slip if the child is sitting on it. It is easily removed to ride bareback. The weight limit is 120 pounds so it should work well for most kids between 18 months and 4 years. My 12 year old daughter could ride it based on the weight limit. It is a safe toy to ride responsibly. If you have your young children on it, by all means stay with or near them as they ride.",100
PASS_000746,KB_00727,REC_057,B000HCL94W,Toys_and_Games,"You can see the full specs on this toy at the manufacturer's website at [...]This toy requires 3 double AA batteries to work. So, if your sound stops working check to see if the batteries need replacing. The battery pack is located where the on off switch is on the underneath side of the horse. This is a very good play horse for kids age 18 months to 4 years. I feel it develops leg muscles and teaches coordination of movement. It also teaches horse sounds, associating the sound with the animal.",92
PASS_000747,KB_00728,REC_057,B000HCL94W,Toys_and_Games,"I purchased this horse for my daughter's 3rd birthday, and she loves it. My older daughter is almost 5, and she loves it as well. After reading other reviews, I'm guessing that the model has changed slightly, since the batteries are now easily located in a hidden pocket right along the horse's mane. We haven't had problems with the buttons in the ears making sounds, although I find that my girls don't care much about the sounds anyway. We've had this horse for about a month.The one thing I wanted to mention was a problem with the assembly instructions.",99
PASS_000748,KB_00729,REC_057,B000HCL94W,Toys_and_Games,"I bought this toy almost 5 yrs ago for my niece and nephew. After they outgrew it, their little sister took over and rode it almost every day. I got it from them and just put it back together for my own children today. My daughter is 3 1/2 and my son just turned 2 a few weeks ago. They love it! The only thing that was worn out and needed replacement was the 3 AA batteries. My daughter can climb on and off by herself, but my son who is 35inches tall needs to be placed on the horse.The only thing that isn't great about this horse from the beginning was the saddle that never stayed on.",118
PASS_000749,KB_00730,REC_057,B000HCL94W,Toys_and_Games,"We had searched high and low for the perfect horse for our grandson for Christmas. It is hard to find the right size rocking horse. We sent two back and then found this one on line. We opened the box, put it together and loved it! When our two year old grandson saw it he didn't love it. He refused to get on the horse  and clung to me for dear life. So sadly we boxed him up and put him away until March when our grandson turns three and hopefully he will be delighted by Lucky then.",98
PASS_000750,KB_00731,REC_057,B000HCL94W,Toys_and_Games,The horse is big and takes up a good amount of size in my living room.,16
PASS_000751,KB_00732,REC_057,B000HCL94W,Toys_and_Games,She LOVES the song so this is a huge disappointment and the size of this thing makes it very impossible/inconvenient to keep sending it back.,25
PASS_000752,KB_00733,REC_057,B000HCL94W,Toys_and_Games,"you can rock and bounce up and down on it so it would b fine for 2 year olds or hardy 18 month olds.the lucky fabric saddle soon went off the horse, no need to really have it as it wont stay.I just changed the batteries believe it or not, i didn't think the cheapo chinex batteries that came with it would last, but since only galloping sounds came out i changed them and the song plays again as well as the spoken words, so if you have that problem where it stops, change the batteries.oh and the batteries compartment is in the mane of the neckword to the wise, if you have a curious child, don't let them know where the battery compartment is or they will be messing with the sound controls and on off switch, which since its is motion activated can get annoying every time you walk by a galloping sound happens, this can be turned off though when not in use.the springs are tight and durable and will hold a heavy child, my 13 yr old sat on it and it holds up.overall this is an excellent toy with durability and charm.and thanks for others",200
PASS_000753,KB_00733,REC_057,B000HCL94W,Toys_and_Games,"old sat on it and it holds up.overall this is an excellent toy with durability and charm.and thanks for others who posted reviews and comments on this toy it helped me to get this originally!keep on reviewing folks, we parents need all the help we can get from a community for recommendations and everything else.",55
PASS_000754,KB_00734,REC_057,B000HCL94W,Toys_and_Games,They're just button batteries sewn into the ears.,8
PASS_000755,KB_00735,REC_057,B000HCL94W,Toys_and_Games,It plays music and speak if you keep the batteries in.,11
PASS_000756,KB_00736,REC_057,B000HCL94W,Toys_and_Games,It even still has the original batteries in it.,9
PASS_000757,KB_00737,REC_057,B000HCL94W,Toys_and_Games,"If it's annoying to you, take out the batteries.",9
PASS_000758,KB_00738,REC_057,B000HCL94W,Toys_and_Games,"After reading other reviews, I'm guessing that the model has changed slightly, since the batteries are now easily located in a hidden pocket right along the horse's mane.",28
PASS_000759,KB_00739,REC_057,B000HCL94W,Toys_and_Games,"""Lucky"" for us, the batteries wore out after a week.",10
PASS_000760,KB_00740,REC_057,B000HCL94W,Toys_and_Games,"So, if your sound stops working check to see if the batteries need replacing.",14
PASS_000761,KB_00741,REC_057,B000HCL94W,Toys_and_Games,"WE purchased this for our 3 1/2 year old daughter.  She was torn between the Radio Flyer Spring Horse and the Furreal Butterscotch pony.  This horse is a great combination of the best parts of each.  It is soft and brushable, but she can still climb on and bounce.  It sings and moves its mouth, so she can ""feed"" it all sorts of things.  I was originally worried about durability and was quite happy to see that it easily supports my nine-year old as well.  The two have even climbed on together without any worry.Although I had been a strong Radio-Flyer customer, with their increase in production in China, I think that Tek Nek has produced a better product and am happy to have purchased it.",126
PASS_000762,KB_00742,REC_058,B005V2LJS4,Toys_and_Games,"Was not specific enough in descriptions. Product was not entirely Japanese super sentai figuart, with Japanese instructions, etc. It was the US import of the Japanese Figuarts and had english instructions and Power Ranger logo, etc.",36
PASS_000763,KB_00743,REC_058,B005V2LJS4,Toys_and_Games,"SH Figuarts did an amazing job making these figures with so much detail. I'm glad to have the Red Samurai Ranger in my collection. It really is a work of art. I hope Bandai Tamashii Nations makes more figures of the other Power Rangers/Super Sentai teams. Still waiting for teams such as Dino Thunder/Abaranger and Time Force/Timeranger. Just a heads up, this figure is not for kids, but mostly for collectors since the box does say ages 15 and up. Other than that, Keep up the good work Bandai.",89
PASS_000764,KB_00744,REC_058,B005V2LJS4,Toys_and_Games,"Whether you are a fan of Power Rangers Samurai or not, this is a great entry into the world of SH Figuarts collecting as he tends to be the least expensive compared to others PR SHFiguarts, which start at $38. He is much smaller that I expected, but what he lacks in size, he makes up for in articulation and detailing. Almost every speck of this action figure and the accessories are painted and he boasts a whopping 24 points of articulation and several sets of hands intended for holding the accessories. The only thing keeping the set from being sheer perfection id the absence of a display stand of some kind.NOTE, these figures are intended for ADULT FIGURE COLLECTORS AGES 15 AND UP, as the packaging states repeatedly!",129
PASS_000765,KB_00745,REC_058,B005V2LJS4,Toys_and_Games,"Again, if you are a fan of Power Rangers, can handle sharp objects, and can safely store without losing accessories, these are what you SHOULD be collecting and posing and displaying.FIGUARTS SHINKEN RED is FIVE STARS!!!! !",37
PASS_000766,KB_00746,REC_058,B005V2LJS4,Toys_and_Games,"We got the power ranger for our son for Christmas from Santa, it broke with is a week. He was completely devastated! We have had cheaper ones that lasted years.",30
PASS_000767,KB_00747,REC_058,B005V2LJS4,Toys_and_Games,"Despite what people are saying about the odd shoulders, I still like this figure, the slightly unnatural cuts aren't enough to bother me and the articulated points are stiff enough for play and posing (mainly play :P) the detail is all there and the accesories are spot on, the only gripe i have is that the rekka daizantou does not have an ozutsu mode but that's pretty much it and for all power ranger fans, this is also a great representation of jaden's red ranger.",85
PASS_000768,KB_00748,REC_058,B005V2LJS4,Toys_and_Games,"This is the S.H. Figuarts Shinken Red/ Wow, this is a great figure. Amazing articulation and incredible paint job.First Figuarts is for adult or older collectors. Not for kids. Very accurate, weapons, very tiny pieces that are easily lost unfortunately. It's a great looking figure especially when posing .At time of the review, this figure was 25 dollars which is a steal for Figuarts in general. Those who have the money and like figures, buy these instead of those cheap, 4"" figures.The 4"" figures do not really pose well, terrible accessories, at least quality wise, awful paint jobs when compared to these Figuarts.",103
PASS_000769,KB_00749,REC_058,B005V2LJS4,Toys_and_Games,"This is not the toy you buy your 7 year old son as this figure is delicate and not as durable compared to the $8-10 playline figures, which are made with 7 year olds in mind..",36
PASS_000770,KB_00750,REC_058,B005V2LJS4,Toys_and_Games,Think of it as a heavily articulated statue.,8
PASS_000771,KB_00751,REC_058,B005V2LJS4,Toys_and_Games,"The pose this toy can make is quite amazing, but it is also limited.... still it's quite good. Only complaint is the plastic quality. The body parts at the shoulder are bare red plastic which is noticeably different color rather than the rest painted, and it feels cheap. Overall, quite good, but not as good looking as in the picture. After all, this is just a $30 toy.",68
PASS_000772,KB_00752,REC_058,B005V2LJS4,Toys_and_Games,"Whether you are a fan of Power Rangers Samurai or not, this is a great entry into the world of SH Figuarts collecting as he tends to be the least expensive compared to others PR SHFiguarts, which start at $38.",40
PASS_000773,KB_00753,REC_058,B005V2LJS4,Toys_and_Games,"Again, if you are a fan of Power Rangers, can handle sharp objects, and can safely store without losing accessories, these are what you SHOULD be collecting and posing and displaying.FIGUARTS SHINKEN RED is FIVE STARS!!!!",36
PASS_000774,KB_00754,REC_058,B005V2LJS4,Toys_and_Games,"It was the US import of the Japanese Figuarts and had english instructions and Power Ranger logo, etc.",18
PASS_000775,KB_00755,REC_058,B005V2LJS4,Toys_and_Games,"Product was not entirely Japanese super sentai figuart, with Japanese instructions, etc.",12
PASS_000776,KB_00756,REC_058,B005V2LJS4,Toys_and_Games,I hope Bandai Tamashii Nations makes more figures of the other Power Rangers/Super Sentai teams.,15
PASS_000777,KB_00757,REC_058,B005V2LJS4,Toys_and_Games,"We got the power ranger for our son for Christmas from Santa, it broke with is a week.",18
PASS_000778,KB_00758,REC_058,B005V2LJS4,Toys_and_Games,I'm glad to have the Red Samurai Ranger in my collection.,11
PASS_000779,KB_00759,REC_058,B005V2LJS4,Toys_and_Games,the sword holding hands also have the issue that the sword keeps slipping out of them.,16
PASS_000780,KB_00760,REC_058,B005V2LJS4,Toys_and_Games,We have had cheaper ones that lasted years.,8
PASS_000781,KB_00761,REC_058,B005V2LJS4,Toys_and_Games,"This is the S.H. Figuarts Shinken Red/ Wow, this is a great figure. Amazing articulation and incredible paint job.First Figuarts is for adult or older collectors. Not for kids. Very accurate, weapons, very tiny pieces that are easily lost unfortunately. It's a great looking figure especially when posing .At time of the review, this figure was 25 dollars which is a steal for Figuarts in general. Those who have the money and like figures, buy these instead of those cheap, 4"" figures.The 4"" figures do not really pose well, terrible accessories, at least quality wise, awful paint jobs when compared to these Figuarts. Again, if you are a fan of Power Rangers, can handle sharp objects, and can safely store without losing accessories, these are what you SHOULD be collecting and posing and displaying.FIGUARTS SHINKEN RED is FIVE STARS!!!!!",139
PASS_000782,KB_00762,REC_059,B00C1TV1F6,Toys_and_Games,"The facial features and the attention to body detail give this toy a extra * as desirable for a TFP collection. The Japanese releases tend to offer more detail and better coloration...so if you collect Japanese only and TFP Optimus, you'll like this one. Otherwise, the Hasbro versions may be a better choice for the price.",56
PASS_000783,KB_00763,REC_059,B00C1TV1F6,Toys_and_Games,"I collect almost anything Optimus Prime....and couldn't wait to receive this one for my collection. The toy is one of my faves from the Beast Hunter series.The shipping box and toy carton were damaged, but the toy was okay. My only regret is the damage to the carton as a collector I prefer to keep my collection MISB and the damaged box will reduce the toy's overall value in the future.Now, as for the toy itself, this is one of the best looking toys from the TFPrime line imho, and the 'bulked up' version with wings from Season 3, Beast Hunters.",101
PASS_000784,KB_00764,REC_059,B00C1TV1F6,Toys_and_Games,"Hasbro came out with the same figure but different color windows etc, WHY I'm not sure but I'm glade that the G11 was made. There colors on this figure are awesome, the figure is a must have for any transformer collector.the only con would be the head sculpture, never have i collected an optimus prime figure with out the face shield being the primary choice, this figure tries to show off his face with out the shield and it looks bad BUT 3 party products can fix this issue.",89
PASS_000785,KB_00765,REC_059,B00C1TV1F6,Toys_and_Games,"There colors on this figure are awesome, the figure is a must have for any transformer collector.the only con would be the head sculpture, never have i collected an optimus prime figure with out the face shield being the primary choice, this figure tries to show off his face with out the shield and it looks bad BUT 3 party products can fix this issue.",65
PASS_000786,KB_00766,REC_059,B00C1TV1F6,Toys_and_Games,"The toy is one of my faves from the Beast Hunter series.The shipping box and toy carton were damaged, but the toy was okay.",24
PASS_000787,KB_00767,REC_059,B00C1TV1F6,Toys_and_Games,The facial features and the attention to body detail give this toy a extra * as desirable for a TFP collection.,21
PASS_000788,KB_00768,REC_059,B00C1TV1F6,Toys_and_Games,"The Japanese releases tend to offer more detail and better coloration...so if you collect Japanese only and TFP Optimus, you'll like this one.",23
PASS_000789,KB_00769,REC_059,B00C1TV1F6,Toys_and_Games,"Otherwise, the Hasbro versions may be a better choice for the price.",12
PASS_000790,KB_00770,REC_059,B00C1TV1F6,Toys_and_Games,"My only regret is the damage to the carton as a collector I prefer to keep my collection MISB and the damaged box will reduce the toy's overall value in the future.Now, as for the toy itself, this is one of the best looking toys from the TFPrime line imho, and the 'bulked up' version with wings from Season 3, Beast Hunters.",62
PASS_000791,KB_00771,REC_059,B00C1TV1F6,Toys_and_Games,I collect almost anything Optimus Prime....and couldn't wait to receive this one for my collection.,15
PASS_000792,KB_00772,REC_059,B00C1TV1F6,Toys_and_Games,"Hasbro came out with the same figure but different color windows etc, WHY I'm not sure but I'm glade that the G11 was made.",24
PASS_000793,KB_00773,REC_059,B00C1TV1F6,Toys_and_Games,"I collect almost anything Optimus Prime....and couldn't wait to receive this one for my collection. The toy is one of my faves from the Beast Hunter series.The shipping box and toy carton were damaged, but the toy was okay. My only regret is the damage to the carton as a collector I prefer to keep my collection MISB and the damaged box will reduce the toy's overall value in the future.Now, as for the toy itself, this is one of the best looking toys from the TFPrime line imho, and the 'bulked up' version with wings from Season 3, Beast Hunters. The facial features and the attention to body detail give this toy a extra * as desirable for a TFP collection. The Japanese releases tend to offer more detail and better coloration...so if you collect Japanese only and TFP Optimus, you'll like this one. Otherwise, the Hasbro versions may be a better choice for the price.",157
PASS_000794,KB_00774,REC_060,B000U8SZ4A,Toys_and_Games,positive aspects: nice big screenpositive aspects: lightweightrecommendations: it would be nice if game instructions indicated highest possible score,18
PASS_000795,KB_00775,REC_060,B000U8SZ4A,Toys_and_Games,What's not to like? Its fun and keeps one thinking of how to get the highest score possible. I am learning how to count the cards and remember where they are.,31
PASS_000796,KB_00776,REC_060,B000U8SZ4A,Toys_and_Games,"This compact, lightweight Solitaire game is perfect for travel or anywhere else you might get the urge for a good game! Since I tend to be addicted to the game of Solitaire, I ordered this hoping it would be everything I hoped. After my first game, I knew I had hit the jackpot! The screen is easy to use and the size is perfect for tucking into a purse or carry on bag. Features such as ""highest score"", easy to read screen and accuracy are perfect! This one is a winner!",91
PASS_000797,KB_00777,REC_060,B000U8SZ4A,Toys_and_Games,"It's a great size - very easy to read and hold. My main critique is that you have to slowly and deliberately press the buttons to make moves. Very frustrating for quick ""texting"" fingers. Would also suggest more sophisticated moves like being able to transfer a partial row (more than 1 card or not the whole stack) from one card stack to another. Even an ""undo"" option would be wonderful!",70
PASS_000798,KB_00778,REC_060,B000U8SZ4A,Toys_and_Games,"When I saw this online for $14.99, after seeing it in a game store for $21.99, I was ecstatic. Unfortunately, I didn't think to read the reviews first. Several of the buttons on our two older model Radica games were no longer working and it was a struggle to get them to respond. Our old games had the undo button, which this model does not have ~ bummer. Also, the buttons on the newer model feel like pressing old typewriter keys ~ clicky and too tall.",86
PASS_000799,KB_00779,REC_060,B000U8SZ4A,Toys_and_Games,"This product is awful. It only shows lil' lines, no cards,numbers etc. Did not care for this AT ALL. I would not purchase.",23
PASS_000800,KB_00780,REC_060,B000U8SZ4A,Toys_and_Games,"Great Co. to deal with. Shipped very fast. Game is great time killer for Dr.'s offices, when having to sit in hospitals etc.",23
PASS_000801,KB_00781,REC_060,B000U8SZ4A,Toys_and_Games,"No backlight, slow response on keys, does not allow undo. Frustrating to use after being used to the Radica version.",20
PASS_000802,KB_00782,REC_060,B000U8SZ4A,Toys_and_Games,I would have like a undo button like most games. Just the right size for traveling and carrying in purse.,20
PASS_000803,KB_00783,REC_060,B000U8SZ4A,Toys_and_Games,Good solitaire games are hard to find. This is one of the best. All it really needs is an undo button. But...so far it has my vote.,27
PASS_000804,KB_00784,REC_060,B000U8SZ4A,Toys_and_Games,"Features such as ""highest score"", easy to read screen and accuracy are perfect!",13
PASS_000805,KB_00785,REC_060,B000U8SZ4A,Toys_and_Games,Its fun and keeps one thinking of how to get the highest score possible.,14
PASS_000806,KB_00786,REC_060,B000U8SZ4A,Toys_and_Games,"It only shows lil' lines, no cards,numbers etc.",8
PASS_000807,KB_00787,REC_060,B000U8SZ4A,Toys_and_Games,"Game is great time killer for Dr.'s offices, when having to sit in hospitals etc.",15
PASS_000808,KB_00788,REC_060,B000U8SZ4A,Toys_and_Games,"Our old games had the undo button, which this model does not have ~ bummer.",15
PASS_000809,KB_00789,REC_060,B000U8SZ4A,Toys_and_Games,Not only does this version not have an undo button but we've played over 100 times and none of us have scored more than 200 points.,26
PASS_000810,KB_00790,REC_060,B000U8SZ4A,Toys_and_Games,"I enjoy the large screen ,I only wish there was an undo button.",13
PASS_000811,KB_00791,REC_060,B000U8SZ4A,Toys_and_Games,All it really needs is an undo button.,8
PASS_000812,KB_00792,REC_060,B000U8SZ4A,Toys_and_Games,"A nice handheld game, but the only negative feature is that it doesn't have an Undo button like our old one had.",22
PASS_000813,KB_00793,REC_060,B000U8SZ4A,Toys_and_Games,I am 56 years old.  I love Solitaire...felt lost when my old IPAQ bit the dust and I could not play Solitaire on it anymore.  Found this one online and I love it...use it all the time...easy to see...play it in the car...in bed and camping...just great.,47
PASS_000814,KB_00794,REC_061,B00GD0N9AO,Health_and_Personal_Care,"I had knee replacement surgery and my surgeon and physical therapist advised that I purchase a shower chair. I was more than pleased with this chair. It was very reasonable, is very sturdy (holds up to 300lbs! ), was easy to put together and is very comfortable. I highly recommend this chair! It also arrived very quickly.",57
PASS_000815,KB_00795,REC_061,B00GD0N9AO,Health_and_Personal_Care,"I am a 5'6"" female and used it at the tallest height. I don't think it would work as well for someone who is over... maybe 5'10. I didn't use them much, but I would think the handles in the sides of the seat would be helpful to some. One note of caution though, it is a lightweight seat... and as I said, was stable for me.",67
PASS_000816,KB_00796,REC_061,B00GD0N9AO,Health_and_Personal_Care,Bought it in case I still needed a bench after 2 knee surgeries to use in  our walk-in shower when we moved to a condo. Found I didn't need to sit anymore when showering but it's ideal to use as a bench to wipe down or shave your legs!,49
PASS_000817,KB_00797,REC_061,B00GD0N9AO,Health_and_Personal_Care,It served the purpose well and it got me thru my disabled period. I would suggest this seat to others.,20
PASS_000818,KB_00798,REC_061,B00GD0N9AO,Health_and_Personal_Care,"Its sturdy and well made for average size person, however the seat legs do NOT adjust enough to accommodate a 6' person. We read the product description &#34;Adjustable seat height from 14 - 21 inches&#34;. We misinterpreted that to mean it adjusted to 21 inches, which would have been ideal. Be sure to click on ALL photos of the seat to open image to full size.",66
PASS_000819,KB_00799,REC_061,B00GD0N9AO,Health_and_Personal_Care,This bench is almost too big for my standard sized shower. This is not the fault of the manufacturer. I should've measured better. Great quality and looks to last for a long time.,33
PASS_000820,KB_00800,REC_061,B00GD0N9AO,Health_and_Personal_Care,It is a wonderful way to take a shower and know that you are not going to fall. Nice and sturdy and adjustable.,23
PASS_000821,KB_00801,REC_061,B00GD0N9AO,Health_and_Personal_Care,"I read a lot of reviews and chose this chair. It worked perfect , easy to put together. I broke my leg so I was just looking for a chair to use for a few months. I could't be happier with the product, good value.",45
PASS_000822,KB_00802,REC_061,B00GD0N9AO,Health_and_Personal_Care,"Also, make sure the surface is flat and all of the feet are sitting properly on the ground. My shower has pebbles on the bottom floor portion and there is a slight angle to the drain in the middle...  there were a couple of places I put the chair where it wasn't balanced properly, so I made sure to move it a bit until it was before sitting on it.",70
PASS_000823,KB_00803,REC_061,B00GD0N9AO,Health_and_Personal_Care,"The seat was stable and the hand holds were useful. I recommend this for someone who has had recent hip or knee surgery. Don't fear if it feels a bit light, it is strong enough.",35
PASS_000824,KB_00804,REC_062,B004H7GB9G,Health_and_Personal_Care,"I cut these pills in half and take half a pill a day (5,000mcg = 5g). I've been taking biotin for over a month and I think my nails feel stronger.",31
PASS_000825,KB_00805,REC_062,B004H7GB9G,Health_and_Personal_Care,"After recently going to the salon and getting my dead ends cut off, and moisturizing my hair along with not using any heating tools, my hair has grown 1/2 an inch in a week and a half! I intend on continuing with these until I get my desired length, which is mid-back length or longer. ALSO NOTE: Drink LOTS of water (Helps vitamin circulate within body, and keeps you from getting zitty!)",72
PASS_000826,KB_00806,REC_062,B004H7GB9G,Health_and_Personal_Care,"I ordered this product around a week ago, as soon as I received it I immediately began taking it. I cut the pill in half because I wasn't too sure on taking the maximum dosage. I am a nail bitter and within days of taking this, my nails were growing rather quickly :) I am extremely surprised with how well this product is working and will continue to use it.",70
PASS_000827,KB_00807,REC_062,B004H7GB9G,Health_and_Personal_Care,This product is amazing and Ur's able to see quick results I was using the 5000 Mg then I saw this one if you want ure. Hair to grow fast I really recommend this product to everyone!,37
PASS_000828,KB_00808,REC_062,B004H7GB9G,Health_and_Personal_Care,"After first use I noticed that the product brought me a fast heart bit, but the dosage was too strong for me, now I just cut the pills in half-and I have no problems after that.",36
PASS_000829,KB_00809,REC_062,B004H7GB9G,Health_and_Personal_Care,I don't know why I never thought to try this before. I started taking these 3 weeks ago and have at least an inch and a half of growth! I cut off most of my hair 3 years ago to get rid of the relaxer I've had for hundreds of years to grow out my natural hair. It was a slow start but it did grow in but I started using straight biotin 3 weeks ago and its not only longer but thicker also.,84
PASS_000830,KB_00810,REC_062,B004H7GB9G,Health_and_Personal_Care,"As soon as &#34;Natrol Biotin&#34; arrived, I started taking it, as directed. Believe it or not, after four days (4 little days!) my hair loss was cut in half! I could NOT believe my eyes--I still cannot believe it. Why would little pills do so much? I am thrilled, though! Amazed. Happy! It's very hard not to take two pills per day, but I am sticking to the directions.",69
PASS_000831,KB_00811,REC_062,B004H7GB9G,Health_and_Personal_Care,"Im still using, the texture of my hair is improving, getting thicker, using it with Nexxus biotin, shampoo, creme and saw palmetto, works well together seeing results after about a month and a half or so.",36
PASS_000832,KB_00812,REC_062,B004H7GB9G,Health_and_Personal_Care,"After steady use for a month, I have noticed thicker hair follicles and less hair being lost. I had to gradually work my dose up to a full pill. Tried taking a whole pill at the beginning and it gave me horrible migraines and headaches. Then I decreased to a half pill with breakfast or lunch.",56
PASS_000833,KB_00813,REC_062,B004H7GB9G,Health_and_Personal_Care,i saw alot of negative reviews for this product and was a little intimidated but i decided to give it a try.my hair like dosent grow idk why but its really frustrating.i measured my hair before this product and ive been taking half a pill every morning for a little over a week and measured my hair again and it grew a half inch! !,65
PASS_000834,KB_00814,REC_063,B004F4PR6Y,Health_and_Personal_Care,"This was bought for my fiance for christmas and he went over an old tattoo with the ink it comes with, so i will give more when it heals. He also let the tube that goes on the gun soak in water to remove access ink and it started to rust pretty quick. Idk if it was suppose to be soaked to clean it bc it did not come with care instructions, so my advice is to look on google before using or cleaning any of the items.",88
PASS_000835,KB_00815,REC_063,B004F4PR6Y,Health_and_Personal_Care,This item shipped quickly and works well. If you plan on purchasing this make sure you have a way to get your stencil on your body. kit does not come with stencils or carbon paper for steciling.The instruction video is worthless it does not really explain set up and use of this product.,53
PASS_000836,KB_00816,REC_063,B004F4PR6Y,Health_and_Personal_Care,Treat the practice skins like you would a person - use the jelly and green soap. Neither come in the kit so make sure you get them before falling into a routine with this thing. The inks aren't all that great. The black isn't actually black. It comes out more of a faded purple. I recommend these inks being JUST for practice.,62
PASS_000837,KB_00817,REC_063,B004F4PR6Y,Health_and_Personal_Care,"The DVD was VERY brief about assembly and proper cleaning and sanitation technique, and was relatively outdated. It wasn't useless, however wasn't the greatest for a beginner.Overall, I put all of the loose ends together, not much problem. Researched cleaning and sanitation, already tattooed myself, and am very optimistic. For the cost, this prdouct has really come through.Thank you",59
PASS_000838,KB_00818,REC_063,B004F4PR6Y,Health_and_Personal_Care,"I guuss for the price the kits is ok. The down side to it is that it comes without instructions on how to put the guns together and does not give you any tattoing tips. It does come with a dvd but the set up makes it very hard to actually find the file to watch it onces its in the dvd player, and the kit on the dvd is NOT the kit you are ordering here. Its for a much different kit with a lot more items.",88
PASS_000839,KB_00819,REC_063,B004F4PR6Y,Health_and_Personal_Care,"I recommend buying extra tips that are individually packaged and e.o. gas sterilized like the needles are. The practice skins that come with the kit are fine for practicing line work and such, but are nothing like real skin and so aren't of much help, but they do help get the hang of using the machine. You cannot shade on them at all so don't even try. Oranges are much better to practice on as you can actually do shading on them.",82
PASS_000840,KB_00820,REC_063,B004F4PR6Y,Health_and_Personal_Care,"The petal is cheap and seems like it will go out soon. It clicks on and off, but does not adjust the speed so we will be replacing that as well. The test skin is total garbage and you are better off using a grape fruit. They are cheap rubber and just sort of rip apart. The ink is OK and what you would expect to come in a cheap kit, but he will be ordering better ink. The tracing paper does not transfer well and comes off almost right away.",91
PASS_000841,KB_00821,REC_063,B004F4PR6Y,Health_and_Personal_Care,everything came as described with the package  only problem i am having is that the power supply is not sending power to the gun,24
PASS_000842,KB_00822,REC_063,B004F4PR6Y,Health_and_Personal_Care,when i got it only one gun worked and the gun to shade in tattoos didnt and still doesnt work i tryed to fix it but couldnt !,28
PASS_000843,KB_00823,REC_063,B004F4PR6Y,Health_and_Personal_Care,I got the priduct but i cant get the gun to work my power supply is turned on and everything it just wont work i dont know what te problem is,31
PASS_000844,KB_00824,REC_064,B000OR5P5Y,Health_and_Personal_Care,"I purchased this for my wool sweaters and tried it out in my kitchen sink as I don't like to put these items in a washing machine, especially the ones in my apartment complex. There was absolutely no hint of cedar and it never formed suds. I was thinking maybe I got a bad batch of this stuff. Probably wouldn't recommend to anyone because of the fact that it didn't meet my expectations and the price is not worth it.",80
PASS_000845,KB_00825,REC_064,B000OR5P5Y,Health_and_Personal_Care,"This is truly a great product, and I would recommend to anyone who wants an all natural, easy, and efficient way to clean their wool and cashmere sweaters (and angora - it worked great on angora).",36
PASS_000846,KB_00826,REC_064,B000OR5P5Y,Health_and_Personal_Care,"I tried this instead of baby shampoo and like the subtle cedar sent. It was very gentle and a capful does a couple sweaters. I used it on wool, cashmere, and blends that I didn't trust I dry clean.",39
PASS_000847,KB_00827,REC_064,B000OR5P5Y,Health_and_Personal_Care,"The Laundress's Wool and Cashmere Shampoo is just all around great. I first tried the product on a grey and black striped sweater, that, if ruined, I wouldn't have been too upset. I filled my kitchen sink up with cool water, added some detergent, swished around to dissolve, then added the sweater (inside out). I swished the sweater around for a couple minutes, paying attention to the edges and underarm area, then left overnight to soak.",76
PASS_000848,KB_00828,REC_064,B000OR5P5Y,Health_and_Personal_Care,"I have collected quite a few cashmere sweaters in recent years and dry cleaning was expensive and inconvenient. I found The Laundress Wool & Cashmere and tried it on a sweater I wouldn't be horribly dissapointed to find didn't survive, but the results were beautiful. The cedar scent isn 't overpowering and I can't detect it at all after (unfortunately!). Don't let the price shy you away - I bought a bottle last January - I've used maybe a half bottle and use it at least once every two weeks.",90
PASS_000849,KB_00829,REC_064,B000OR5P5Y,Health_and_Personal_Care,Tried it on my off white cashmere sweater and it worked great. Left it soft and clean. Better than the dry cleaners.,22
PASS_000850,KB_00830,REC_064,B000OR5P5Y,Health_and_Personal_Care,My friend told me this cashmere shampoo. I bought it and tried to wash two of my cashmere. They are so soft. Love this product.,25
PASS_000851,KB_00831,REC_064,B000OR5P5Y,Health_and_Personal_Care,"I am truly satisfied with this product. I don't smell the chemicals in it and I soak the item in it for 15, sometimes 30 minutes. I also tried it on a sweater with leather trimming and it did not affect the leather.",43
PASS_000852,KB_00832,REC_064,B000OR5P5Y,Health_and_Personal_Care,"I use this for all my wool and cashmere knit sweaters, gloves/hats/scarves, blazers, skirts, and even my cashmere winter coats that I used to ship off to the dry cleaners several times throughout the fall and winter seasons. Everything comes out super clean, soft, and nicely scented (would take cedar smell over weird dry cleaning odors any day). The big plus is that I save a ton by no longer needing to dry clean.",74
PASS_000853,KB_00833,REC_064,B000OR5P5Y,Health_and_Personal_Care,"This exactly does what it claims to do! I am willing to buy this product again. My cashmere/ wool clothes do not shrink, and they are  very soft and clean",30
PASS_000854,KB_00834,REC_065,B006GA21IW,Health_and_Personal_Care,High quality. Easy to assemble. I highly recommend this bench. Sits perfectly level too! Feels very sturdy and has a nice weight to it.,24
PASS_000855,KB_00835,REC_065,B006GA21IW,Health_and_Personal_Care,We purchased this to go directly in the shower. We have a huge walk-in shower that needed something to hold our shampoos and body washes. This stand works really well and holds up under moisture.,35
PASS_000856,KB_00836,REC_065,B006GA21IW,Health_and_Personal_Care,"quick shipping, came in good condition - holes did not line up correctly, so had to do some adjustments to get the bench together. Very sturdy - would purchase again.",30
PASS_000857,KB_00837,REC_065,B006GA21IW,Health_and_Personal_Care,it's sturdy but the edges of the seat were sharp and hurt my legs so my husband sanded them round . Problem solved.,23
PASS_000858,KB_00838,REC_065,B006GA21IW,Health_and_Personal_Care,"it does the job, i have it in my shower. can sit to shave my legs etc, but honestly its kinda cheap looking",23
PASS_000859,KB_00839,REC_065,B006GA21IW,Health_and_Personal_Care,You get what you pay for. It looks good .. and I kind of wish that the height is adjustable so that it can sit in the shower which the floor isn't flat. But it is definitely not that sturdy and some of the pre-drilled holes don't line up.,49
PASS_000860,KB_00840,REC_065,B006GA21IW,Health_and_Personal_Care,"We recently decided to go with a bamboo theme in our new bathroom, and since we have a 2 year old that needs us to stay in there with her while she takes baths purchasing this bench was a no brainer. The quality is great. The finish is typical bamboo, rough finish not the smooth finish as like on floor mats or vanity items, but it is still nice. It was easy to put together.",75
PASS_000861,KB_00841,REC_065,B006GA21IW,Health_and_Personal_Care,"We purchased this to use as extra storage space in our bathroom, and it's working out perfect. It's sturdy and high-quality. I'm not sure why other people found this hard to put together - it worked just fine for me. There was plenty of glue for the dowels, so long as you don't go crazy with how much you use, and all the screws & holes lined up perfectly. Very happy with this purchase.",74
PASS_000862,KB_00842,REC_065,B006GA21IW,Health_and_Personal_Care,Very easy to assemble. Nice clean lines. Serves as a seat and a place to store towels. A great space saver.Exactly what I was looking for.,26
PASS_000863,KB_00843,REC_065,B006GA21IW,Health_and_Personal_Care,"This is a great sturdy little bench that was easy to assemble. All the hardware was there and the holds lined up perfectly. Looks just like the picture, not junk! Would buy from this mfg. again. Wish the stuff was not made in China, can't we make something like this in this country??? Love it!!! Perfect for the bathroom, just what I needed for a cute functional accent.",68
PASS_000864,KB_00844,REC_066,B001DAYJOY,Health_and_Personal_Care,"I have very irregular periods and am trying to regulate my cycle to prepare for conception. I had a nutritionist recommend that I take maca along with red clover and royal jelly. I'm taking all three together so I'm not sure which is working or if it is the combination, but the past two months I've been more regular than I have been in 10 years.",66
PASS_000865,KB_00845,REC_066,B001DAYJOY,Health_and_Personal_Care,"Maca (particularly Red) is reputed to provide energy, sex drive and stamina. In capsule form, Maca can be nice as the raw powder can taste pretty bad. NOW is a well known health food maker. Regrettably, I felt nothing from this compound. Everyone is different so your experience may be different but this was a &#34;fail&#34; for me. Sorry.",59
PASS_000866,KB_00846,REC_066,B001DAYJOY,Health_and_Personal_Care,"As I am in my mid 60's I had been encountering some (ok a lot) of problems with vaginal dryness which is not a pleasant thing in a relationship. I did some research and started taking the maca along with some fish oil, wheat germ oil, and red Korean ginseng. I noticed the results quickly. Even taking just 2 capsules a day really helps with the dryness problem, making certain activities much more pleasurable.",74
PASS_000867,KB_00847,REC_066,B001DAYJOY,Health_and_Personal_Care,I really like maca . I am taking them to help my mc and it did even the days out.,20
PASS_000868,KB_00848,REC_066,B001DAYJOY,Health_and_Personal_Care,I've used Whole World Botanicals Maca for years - this gives you more bang for your buck & is exactly the same thing!,23
PASS_000869,KB_00849,REC_066,B001DAYJOY,Health_and_Personal_Care,"I have been taking Maca for years, it give me a great energy in the morning, I definitely recommend this product!",21
PASS_000870,KB_00850,REC_066,B001DAYJOY,Health_and_Personal_Care,Maca is a centuries old product having been used by natives of Peru and now being distributed in the world. It is an energizer products with good results.,28
PASS_000871,KB_00851,REC_066,B001DAYJOY,Health_and_Personal_Care,Love macs especially this brand is awesome! I'm about to get another bottle if your looking into maca this is an excellent choice,23
PASS_000872,KB_00852,REC_066,B001DAYJOY,Health_and_Personal_Care,After using Maca I was able to get pragnant in less then four month! Now specting are first child in December!,21
PASS_000873,KB_00853,REC_066,B001DAYJOY,Health_and_Personal_Care,"i've used maca in the pass, but i believe this product is just a waste of money. i've been taking it for more than a month now, still didn't see any changes.",32
PASS_000874,KB_00854,REC_067,B003DLZ0OE,Health_and_Personal_Care,"Again, does it work? Who knows. But based upon the reviews here I'm not willing to bet that it will.",20
PASS_000875,KB_00855,REC_067,B003DLZ0OE,Health_and_Personal_Care,It did help my neck - I had a pinched nerve in my neck.I kept a routine of doing it & it did work.,24
PASS_000876,KB_00856,REC_067,B003DLZ0OE,Health_and_Personal_Care,This item would probably work but it came to me with an air leak. Therefore I cannot use it the way that is recommended,24
PASS_000877,KB_00857,REC_067,B003DLZ0OE,Health_and_Personal_Care,Seems to work just as described. My doctor wants me to gradually build up to using it for 15 minutes each session by the end of the month.,28
PASS_000878,KB_00858,REC_067,B003DLZ0OE,Health_and_Personal_Care,"This is the closest I have been to healed in so long. I had forgotten what it felt like to wake up and not hurt!I don't know if it will work for everyone, but the results for me are truly amazing!",41
PASS_000879,KB_00859,REC_067,B003DLZ0OE,Health_and_Personal_Care,"It does work for me, and I feel immediate release and improvement over the a period of time. I don't think it is for everyone. Please check with a professional before ordering stuff like this for yourself.",37
PASS_000880,KB_00860,REC_067,B003DLZ0OE,Health_and_Personal_Care,"This product does have a great concept but doesn't work at all! Hoping to find relief and what I ended up finding was just a return, cause of no success. Really do believe all these reviews are counterfeits. Just a waste of time. To each its own.",47
PASS_000881,KB_00861,REC_067,B003DLZ0OE,Health_and_Personal_Care,"Using both of these worked better than using either one by itself.I am dealing with TMJ, and both of these devices work fine without irritating my jaw. They can be used in a modified way to avoid placing pressure on the jaw.",42
PASS_000882,KB_00862,REC_067,B003DLZ0OE,Health_and_Personal_Care,"Tried out by three people...hurt each person. The device is taken out of the box and looks so cheap, it's no wonder the thing doesn't work.I returned it one day after receiving it...I wouldn't pay $20 for this garbage",39
PASS_000883,KB_00863,REC_067,B003DLZ0OE,Health_and_Personal_Care,I can't say it doesn't work because I'm sure it does for others but for myself I need something that lifts my neck and then pulls it back also and this product only lifts so not the traction that I need for my particular injury.,45
PASS_000884,KB_00864,REC_068,B000E59GTW,Health_and_Personal_Care,Great size for my neck and shoulders. Stick it in the microwave for a minute and a half and get some relief.,22
PASS_000885,KB_00865,REC_068,B000E59GTW,Health_and_Personal_Care,A minute or two in the microwave or freezer and it is just right to make that pain go away.,20
PASS_000886,KB_00866,REC_068,B000E59GTW,Health_and_Personal_Care,Used this for sore muscles. only takes 1.5 minutes in the microwave to warm up and it was not too hot to handle.,23
PASS_000887,KB_00867,REC_068,B000E59GTW,Health_and_Personal_Care,Keeps my GF warm. Win. Well i need more words to finish this... you pop it in the microwave. Word,20
PASS_000888,KB_00868,REC_068,B000E59GTW,Health_and_Personal_Care,nice and warm on my achy joints! Just one minute in the microwave and I can wrap my sore knees and shoulders in warmth,24
PASS_000889,KB_00869,REC_068,B000E59GTW,Health_and_Personal_Care,This heating pad was very poorly constructed. I have used it fewer than five times before it burst open in the microwave oven.,23
PASS_000890,KB_00870,REC_068,B000E59GTW,Health_and_Personal_Care,I absolutely love this heat pack. It heats up quickly in the microwave and keeps heat for a good amount of time.,22
PASS_000891,KB_00871,REC_068,B000E59GTW,Health_and_Personal_Care,Works well - It goes right in the microwave for about 2 minutes - The pocket feature is nice. Stays hot 25 - 30 minutes,25
PASS_000892,KB_00872,REC_068,B000E59GTW,Health_and_Personal_Care,Wonderful comfort while sitting at the computer which can be hard on the back! But wonderful and easy to use wherever there is a microwave oven. Relaxes me also before bedtime!,31
PASS_000893,KB_00873,REC_068,B000E59GTW,Health_and_Personal_Care,I bought this heating pad for my wife...she really likes it for back pain and cramps. Wish it was a little bigger but then it wouldn't fit in the microwave.,30
PASS_000894,KB_00874,REC_069,B00472I1V2,Health_and_Personal_Care,"I bought this scale a few days ago, and it is not working at all for me. I set it on a hardwood floor and used the batteries provided. I also calibrated the first time. Every time I step on it, it adds 20-30 lbs to my weight compared to the last reading. At this point, the scale has gone up so high that every time I step on it, it says OL (overload).",74
PASS_000895,KB_00875,REC_069,B00472I1V2,Health_and_Personal_Care,"It used to show same weight 2 times in a row but when I come in after say 10 minutes without eating or doing anything, the weight just drops down(considerably) and sometimes up. But today it went down about 15 pounds in just 1 day. What a waste of money!Don't buy this scale!",53
PASS_000896,KB_00876,REC_069,B00472I1V2,Health_and_Personal_Care,"Perfect scale except I guess my particular unit is slightly defective. I have to look at the weight at an angle because it doesn't show me a clear number at any angle. At first it was super annoying but i got used to it. Other than this, it is an accurate scale.I love this company though, because they sent me a free food scale after I bought this!",68
PASS_000897,KB_00877,REC_069,B00472I1V2,Health_and_Personal_Care,"Last scale I had used required tapping.Tapping increases waiting time.But, this scale never requires tapping.Its good response time is best.Thanks.",20
PASS_000898,KB_00878,REC_069,B00472I1V2,Health_and_Personal_Care,"The scale is built from good quality materials (thick glass/metal/plastic). As far as precision is concerned, it is mostly very good. From time to time it will show slightly different weight for the first measurement - the subsequent times the weight will be correct. Don't know what happens the first time, but this happens only occasionally. The fact that I do not have to press any buttons for it to start working (just step on it) is a good feature.",80
PASS_000899,KB_00879,REC_069,B00472I1V2,Health_and_Personal_Care,"This scale is very classy and works great. Shopping was fast.I would definitely recommend this scale. one of the best features of this beautiful scale is the blue led screen, and no need to tap the top or lift the bottom, just step on the scale and wait for your weight to show up. also  if you  have to move it, then the first time you step on the scale it  calibrates  itself. wait a couple seconds for the light to go off and then it's calibrated and ready!!",89
PASS_000900,KB_00880,REC_069,B00472I1V2,Health_and_Personal_Care,It takes a very short time to show your weight accurately.Very pretty blue light!Both me and my hubby love it:),20
PASS_000901,KB_00881,REC_069,B00472I1V2,Health_and_Personal_Care,"It a clean design and the numbers are easy to read. It's exactly what we wanted. Plug and play. Our last electronic, programmable, memory scale died recently. We never used any of the bells and whistles do what;s the use having them?",42
PASS_000902,KB_00882,REC_069,B00472I1V2,Health_and_Personal_Care,"I'm very satisfied with this scale. Love that you only have to step on it for it to work, and it registers your weight. Several different times I've stepped on it, and then off of it, and each time the weight stays the same!! Love the looks of it too! And last but not least, the price for this scale was amazing. Buy it, you won't be sorry.",68
PASS_000903,KB_00883,REC_069,B00472I1V2,Health_and_Personal_Care,"This scale is very accurate. I appreciate that it gives me pounds and ounces. It gives the same weight, every time I get on it. (My old scale would have a different weight every time you stepped on, even if it was within a minute of the last time you stepped on it!)",53
PASS_000904,KB_00884,REC_070,B00AC6JYXG,Health_and_Personal_Care,"Tastes good and honestly worked as an appetite suppresent. I was however shocked at how small the bottle is and the fact that it takes two scoops for a serving. They should tell you how many total servings in the container somewhere in the product description (or maybe not, if they did no one would buy it).I originally ordered this to save money over buying atkins shakes in the store; as it turns out, these are 3x-4x as expensive per shake.",81
PASS_000905,KB_00885,REC_070,B00AC6JYXG,Health_and_Personal_Care,Great product! Taste good and easy to grab. When the water is ice cold it is the best. I have tried many different powered shakes in the past and this one stands above them all.,35
PASS_000906,KB_00886,REC_070,B00AC6JYXG,Health_and_Personal_Care,"I looked hard for a product that was low in carbs (I don't do sugar), and chemicals. It cost more than some other protein shakes out there, but the quality and taste is first class.",35
PASS_000907,KB_00887,REC_070,B00AC6JYXG,Health_and_Personal_Care,"This stuff does WONDERS for my willpower when on my VLCDs. It's a great meal replacement (or use a half serving as a snack on those really hungry days). Tastes good, dissolves completely - no chalky texture here! For a great pick-me-up, mix with iced coffee instead of water - yummy!",51
PASS_000908,KB_00888,REC_070,B00AC6JYXG,Health_and_Personal_Care,"Like most people these days, I'm busy running from one thing go the next. Like many people, I really want to feel good and be healthy at the same time. When I found this meal replacement shake, I designed my own meal plan to work with my schedule (something at which I miserably fail), and it has turned into a great experience.",62
PASS_000909,KB_00889,REC_070,B00AC6JYXG,Health_and_Personal_Care,"this is a great product. It is very low in calorie, ya take 2 scoops mix it with cold water, add a little ice in the blender if you like it a bit frozen and blend it up. It is a good meal replacement. When dieting, one of these is usually my lunch for the day and they are pretty fulfilling. Chocolate and Vanilla are both good, the spiced chai is ok if you like that sort of thing, I drank it but prefer the chocolate or vanilla.",88
PASS_000910,KB_00890,REC_070,B00AC6JYXG,Health_and_Personal_Care,there are plenty of other products that give similar results and are far more reasonably priced. not worth the money.,20
PASS_000911,KB_00891,REC_070,B00AC6JYXG,Health_and_Personal_Care,great item and works for me and tastes good too. I have started this ityem right away and it is working.,21
PASS_000912,KB_00892,REC_070,B00AC6JYXG,Health_and_Personal_Care,Yummy guilt free supplement to the hcg diet. I used this as my breakfast to help stave off morning cravings.,20
PASS_000913,KB_00893,REC_070,B00AC6JYXG,Health_and_Personal_Care,Would have been perfect if only they used Stevia instead of sucralose - aka: Splenda. On the hCG diet you are supposed to detox from all the crap you normally eat.,31
PASS_000914,KB_00894,REC_071,B002CQU51O,Health_and_Personal_Care,"i can see again! stress, too much computer time and reading small texts made my eyes go bad. i took 2 pills for the first month then switched to 1 and now i'm seeing again.",35
PASS_000915,KB_00895,REC_071,B002CQU51O,Health_and_Personal_Care,"Was recommended the brand by my eye doctor, then I discovered there was one for vision that contained lutein. I've been using this for 4 months now and can see a small difference. I've always had very dry eyes, every brand of contacts hurt due to dryness. I since got Lasik and still had the dryness problem, been using these for the past 4 months (1 year after surgery), and I can see a difference. Will keep using this.",79
PASS_000916,KB_00896,REC_071,B002CQU51O,Health_and_Personal_Care,"This fish oil is expensive, but has really improved my dry eye problems. I have had dry eye problems for several years. I wear contacts and had given up wearing them most of the time, wearing glasses instead. After taking the Nordic Naturals vision for about three weeks, I noticed a big change in the amount of moisture in my eyes. I now wear my contacts the majority of the time.",71
PASS_000917,KB_00897,REC_071,B002CQU51O,Health_and_Personal_Care,So I ordered more and it has really made a difference. I'll keep taking it for as long as I need it. It feels wonderful and really helps. I'm down to just the occasional drops at night and in the morning.,41
PASS_000918,KB_00898,REC_071,B002CQU51O,Health_and_Personal_Care,Seems to be a good product. It has Omega-3 oils as well as Lutein and Zeoxanthin. It is supposed to help moisture levels.,23
PASS_000919,KB_00899,REC_071,B002CQU51O,Health_and_Personal_Care,"SO it's all up to you.Cheers,",6
PASS_000920,KB_00900,REC_071,B002CQU51O,Health_and_Personal_Care,Product very good and serves my purpose. Was recommended by my Optomologist and results are good. I would recommend it,20
PASS_000921,KB_00901,REC_071,B002CQU51O,Health_and_Personal_Care,Not sure yet as have not taken it long. But so far have not seen anything better in may eyes.,20
PASS_000922,KB_00902,REC_071,B002CQU51O,Health_and_Personal_Care,My eye doctor recommended this because it has both Lutein & Zeaxanthin to help prevent macular degeneration. I have not found both items in other products and GNC no longer has it available.,33
PASS_000923,KB_00903,REC_071,B002CQU51O,Health_and_Personal_Care,"I have tried many kind of vitamin products for eyes, and so far, I find this one to be the best in the market. After having the PRK surgery (the top of the line surgery), my vision was 20/20. Then, I started using this once a day. After 6 months of the surgery, my vision improved dramatically, even the doctor said so. I went from 20/20 to 20/15. That is more than ""perfect"", and I love this.",77
PASS_000924,KB_00904,REC_072,B008D5YG3G,Health_and_Personal_Care,=)I had set the tv for 120 minutes because I knew that I should get about 2.5 hours of power from the battery for that tv before getting to the 50% mark.It uses 80 watts; 80/12v = 6.7amps34Ah/6.7 = 5 hours.,41
PASS_000925,KB_00905,REC_072,B008D5YG3G,Health_and_Personal_Care,Charged it to 12.7 volts over 24 hours and was only able to run 300 watts about 1.5 hours till it was 10.6 volts and dead. Hopefully will work better once broken in a bit but of course batteries usually don't improve much,43
PASS_000926,KB_00906,REC_072,B008D5YG3G,Health_and_Personal_Care,Honestly I did not know what to expect when I receive the SLA Solar Energy Storage Battery. I haven't had any prior experience using these types of batteries. It does the job. It is not for high voltage things. Our Laptops worked for 6 hours after the sun went down and the battery still had energy. I would like to get one with more amp hours so I can run more things off of it. This is a great battery if you are first starting of getting into solar energy.,90
PASS_000927,KB_00907,REC_072,B008D5YG3G,Health_and_Personal_Care,"have not hooked it up yet, cause i'm redoing the roof where the 1st (of many)solar panels will go. looks good tho.",22
PASS_000928,KB_00908,REC_072,B008D5YG3G,Health_and_Personal_Care,"After I charged it, it is running good, not the best holding time running 200 Watts but worth being made into a battery stack.",24
PASS_000929,KB_00909,REC_072,B008D5YG3G,Health_and_Personal_Care,I have used only once on my fishing boat. I operated a 40 pound thrust electric trolling motor in middle speed (thrust) settings for  perhaps an hour. From the terminal voltage it appeared the battery was well on its way to 1/2 discharged -= a point one should charge if they want to get hundreds of recharge cycles out of the battery.,62
PASS_000930,KB_00910,REC_072,B008D5YG3G,Health_and_Personal_Care,"So far so good, hooked up in chain setup with our 200W solar system (4 X 50W Instapark panels). My only complaint is that one of the battery terminals arrived bent (due to USPS shipping no doubt, but it is the only option via APO/DPO). Really glad they ship APO/DPO (many vendors do not), but packaging could have been more robust.",61
PASS_000931,KB_00911,REC_072,B008D5YG3G,Health_and_Personal_Care,It looks good except the handle broken at contacting with the body easily. It is still under test for 50w solar charging. It could handle 40w led rope for 4 hours in AC.,33
PASS_000932,KB_00912,REC_072,B008D5YG3G,Health_and_Personal_Care,The entire solar thing is a learning experience for me still but with prices like these it makes it a bit easier to get involved.Super well packed and but for a slightly bent post (I bent back) I have not complaints at all. And the handles lay flat along the edge instead over across the top like a vehicle battery. I like that too. Picked up 2 and will pick up some more in time. Have not seen anything in this price range anywhere let alone in size or weight.,90
PASS_000933,KB_00913,REC_072,B008D5YG3G,Health_and_Personal_Care,"Awesome battery and blindingly fast shipping combine for a flawless experience. I use this battery to run a 10&#34; SCT, laptop, DSLR, and iPhone. I've yet to run this battery down even after 6+ hours in the field.",38
PASS_000934,KB_00914,REC_073,B0010L1KSY,Health_and_Personal_Care,"This is a high quality, thick cover for the hydrocallator. Just like the kind they have at PT. I'm completely satisfied.",21
PASS_000935,KB_00915,REC_073,B0010L1KSY,Health_and_Personal_Care,It's necessary for putting steam packs in and makes it less likely to burn you. It's very comfortable to wear.,20
PASS_000936,KB_00916,REC_073,B0010L1KSY,Health_and_Personal_Care,"I thought for the price, there would be something inside it to heat. It was just a piece of fabric. I was very displeased. The shipping said 8 lbs. So something else should have been with the package.",38
PASS_000937,KB_00917,REC_074,B00014WCJ2,Health_and_Personal_Care,"This product uses CreaPure creatine as its raw material, a branded raw material manufactured by Degussa AG Trostberg (formerly SKW) in Germany and licensed as a pharmaceutical would be there. Optimum Nutrition is one of only a few brands in North America that use only CreaPure raw material, and likeUniversal Micronized Creatine Monohydrate, 1000-Gram Tubis an exceptionally good value for this expensive raw material in a supplement market dominated by cheap Chinese and other amateur manufacturers.",76
PASS_000938,KB_00918,REC_074,B00014WCJ2,Health_and_Personal_Care,"The company insisted that the lot number was fine, but my subsequent research suggests it was not. The important issues are nicely laid out in two very good articles by Will Brink and readily available on the internet: ""What's in your Creatine?"" and ""What's Really in Your Supplements? - An Update on Creatine"".",53
PASS_000939,KB_00919,REC_074,B00014WCJ2,Health_and_Personal_Care,"Subsequently, I've bought several of the few products that use exclusively CreaPure, and found them to be similarly free of these widespread off-flavors. There is still no proof that the common creatine contaminants responsible for these flavors (dicyandiamide or dihydrotriazine) are harmful -- but why anyone (let alone a life extensionist!)",51
PASS_000940,KB_00920,REC_074,B00014WCJ2,Health_and_Personal_Care,"One thing a lot of folks don't seem to realize is that you don't need a complicated, expensive product to take advantage of the wonders of Creatine. It's a simple compound, and all you need is that simple compound - you don't need it to be a serum, mixed with a bunch of flavoring, or mixed with various ingredients that will supposedly make it absorb better.",66
PASS_000941,KB_00921,REC_074,B00014WCJ2,Health_and_Personal_Care,"ON is the shiznit. Period. This stuff is COMPLETELY tasteless.. you can drink it in a sliver of water and I dare you to taste a thing. Dissolves instantly.. you can dip your finger in it and its like a micropowder. What more do you want? Highest quality, great price. Do it.",52
PASS_000942,KB_00922,REC_074,B00014WCJ2,Health_and_Personal_Care,"Get a big size and this stuff will last you an incredibly long time. I do 2 months on, 1 month off, and I'm halfway through my second phase without being even close to finishing off the 2000g bottle I bought.",41
PASS_000943,KB_00923,REC_075,B004T3QT68,Health_and_Personal_Care,"very easy to use, and accurate. Compared results with tests at Doctor's office, and it read BP the same. Would recommend.",21
PASS_000944,KB_00924,REC_075,B004T3QT68,Health_and_Personal_Care,"item arrived as described, new. just make sure you have a good fit at the distal end near the elbow, especially when someone has a relatively large upper arm vs arm area near elbow",34
PASS_000945,KB_00925,REC_075,B004T3QT68,Health_and_Personal_Care,it does the job well.but the arm wrap is way too long for me (with a regular size arms)  that I have to fold half of it,27
PASS_000946,KB_00926,REC_075,B004T3QT68,Health_and_Personal_Care,"i always get this brand cuz this is reliable, as the normal digital blood pressure monitor is, you have to at least take the reading two to three times to make sure you get the best and you are in the norm of what you see the first time.... reliable brand",51
PASS_000947,KB_00927,REC_075,B004T3QT68,Health_and_Personal_Care,"Works as expected,love it, recommend to all , tks for great product.Would recommend this to any body who wants great product",21
PASS_000948,KB_00928,REC_075,B004T3QT68,Health_and_Personal_Care,Work very good and for people with vision problem easy to see from far away along with easy to set-up and use.,22
PASS_000949,KB_00929,REC_075,B004T3QT68,Health_and_Personal_Care,Very useful product at great price! My doctor uses same monitor in his office. This was a better bargain than the store brand.,23
PASS_000950,KB_00930,REC_075,B004T3QT68,Health_and_Personal_Care,"Very simple to set up-Does not include batteries, so have 3 triple A's ready! Would definitely recommend. Good price, seems to be accurate.",23
PASS_000951,KB_00931,REC_076,B00FAB10ZI,Health_and_Personal_Care,"The tablets are small, and easy to swollow, I do like the idea of dealing with a &#34;two-for-one&#34; simple product.",20
PASS_000952,KB_00932,REC_076,B00FAB10ZI,Health_and_Personal_Care,"Sure the serving is 15. Sure they are tiny tiny little perfect pills of compressed spirulina. But they are fresh, energizing and can also be blended into juices for extra kick. I like them a lot and take them every day to ensure I get my greens.",47
PASS_000953,KB_00933,REC_076,B00FAB10ZI,Health_and_Personal_Care,"These are very convenient in tablet form because I can munch on them. I also like that they put both Chlorella and Spirulina into them so I get a good balance of benefits.If youa re blending a smoothie, tablets are fine. I also have a powder, however, if I'm putting it into a glass of juice and stirring it with a spoon, and skipping the blender.High quality is a concern considering the pollution these days.",75
PASS_000954,KB_00934,REC_076,B00FAB10ZI,Health_and_Personal_Care,It arrived on time and I did start taking it. Not sure how many to take daily????? But will continue to take it,23
PASS_000955,KB_00935,REC_076,B00FAB10ZI,Health_and_Personal_Care,Great quality product. Not sure if I see a great difference in my health but you can tell that these pills are well made.,24
PASS_000956,KB_00936,REC_076,B00FAB10ZI,Health_and_Personal_Care,"I have purchased these twice. I think they help give me energy to burn. Chlorella and spirulina health benefits are enough to convince me to purchase these tablets, plus they are organic.",32
PASS_000957,KB_00937,REC_076,B00FAB10ZI,Health_and_Personal_Care,I AM PLEASED WITH THE BLEND OF CHLORELLA AND SPIRULINA...THE BODY CAN USE BOTH AND THIS BRAND MAKES IT AFFORDABLE....,20
PASS_000958,KB_00938,REC_076,B00FAB10ZI,Health_and_Personal_Care,Honestly I have not noticed a health benefit yet by taking it daily since I bought it 2 weeks ago. I will keep taking these magic pills though as the studies speaks for themselves when it comes to the health benefits of Chlorella & Spirulina. I guess time will tell?,50
PASS_000959,KB_00939,REC_076,B00FAB10ZI,Health_and_Personal_Care,"love love, gives me more energy!!! !",7
PASS_000960,KB_00940,REC_076,B00FAB10ZI,Health_and_Personal_Care,"Very pleased with the tablets, lets you build up your level at your own pace, will be getting more when the supply runs low",24
PASS_000961,KB_00941,REC_077,B00HFQQ0U6,Health_and_Personal_Care,"Works fine for me, a bit loud, , but I'm just getting used to using it. Good for two a couple or a single. A family would need more tips",30
PASS_000962,KB_00942,REC_077,B00HFQQ0U6,Health_and_Personal_Care,"This water pic is great, it has different power settings and it come with 2 types of tips. All i use is just one type of tip. If you have regular teeth and don't need anything special then one tip is all you need.",44
PASS_000963,KB_00943,REC_077,B00HFQQ0U6,Health_and_Personal_Care,Does not do the job the Classic model does and my gums will bleed a little for a week or two when I come back and use my home 'powerwasher'. Toughens them up and keeps them healthy while getting out EVERYTHING hiding between your teeth and in any bridgework. Wouldn't be without it!,53
PASS_000964,KB_00944,REC_077,B00HFQQ0U6,Health_and_Personal_Care,I also like the fact that with Waterpik you get a handle with the capability of rotating the tip with your finger by rotating the knob on the handle versus using your hand to rotate the entire handle. It came with 3 tips including a pik pocket which is great for your gums.Overall I am happy. Now we will just have to see how long this unit lasts. It does come with a 2 year warranty.,76
PASS_000965,KB_00945,REC_077,B00HFQQ0U6,Health_and_Personal_Care,This is just what I wanted to replace my older model Waterpik. Before I purchased this model I tried the Cordless Flosser from Waterpik. After two uses I returned it as the reservoir did not hold enough and the handle was just too large.This classic model has a giant reservoir and a wand. It also has several pressure setting. I love it!,62
PASS_000966,KB_00946,REC_077,B00HFQQ0U6,Health_and_Personal_Care,"This is a great product. To be honest this is my 3rd one. I have problems with my gums bleeding. If I use the waterpik at least 3 times a week, my gums get stronger and don't bleed. The dentist kept threatening to make me come in 4 times a year for cleaning due to the bleeding. The waterpik solved the problems. I would recommend this to anyone that has trouble with their gums.",74
PASS_000967,KB_00947,REC_077,B00HFQQ0U6,Health_and_Personal_Care,"The stream is strong, which is good, and I can fill it up with lots of water, which is good. The two complaints I have are that there is no top, so I put something on top of it to avoid dust and debris getting inside, and secondly, unlike my first water pik (I forget the brand), this has a tendency to spritz on my clothes, so I find it necessary to wear a towel as a &#34;bib&#34;.",78
PASS_000968,KB_00948,REC_077,B00HFQQ0U6,Health_and_Personal_Care,I've used this product for more than 20 years.,9
PASS_000969,KB_00949,REC_077,B00HFQQ0U6,Health_and_Personal_Care,I have used waterpiks for many years now and have liked the results. This one works very well but is noisier than any I have had in the past. I like the design of this one better than any in the past (except for the noise).,46
PASS_000970,KB_00950,REC_077,B00HFQQ0U6,Health_and_Personal_Care,"I have used a waterpik for many, many years. Would not be without it! This is an updated model to the one I had before. It is much improved from the older model. It is lighter and quieter. And I love the crystal water holder that doubles as a cover for travel.",52
PASS_000971,KB_00951,REC_078,B005OYDID8,Health_and_Personal_Care,"Although this is a good machine, the battery on it isn't good at all, because it's running on a cord (charger) I would recommend this machine to my friends.",29
PASS_000972,KB_00952,REC_078,B005OYDID8,Health_and_Personal_Care,Run at least two cycles like this and you battery has the capability of max charge. Excellent product - Will buy another when this one wears out in probably six or eight years. . .,35
PASS_000973,KB_00953,REC_078,B005OYDID8,Health_and_Personal_Care,Wonderful razor. I have owned the very best &#34;Made in Germany&#34; Braun razors and this razor is every bit as good. It is light weight which is why many say it feels &#34;cheap&#34;. It is plenty solid and the battery life is incredible. The shave is super close. I have a very heavy beard and a very angular face and neck and this razor clears it right off in short order.,71
PASS_000974,KB_00954,REC_078,B005OYDID8,Health_and_Personal_Care,"this works great. similar to the older 5 star models. cant really say much about it. it does its job. a little loud. no big deal, if you want quiet you should probably grab a razor",36
PASS_000975,KB_00955,REC_078,B005OYDID8,Health_and_Personal_Care,"this replaced a 10 year-old Panasonic wet/dry shaver. the shave: very close to my skin on its 'out-of-box' setting. i have asian hair (very strong and straight), and this shaver, while it does require a razor for my usual spots for touch-up, puts the Panasonic to shame in terms of closeness. i received mine on sept 5  AND I HAVE YET TO CHARGE IT AFTER TAKING IT OUT OF THE BOX.",71
PASS_000976,KB_00956,REC_078,B005OYDID8,Health_and_Personal_Care,im barber and i think this is the best machine for shave is realy strong and your face look clean like a baby,23
PASS_000977,KB_00957,REC_078,B005OYDID8,Health_and_Personal_Care,"i received my razor today. i used the close shave head, on 3 or 4 day growth, it took it down like a lawn mower, only had to use the trimmer on a few spots. the razor has tremendous power. i have used wahl products for 29 years and never had a problem with any of them. i will never pay 200.00 bucks for a razor again.",67
PASS_000978,KB_00958,REC_078,B005OYDID8,Health_and_Personal_Care,i love it because it's so small and packs a huge punch! a little noisy but well worth it! buy it!,21
PASS_000979,KB_00959,REC_078,B005OYDID8,Health_and_Personal_Care,"i cannot stress this enough: get a Wahl shaver - it's Made in USA, its shaves very well, and the $50 price tag makes this an outstanding value.only con: it vibrates like mad in the hand.",36
PASS_000980,KB_00960,REC_078,B005OYDID8,Health_and_Personal_Care,"does not cut all the hairs,  leaves many whiskers untouched, no matter how many times you go over it. save your money.",22
PASS_000981,KB_00961,REC_079,B003PFNSLK,Health_and_Personal_Care,I got this at the recommendation of my daughter. I have not used it long enough to know ;how much it helps but it works well.,26
PASS_000982,KB_00962,REC_079,B003PFNSLK,Health_and_Personal_Care,"Wonderful, it works great and I use it a lot. I recommend it to anyone looking for a refreshing way to freshen up a room.",25
PASS_000983,KB_00963,REC_079,B003PFNSLK,Health_and_Personal_Care,"Downstairs is open floor plan; living room, dinning, kitchen and it works well there also.I did have a problem with the lid sticking and i could not get it off. I called Monyusa and they were wonderful, quick to respond, and corrected the problem. They have redesigned the lid. I have found that after use or in the morning when it has run while i sleep, i make sure to wipe out any moisture. Plus i occasionally wipe it out with a damp cloth and mild soap to remove any oil residue.I am very pleased with my purchase and would recomend it to anyone as a great diffuser.",108
PASS_000984,KB_00964,REC_079,B003PFNSLK,Health_and_Personal_Care,They ended up replacing the unit for me quickly and easily. It's nice to know that the company behind the product really stands behind it. Makes me like the product even more!,32
PASS_000985,KB_00965,REC_079,B003PFNSLK,Health_and_Personal_Care,"All in all, a really nice diffuser, especially for the price.",11
PASS_000986,KB_00966,REC_079,B003PFNSLK,Health_and_Personal_Care,This is a fantastic diffuser. Looks great! Very quiet operation. Diffuses the scent as it should. Lasts long enough for me.,21
PASS_000987,KB_00967,REC_079,B003PFNSLK,Health_and_Personal_Care,This is my second diffuser and I really like it especially for use at night. The 'light off'' feature is an added bonus.,23
PASS_000988,KB_00968,REC_079,B003PFNSLK,Health_and_Personal_Care,"Love this diffuser, I have the Young Living one as well. They look identical. Love that it turns itself off if it runs out of water.",26
PASS_000989,KB_00969,REC_079,B003PFNSLK,Health_and_Personal_Care,"I really like this little diffuser. It is easy to fill and empty, and so easy to use. I would recommend it.",22
PASS_000990,KB_00970,REC_079,B003PFNSLK,Health_and_Personal_Care,"I love this diffuser, it works well and creates a wonderful aroma in my room. I like that it used essential oils.",22
PASS_000991,KB_00971,REC_079,B003PFNSLK,Health_and_Personal_Care,Plus i occasionally wipe it out with a damp cloth and mild soap to remove any oil residue.I am very pleased with my purchase and would recomend it to anyone as a great diffuser.,34
PASS_000992,KB_00972,REC_079,B003PFNSLK,Health_and_Personal_Care,I have not used it long enough to know ;how much it helps but it works well.,17
PASS_000993,KB_00973,REC_079,B003PFNSLK,Health_and_Personal_Care,I recommend it to anyone looking for a refreshing way to freshen up a room.,15
PASS_000994,KB_00974,REC_079,B003PFNSLK,Health_and_Personal_Care,It's nice to know that the company behind the product really stands behind it.,14
PASS_000995,KB_00975,REC_079,B003PFNSLK,Health_and_Personal_Care,"Will give it a couple more tries to see if the problem goes away...for the price I paid that is bothersome.Update: after reading my review, Mony sent me an email re: pertaining to my complaint that the diffuser was leaking.",40
PASS_000996,KB_00976,REC_079,B003PFNSLK,Health_and_Personal_Care,We heard that ylang ylang in a diffuser would help with both problems.,13
PASS_000997,KB_00977,REC_079,B003PFNSLK,Health_and_Personal_Care,This was my first diffuser.,5
PASS_000998,KB_00978,REC_079,B003PFNSLK,Health_and_Personal_Care,This is the first diffuser i have ever purchased.,9
PASS_000999,KB_00979,REC_079,B003PFNSLK,Health_and_Personal_Care,This is my second diffuser and I really like it especially for use at night.,15
PASS_001000,KB_00980,REC_079,B003PFNSLK,Health_and_Personal_Care,This is my second Mony Diffuser.,6
PASS_001001,KB_00981,REC_079,B003PFNSLK,Health_and_Personal_Care,"very cute item, If you put it in a small room or bathroom will work but for larger spaces its just to small. My biggest complain is that it does not run all night because the water thank its small so it will give you 2-3 hours of mist.The unit its larger that what appears to be on the picture, all plastic and made in china. It leak a little but not a big mess.I believe its to expensive for what you get.",83
PASS_001002,KB_00982,REC_080,B002TRL9AM,Health_and_Personal_Care,"I love this broom. The bristles are soft enough to pick up lint, and firm enough to push together all other floor debris. I am using it on tile and hardwood floors.",32
PASS_001003,KB_00983,REC_080,B002TRL9AM,Health_and_Personal_Care,I have been looking for years for a replacement soft broom to clean my wood floors (and tiles). I have an Italian one that is 25 years old that I purchased when I lived in Europe. I didn't think I would find one that had the soft but durable bristles. My bristles are horse hair and soft. Does a great job of picking up EVERYTHING on the floor that even the vac misses. I have only had it for a while but have not noticed the shedding others have mentioned. I wish the head was a bit wider but it still is great.,103
PASS_001004,KB_00984,REC_080,B002TRL9AM,Health_and_Personal_Care,"This is, in my opinion an excellent broom for a hardwood floor. The bristles are ultra soft and therefore capable of moving very fine particles. Most important, the bristles cannot possibly scratch the floor.The only minor negative is that a few bristles are lost during the first few uses.",49
PASS_001005,KB_00985,REC_080,B002TRL9AM,Health_and_Personal_Care,"I've spent years and more $$$ than I care to think of trying to find the perfect broom for wood floors, and I'm pleased to report this one is it! I like a very soft bristle broom, and the corn brooms are just too stiff for me. The southeast Asian brooms are soft enough, but they fall apart in what seems to be a matter of days -- what is the point of a broom where you have to continually sweep up the broom straw? The wood is handsome, but I did deduct a star because of the initial challenge presented by installing the head on the handle.",108
PASS_001006,KB_00986,REC_080,B002TRL9AM,Health_and_Personal_Care,Broom is not 100% horse hair & I'm afraid it may scratch my new wood floors. Broom handle would not insert into broom,23
PASS_001007,KB_00987,REC_080,B002TRL9AM,Health_and_Personal_Care,"This broom is made of nylon bristles, not horse hair. It seems to do a very good job of sweeping, but I am returning it and will purchase a real horse hair broom elsewhere. I MIGHT have considered keeping it, but it has the word &#34;Superior&#34; printed in big, bold, ugly letters on the top of the brush, ugh!",59
PASS_001008,KB_00988,REC_080,B002TRL9AM,Health_and_Personal_Care,"I have hardwood floors throughout my home. I was helping a friend who also has hardwood floors, get ready for a party. I offered to sweep up and she handed me a horse hair broom that she has had for over 20 years. I was amazed at how well it worked, so I purchased one for myself. I use it everyday and love it.",64
PASS_001009,KB_00989,REC_080,B002TRL9AM,Health_and_Personal_Care,"This is definitely a horse hair broom. 'They are kidding, right?Horse Hair brooms first of all have been used for many hundred years, they sweep perfectly, in my German opinion they sweep better then those Nylon/plastic brooms because the dirt actually sticks to the hair instead flying through the house. Then it is either horse hair or it is not, you don't get to call it either or. A cat is a cat and a dog is a dog.This is false advertising and I think it should be disclosed that this is not horse hair.",95
PASS_001010,KB_00990,REC_080,B002TRL9AM,Health_and_Personal_Care,"My husband bought one of these brooms, because my good old German horse hair broom handle broke and the replacement broom stick was out of stock at the time.First broom arrived, and it was all made of plastic, including the supposedly horse hair. My husband contacted the seller, who said they must have shipped the wrong broom, they will send replacement.New Broom arrives. This one is made of wood, but the hair is still mainly made of plastic, there might be 1% or even less horse hair in that broom, also the broom stick they send does not fit that broom, neither does the one from the first broom.My husband contacts them again and this is what they said:'I contacted the manufacturer and they told me that it can not be 100% horse hair in order you should be able to sweep with this broom.",145
PASS_001011,KB_00991,REC_080,B002TRL9AM,Health_and_Personal_Care,"It is soft, narrow width, so easy to get under furniture when using on a hard wood floor, but long enough to get the job done quickly. Does not scratch the floor. Works perfect for us, with 3 dogs and hardwood floors. Excellent buy!",44
PASS_001012,KB_00992,REC_080,B002TRL9AM,Health_and_Personal_Care,"The bristles are soft enough to pick up lint, and firm enough to push together all other floor debris.",19
PASS_001013,KB_00993,REC_080,B002TRL9AM,Health_and_Personal_Care,My bristles are horse hair and soft.,7
PASS_001014,KB_00994,REC_080,B002TRL9AM,Health_and_Personal_Care,"The southeast Asian brooms are soft enough, but they fall apart in what seems to be a matter of days -- what is the point of a broom where you have to continually sweep up the broom straw?",38
PASS_001015,KB_00995,REC_080,B002TRL9AM,Health_and_Personal_Care,"I like a very soft bristle broom, and the corn brooms are just too stiff for me.",17
PASS_001016,KB_00996,REC_080,B002TRL9AM,Health_and_Personal_Care,I have been looking for years for a replacement soft broom to clean my wood floors (and tiles).,18
PASS_001017,KB_00997,REC_080,B002TRL9AM,Health_and_Personal_Care,"This broom is made of nylon bristles, not horse hair.",10
PASS_001018,KB_00998,REC_080,B002TRL9AM,Health_and_Personal_Care,"It seems to do a very good job of sweeping, but I am returning it and will purchase a real horse hair broom elsewhere.",24
PASS_001019,KB_00999,REC_080,B002TRL9AM,Health_and_Personal_Care,I offered to sweep up and she handed me a horse hair broom that she has had for over 20 years.,21
PASS_001020,KB_01000,REC_080,B002TRL9AM,Health_and_Personal_Care,Broom is not 100% horse hair & I'm afraid it may scratch my new wood floors.,16
PASS_001021,KB_01001,REC_080,B002TRL9AM,Health_and_Personal_Care,"My husband bought one of these brooms, because my good old German horse hair broom handle broke and the replacement broom stick was out of stock at the time.First broom arrived, and it was all made of plastic, including the supposedly horse hair.",43
PASS_001022,KB_01002,REC_080,B002TRL9AM,Health_and_Personal_Care,"My husband bought one of these brooms, because my good old German horse hair broom handle broke and the replacement broom stick was out of stock at the time.First broom arrived, and it was all made of plastic, including the supposedly horse hair. My husband contacted the seller, who said they must have shipped the wrong broom, they will send replacement.New Broom arrives. This one is made of wood, but the hair is still mainly made of plastic, there might be 1% or even less horse hair in that broom, also the broom stick they send does not fit that broom, neither does the one from the first broom.My husband contacts them again and this is what they said:'I contacted the manufacturer and they told me that it can not be 100% horse hair in order you should be able to sweep with this broom. This is definitely a horse hair broom.'They are kidding, right?Horse Hair brooms first of all have been used for many hundred years, they sweep perfectly, in my German opinion they sweep better then those Nylon/plastic brooms because the dirt actually sticks to the hair instead flying through the house. Then it is either horse hair",200
PASS_001023,KB_01002,REC_080,B002TRL9AM,Health_and_Personal_Care,"brooms because the dirt actually sticks to the hair instead flying through the house. Then it is either horse hair or it is not, you don't get to call it either or. A cat is a cat and a dog is a dog.This is false advertising and I think it should be disclosed that this is not horse hair. This is cheating the customer and that is the truth.",69
PASS_001024,KB_01003,REC_081,B000FVM8C2,Health_and_Personal_Care,"I bought it because it said its from global healing but I just received mine and it said its from some Chinese guy. I'm VERY SKEPTICAL when it comes to things that are from China. They are the country of replica. Last time I bought my oxy-powder, Im pretty sure it was in a larger bottle although it was 120 capsules. This new oxy-powder I received today, the expiration date has been smudged. I'm giving more stars than I should only because I'm not 100% sure if this is legit or not.",92
PASS_001025,KB_01004,REC_081,B000FVM8C2,Health_and_Personal_Care,Have had some elimination issues and read about this cleanser. I use a capsule or two per day and it has been so helpful.,24
PASS_001026,KB_01005,REC_081,B000FVM8C2,Health_and_Personal_Care,"Oxy-powder is different from all other cleanse products out there. This does not have bulky fiber or herbs. It's just a few simple ingredients, and it works sometimes in a hour, and without a mess. Very smooth. If you take too much then your bowels will liquefy, so take a capsule or two to test for your needs. And also Amazon has the best price if you comparison shop.",69
PASS_001027,KB_01006,REC_081,B000FVM8C2,Health_and_Personal_Care,"You should be going between 3 - 5 times per day and the reaction should be gentle, not harsh. What the label doesn't say is that for some people the optimum dose is less than 4 capsules. For most of the people who have trouble and give this product a bad review, it's because they are more sensitive to it and they need to take the dose down to 2 - 3 capsules at first. For some people it's just one capsule that does it! So if your system overreacts, don't give up on the product, just try taking less and be patient.The fact that it oxygenates your system means that there are many other benefits at work and this product can potentially alleviate many chronic health problems besides digestive ones.",131
PASS_001028,KB_01007,REC_081,B000FVM8C2,Health_and_Personal_Care,This product is very gentle on the system and works very well as described. I plan to buy another bottle.,20
PASS_001029,KB_01008,REC_081,B000FVM8C2,Health_and_Personal_Care,This product really works. I will order another bottle so I can use this on a weekly or monthly basis.,20
PASS_001030,KB_01009,REC_081,B000FVM8C2,Health_and_Personal_Care,I almost can't believe it. It's the best feeling. I still have most of the bottle left because I haven't had to use it again. I recently recommended it to a friend of mine who had a colonic but is still not regular.,43
PASS_001031,KB_01010,REC_081,B000FVM8C2,Health_and_Personal_Care,I have digestive problems and tis did not work. Perhaps it would have if I took the whole bottle? I am sticking with the occasional colonic administered by a licensed therapist and nightly Aloe Vera (Feroux) pills and Magnesium. Works like a dream.,43
PASS_001032,KB_01011,REC_081,B000FVM8C2,Health_and_Personal_Care,"My daughter had given me a bottle of Oxy-Powder a few weeks ago. I loved it, it completely fixed my problem,I wouldn't be without it. I just re-ordered 2 bottles, sent one to my brother. The prescription his Dr. had givenhim was very expensive, and made him very uncomfortable. Oxy-Powder not ony relieves the problem, but itgets to the root of the problem. Try it, you will love it!Dorothy Myers",70
PASS_001033,KB_01012,REC_081,B000FVM8C2,Health_and_Personal_Care,"This product is advertised to be a colon cleanser. Yet when I received the bottle it says it is for constipation. This is not one of my problems. I took the product and then became what I thought was constipated. (loose stools). I called the company and was told this is normal and to stick with it. Well, I took all these capsules, and did not feel more energetic, do not believe my colon could possibly have been any cleaner, did not lose one ounce, felt bloated.",87
PASS_001034,KB_01013,REC_081,B000FVM8C2,Health_and_Personal_Care,"Last time I bought my oxy-powder, Im pretty sure it was in a larger bottle although it was 120 capsules.",20
PASS_001035,KB_01014,REC_081,B000FVM8C2,Health_and_Personal_Care,"If you take too much then your bowels will liquefy, so take a capsule or two to test for your needs.",21
PASS_001036,KB_01015,REC_081,B000FVM8C2,Health_and_Personal_Care,I use a capsule or two per day and it has been so helpful.,14
PASS_001037,KB_01016,REC_081,B000FVM8C2,Health_and_Personal_Care,"I've suffered from constipation my entire life, that's over 60 years!!!",11
PASS_001038,KB_01017,REC_081,B000FVM8C2,Health_and_Personal_Care,bottle of Magnesium Citrate at any pharmacy over the counter for like $3.,13
PASS_001039,KB_01018,REC_081,B000FVM8C2,Health_and_Personal_Care,Yet when I received the bottle it says it is for constipation.,12
PASS_001040,KB_01019,REC_081,B000FVM8C2,Health_and_Personal_Care,"Usually, I go through a bottle between Thanksgiving and New Year's to keep all that holiday goodness moving on down the line, so to speak.",25
PASS_001041,KB_01020,REC_081,B000FVM8C2,Health_and_Personal_Care,Perhaps it would have if I took the whole bottle?,10
PASS_001042,KB_01021,REC_081,B000FVM8C2,Health_and_Personal_Care,"On the first night I took the four pills as instructed on the bottle, the next day was pretty uneventful, I used the restroom twice and it was a  bit loose but overall not too bad.",36
PASS_001043,KB_01022,REC_081,B000FVM8C2,Health_and_Personal_Care,I'm ordering my fourth bottle today.,6
PASS_001044,KB_01023,REC_081,B000FVM8C2,Health_and_Personal_Care,"It's easy to use, and once you've determined your correct dosage for the 7-day cleanse portion of it, you'll be amazed and how much ""stuff"" falls out of you. Admittedly, it's not the greatest conversation topic, so I had to stop myself from talking about it to my family, but it was truly astounding to me and I wanted to share that with them.I took it upon myself to extend the initial 7 days to about 9 days because I had never done a colon cleanse before. I've just finished up yesterday, and although I'd run out of capsules and had none to take last night, I STILL had 5 BMs today even though I only ate once yesterday. So, it's definitely gotten things moving in the right direction. Side note: you definitely have to drink a lot of water, otherwise it doesn't work as well.If there was any drawback to it, it's that after 7 days, I began to have a little pain in the affected areas because I don't think the elimination system is designed to get rid of so much waste so often. It was kind of like workout pain after not working out for an extended",200
PASS_001045,KB_01023,REC_081,B000FVM8C2,Health_and_Personal_Care,"of so much waste so often. It was kind of like workout pain after not working out for an extended period, but it only happened the day before I took my last capsules, and it only lasted one day. I've had no pain since, and in a way it's a good thing that I had the pain because it really let me know that this stuff does what it says it will do.My overall after-effects are, a much smaller waistline, a clearer head, more energy, a higher sex drive, I feel great, I don't need to eat as much, and best of all, I've lost approximately 6 pounds or more of the worst kind of weight. I'm sure I've added to my lifespan, and I'll order this again as soon as I can. I read somewhere that you should do at least a 30 day cleanse your first time out, but frankly, I'm tired of sitting on the toilet and I could use a week-long breather. Regardless of that, when I get my new supply, I'll do another 9-10 day cleanse to get at the remaining impaction and be done with it until next year sometime.",196
PASS_001046,KB_01024,REC_081,B000FVM8C2,Health_and_Personal_Care,"From my research and personal testing, I have no doubt that these capsules contain the same product as PoopDoc (easy to search online). This version is in vegicaps, whereas poopdoc uses regular gelatin capsules. I know this product well and have been using it on and off for years. I am one of those people living with chronic constipation. Fiber, lots of fruits and veggies, exercise, water intake, are all part of my life (and have been for years), and still, my digestion tends to be sluggish with dense, heavy, sticky stool. Unless I have a stomach flu or have food poisoning, I would never have loose stools. This product was made for people like me. The product serves 2 functions. First, it dissolves years of crud buildup on digestive tract walls. Second, it softens and loosens the stool coming through your system, so that if it would normally be like play-dough, it will now have 'normal' and health consistency and action.When used by people with 'normal' digestions, whose colon is not packed with dense buildup or, at least, a heavy meal camped out in the colon, this product is simply overkill. To my knowledge, people whose digestive systems are",200
PASS_001047,KB_01024,REC_081,B000FVM8C2,Health_and_Personal_Care,"heavy meal camped out in the colon, this product is simply overkill. To my knowledge, people whose digestive systems are not as described above, are likely to experience gas, bloating and unpleasantly scant loose stools with this product. For those people, I would highly recommend Acai Easy Cleanse (10 day supply per bottle). After using oxy-powder for years, I no longer have buildup, and can use oxy-powder only when I have at least a day's worth of packed colon weighing me down. Otherwise, Acai Easy Cleanse is the product I trust to keep my digestion in healthy flow.Hope someone out there finds this helpful.",104
PASS_001048,KB_01025,REC_082,B0009EIMW0,Health_and_Personal_Care,"My husband swears by these as he's on his feet all day at work on cement. They keep his feet and arches from getting sore. Has much more &#34;bounce&#34; to him when he gets home. Before we purchased these, he'd have all he could do to walk through the front door & pull off his work boots; feet absolutely ached terribly. These are exactly as described and would highly recommend them to anyone whose on their feet all day, working strenuously",81
PASS_001049,KB_01026,REC_082,B0009EIMW0,Health_and_Personal_Care,Look at your local stores.. after buying this i noticed i could have saved $5 in the store. so keep looking,21
PASS_001050,KB_01027,REC_082,B0009EIMW0,Health_and_Personal_Care,"I got a pair of these to put inside my new boots for work....whew, what a blessing!! However, I felt I could use a thicker cushioning so I got a 2nd pair and added them to my boots after removing the factory insole.....yes, 2 pairs of Dr. Scholl's gel insoles in my boots!! Wow, absolutely perfect and worth every penny!! Highly recommended!",62
PASS_001051,KB_01028,REC_082,B0009EIMW0,Health_and_Personal_Care,"Had some really great shoes that i like for work, but constant use had broken down the insoles and was on the verge of getting a new pair. Ordered the Dr. Scholl's insoles as an act of desperation i guess. Fed Ex driver pulled up to the front door and i got them out of his hands before he could exit his truck. Opened the box , inserted the insoles into my waiting shoes, no trimming or sizing needed and haven't slow down. This guys are taking a lot of punishment so far and i could not be more satisfied.",100
PASS_001052,KB_01029,REC_082,B0009EIMW0,Health_and_Personal_Care,Comfortable and last for few good months . He always order this brand and very happy with them.My husband  suffers from hill spour and thode insoles keeps him going throughout the day.,32
PASS_001053,KB_01030,REC_082,B0009EIMW0,Health_and_Personal_Care,"Amazon has no way to leave half a star.I work in a bar. This means I spend 8 hours a day on my feet on a very lazy day. I bought these inserts to help take some of the stress off of my feet, and after a week my inserts are completely shot. They provide no cushion, no support, and now my feet hurt twice as much as they use too. I've had a pair of Dr. Scholl's inserts before and they were amazing. I wish this could be said for the Massaging Gel Work Insoles, alas it cannot.",99
PASS_001054,KB_01031,REC_082,B0009EIMW0,Health_and_Personal_Care,"I purchased these at a local store, my rescue boot insoles were worn and I was looking for a replacement. To be honest, they are ok. The original insoles were almost as comfortable as these, but the thing that makes all the difference - the smell. The boots I use them in are Honeywell Pro 6006 USAR boots - [...] - they don't breath the best, but I have work socks for them that are supposed to wick away moisture. Unfortunately, that's not enough. They smell absolutely terrible and they've been in for less than a month.I hope I got a bad set, but I don't think that's the case.",110
PASS_001055,KB_01032,REC_082,B0009EIMW0,Health_and_Personal_Care,"Works great in my workboots where I walk on hard surfaces all day. I don't have the worst feet, so it didn't take anything expensive to make me more comfortable. Does a good job for the money.",37
PASS_001056,KB_01033,REC_082,B0009EIMW0,Health_and_Personal_Care,"Ok - I'm just about to order a new pair for use in my walking shoes and I noticed a couple negative reviews. So, I decided to put in my review to counter them - I have four pair of these - 2 in work shoes - one in hiking boots and one in my walking shoes. It's hard to say which gets more use my work shoes (on a job that requires me to be on my feet all day on cement floors) - or my walking shoes (I walk a lot - for my health 4-5 times per week 1 - 2 hours per.)",106
PASS_001057,KB_01034,REC_082,B0009EIMW0,Health_and_Personal_Care,these things are great if you  walk around a lot. absorbs shock and work better than any other insole. would highly recommend.,22
PASS_001058,KB_01035,REC_082,B0009EIMW0,Health_and_Personal_Care,"However, I felt I could use a thicker cushioning so I got a 2nd pair and added them to my boots after removing the factory insole.....yes, 2 pairs of Dr. Scholl's gel insoles in my boots!!",36
PASS_001059,KB_01036,REC_082,B0009EIMW0,Health_and_Personal_Care,"Before we purchased these, he'd have all he could do to walk through the front door & pull off his work boots; feet absolutely ached terribly.",26
PASS_001060,KB_01037,REC_082,B0009EIMW0,Health_and_Personal_Care,It's hard to say which gets more use my work shoes (on a job that requires me to be on my feet all day on cement floors) - or my walking shoes (I walk a lot - for my health 4-5 times per week 1 - 2 hours per.),49
PASS_001061,KB_01038,REC_082,B0009EIMW0,Health_and_Personal_Care,"i work in a groceries store, i do all the heavy lifting, cleaning, sweeping, stocking, mopping, and all that good stuff, lots of running around i can barely get a brake, and when i get home i can barely walk cause my feet hurt so damn bad, but after i put these baby in and test it at work the next day, it cut all my bunion pain, heel pain, arch pain by about 99% i was surprise that this simple piece of plastic actually work it blew my mind, at first i was like it just a piece of plastic you put in your shoe how much difference can it make, well apparently more than i expected!",118
PASS_001062,KB_01039,REC_082,B0009EIMW0,Health_and_Personal_Care,"I purchased these at a local store, my rescue boot insoles were worn and I was looking for a replacement.",20
PASS_001063,KB_01040,REC_082,B0009EIMW0,Health_and_Personal_Care,"I wish this could be said for the Massaging Gel Work Insoles, alas it cannot.",15
PASS_001064,KB_01041,REC_082,B0009EIMW0,Health_and_Personal_Care,"These insoles seem pretty solid, but they are going to be taking a lot of abuse, so how well they hold up in the long run will be interesting to find out.",32
PASS_001065,KB_01042,REC_082,B0009EIMW0,Health_and_Personal_Care,Replaced the soles on my flat shoes which had Avery thin layer of nothing with these insoles great buy now I can wear them all day when going out as it provides great comfort specially on some work boots,39
PASS_001066,KB_01043,REC_082,B0009EIMW0,Health_and_Personal_Care,He always order this brand and very happy with them.My husband  suffers from hill spour and thode insoles keeps him going throughout the day.,24
PASS_001067,KB_01044,REC_082,B0009EIMW0,Health_and_Personal_Care,"Good product, decent price - but, just like everything else in this fallen world... you gotta replace 'em, often, to get a long-term benefit... also, would help if it came with a weight rating (I am morbidly obese)... 3 months, tops.",41
PASS_001068,KB_01045,REC_082,B0009EIMW0,Health_and_Personal_Care,"This is my first review ever. I am reviewing because you need to know what this product will do. I purchased these gel insoles at a local grocery store. The feel was great... for about a day or two. Then I noticed they slip around inside my boots - to the point that under my toes, it would scrunch-up and become absolutely unbearable. I have to take my boots off multiple times a day in order to pull the insoles back up to the heel. Well, after about a week, the sweating was worse than ever before in these boots (I have worn the same style of boots for years, and never had this severe sweating problem before). The worst part is, after about two weeks of wearing them, straightening them daily - I noticed the heel of the gel has broken down, literally it is now falling apart. I took the insole out and it is just horrible. The top layer has slid around on the gel so much, it has become a mess. I only walk in these boots, no running, no exercise, no hard wear and tear, just normal walking around at work indoors. This is absolutely",200
PASS_001069,KB_01045,REC_082,B0009EIMW0,Health_and_Personal_Care,"boots, no running, no exercise, no hard wear and tear, just normal walking around at work indoors. This is absolutely unacceptable. If I had kept the package and the receipt - I would demand a refund. I will never buy gel inserts from Dr. Scholls again.",46
PASS_001070,KB_01046,REC_082,B0009EIMW0,Health_and_Personal_Care,"I worked as a cashier for a long while and after even a few hours of standing up without much movement it really did some damage. I couldn't stand up normal, my legs almost gave out on the longer shifts, etc. These took off a lot of the pressure, and while I did feel some strain after 8+ hour shifts, it was nowhere near what I had felt before. Not to mention the short shifts went by without even a twinge of pain or strain.I recommend this if your job involves a lot of standing with little to no movement during the work day. You won't regret it.",108
PASS_001071,KB_01047,REC_083,B008NIHE78,Health_and_Personal_Care,"I imagined with I purchased this filter that I would be waiting eons for a pitcherful of alkaline water, but this thing works fast. The water tastes great and it makes tea and coffee taste that much better. Highly recommended.",40
PASS_001072,KB_01048,REC_083,B008NIHE78,Health_and_Personal_Care,I love this pitcher I use filtered water I buy in the 5 gallon jugs to make the filters last longer. It seems my thirst for this invigorating water has increased since I started using it. Almost like my body craves it because it is so good for my ph.,50
PASS_001073,KB_01049,REC_083,B008NIHE78,Health_and_Personal_Care,"I like the pitcher. it does what it is supposed to and the price was right compared to others. it feels a little on the cheaper side, but you know the cartridges are much cheaper than for other pitchers as well. all around i really like it.",47
PASS_001074,KB_01050,REC_083,B008NIHE78,Health_and_Personal_Care,"Improved the taste, but not as much as I'd hoped. Water still has a little bit of that &#34;tap water&#34; aftertaste.",21
PASS_001075,KB_01051,REC_083,B008NIHE78,Health_and_Personal_Care,"The lid does not fit into pitcher, keeps falling off when you pour ....Very poor design. Sending back for refund",20
PASS_001076,KB_01052,REC_083,B008NIHE78,Health_and_Personal_Care,Everything in our diet today is so acidic even our drinking water so it's nice to find a product that can help bring balance back,25
PASS_001077,KB_01053,REC_083,B008NIHE78,Health_and_Personal_Care,The water at my college isn't drinkable out of the tap and the bottled water was breaking my budget. This product is a great solution and it really makes the water very drinkable.it filters quickly and doesn't leave a plasticy taste.,41
PASS_001078,KB_01054,REC_083,B008NIHE78,Health_and_Personal_Care,I love this pitcher I use filtered water I buy in the 5 gallon jugs to make the filters last longer.,21
PASS_001079,KB_01055,REC_083,B008NIHE78,Health_and_Personal_Care,"I imagined with I purchased this filter that I would be waiting eons for a pitcherful of alkaline water, but this thing works fast.",24
PASS_001080,KB_01056,REC_083,B008NIHE78,Health_and_Personal_Care,It seems my thirst for this invigorating water has increased since I started using it.,15
PASS_001081,KB_01057,REC_083,B008NIHE78,Health_and_Personal_Care,The water tastes great and it makes tea and coffee taste that much better.,14
PASS_001082,KB_01058,REC_083,B008NIHE78,Health_and_Personal_Care,all around i really like it.,6
PASS_001083,KB_01059,REC_083,B008NIHE78,Health_and_Personal_Care,Almost like my body craves it because it is so good for my ph.,14
PASS_001084,KB_01060,REC_083,B008NIHE78,Health_and_Personal_Care,"it feels a little on the cheaper side, but you know the cartridges are much cheaper than for other pitchers as well.",22
PASS_001085,KB_01061,REC_083,B008NIHE78,Health_and_Personal_Care,This product is a great solution and it really makes the water very drinkable.it filters quickly and doesn't leave a plasticy taste.,22
PASS_001086,KB_01062,REC_083,B008NIHE78,Health_and_Personal_Care,The water at my college isn't drinkable out of the tap and the bottled water was breaking my budget.,19
PASS_001087,KB_01063,REC_084,B0085A18A8,Health_and_Personal_Care,"It works good!! easy to clean. I use this to get rid of my facial hair, and it works with eyebrow too.",22
PASS_001088,KB_01064,REC_084,B0085A18A8,Health_and_Personal_Care,"Easy to use, pretty, and can fit in your purse. Be careful - it looks harmless but the blade can hurt if you get to close.",26
PASS_001089,KB_01065,REC_084,B0085A18A8,Health_and_Personal_Care,I have used it for several months. It works well.The cleaning is easy.The design to get the battery is easy too. (I hate those gadgets with a deep buried batter being difficult to get),34
PASS_001090,KB_01066,REC_084,B0085A18A8,Health_and_Personal_Care,"This is a great product for helping women with those 'mustache' hairs that we can't seem to get rid of. The tool is easy to take apart to clean and I have not had to replace the battery yet. If travelling, you can throw it into a make up bag and bring it with you. I was concerned that I would have to use it more frequently and that the hair would grow back faster but I haven't found that to be the case.",84
PASS_001091,KB_01067,REC_084,B0085A18A8,Health_and_Personal_Care,"Its small head (with tiny blades underneath) excellently (and absolutely painlessly) trims nasal hair and fine facial hair (e.g. upper lip). The tip gets warm -- not hot -- within moments so it's best for very brief use on small patches; afterward, it also cools within moments.It's easy to install/replace the single AAA battery, easy on/off to use, easy to clean (requires minor disassembly; a tiny cleaning brush is included). Packaged in a slim, pretty case.",76
PASS_001092,KB_01068,REC_084,B0085A18A8,Health_and_Personal_Care,"If you are expecting a shaver that will get rid of facial hair at the skin's surface, this will not do it. Stick to Nair. However, given that this does not shave hair off at the surface it does do a nice job when it comes to trimming or shaping eyebrows and certainly beats my former alternative scissors.Given its compact shape, this is easy to use and manipulate at different angles. It claims to offer a maximum 72 minute charge. I can't verify that because I only use it for a couple of a minutes in eyebrow maintenance mode once a week.If you have very faint facial hair, this can be used to trim it.",115
PASS_001093,KB_01069,REC_084,B0085A18A8,Health_and_Personal_Care,"Women getting into their 40's might want to keep something like this in their purse or makeup bag. Men - don't read this - no one wants to know their wife or girlfriend might start finding a hair or two on her chin, but it's true. Hormones start changing and ""things happen. ""This hair trimmer is small in size, making it very convenient (it's about the thickness of a highlighter marker). It is quick and unlike tweezers, painless. It is easy to clean with the little brush it comes with, and it shows you that you can also remove the top part and rinse under water to clean.Not sure what to get your friends for Christmas?",116
PASS_001094,KB_01070,REC_084,B0085A18A8,Health_and_Personal_Care,This product does its job. I am using it to trim the hair on my face and also use it for my brows. It is very easy to use.,29
PASS_001095,KB_01071,REC_084,B0085A18A8,Health_and_Personal_Care,Easy to use and easy to clean. It's quiet and discrete while still being powerful enough to remove unwanted hair.,20
PASS_001096,KB_01072,REC_084,B0085A18A8,Health_and_Personal_Care,This trimmer is very handy and easy to use. Is doesn't leave you real smooth but it works great for my eyebrows! WITH NO PAIN!,25
PASS_001097,KB_01073,REC_084,B0085A18A8,Health_and_Personal_Care,It works well.The cleaning is easy.The design to get the battery is easy too.,14
PASS_001098,KB_01074,REC_084,B0085A18A8,Health_and_Personal_Care,"It is easy to clean with the little brush it comes with, and it shows you that you can also remove the top part and rinse under water to clean.Not sure what to get your friends for Christmas?",38
PASS_001099,KB_01075,REC_084,B0085A18A8,Health_and_Personal_Care,Its small head (with tiny blades underneath) excellently (and absolutely painlessly) trims nasal hair and fine facial hair (e.g.,19
PASS_001100,KB_01076,REC_084,B0085A18A8,Health_and_Personal_Care,Trimmer did exactly what it was stated to do - perfect for removal of upper lip hair and also easy to shape ones eyebrows.,24
PASS_001101,KB_01077,REC_084,B0085A18A8,Health_and_Personal_Care,This trimmer is very handy and easy to use.,9
PASS_001102,KB_01078,REC_084,B0085A18A8,Health_and_Personal_Care,The tool is easy to take apart to clean and I have not had to replace the battery yet.,19
PASS_001103,KB_01079,REC_084,B0085A18A8,Health_and_Personal_Care,"The tip gets warm -- not hot -- within moments so it's best for very brief use on small patches; afterward, it also cools within moments.It's easy to install/replace the single AAA battery, easy on/off to use, easy to clean (requires minor disassembly; a tiny cleaning brush is included).",49
PASS_001104,KB_01080,REC_084,B0085A18A8,Health_and_Personal_Care,Small enough to carry with you and the battery lasts.Easy to clean.,12
PASS_001105,KB_01081,REC_084,B0085A18A8,Health_and_Personal_Care,"The illustrations show this trimmer running across hair and cutting them such that nothing is left behind. This was not my experience with this trimmer, which does not remove hair so closely. It will cut off and shorten the hairs, but leaves behind what feels like stubble. If your concern is the visibility of facial hair, then this is probably good enough, especially since this is portable, painless, and not terribly expensive. If you need something to carry around and quickly deal with hairs which you may have missed in routine grooming (or need nose hair trimming), this does well. However, if your concern is about smoothness and the feel of your face, then you'll need to use something which plucks or tears out hair instead of merely trims it down. For finer hairs, such as those on the upper lip, I don't imagine the feel of any stubble left behind would be an issue. For coarser hairs, it may feel rather bad.The truth is that a disposable razor would probably do the job just as well, but women are generally uncomfortable with the idea of shaving their faces since it feels like something only men should do. However, it",200
PASS_001106,KB_01081,REC_084,B0085A18A8,Health_and_Personal_Care,"generally uncomfortable with the idea of shaving their faces since it feels like something only men should do. However, it would be faster and just as effective to shave off facial hairs than to use this type of trimmer. Mainly, I think this would be good for someone who needs very focused trimming over small areas or over facial contours (such as eyebrows) or who needs to do touch ups. As a solution to someone with coarse facial hair, especially on the chin, I'd say look elsewhere.",87
PASS_001107,KB_01082,REC_084,B0085A18A8,Health_and_Personal_Care,"We have used several of this type of facial hair trimmer in our house. To remove a stray hair, tidy up the edge of a haircut, etc. Usually the store/no name brands we use, while very inexpensive, tend to fail quickly. I've had some of these $7-$10 trimmers stop working in as short as a week. Who needs the hassle of returning inexpensive items, mailing them in, etc. Most of the cheaper trimmers offer a 90 day warranty, at best. Since shipping for warranty service can cost as much as one of the cheapo trimmers, they are, in essence, disposable.The Panasonic ER-GN25VP, on the other hand, while it costs around $20-$25, is better made than any other trimmer of this sort I have used. It is backed by a two year warranty.The head on the trimmer is not like a shaver. So keep in mind this is a TRIMMER. It is not a shaver, razor, or tweezer type device. The head resembles the blade on a ""nose hair trimmer"". In fact, one of the demonstrated uses in the user manual is for nose hair.The device is sleek and easy to use. The barrel is half white, half metallic fuchsia. It",200
PASS_001108,KB_01082,REC_084,B0085A18A8,Health_and_Personal_Care,"is for nose hair.The device is sleek and easy to use. The barrel is half white, half metallic fuchsia. It is small, less than 6"" long, and not much larger than a pen so it is easy to carry/store. It runs on a single AAA battery. A battery is not included. The product package contains the trimmer, a cap for the blade head, a cleaning brush, and the user manual.The device is relatively quiet. It moves delicately near the skin and doesn't cause discomfort when trimming hair. I found that it trims neatly and causes no discomfort. It is effective on eyebrows, nose hairs, ear hair, stray hairs on the face and neck, or stray hair on your haircut.The ER-GN25VP blade is also washable. You CANNOT wash the entire device. The head detaches and may be rinsed under water and washed with mild soap.The manual says the ER-GN25VP will run up to a year on a single battery. Obviously, this will vary with use.There are numerous other products like the ER-GN25VP, and many are less expensive. However the ER-GN25VP appears to be more durable, more reliable and works as well, and typically better than other trimmers of this type.",199
PASS_001109,KB_01083,REC_085,B004TTW2VI,Health_and_Personal_Care,I love this product but wich it came in just one size bigger. I would purchase two if it came in one size bigger. Pro-tec let me know if you ever make it in a XX-Large,36
PASS_001110,KB_01084,REC_085,B004TTW2VI,Health_and_Personal_Care,Really helped my knee. 's just had to gety right size I measured 14 ordered med it was always sliding down got a small it is about right just washed my med in washer and dryed on high heat now it fits better I know it says to hand wash and let dry but I figured I try it anyway instead of just letting it lay around no damage and I can wear it now,75
PASS_001111,KB_01085,REC_085,B004TTW2VI,Health_and_Personal_Care,"I am giving this a full 5 stars, because it is very well worth it.I have never checked out my knee's with my Doctor's, and know it would be an expensive visit because my knees are very worn out from basketball. I am a young teen, very active with my feet, and I tend to rarely bend my knees when standing upright and such.For basketball: this product is amazing, I purchased the small size, and it is a tight fit, but as I thought, overtime, it expanded perfectly to my knee width.",92
PASS_001112,KB_01086,REC_085,B004TTW2VI,Health_and_Personal_Care,"Don't know about other people, but I wash it by hand with soap and air dry it to make sure it doesn't lose its effectiveness.",25
PASS_001113,KB_01087,REC_085,B004TTW2VI,Health_and_Personal_Care,"Wow.. work much better than I had expected.. great for working out which is why i bought them. To tight for all day use, don't know if they will stretch with wear but would expect them to. Great support was able to increase intensity of cardio work out and work out 2x's longer..",53
PASS_001114,KB_01088,REC_085,B004TTW2VI,Health_and_Personal_Care,"I bought these sorts because my knees would swell up when going for long walks or his. Not any more, these knee sports have eliminated that problem from my work outs. I know jog 2 miles and walked 1, soon to be a solid 3 mile jog. With out these supports I would of stopped my work out.",58
PASS_001115,KB_01089,REC_085,B004TTW2VI,Health_and_Personal_Care,I have to really bad knees and walking is a big struggle after a few minutes my knees quit and i just walk Frankenstein. i have had dozens of knee braces and had about gave up  but these are light weight soft not as confining as others the stay up i wear 2 of them for about 8 hrs a day. they work! they get me through the day and that helps. i don't know how they work but they feel very different when you first put them on its like oh yeah sure this is gonna work ...then it does.,101
PASS_001116,KB_01090,REC_085,B004TTW2VI,Health_and_Personal_Care,"This is just what the Doctor Ordered, at half the price. This is a solid knee brace that I wear playing Ice Hockey. After many years of hard use, my knee(s) have gotten a bit lose and less stable. (Cartilage Loss) This baby keeps things where they belong. Especially the little Donut on the knee cap which does a great job stabilizing the whole knee. Don't know about your knees but this &#34;sleeve&#34; works for me.",76
PASS_001117,KB_01091,REC_085,B004TTW2VI,Health_and_Personal_Care,"Ran with it twice on my troubled runner's knee which has been painful after every run the last few weeks. It did give a good support. I ordered Small (I'm 5'4&#34; at 140 lbs) and it felt very tight at first but as I ran I felt I had to adjust it twice by pulling it up. It also felt like it was sliding down because of the weight of the gel donut. Other than that, I didn't get the pain after my runs when using it. That's when I know it worked on me.",95
PASS_001118,KB_01092,REC_085,B004TTW2VI,Health_and_Personal_Care,"I bought this brace after reading the great reviews on Amazon. True to the comments, this brace is one of the best I have used while playing sports. It gives great support yet provides me full range of motion. Best of all, the material doesn't get hot on me while I am playing.After using for 6 months, I did see the inner pouch that holds the circular gel coming apart. The gel pack was coming lose. I don't know if I washed it too hard but it was getting to the point that I can't really use it.",98
PASS_001119,KB_01093,REC_085,B004TTW2VI,Health_and_Personal_Care,'s just had to gety right size I measured 14 ordered med it was always sliding down got a small it is about right just washed my med in washer and dryed on high heat now it fits better I know it says to hand wash and let dry but I figured I try it anyway instead of just letting it lay around no damage and I can wear it now,71
PASS_001120,KB_01094,REC_085,B004TTW2VI,Health_and_Personal_Care,i don't know how they work but they feel very different when you first put them on its like oh yeah sure this is gonna work ...then it does.,29
PASS_001121,KB_01095,REC_085,B004TTW2VI,Health_and_Personal_Care,You hardly know you are wearing them.,7
PASS_001122,KB_01096,REC_085,B004TTW2VI,Health_and_Personal_Care,"To tight for all day use, don't know if they will stretch with wear but would expect them to.",19
PASS_001123,KB_01097,REC_085,B004TTW2VI,Health_and_Personal_Care,That's when I know it worked on me.,8
PASS_001124,KB_01098,REC_085,B004TTW2VI,Health_and_Personal_Care,Pro-tec let me know if you ever make it in a XX-Large,12
PASS_001125,KB_01099,REC_085,B004TTW2VI,Health_and_Personal_Care,I know that jogging/Sprinting is a hard impact sport.,9
PASS_001126,KB_01100,REC_085,B004TTW2VI,Health_and_Personal_Care,"I know jog 2 miles and walked 1, soon to be a solid 3 mile jog.",16
PASS_001127,KB_01101,REC_085,B004TTW2VI,Health_and_Personal_Care,I don't know if I washed it too hard but it was getting to the point that I can't really use it.,22
PASS_001128,KB_01102,REC_085,B004TTW2VI,Health_and_Personal_Care,"I am giving this a full 5 stars, because it is very well worth it.I have never checked out my knee's with my Doctor's, and know it would be an expensive visit because my knees are very worn out from basketball.",41
PASS_001129,KB_01103,REC_085,B004TTW2VI,Health_and_Personal_Care,"Knee Braces... if you're already at that stage of your knee's life, things already feel annoying... knee braces or sleeves do the job. But until I put on this Pro-Tec Athletics Gel Force Knee Sleeve, I never thought a ""brace"" would make me feel good about the knees again. Bzzzz... wrong.This Gel Force Knee brace is pretty awesome. What I thought was a sales pitch (4way stretch design), is not. Unlike some past girlfriends, this brace is pretty supportive. It really does seem to work and feel good. For the first time in quite a long time, my knees were not something on my mind while running.And the gel ring that circles and braces your patella (knee cap) is not as aggressive as other designs that dig into the underside of your knee. That too is pretty awesome.But how do I really feel? Woot!-Bruce fr brusimm.comFebruary 2013 UPDATEA WORD OF CAUTION.Yes, everything I've said in the above review is true, but leave it to me to find a flaw or two.The first problem is that YOU SHOULD NEVER WASH THEM in the washing machine. Or at least that's my take. I had hand washed them the first few times, but",200
PASS_001130,KB_01103,REC_085,B004TTW2VI,Health_and_Personal_Care,"in the washing machine. Or at least that's my take. I had hand washed them the first few times, but one day I decided to toss them in the wash. The knee cap rings are actually ONLY GLUED in and the washing machine did it in. They came out of both braces I owned.The Pro-Tec website has no warning about that issue. I looked to make sure I didn't miss something.The next huge disappointment was when I left a consumer message on their website's contact form, Pro-Tec never replied. It's been a few months.Other than that, even without the knee braces, they're still pretty effective. But I have issues with this lack of a reply and am in conflict as to if I want to continue to support the company.",130
PASS_001131,KB_01104,REC_086,B001CWT4JI,Health_and_Personal_Care,This sinus rinser is pretty good. I have had mine for several months and it is working fine. Very easy to keep clean. Not made extremely well but okay.,29
PASS_001132,KB_01105,REC_086,B001CWT4JI,Health_and_Personal_Care,"They think that a simple lubrication of the o ring might have fixed what ailed mine. That is truly amazing customer service, so I can recommend giving the machine a try.",31
PASS_001133,KB_01106,REC_086,B001CWT4JI,Health_and_Personal_Care,"I usually set mine to 3 when I start and maybe turn it up to 4 while I'm using it. It's powerful. If you're congested, start even lower.",28
PASS_001134,KB_01107,REC_086,B001CWT4JI,Health_and_Personal_Care,I have taken it with me on trips a time or to also. I will buy another one if this one ever gets beyond repair. I have had mine a couple of years.,33
PASS_001135,KB_01108,REC_086,B001CWT4JI,Health_and_Personal_Care,Great product! Really helps my sinus and post nasal drip issues. Great quality product is holding up well. I've had mine over three years.,24
PASS_001136,KB_01109,REC_086,B001CWT4JI,Health_and_Personal_Care,"The design is a little flimsy. I have only owned mine and used it for a few weeks so it is still holding up. However, I do not get as long lasting relief from the SinuPulse Elite and their solution as I do creating my own solution and simply using the bulb. My ENT physician gave me the recipe for a buffered saline solution that I could create and use with the bulb. That works and it costs pennies.",79
PASS_001137,KB_01110,REC_086,B001CWT4JI,Health_and_Personal_Care,"I do this daily and it does not bother  me too much. The Rite-aid bottle has a ""anti backwash valve"" and a notch in the nozzle that seems to limit the pressure. It works very well, a good rinse and no fluid running down my throat. The down side is that it is not quit as powerful of rinse as the Neilmed. It is in between the Neti pot and the NeilMed squeeze bottle. So this brings me to the SinuPulse that I just purchased. I did not purchase mine here at Amazon, instead at an other online retailer for 63.99 shipped, while it was a good deal the company had dreadful customer service.",114
PASS_001138,KB_01111,REC_086,B001CWT4JI,Health_and_Personal_Care,"This is much better than the manual sinus irrigator that I used to use. The ability to change the water pressure is helpful for those times I'm congested. I use cooled boiled water with mine to ensure that it stays sanitary and I don't end up having brain-eating amoebas swimming up my nose... (I use a couple of jars-- usually boil the water, put it in the jars to cool overnight, and might boil another pot in my electric kettle in the morning to mix it in a separate container with my salt and make it around lukewarm).",98
PASS_001139,KB_01112,REC_086,B001CWT4JI,Health_and_Personal_Care,"Sort of a water-pik for your nose and takes a bit of getting used to - shooting water up your nose.But flushing your sinus' everyday relieves many/most of the symptoms.Don't use plain water as it's very irritating; 250 salt/baking soda packets are $10 at Costco - cheaper than elsewhere. Yes you can mix your own but at 4 cents each, I have better things to do.And flush it regularly with plain water to keep residue from building up - I've had mine for more than a year with no problems.Use it before jumping in the shower as the solution will run out of your nose for a few minutes.So, here's a gizmo that really works - at least for me.",120
PASS_001140,KB_01113,REC_086,B001CWT4JI,Health_and_Personal_Care,"If you have a bacterial sinus infection and either can't afford or don't want to take anti-biotics for it, this device can cure it. It is more than a fancy-looking Neti pot. For me, Neti pots only treated the symptoms. Some people who have had sinus surgery never got better until they've used a good sinus irrigation system like the SinuPulse. Something else you should know: after I got mine, I broke part of the plastic blue door that fits in the unit's white lid. I called customer service to ask for a replacement piece, and I received it less than a week later, free of charge!If your sinus infection is not bacterial, but from systemic yeast--which is caused by anti-biotics, among other things--the Sinupulse is good to use in conjunction with an anti-fungal diet.",135
PASS_001141,KB_01114,REC_086,B001CWT4JI,Health_and_Personal_Care,I have had mine for several months and it is working fine.,12
PASS_001142,KB_01115,REC_086,B001CWT4JI,Health_and_Personal_Care,"Yes you can mix your own but at 4 cents each, I have better things to do.And flush it regularly with plain water to keep residue from building up - I've had mine for more than a year with no problems.Use it before jumping in the shower as the solution will run out of your nose for a few minutes.So, here's a gizmo that really works - at least for me.",71
PASS_001143,KB_01116,REC_086,B001CWT4JI,Health_and_Personal_Care,"Something else you should know: after I got mine, I broke part of the plastic blue door that fits in the unit's white lid.",24
PASS_001144,KB_01117,REC_086,B001CWT4JI,Health_and_Personal_Care,I usually set mine to 3 when I start and maybe turn it up to 4 while I'm using it.,20
PASS_001145,KB_01118,REC_086,B001CWT4JI,Health_and_Personal_Care,"I use cooled boiled water with mine to ensure that it stays sanitary and I don't end up having brain-eating amoebas swimming up my nose... (I use a couple of jars-- usually boil the water, put it in the jars to cool overnight, and might boil another pot in my electric kettle in the morning to mix it in a separate container with my salt and make it around lukewarm).",70
PASS_001146,KB_01119,REC_086,B001CWT4JI,Health_and_Personal_Care,I have only owned mine and used it for a few weeks so it is still holding up.,18
PASS_001147,KB_01120,REC_086,B001CWT4JI,Health_and_Personal_Care,I have had mine a couple of years.,8
PASS_001148,KB_01121,REC_086,B001CWT4JI,Health_and_Personal_Care,"I did not purchase mine here at Amazon, instead at an other online retailer for 63.99 shipped, while it was a good deal the company had dreadful customer service.",29
PASS_001149,KB_01122,REC_086,B001CWT4JI,Health_and_Personal_Care,"When I was first diagnosed with this, my allergist gave me a nose-irrigator attachment (only can be supplied by doctors) that could be used with a Water Pik, which worked really well, but then my Water Pik quit working, and since then, the new Water Piks won't work with the attachment, so I ordered SinusPlus.",55
PASS_001150,KB_01123,REC_086,B001CWT4JI,Health_and_Personal_Care,This only worked for 11 times before it quit working.I loved the machine for the short time that it worked.,20
PASS_001151,KB_01124,REC_086,B001CWT4JI,Health_and_Personal_Care,"After struggling for a month with a sinus infection, I decided that my bulb suringe was not doing much, NetiPot was too low tech, and bought the SinuPulse. The first use was rough, ewww, something is pumping water up my nose, and it is going everywhere. After a few days of practice, I was able to mostly clear up my nose. It felt good, better than any other nose cleaner with the exception of a long run. The technique that worked best for me is modified standard: pump water into one nostril, let it come out of the other, and blow slightly in and out while doing this to clear up the deeper passages.One disappointment was slightly shoddy design. The speed knob is impossible to turn with a wet hand, and your hands are always wet when doing this. The water tank leaks a bit when transfering from faucet to the device. For twice the price of my Vicks Ultrasonic Humidifier, I expected much better design. I wish I took a look atGrossan Hydro Pulsebefore buying this, it has a lot more honest looking reviews.Did it cure my sinus infection? No, for that I am currently on antibiotics, it is",200
PASS_001152,KB_01124,REC_086,B001CWT4JI,Health_and_Personal_Care,"lot more honest looking reviews.Did it cure my sinus infection? No, for that I am currently on antibiotics, it is a stubborn one. But my nose does feel a lot cleaner.UPDATE: after using SinuPulse for 6 weeks more, my sinus infection is finally gone. I did it religiously, several times a day, multiple tanks per rinse. Now I just have a slightly stuff nose, hoping it disappears in a few weeks. I am also using plain salt, one teaspoon per tank works great, just make sure it disolves completely. The only reason to stop me from fully recommending this product is that someone is gaming these reviews. 1 day after this was posted, I got 4 thumbs down. And the rest of the reviews here look like a marketing job.FINAL UPDATE: while travelling, I broke SinuPulse, and bought Grossan instead. I like Grossan a lot better. It is quieter, sturdier, and has better low-speed pulse control. In the manual, Dr. Grossan explains the importance of irrigating gently. I've spent months pushing snots up my sinuses with SinuPulse on high-speed. If SinuPulse is making a knockoff, they should price it at 69, not 99.My sinuses are as clear as they've ever",200
PASS_001153,KB_01124,REC_086,B001CWT4JI,Health_and_Personal_Care,"SinuPulse is making a knockoff, they should price it at 69, not 99.My sinuses are as clear as they've ever been. I don't know is it because of couple of weeks of using Grossan, or is it because I quit smoking. It took four months, and it feels good to breathe clearly. Well, almost clearly, but I'll take it :)ONE MORE UPDATE: Grossan died after a couple of years, and I am buying a new one. I am revising my rating here to 2 stars. I believe that glowing reviews here of this product are dishonest. My review used to be the top one here for years, until it gained enough ""not helpful"" votes to push it down.AND ONE MORE UPDATE: I started using a Neti Pot for travelling, and liked it so much that these days Neti Pot is my primary irrigator. Two main reasons why I prefer Neti Pot for most uses are:- silence: power irrigators are loud.- forces me to use better technique. With power irrigator, I was starting to snort water in and out, not letting it totally flood my sinuses. With Neti Pot, snorting does not work, so I had better luck getting a cleanse",200
PASS_001154,KB_01124,REC_086,B001CWT4JI,Health_and_Personal_Care,"it totally flood my sinuses. With Neti Pot, snorting does not work, so I had better luck getting a cleanse of the forehead sinuses.Power irrigator still wins when my sinuses are blocked, Neti Pot can't clean the blockage at all.My sinuses are even better than they were a year ago,every other day I'll experience the strange sensation of completely clear nostrils.",61
PASS_001155,KB_01125,REC_086,B001CWT4JI,Health_and_Personal_Care,"I am a registered nurse for 24 years and have suffered with chronic sinusitis for 15+ years. I have tried everything from making changes in my environment to nasal irrigation. My allergist, ENT, and general practitioner have all suggested I irrigate my sinuses twice a day. They say it's like washing your face. It makes sense.I have done this off and on for years using a bulb syringe, a neti pot, and then the plastic squeeze bottle. I felt like the daily irrigation was doing nothing and I was still getting sinus infections. Plus, I kept getting fluid in my ears. So I resorted to just using the irrigation when I did get a sinus infection.I happened to be talking to another nurse and she suggested I try a pulsating irrigator. I had seen the Grossan irrigator before, but thought, ""What could it possibly do for me that the others do not?"" I also thought, ""I am willing to try anything."" So I went to order it online and that is when I saw the SinuPulse. At this time, I didn't know which product to try since they cost the same and seemed to do the same thing.I called and",200
PASS_001156,KB_01125,REC_086,B001CWT4JI,Health_and_Personal_Care,"didn't know which product to try since they cost the same and seemed to do the same thing.I called and spoke with a service rep at Health Solutions. I was impressed that he took so much of his time to talk to me. He explained to me what the SinuPulse did. He emphasized how the SinuPulse sends a gentle but leveraged pulsating saline rinse into the nasal passages and lower sinuses. This pulsating action is more effective at removing debris because it can penetrate and get into more areas of the sinuses than a simple nasal wash product like a neti pot or bottle. It also helps to break down biofilm, massage the mucosa, and helps restore the function of the cilia. (The cilia are the microscopic hairs which naturally move debris from the sinus passages.)I think the SinuPulse is well designed. The unit has no latex or rubber which is great for me since I am sensitive to these materials. The plastic is antimicrobial. The unit holds about 1 liter of solution. In addition to the nasal irrigation tip, there is an atomizer. I do not see this feature on the grossan product. By using this tip, you can",200
PASS_001157,KB_01125,REC_086,B001CWT4JI,Health_and_Personal_Care,"there is an atomizer. I do not see this feature on the grossan product. By using this tip, you can administer a fine spray of saline into the sinus cavities. This is much more effective than using a saline spray bottle to keep your nose moist. You can also use it to administer medications or other rinses much more effectively than a simple spray. (I would consult with your physician about what solutions you can use with the atomizer.) When I have a sinus infection, I will use Pulmicort Respules, a steroid used for asthmatics in a nebulizer. (They inhale it.)Besides the nasal irrigation tips, there are two for the throat. I didn't think I would use them. But I did and it helped tremendously. I sometimes get a nagging cough even though my sinuses feel clear. I guess there is still a fine layer of post nasal drip even after you irrigate the sinuses. It also has the atomizer tip to administer a fine mist your throat as needed.When I first got the SinuPulse I had just finished a course of antibiotics for a sinus infection. But as usual, the sinus infection was not completely gone. I figured I",200
PASS_001158,KB_01125,REC_086,B001CWT4JI,Health_and_Personal_Care,"course of antibiotics for a sinus infection. But as usual, the sinus infection was not completely gone. I figured I would be on yet another course of antibiotics soon. Instead I tried the SinuPulse and within a week, the sinus infection was completely gone.The other nice feature is the adjustable pressure. There is a knob to adjust the strength of the water pressure. With the sinus infection, my ears were starting to feel full. So I just irrigated my sinuses on the lowest setting. My ears did not get worse, in fact they cleared up since I was able to still irrigate my sinuses. In the past I would not irrigate my sinuses because it would just make my ears worse.I am still amazed at how much clearer my sinus passages are after using the SinuPulse. I cannot believe how much better I feel. When I had the sinus infection, I used over a liter twice a day to irrigate my sinuses. Now I am in maintenance mode and use just 500cc twice a day.I still use medication. One medication I use is Astelin, a nasal spray. Now when I use it after irrigating, the medication does not drip back",200
PASS_001159,KB_01125,REC_086,B001CWT4JI,Health_and_Personal_Care,"I use is Astelin, a nasal spray. Now when I use it after irrigating, the medication does not drip back out of my nose like usual. I'm guessing my sinus passages are clearer and the medication is covering more surface area.I have been lazy and skipped irrigating my sinuses, but I find myself needing to irrigate my sinuses. Like most everyone, it is a hassle to irrigate your sinuses no matter what you use. But for the first time, I feel like this product is working, so I am using it.I have noticed I have used less decongestants and expectorants too. I just haven't needed them. Knock on wood, I have not had a sinus related headache since I started using it. I tend to get many headaches along with the sinusitis.You do need to get a system down and when you do, it only takes minutes and is very easy to use. It is not messy like the neti pot or squeeze bottle. With those, I would always get water everywhere including the mirror.The true test will be how I do over time. I usually get a sinus infection about every 2-3 months. So, I'll have to see how",200
PASS_001160,KB_01125,REC_086,B001CWT4JI,Health_and_Personal_Care,"I do over time. I usually get a sinus infection about every 2-3 months. So, I'll have to see how I do especially with the cold and flu season approaching. At least now, I feel like I have some control over my situation and do not feel like I will have to suffer so much from sinus infections!When I think of what one sinus infection costs, the SinuPulse is nothing. I have down time because I feel so awful. Then I end up spending money for at least one or two doctor visits, antibiotics, and sometimes a CT scan.However, the rep at Health Solutions, told me to try the saccharin test. To do this, you place a little powder sweetener (like Sweet N Low) just inside your nose up against the septum and time how long it takes for you to taste the sweetener in the back of your throat. The first time I tried it, I never tasted it even after two tries and over one hour. Although, I did have a sinus infection still. I repeated the test about a week after the infection was gone and could taste the sweetener at 22 minutes.I did look on the",200
PASS_001161,KB_01125,REC_086,B001CWT4JI,Health_and_Personal_Care,"about a week after the infection was gone and could taste the sweetener at 22 minutes.I did look on the internet for information about the saccharin test. It is an easy way to test the ""mucociliary"" function in the nasal and sinus cavities. I plan to use this test to monitor my progress with the SinuPulse.Some reviews I have read about the other irrigator claimed it can wear out early from the exposure to saline. The SinuPulse comes with a two year warranty. So I was not worried about investing in this product.The SinuPulse comes with a certificate of medical necessity that can be completed by any physician for possible insurance reimbursement. Apparently many insurance companies will cover some of the cost and reimburse.I highly recommend the SinuPulse to anyone who suffers from sinus problems. I think children could use it too as long as they are supervised.",148
PASS_001162,KB_01126,REC_087,B0036WTV2C,Health_and_Personal_Care,"After going to three different dentists searching for a solution to my child's chronic night time teeth grinding, I was so desperate I bought this. There wasn't one dentist who would make a bite guard for a child because &#34;their mouths are changing so fast.&#34;  Of course, that makes sense. But, that's exactly why these are so great. You have to change them every couple of months, so growing jaws and missing teeth aren't a problem.My kid is 6 years old, so I just trimmed off about 3/8 of an inch off the rear molar area on each side so it wouldn't be too big.",105
PASS_001163,KB_01127,REC_087,B0036WTV2C,Health_and_Personal_Care,"I have tried 7 other brands over the past decade and nothing comes close to this easy to mold, easy to use and easy to keep (in its storage box). It is very durable and much better and a hell of a lot cheaper than the one my dentist made for me when I first needed to wear these guards at night. Don't waste money on others.",67
PASS_001164,KB_01128,REC_087,B0036WTV2C,Health_and_Personal_Care,When I lost my insurance and my ex's dogs ate my $400 night guard I had for about 4 years I had to go OTC because I grind terribly at night. I've been through a few different night guards and avoided this one because it was more expensive. It's more expensive because it lasts. The one I have now has lasted 8 months and I am only replacing it to see if there is a difference between an 8 month old and a new one.It fits perfectly - and maybe that's because I've had some experience fitting the other brands.I won't use anything else.,104
PASS_001165,KB_01129,REC_087,B0036WTV2C,Health_and_Personal_Care,"I bought this after my dentist told me I was grinding my teeth in my sleep. It worked ok. I think it was a little too big for my mouth. When I molded it I had a lot of excess mold and it covered the roof of my mouth, I would gag sometimes when I first put it in and falling asleep with it in my mouth was a challenge I usually had to be drugged. Not to mention my bite didn't feel as comfortable after a few days of using it. Luckily my dog snactched it off my bedside table and chewed it up forcing me to have to buy another one.",113
PASS_001166,KB_01130,REC_087,B0036WTV2C,Health_and_Personal_Care,"The softer plastic that you can mold does cover them, though I don't think it will last as long this way.About four months in, however, I started finding little bits of plastic in my mouth in the morning. The thing needs to be replaced. It makes me worry about BPAs and whatever the heck is in this plastic (I don't know!) and whether or not it's safe to chew on soft plastic every night for years on end. I guess it's better than grinding my teeth down to nothing or finding another dentist who can make me one that would also be of questionable plastic and may or may not fit right and may or may not be covered by my insurance.",122
PASS_001167,KB_01131,REC_087,B0036WTV2C,Health_and_Personal_Care,"This was a good buy. I did a lot of research on Mouth Guards on here. With this particular item you will heat up in hot water and form it to your teeth. It's really easy but don't mess up, you only get one time to mold it to your teeth. When you get it there will only be one mold, You can choose to mold it to your lower or upper set of teeth. I would recommend this product to anyone.",82
PASS_001168,KB_01132,REC_087,B0036WTV2C,Health_and_Personal_Care,"UPDATE: 7/17/13** While ordering a new Doctor's Nightguard, I noticed the product has received some bad reviews. I would just say, I have been using this mouthguard for over 5 years with multiple new purchases of this brand and have never had any problems. If you form the mouthguard properly to your teeth, it should suction into your mouth and fit snugly while sleeping. Every morning, this mouthguard is still in the same place and never comes loose. When I don't wear this product, I wake up and feel I have been grinding my teeth.",95
PASS_001169,KB_01133,REC_087,B0036WTV2C,Health_and_Personal_Care,"Not comfortable, but I think I can trim it to fit my teeth. I don't really use it. My last one fell out of my mouth during the night (it was a big waste of $27! That was the sale price.) it was uncomfortable also. Anyway, then the dog chewed it up. At least this one was cheaper, and I may need it sometime, I have a tooth implant and am supposed to use one to prevent grinding.",78
PASS_001170,KB_01134,REC_087,B0036WTV2C,Health_and_Personal_Care,I grind my teeth a lot when I sleep and this has been going on for many years. This product really helped me to save my teeth! I had to mold it twice before I can get a good fit. Very easy to use if you follow the instruction closely. Been using it for many months but the wear and tear is minimal even though I am a serious grinder.,70
PASS_001171,KB_01135,REC_087,B0036WTV2C,Health_and_Personal_Care,"For ten years I used a night guard, for which I had paid my dentist $400. A few days ago I started using one of these. It is as good or better. But whether it will hold up 10+ years is anybody's guess.",43
PASS_001172,KB_01136,REC_087,B0036WTV2C,Health_and_Personal_Care,"You have to change them every couple of months, so growing jaws and missing teeth aren't a problem.My kid is 6 years old, so I just trimmed off about 3/8 of an inch off the rear molar area on each side so it wouldn't be too big.",47
PASS_001173,KB_01137,REC_087,B0036WTV2C,Health_and_Personal_Care,The one I have now has lasted 8 months and I am only replacing it to see if there is a difference between an 8 month old and a new one.It fits perfectly - and maybe that's because I've had some experience fitting the other brands.I won't use anything else.,50
PASS_001174,KB_01138,REC_087,B0036WTV2C,Health_and_Personal_Care,"I read a reco from a dentist to do that and mine has stayed in good shape after about a month of use.If this one gets old, I'll buy another just like it.",33
PASS_001175,KB_01139,REC_087,B0036WTV2C,Health_and_Personal_Care,"I have tried 7 other brands over the past decade and nothing comes close to this easy to mold, easy to use and easy to keep (in its storage box).",30
PASS_001176,KB_01140,REC_087,B0036WTV2C,Health_and_Personal_Care,"I had one of the big, bulky mouth guards for teeth-grinding while I sleep.",14
PASS_001177,KB_01141,REC_087,B0036WTV2C,Health_and_Personal_Care,"I've ground the point off an incisor (eye tooth), and I wonder what an x-ray will reveal because I've been clenching more than grinding.",24
PASS_001178,KB_01142,REC_087,B0036WTV2C,Health_and_Personal_Care,"At least this one was cheaper, and I may need it sometime, I have a tooth implant and am supposed to use one to prevent grinding.",26
PASS_001179,KB_01143,REC_087,B0036WTV2C,Health_and_Personal_Care,"Might be iffy to those not used to sleeping with something in their mouth, but it's comfortable and no worse than my old retainers I had years ago.My only annoyance: They want you to put it in the boiling water tray-side down, which is a joke because it just wants to tumble around all over the place and try to stick to the walls of the pot.",67
PASS_001180,KB_01144,REC_087,B0036WTV2C,Health_and_Personal_Care,"This is my first experience with a mouth anti-grinding guard, so I may have problems with the device that anyone who already uses such device may no longer experience.",29
PASS_001181,KB_01145,REC_087,B0036WTV2C,Health_and_Personal_Care,I grind my teeth a lot when I sleep and this has been going on for many years.,18
PASS_001182,KB_01146,REC_087,B0036WTV2C,Health_and_Personal_Care,"4 years ago I had a dental guard custom made at the dentist's office. I was not surprised to learn that my bruxism treatment wasn't covered by my insurance. I wasn't happy, but I paid the 400 bucks for it. I was scratching all my teeth up and something had to be done. Unfortunately, you have to wear those devices regularly. If you don't, you will find it fits your teeth less and less. The doctor helped re-adjust it come, but I still found it to be a bit too tight. I also disliked how extremely hard the plastic was. There was zero shock absorption. It protected my teeth, but it often made my jaw muscles hurt more.Although nothing will fit like one made at your dentist, I was surprised by how well this fit. It does not slip and I can close my mouth comfortably. The key is to follow the directions EXACTLY. It's critical that when you insert it into your mouth to mold it that you do it right. Do not start to bite down until you have lined it up with your front teeth properly. Time it all, use a mirror like instructed, and make sure",200
PASS_001183,KB_01146,REC_087,B0036WTV2C,Health_and_Personal_Care,"have lined it up with your front teeth properly. Time it all, use a mirror like instructed, and make sure you do the suction part quickly and long enough. It says you can try multiple attempts, but just by looking at how much I've indented it, I'm pretty confident that only subtle changes could be made. It's a little bit soft, which is WONDERFUL, since I now cringe at the thought of super hard plastic.I do have a very small mouth. I can't even use those teeth whitener devices because they make me gag. So I'm completely blown away by this. Considering the price, I do not think I'll ever need my dentist to make me one again. I do not know how different this is from the other ""The Doctor's"", but I did read those complaints. All I know is this one beat my expectations. It doesn't slip, it's not too tight, and it's just comfortable. Sure, it feels better to wear nothing than it does to wear any night guard, but this is dang close to perfect. And if I lose THIS one I'm not going to freak out. Well worth the 20 bucks!Edit: Keep in mind I've",200
PASS_001184,KB_01146,REC_087,B0036WTV2C,Health_and_Personal_Care,"if I lose THIS one I'm not going to freak out. Well worth the 20 bucks!Edit: Keep in mind I've worn a night guard before, so I'm completely used to it. There is nothing that will sit in your mouth all night that you won't notice, at least at first. Many folks water at the mouth for the first night or two, but that will stop as your brain adjusts to it. The important thing is that it stays comfortable, then after awhile you forget you are wearing it.",89
PASS_001185,KB_01147,REC_088,B000RZAIV4,Health_and_Personal_Care,I recommend using a rolled quick oats because it makes a really creamy oatmeal when mixed with this. If you add fruit to it it's REALLY good. To people who say Isopure is expensive. It's whey isolate and a quality whey isolate with added vitamins at that...,47
PASS_001186,KB_01148,REC_088,B000RZAIV4,Health_and_Personal_Care,I don't understand why the guy below me rated it with 2 stars since he has never tried it and protein shakes are never the best tasting thing out there anyways.? The product is very good but man its retail value is expensive! I decided to give the product 4 stars instead of 5 since its so expensive.,58
PASS_001187,KB_01149,REC_088,B000RZAIV4,Health_and_Personal_Care,"This stuff is seriously good. I've had all of the flavors of Isopure powder. Try the Strawbery, the Chocolate, the Banana and the Vanilla mixed in oatmeal. Cook the Oatmeal first and then stir a scoop into the oatmeal. Use a tad more water than usual and it will come out to the right consistency and it's delicious and usually my breakfast in the morning. If you get the proportions of water incorrect you will either get really watery oatmeal or it's going to be gritty. If you get it spot on however, it's totally DELICIOUS.",96
PASS_001188,KB_01150,REC_088,B000RZAIV4,Health_and_Personal_Care,its ok thing of this product is the taste it taste really salty even though its zero carbs its taste is bad . If your trying to lose fat and gain muscle yeah i would say buy it . But if not buy the regular kind with more carbs and better taste,52
PASS_001189,KB_01151,REC_088,B000RZAIV4,Health_and_Personal_Care,"This is my first try at Strawberries and Cream flavor. OMG, I must admit it is too sweet for me and I feel like pu**ing every time I have it.Overall, it is good for what it does best.",38
PASS_001190,KB_01152,REC_088,B000RZAIV4,Health_and_Personal_Care,I don't understand why the guy below me rated it with 2 stars since he has never tried it and protein shakes are never the best tasting thing out there anyways.?,31
PASS_001191,KB_01153,REC_088,B000RZAIV4,Health_and_Personal_Care,It's whey isolate and a quality whey isolate with added vitamins at that...,13
PASS_001192,KB_01154,REC_088,B000RZAIV4,Health_and_Personal_Care,"Try the Strawbery, the Chocolate, the Banana and the Vanilla mixed in oatmeal.",13
PASS_001193,KB_01155,REC_088,B000RZAIV4,Health_and_Personal_Care,I recommend using a rolled quick oats because it makes a really creamy oatmeal when mixed with this.,18
PASS_001194,KB_01156,REC_088,B000RZAIV4,Health_and_Personal_Care,its ok thing of this product is the taste it taste really salty even though its zero carbs its taste is bad .,23
PASS_001195,KB_01157,REC_088,B000RZAIV4,Health_and_Personal_Care,Use a tad more water than usual and it will come out to the right consistency and it's delicious and usually my breakfast in the morning.,26
PASS_001196,KB_01158,REC_088,B000RZAIV4,Health_and_Personal_Care,To people who say Isopure is expensive.,7
PASS_001197,KB_01159,REC_088,B000RZAIV4,Health_and_Personal_Care,This stuff is seriously good.,5
PASS_001198,KB_01160,REC_088,B000RZAIV4,Health_and_Personal_Care,This is my first try at Strawberries and Cream flavor.,10
PASS_001199,KB_01161,REC_088,B000RZAIV4,Health_and_Personal_Care,The product is very good but man its retail value is expensive!,12
PASS_001200,KB_01162,REC_089,B000AAAVZE,Health_and_Personal_Care,This product did not work at all. It was just a sticky mess. I would not recommend this to anyone.,20
PASS_001201,KB_01163,REC_089,B000AAAVZE,Health_and_Personal_Care,"What a great Idea, but doesn't always work that great. The wax never gets warm enough to really do the job",21
PASS_001202,KB_01164,REC_089,B000AAAVZE,Health_and_Personal_Care,Very thick and sticky residue that is extremely painful when you snatch it off the treated area and doesn't work as good as I thought it would.,27
PASS_001203,KB_01165,REC_089,B000AAAVZE,Health_and_Personal_Care,i got this thinking it would work at least somewhat but it didnt work for me at all. all it did was leave my skin red and sticky and took off no hair.,33
PASS_001204,KB_01166,REC_089,B000AAAVZE,Health_and_Personal_Care,"I followed the instructions but i dont know why it still burns, i used the oil and stuff but it doesnt work. please be careful.",25
PASS_001205,KB_01167,REC_089,B000AAAVZE,Health_and_Personal_Care,"Which is to say, if you are a dark-skinned male with coarse hair it probably will not work well for you and cause you mild to moderate annoyance trying. It's for finer hair and skin.",35
PASS_001206,KB_01168,REC_089,B000AAAVZE,Health_and_Personal_Care,"Maybe my hair wasn't long enough, maybe I can't read instructions as well as I thought. Either way. these just don't work. Sticking with my epilator.",26
PASS_001207,KB_01169,REC_089,B000AAAVZE,Health_and_Personal_Care,"Of all the strip kits on the market this is the best, None are really great. But when you need a quick and fast fix, this will work.! I used many kinds but this is about the best they have to offer.",42
PASS_001208,KB_01170,REC_089,B000AAAVZE,Health_and_Personal_Care,Does not work at all. Tried numerous time and this should not be sold anywhere. Save your money. This item is the worse wax kit i have ever used. its not even was it was something else they just called it wax,42
PASS_001209,KB_01171,REC_089,B000AAAVZE,Health_and_Personal_Care,"I've used these on facial hair and they work amazingly, the oil that comes with the kit removes any wax left behind. I also like how easy and convenient they are for traveling. They don't work on underarm hair, bikini area or legs which is disappointing.",46
PASS_001210,KB_01172,REC_089,B000AAAVZE,Health_and_Personal_Care,lol)  Anyway these strips work great!,6
PASS_001211,KB_01173,REC_089,B000AAAVZE,Health_and_Personal_Care,i got this thinking it would work at least somewhat but it didnt work for me at all.,18
PASS_001212,KB_01174,REC_089,B000AAAVZE,Health_and_Personal_Care,"Which is to say, if you are a dark-skinned male with coarse hair it probably will not work well for you and cause you mild to moderate annoyance trying.",29
PASS_001213,KB_01175,REC_089,B000AAAVZE,Health_and_Personal_Care,"What a great Idea, but doesn't always work that great.",10
PASS_001214,KB_01176,REC_089,B000AAAVZE,Health_and_Personal_Care,"They work really well for pulling out little hairs, but I have a few tips.",15
PASS_001215,KB_01177,REC_089,B000AAAVZE,Health_and_Personal_Care,"They don't work on underarm hair, bikini area or legs which is disappointing.",13
PASS_001216,KB_01178,REC_089,B000AAAVZE,Health_and_Personal_Care,These strips work very well.,5
PASS_001217,KB_01179,REC_089,B000AAAVZE,Health_and_Personal_Care,"I have tried it all..and this is by far the best. I have always found it embarrasing to sit in the beauty shop to have a lip and chin wax so I have tried everything from nightly tweezing to the roll on hot wax, (what a mess that was)and to be honest I had little faith in this product when I bought it but was willing to try anything. I was really shocked at how perfectly it worked. Warming between your fingers for a minute is all you need...trim the excess plastic away from around the wax pocket. Be sure your skin is oil free and the hair is brushed all in one direction. Smooth on in the direction the hair is growing (and this should be the way you have brushed it). I smooth and smooth with my finger to be sure all the hair is coated, then hold your skin tight with one hand and quickly rip back in the opposite direction the hair grew, holding the strip as close to your skin as possible (meaning do not pull UP...pull BACK.) Does every bit as good a job as the beauty shop!! A fraction of the price and",200
PASS_001218,KB_01179,REC_089,B000AAAVZE,Health_and_Personal_Care,"pull UP...pull BACK.) Does every bit as good a job as the beauty shop!! A fraction of the price and the convienence and privacy of your own home. The oil included is soothing and takes away any left over wax instantly. I honestly can't ever remember purchasing a product I was as happy with as this. If you can read and follow directions, this will be the best thing you have ever used!",73
PASS_001219,KB_01180,REC_090,B0069SQQ2I,Health_and_Personal_Care,"I read that breathing lavender at night would help with sleep, so I thought it would be better than taking a drug. I think it helped, but if not, it still has a relaxing aroma. This is the real deal too. I read another reviewer who put it in the laundry rinse water, so I did that for my sheets. Very pleasant!Sweet Dreams!",63
PASS_001220,KB_01181,REC_090,B0069SQQ2I,Health_and_Personal_Care,"Love the essence, just put a dab or two on a towel in the dryer and spreads the essence throughout my laundry!",22
PASS_001221,KB_01182,REC_090,B0069SQQ2I,Health_and_Personal_Care,"I bought this oil to use on homemade wool dryer balls and it works great. It leaves a nice light lavender scent on my clothes without leaving behind any kind of oil spotting. It's also safe to use mixed with vinegar as a fabric softener for the washer. It leaves behind a scent that's detectable, but not overpowering. The seller, Plant Therapy Essential Oils, also sent me a jar that had a bonus .5 fl oz in it!",78
PASS_001222,KB_01183,REC_090,B0069SQQ2I,Health_and_Personal_Care,"I have used this with olive oil to help with skin allergies, it is helping. I also use it in a vaporizer, which is helping me sleep better.",28
PASS_001223,KB_01184,REC_090,B0069SQQ2I,Health_and_Personal_Care,"I bought this lavender oil in an attempt to help me sleep better. I took a tiny (maybe half oz) spray bottle and filled it mostly with water. Then I put a drop of oil in it and shook it up. I use one spray on my pillow at night and it's so relaxing, and I've been sleeping so much better since I got it! When I got it, I realized that it was perfect for calming me down while I'm having panic attacks (I have them often enough for it to be a problem).",95
PASS_001224,KB_01185,REC_090,B0069SQQ2I,Health_and_Personal_Care,Perfect for multiple functions. I've used many oils and this one have already used many times since it's arrival a couple of weeks ago. I use it to keep bugs away from my Lhasa Apso as well as my husband and I. When we've forgotten and get nabbed by a mosquito the Lavender reduces the selling and takes away the itching immediately. I use it for neuropathy pain as well as at night and it seems to help me sleep better. It definitely has a calming effect.,87
PASS_001225,KB_01186,REC_090,B0069SQQ2I,Health_and_Personal_Care,"I wash/process raw wool fleece and put a few drops of this into the rinse water. This leaves a wonderful smell and provides a little bit of oil (i.e., moisture) in the fleece. This is awesome!",36
PASS_001226,KB_01187,REC_090,B0069SQQ2I,Health_and_Personal_Care,"I use lavender as aromatherapy to help with sleep. This smells good and seems to be high quality, not the muted soapy smell of a low quality oil. Good delivery, too.",31
PASS_001227,KB_01188,REC_090,B0069SQQ2I,Health_and_Personal_Care,The smell is very strong (not very pleasant) because it's 100% pure oil. I hope someone suggest a medium to dilute this oil and provide purchasing link....I bought this to help me relax. I dropped a little under my pillow (to help sleep) but the strong smell kept me awake...,50
PASS_001228,KB_01189,REC_090,B0069SQQ2I,Health_and_Personal_Care,"This has the worst smell and it gives me a headache, I'll never buy it again. I've tried others and they were much better.",24
PASS_001229,KB_01190,REC_090,B0069SQQ2I,Health_and_Personal_Care,I bought this oil to use on homemade wool dryer balls and it works great.,15
PASS_001230,KB_01191,REC_090,B0069SQQ2I,Health_and_Personal_Care,I use it for neuropathy pain as well as at night and it seems to help me sleep better.,19
PASS_001231,KB_01192,REC_090,B0069SQQ2I,Health_and_Personal_Care,"I read that breathing lavender at night would help with sleep, so I thought it would be better than taking a drug.",22
PASS_001232,KB_01193,REC_090,B0069SQQ2I,Health_and_Personal_Care,I bought this lavender oil in an attempt to help me sleep better.,13
PASS_001233,KB_01194,REC_090,B0069SQQ2I,Health_and_Personal_Care,I dropped a little under my pillow (to help sleep) but the strong smell kept me awake...,17
PASS_001234,KB_01195,REC_090,B0069SQQ2I,Health_and_Personal_Care,I wash/process raw wool fleece and put a few drops of this into the rinse water.,16
PASS_001235,KB_01196,REC_090,B0069SQQ2I,Health_and_Personal_Care,I use this to add to my lavender scented lotions as well as use it sometimes on my body before I go to bed.,24
PASS_001236,KB_01197,REC_090,B0069SQQ2I,Health_and_Personal_Care,I order this product to add scent to my home made massage oil.,13
PASS_001237,KB_01198,REC_090,B0069SQQ2I,Health_and_Personal_Care,I got this to add to Tom's of Maine body wash because they seem to have dropped their Lavender line and only have unscented.,24
PASS_001238,KB_01199,REC_090,B0069SQQ2I,Health_and_Personal_Care,"This item was delivered quickly and is a good quantity (30ml) of essential oil for the price.  The aroma is strong and pleasant and what I had hoped.  I use it to scent natural oils for use after bath and on a cotton pad laid on top of the humidifier in the bedroom.  There are so many uses for essential oils.  This oil does what I want, pure and true.",70
PASS_001239,KB_01200,REC_091,B003L16V9E,Home_and_Kitchen,"The &#34;sage&#34; is better described as lime green. Sticthing between colors gaping upon opening. After the first washing, all stuffing has balled up into three clumps...not repairable. very disappointed! !",30
PASS_001240,KB_01201,REC_091,B003L16V9E,Home_and_Kitchen,"I purchased this Sage Queen Size comforter set for my master bedroom. I love the modern look of this beautiful bold stripe, sage green color comforter set. It enhances my room!The material of this comforter set, is very comfortable, especially when you lie under the covers, its feels soft to the touch.",52
PASS_001241,KB_01202,REC_091,B003L16V9E,Home_and_Kitchen,This was a great buy and I am so pleased with it. If anyone likes this color combination I suggest you buy this and its very comfortable,27
PASS_001242,KB_01203,REC_091,B003L16V9E,Home_and_Kitchen,In the pic on the actual packaging and on the add it's a green apple color and a chocolate brown. I'm sending it back and going to Target for a real deal.,32
PASS_001243,KB_01204,REC_091,B003L16V9E,Home_and_Kitchen,"I really love this bedding - it is light weight enough to use all year and looks stylish with great material. The green is a lime and as bright as the picture and the brown is dark chocolate. Has the European shams, shams, decorative pillows, skirt and comforter for a great price! If you like to get new bedding every few years this is a great buy and a sweet way to update a bedroom!",75
PASS_001244,KB_01205,REC_091,B003L16V9E,Home_and_Kitchen,"I wish the green matched my green walls but it did not so I am returning. The quality is very good and I even like the kelly green, but it just does not work in my room.",37
PASS_001245,KB_01206,REC_091,B003L16V9E,Home_and_Kitchen,"This is a nice bedding set, purchased for our spare bedroom. we have chocolate drapes and green walls. the brown in this set is alittle more grey/chocolate instead of true chocolate. It also is a shiner material but looks nice",40
PASS_001246,KB_01207,REC_091,B003L16V9E,Home_and_Kitchen,I needed a new comforter as the old was over 20 years in age . The color and comfort was excellent.,21
PASS_001247,KB_01208,REC_091,B003L16V9E,Home_and_Kitchen,We gave this Bed in Bag as a gift and the recipient said they absolutely loved them. The color scheme was perfect and it was just what they needed.,29
PASS_001248,KB_01209,REC_091,B003L16V9E,Home_and_Kitchen,very nice color. love the feel of it. my room looks beautiful. thank u. I will get some more moving forward,21
PASS_001249,KB_01210,REC_092,B0012RTMUY,Home_and_Kitchen,"I had this blender for about three years and absolutely loved it. Easy to clean. Strong and sturdy base. Chewed up anything I put in it. I make smoothies a couple times a week and it handled frozen ingredients easily. However after three years, the blender began leaking around the bottom nut, as other reviewers have said. Apparently there is no recall and I wish there was. Sure wish this one had some life to it. Don't know what I'm going to go with for a replacement...",87
PASS_001250,KB_01211,REC_092,B0012RTMUY,Home_and_Kitchen,"I purchased this blender for morning smoothies for the family. After a few uses the jar started to crack, much like a windshield would if hit by a rock, the cracks started from the four drainage holes at the bottom on the outside of the jar and went inward toward the blades. Soy milk or orange juice would leak out everywhere, I dealt with it for a while because the blender was new and it was a hundred dollars. I made my last angry smoothie and dumped the thing in the trash.",92
PASS_001251,KB_01212,REC_092,B0012RTMUY,Home_and_Kitchen,"Yes, it leaks. I have been making daily smoothies with about 3 or 4 ice cubes, and it quickly started leaking. Just like the other reviewers, mine leaks heavily after just one or two days. I need to retighten the nuts, but they don't stay tightened. Not sure if there is another washer I can get from Kitchenaid, but will call in the morning. The blades are starting to rust as well. Not a good buy.",76
PASS_001252,KB_01213,REC_092,B0012RTMUY,Home_and_Kitchen,"I have another replacement coming in - I'm really debating if I just want to throw it on ebay with the new pitcher....I know pitchers/jars are not going to last forever, since they rely on a gasket. However Kitchenaid really should have designed the the pitcher/jar on this blender to be end user serviceable - not bolted togetherNew pitcher jar - between $40-65, new gasket - between $2-5Get a blender with user serviceable pitcher/jar.",74
PASS_001253,KB_01214,REC_092,B0012RTMUY,Home_and_Kitchen,"UPDATE 5/24/14Okay, I still can't believe they let this blender go to retail with such an issue with the carafe BUT I went on live chat support with KitchenAid and after giving them the serial# from the bottom of the base they shipped out a redesigned replacement via FedEx, no charge, no questions asked.The base unit of this thing is awesome, super powerful, commercial grade.",65
PASS_001254,KB_01215,REC_092,B0012RTMUY,Home_and_Kitchen,"I love KitchenAid however I am not happy with this product. After using my blender for around a year, off and on, I noticed that it had developed a leak on the bottom of the polycarbonate jar. When I call KitchenAid they assured me that this was unusual so I went ahead and ordered a new jug. It took months for the new jug to come in and when it did I noticed that they had changed the design on the base. I assumed they fixed the problem.",88
PASS_001255,KB_01216,REC_092,B0012RTMUY,Home_and_Kitchen,"The product has been progressively leaking more and more over the past few months. Do not buy this product, put your money towards something else of quality!",27
PASS_001256,KB_01217,REC_092,B0012RTMUY,Home_and_Kitchen,"Heavy, well made, and hopefully sealed against leakage from above.I've used this thing once a week for about 18 months. Several months ago I started noticing some seepage around the shaft in the bottom of the ""carafe"". Took my fingers and snugged up the nut. Then again and again and again. Finally it became a weekly ordeal of cleaning up the runs down the side of the base and no amount of snugging the nut helped.",76
PASS_001257,KB_01218,REC_092,B0012RTMUY,Home_and_Kitchen,Needless to say I am not amused. I am now looking at buying a new blender with a glass or stainless steel jug. Save your money and buy a different model.,31
PASS_001258,KB_01219,REC_092,B0012RTMUY,Home_and_Kitchen,"Our old Oster blender has been retired, and this Kitchen Aid has earned a coveted spot on our kitchen counter!I started eating more whole foods this past year and have loved the difference in my overall health -- especially my cholesterol drop from 240 to 178 without using any statins at all. That said, chewing on ""rabbit food"" has never been appealing.",62
PASS_001259,KB_01220,REC_093,B00DDYH9BS,Home_and_Kitchen,"Downsizing the kitchen, needed something smaller than a 5 qt for just the wife and I. This 3 qt pot fits the bill! Just the right size for two or three, No plastic handles so it can go in the oven, nice heavy bottom for even heating.",47
PASS_001260,KB_01221,REC_093,B00DDYH9BS,Home_and_Kitchen,"This is not the 365+ Stock Pot from the IKEA website. That pot is 11 quarts volume. This pot is THREE quarts volume, the one called &#34;Pot with Lid&#34; in the 365+ series. Do not buy this if expecting a good stock pot. It's tiny and disappointing.",47
PASS_001261,KB_01222,REC_093,B00DDYH9BS,Home_and_Kitchen,Perfect just what i needed. perfect size for a couple with a small cat : ) no disgusting non-stick coating just a great pot,24
PASS_001262,KB_01223,REC_093,B00DDYH9BS,Home_and_Kitchen,"It has thick sturdy walls. It's a little larger than it looks in the picture. The surfaces come clean easily. Comes with lid that doesn't seal over the top, but rather sits on the top (not as unevenly as a set of Cuisinart that I have). I would recommend it.",50
PASS_001263,KB_01224,REC_093,B00DDYH9BS,Home_and_Kitchen,"I like the quality and finish of the pot ,  it is great for smaller families, and works great with my induction cook top .....",25
PASS_001264,KB_01225,REC_093,B00DDYH9BS,Home_and_Kitchen,"I don't know about the longevity because I haven't had it very long, but it seems to be very well made and I expect to hand it down when I no longer cook. Too small for making stock from poultry carcasses, or soups using a ham bone, or boiling full sized noodles, but I have another pot for that. It is perfect for my needs.",65
PASS_001265,KB_01226,REC_093,B00DDYH9BS,Home_and_Kitchen,I cook all kinds of random things in here and its always easy to cleanI have even cooked bubble tea bubbles in here and it wiped right out after being soaked in water for a little bitfeels sturdy and solid (the lid is a little lightweight though) and I haven't had any issues with it.Definitely recommend.,56
PASS_001266,KB_01227,REC_093,B00DDYH9BS,Home_and_Kitchen,"I am an old man living alone. While I do have a full set of stainless cookware, I have increasing been using a countertop induction grill to do most boiling tasks. I bought this to supplement a larger stock pot, and have found it to be the perfect size for cooking for up to four people on items using smaller sized ingredients. Perfect for chile, Japanese style curry, elbow macaroni and steaming a few items (use it to steam Laulau - yes, I live in Hawaii).",86
PASS_001267,KB_01228,REC_093,B00DDYH9BS,Home_and_Kitchen,Great size and shape and it works perfectly with my induction cook top. It's just right for a pot of soup for three of us.,25
PASS_001268,KB_01229,REC_093,B00DDYH9BS,Home_and_Kitchen,"Great pot, haven't had problems with scorching or burning but Andes get unbearably hot. Love matching inserts for pasta or steaming veggies",22
PASS_001269,KB_01230,REC_094,B003U9T9CI,Home_and_Kitchen,"For some reason, the inner bottom of this rice cooker starts to peel off after I use it for only couple of times. And I often have to wash off these small pieces of metal fragments, with attached power cord, it's not very convenience. For sure it's not stainless steel as the advertisement claims.",54
PASS_001270,KB_01231,REC_094,B003U9T9CI,Home_and_Kitchen,"I've used Tatung all my life as did my mother. I like this large size because I can use it for steaming other food items, not only for making rice.The only drawback I feel is that the manufacturer changed the design so that the plug is attached permanently to the rice cooker. Older models used to have the cord detachable so the unit could be washed easily.",67
PASS_001271,KB_01232,REC_094,B003U9T9CI,Home_and_Kitchen,"when i wanted to buy a rice cooker, all my family told me to get one of this. So, even it cost 4 times than other brands, i bought it anyway. After few times cooking, around 2 weeks after I received it, it just don't heat up anymore. I wrote to the seller to request a replacement and not yet received any reply yet. I will update when I got a response, just hold on your purchasing until you know how they handle this kind of problems.",87
PASS_001272,KB_01233,REC_094,B003U9T9CI,Home_and_Kitchen,i grew up with one of these at home and couldn't imagine my new apartment without one. it works great as a general steamer in addition to the perfect rice cooker. instructions for rice-water ratio are super clear and easy for anyone who might be unfamiliar,46
PASS_001273,KB_01234,REC_094,B003U9T9CI,Home_and_Kitchen,"When I opened the package as received, there was a very noticeable ""ding"" on the outer shell of the rice cooker. I almost, almost re-packed and shipped it back. I was not sure about the shipping and handling cost reimbursement and I thought it was too much of a hazzle. So I pluged in and tried the functions. It worked. I kept the rice cooker, but I am not happy about the appearance of the cooker that it is dinged and I am not a happy customer.",87
PASS_001274,KB_01235,REC_094,B003U9T9CI,Home_and_Kitchen,"We use this everyday. We don't use it to cook rice but to steam food. Simple and it works! I would give it five stars based on that. BUT, and this is a big but, this is the third one we've had to buy. Average lifespan is about 1 year. First one died outside of the warranty. Second one died about 8 days before the warranty was up so we got a replacement for the cost of shipping the defective unit back.",82
PASS_001275,KB_01236,REC_094,B003U9T9CI,Home_and_Kitchen,"This rice cooker is the best. it has a stainless cooker insert (where the rice goes) instead of nonstick. I really didn't like that my wife's previous (and well-worn) rice cooker had a nonstick cooking surface. That fact alone makes it unique among rice cookers. We use it for sticky white rice only. You have to put some water in the area outside the inner stainless cooking pot, but you don't have to measure as precisely as the instructions indicate.",80
PASS_001276,KB_01237,REC_094,B003U9T9CI,Home_and_Kitchen,"This rice cooker is the best. The cook time is fast, without fuss and the result is great rice, never sticky. The pot Is  also easy to clean--5 stars for sure! !",32
PASS_001277,KB_01238,REC_094,B003U9T9CI,Home_and_Kitchen,This is one of the products that I always recommend to my friends.I have another one that I used for 14 years already and still works great. I bought this because this one is bigger and looks great!,38
PASS_001278,KB_01239,REC_094,B003U9T9CI,Home_and_Kitchen,"This cooker makes perfect rice every time with little effort & easy cleanup. Indirect heat is definitely the way to cook rice. Every grain is moist & perfect, no crispy edges. It turns out better than any rice we've had, even in fine restaurants, & we were surprised to find that leftovers stay moist & perfect in a sealed container in the fridge for days.It's a simple pot with few variables & took little time to figure out the ratios we like.",82
PASS_001279,KB_01240,REC_095,B00BUP5A22,Home_and_Kitchen,This is very easy to use to do quick clean ups. The person that had all the problems with it is either trying to sabotage the rating or has a defective unit. It is easier to use than a normal vacuum for messes that don't need a normal vacuum. I have had this for about 6 months and works perfectly still.,61
PASS_001280,KB_01241,REC_095,B00BUP5A22,Home_and_Kitchen,"The more careful you do it, the less dust you get everywhere. There is no mess if you do it properly!The suction on this has been great, I've used it for about 2 months and I don't keep it on the charger, but only when I need to.",48
PASS_001281,KB_01242,REC_095,B00BUP5A22,Home_and_Kitchen,Too many negatives to list! The on/off button is very hard to push. I had to use the force of both hands to turn the unit on and off! There's a big surprise inside when you open the unit for emptying. First there is a black sponge to remove which gives you access to a plastic &#34;rib&#34; which you pull to find the main debris. Getting these items put back together is challenging.,73
PASS_001282,KB_01243,REC_095,B00BUP5A22,Home_and_Kitchen,"It is a very difficult task. I bruised my finger badly when the unit slipped in my hand. I asked my wife to try the unit, not telling her about the problems. She couldn't turn the unit on so I did it for her. Putting it back together the unit slipped in her hand and cut her finger quite seriously! I judge this unit to have serious design flaws. Perhaps I just have a bad unit but I'm keeping it in a cage!",83
PASS_001283,KB_01244,REC_095,B00BUP5A22,Home_and_Kitchen,"I don't know what other reviewers are talking about when they have 'trouble' emptying this hand vac. It's pretty much the same design as other conventional handheld wet vac. You press the button, pop the black half off to remove the foam filter, then you can suck up all the wet stuff you need. OR if you are sucking up dry stuff, it works great, even has an rubber attachment that picks up little things.",75
PASS_001284,KB_01245,REC_095,B00BUP5A22,Home_and_Kitchen,Bought this vacuum for my husband. He has used it in his office and his pickup. He says it does a good job cleaning.,24
PASS_001285,KB_01246,REC_095,B00BUP5A22,Home_and_Kitchen,"it works as I expected , easy to storage and charge. It does the job...... well this is my first hand vacuum but Im satisfied.",25
PASS_001286,KB_01247,REC_095,B00BUP5A22,Home_and_Kitchen,"To be fair, I am a great fan of B&D products and this vacuum is the first one I have ever purchased that failed to live up to the advertising.",30
PASS_001287,KB_01248,REC_095,B00BUP5A22,Home_and_Kitchen,This is a great hand vacuum. The battery hasn't been affected by the fact that I have it charging all the time. It's sleek & easy to install on the wall. I would definitely recommend this product. NOTE:  I have not used this for wet clean up as of yet.,50
PASS_001288,KB_01249,REC_095,B00BUP5A22,Home_and_Kitchen,This replaced a previous version that was 6 years old. The new (replacement) one has a longer operating charge and more powerful suction. The only negative I found is the thumb on/off switch is hard to operate with your thumb. The vacuum is a quality product and well worth the price. Wall mount is great.,55
PASS_001289,KB_01250,REC_096,B005RK8JF6,Home_and_Kitchen,"I put this on an cheap utility shelf and voila! A huge countertop/workspace!I marked one side 'Cut' so hubby knows which side to cut his sandwich so the other side stays smooth for rolling out pastry.Very large. Plenty of space to roll out even the largest crust or fondant. 'Lip' over edge prevents board from moving much when kneading or rolling stiff doughs.Be sure to treat with food grade mineral oil to preserve wood, prevent cracking/splitting, and extend life of board.",81
PASS_001290,KB_01251,REC_096,B005RK8JF6,Home_and_Kitchen,I don't write a ton of reviews but this board sure deserves one. I'm SO glad that I sprung for a little more money and went with this nice large one. It's very generously sized and beautifully made.Be sure to slather plenty of mineral oil on it before first use - I was surprised at how much it soaked up.,60
PASS_001291,KB_01252,REC_096,B005RK8JF6,Home_and_Kitchen,"This is the schnizzle in pastry boards. I am using the heck out of it and I am completely happy with it. It is very large, so be sure you measure where you want to use it to make sure it fits... also, mine was quite dry when it arrived, I recommend treating it with Howard Cutting Board Oil or some other mineral oil before use. All in all, I am glad I bought this one and recommend it to serious bakers.",82
PASS_001292,KB_01253,REC_096,B005RK8JF6,Home_and_Kitchen,Probably one of my life's top purchases! I am an avid baker who lives in a one-bedroom apartment. This board fits atop my stove top as a hand in glove and provides me ample room to shape and work various doughs. I wish I bought this years ago!,48
PASS_001293,KB_01254,REC_096,B005RK8JF6,Home_and_Kitchen,"I bake a lot - sourdough, baguettes, croissants, rolls, crackers, pie crusts, etc. Having this big board (it is really big!) to put on my counter has made my life so much easier. This is especially great for kneading very wet doughs requiring what I call the &#34;slap and slip&#34; method of kneading.",53
PASS_001294,KB_01255,REC_096,B005RK8JF6,Home_and_Kitchen,"Great board,quality is high,size is great!Remember my childhood my Mom using this kind of kneading board,making lots of delicacy.Clean nicely and protect whit recommended oil,and last forever.",27
PASS_001295,KB_01256,REC_096,B005RK8JF6,Home_and_Kitchen,"I don&#8217;t know if I need it, but I had one so I have been using it.The board is very substantial. It doesn&#8217;t move, I don&#8217;t have to worry about putting too much pressure on it. I have nothing bad and everything good to say about this board.It is heavy, but I like that. I did season it with cutting board oil before using, very easy to do.",68
PASS_001296,KB_01257,REC_096,B005RK8JF6,Home_and_Kitchen,"I've been dreaming of getting this for years finally got it and my kitchen is a much happier place.The wood construction is sturdy. The backsplash is perfect. It's a great size for making bread or pizzas. After using it I season it with oil and put it away. I wish I had a kitchen big enough where it could out all the time, it's so pretty to look at.",69
PASS_001297,KB_01258,REC_096,B005RK8JF6,Home_and_Kitchen,I have not used the board yet. I am sure I will get many years of use out of it.,20
PASS_001298,KB_01259,REC_096,B005RK8JF6,Home_and_Kitchen,Use one side for baking and the other for cutting. Love the size of the board and the beauty of the wood. The edge keeps it fixed firmly to the counter while in use and keeps flour and cutting bits from overflowing to the rear. Looked at lots of board options and am so pleased that I picked this one.,60
PASS_001299,KB_01260,REC_097,B004H2SDTM,Home_and_Kitchen,"First, this product does work, but is a two person operation. It requires a lot of arm strength and must be worked continuously or it will seize up and you will have a devil of a time getting it unstuck jockeying the crank back and forth. This implies one person cranking while the other person's arm recovers.I bought a small cutting table and mounted it on that using two bolts. Our very first try was with an old bucket of very dry pumpkin and squash seeds.",86
PASS_001300,KB_01261,REC_097,B004H2SDTM,Home_and_Kitchen,"The ultimate in sustainability! I didn't have so much luck with flax seed, I found that it all compacted towards the end but then I emailed the manufacturer and he got back quickly telling me to just add a little water because flax can be tricky.",46
PASS_001301,KB_01262,REC_097,B004H2SDTM,Home_and_Kitchen,I want to give this a 5 star coz I love my oil press but how do you stop the seed from getting compacted at the end bolt? Is flax seed not good? If so what seed shall I use. When it's working I love it.,46
PASS_001302,KB_01263,REC_097,B004H2SDTM,Home_and_Kitchen,"It does take hard work to use but it also really makes you appreciate the fact you can just go out and buy vegetable oil. The only thing I didn't like about it is that it took a few times to get all the machining dust off the interior, but I figured that was normal.",55
PASS_001303,KB_01264,REC_097,B004H2SDTM,Home_and_Kitchen,"All they would have had to do is include a mason jar type of ring that would screw on and hold the wick holder in place.I didn't think it took a lot of work to get the oil going, compared to a hand wheat grinder.The oil doesn't come straight out of the slit like they show either. Mine curved around the slit and then ran along the underside of the press almost right up to the lamp.",77
PASS_001304,KB_01265,REC_097,B004H2SDTM,Home_and_Kitchen,"what a hassle. Does not work well, makes a mess, hulls get stuck, not worth the money. We managed to get about 1 dimes worth of oil before it got hopelessly clogged.",32
PASS_001305,KB_01266,REC_097,B004H2SDTM,Home_and_Kitchen,I give it 4 stars because it is fixation to bench was difficult and the scrows was short and i had bought another scrows to fix it but after all it extract oil from seeds very well.,37
PASS_001306,KB_01267,REC_097,B004H2SDTM,Home_and_Kitchen,I have yet had time to use this product but the shipping was so fast I was shocked it arrived as fast as it did. I am excited to press my seeds. I wish it had come with a book to explain a little better.,45
PASS_001307,KB_01268,REC_097,B004H2SDTM,Home_and_Kitchen,"Once you get the hang of it, no mess will continue and you will be happily spending your evenings squeezing various nuts and seeds. I recommend using peanuts first and not sunflower seeds, as I did. Enjoy! &iexcl;Viva la Piteba!",40
PASS_001308,KB_01269,REC_097,B004H2SDTM,Home_and_Kitchen,"Ive abused this tool. learned to control the seeds moisture, apply the right pressure, the right temperature... even got an electric coal starter to heat it :) its time I move on to the big guns. Thank you Piteba.",39
PASS_001309,KB_01270,REC_098,B005I5DO3M,Home_and_Kitchen,Great product! I was amazed how much it improved my ability to get out of my chair. I would recommend it to anyone needing more height from their chair.,29
PASS_001310,KB_01271,REC_098,B005I5DO3M,Home_and_Kitchen,Ordered this for my mother's recliner. It does exactly what it is supposed to do and gives her chair enough height to sit down easily and get back up easily. The recliner is just as stable as it is on the floor and it has given her back a comfortable place to sit and rest.,55
PASS_001311,KB_01272,REC_098,B005I5DO3M,Home_and_Kitchen,"The platform is sturdy and provides just the extra height needed so that a tall person can rise without injury. I have arthritis and could not rise without assistance until I got the platform. I have purchased two and totally satisfied. Pricey, but worth it.",45
PASS_001312,KB_01273,REC_098,B005I5DO3M,Home_and_Kitchen,My mother (who is 93) needed help getting up from her recliner. This riser/booster has made all the difference and she is able to get out of her recliner without any help. I highly recommend this for anyone who needs the extra inches in the height of their recliner to be able to get up alone.,56
PASS_001313,KB_01274,REC_098,B005I5DO3M,Home_and_Kitchen,"Expensive for a (large) piece of plastic, for sure. But its far less expensive than having to purchase all new chairs when you need some additional height. These make it MUCH easier for tall folks to get up out of standard recliners. Since they are unassuming and plain looking, no one ever notices they are there...they just comment how much easier it is to get up.",66
PASS_001314,KB_01275,REC_098,B005I5DO3M,Home_and_Kitchen,"This little boost platform was the answer to making our recliners much more comfortable. My husband had knee surgery and we were conderned that he would not be able to sit in his recliner. With the added height, he had  no problem. I too, was having trouble getting out of my recliner because it was so low to the floor. With the little boost platform, I can now sit comfortably with my feet on the floor and get up very easily.",81
PASS_001315,KB_01276,REC_098,B005I5DO3M,Home_and_Kitchen,We needed to raise the height of my Dad's recliner so that he could get up and down without assistance. We wanted to get him a lift chair but he refused. This platform really made a difference. It was very easy to put the recliner on the platform and it is stable and stays in place.I would like to suggest that the description on Amazon should give the dimensions of the platform. I had to call the company to get this info and they were VERY helpful.,87
PASS_001316,KB_01277,REC_098,B005I5DO3M,Home_and_Kitchen,"I am disabled and need a lift chair, so when it became difficult for me to get out of my lift chair, I noticed that I needed more height to be able to stand and hold on to my walker. Did a lot of research for a ""furniture riser"", or similar product that would satisfy my need. I found the ""little boost platform"" and although it seemed a little ""pricey"" I decided that this is what I needed.",78
PASS_001317,KB_01278,REC_098,B005I5DO3M,Home_and_Kitchen,"I am so happy. Having the height on my recliner has helped me greatly. I was very concerned that it would not hold up under my weight (380 lb), but it does. It is even protecting the laminate floor from the individual chair feet.I did have a hard time getting the chair onto the platform because my chair was so heavy. I recommend having a strong friend or two to get the Boost Platform lined up right.The black finish is shiny and obvious under the chair.",86
PASS_001318,KB_01279,REC_098,B005I5DO3M,Home_and_Kitchen,my OT recommended this unit to help me get up from my favorite easy chair. Works as advertised. Glad I bought it.,22
PASS_001319,KB_01280,REC_099,B00A6Z5DK6,Home_and_Kitchen,"Very nice mold, very adorable. The mold putty was clearly mixed very well, and polymer clay comes out of the mold perfectly.",22
PASS_001320,KB_01281,REC_099,B00A6Z5DK6,Home_and_Kitchen,"The silicone is very flexible, and I had no problems making clay molds with this. I see lots of little bows as part of my projects in the future. :)",30
PASS_001321,KB_01282,REC_099,B00A6Z5DK6,Home_and_Kitchen,"Yes I could Make these, but was it worth it to pay the couple bucks and have mailed YES YES ....its a very good durable mold, I will be using it for clay.",33
PASS_001322,KB_01283,REC_099,B00A6Z5DK6,Home_and_Kitchen,"The three-bows silicone mold is very cute. However, the bows are very small. I can't use them now, but, I will use them in the future whenever I do a small child's birthday cake. Arrived on time.",37
PASS_001323,KB_01284,REC_099,B00A6Z5DK6,Home_and_Kitchen,"Hi &#128075;I bought this how mold , as I have become really into fondant and accessories for baking things .. I haven't got to use it yet but it is super small , like,  the size of a quarter . But it came on time, was cheap and will get used , it's super cute and it looked just like on the picture &#128522;",64
PASS_001324,KB_01285,REC_099,B00A6Z5DK6,Home_and_Kitchen,Cute bow embellishments for my clay crafting. Clay pops out quickly and easily.,13
PASS_001325,KB_01286,REC_099,B00A6Z5DK6,Home_and_Kitchen,These are the cutest bows. They turned out perfect. I used these on cupcakes. People asked how I made them.,20
PASS_001326,KB_01287,REC_099,B00A6Z5DK6,Home_and_Kitchen,I haven't used this yet. It is very small but you can tell it's a bow. I will have to be very creative given the size to use in soaping.,30
PASS_001327,KB_01288,REC_099,B00A6Z5DK6,Home_and_Kitchen,It's cute. Haven't used it yet. I thought it was going to be a little bigger. I can probably use the bows on cake pops or something.,27
PASS_001328,KB_01289,REC_099,B00A6Z5DK6,Home_and_Kitchen,Cute little bows that go well on mini cupcakes. I used almond paste (not fondant) and it was perfect. I could pop the bow out very easily. No need to grease. It take a long time to trim the excess paste though.I have attached few pictures.,46
PASS_001329,KB_01290,REC_100,B0027FFPHO,Home_and_Kitchen,"this is a good herbal medicine cooker. the only thing I don't like is if you put in a big pot of herbal medicine which fills near the top, you will likely also add more water, and it will take a very long time like 3 to 4 hours to cook the medicine. if you fill your medicine only half way up inside, then it will take about 1 hour to cook. being electric with self timer helps a lot when I want to go out, and not have to watch it.",92
PASS_001330,KB_01291,REC_100,B0027FFPHO,Home_and_Kitchen,"I literally can't live without this herbal cooker. I brew herbs 12 out of 14 days and was trying to do it in a stainless steel pot on the stove. The Herbal Medicine Cooker brews the herbs so well that I only have to drink 1/3 of a cup 3 times a day instead of 1 cup 3 times a day. It is totally automatic, so I just have to check the indicator lights now and then and can continue doing other things without worrying.",85
PASS_001331,KB_01292,REC_100,B0027FFPHO,Home_and_Kitchen,"Really good to make Chinese herbal medicine. I can't live without it.For a healthy life, don't eat any western medicine because they are not natural.",25
PASS_001332,KB_01293,REC_100,B0027FFPHO,Home_and_Kitchen,"I can't say enough good things about this pot, I'm sure you will be just as happy as I am.",20
PASS_001333,KB_01294,REC_100,B0027FFPHO,Home_and_Kitchen,"I purchased this Auto Herbal Medicine Pot for my wife about 2 Weeks ago. Every thing is just like what it is described from the website. Since cooking Chinese Herbal Medicine take many hours and need you take a look on the pot, my wife really feel it is a tough job. This auto-pot do not need a person to pay much attention on it, just add the medicine along with water for the requirement, power on.The shipping is also faster than what I expected.",85
PASS_001334,KB_01295,REC_100,B0027FFPHO,Home_and_Kitchen,"After just a few uses, the stainless steel heater element began to rust. Now I'm not comfortable using it. Rust can't be healthy. It appears the stainless steel is not very high quality at all.Other than the rusting, which is a big problem, the product is very nice and works well.",51
PASS_001335,KB_01296,REC_100,B0027FFPHO,Home_and_Kitchen,"This is a very smart pot, But I am always worried if its led free. any one knows if this is being tested.Since many other product from China was known to contain led.",33
PASS_001336,KB_01297,REC_100,B0027FFPHO,Home_and_Kitchen,"This is the Fifth Herb Pot in FIVE YEARS. I have Bladder Cancer and Chinese Herbs have beena Life Savor. I have tried to find the best Possible Pot, one that is Reliable, Unfortunately This Pot as all the rest4 from this Co. Do not shut off as Needed &#34;When there is ONE CUP left after 6 cups and herbs are cooked.The Heating Element gets Dirty and isDirected to Not use any Rough Pads to clean?",76
PASS_001337,KB_01298,REC_100,B0027FFPHO,Home_and_Kitchen,"I have been using this herb cooker for the past 7 months and have absolutely no complaints, I am extremely happy with the purchase and have recommended it to many of my friends and classmates.As a soon to be acupuncturist and herbalist I cannot think of anything more handy to have, it makes brewing herbs so simple. All you do is add herbs and water, the pot does the rest. I usually let it cook while I'm away and when I return it's all done and ready to drink.",89
PASS_001338,KB_01299,REC_100,B0027FFPHO,Home_and_Kitchen,"This cooker is purchased for my wife to cook the traditional Chinese herbal medicine. This machine is well made, performed all tasks described well, and easy to clean.",28
PASS_001339,KB_01300,REC_101,B000652LWO,Home_and_Kitchen,"I see a lady who plans to return her 1/2 pt salt & pepper shakers, packed 24 to a box. I have dozens and dozens of them made by Golden Harvest, with the little handles on them like the drinking mugs, but I cannot find the lids and rings for them. Can you help? They are about 3/8"" smaller than the small Ball Mason Regular Dome lids.",67
PASS_001340,KB_01301,REC_101,B000652LWO,Home_and_Kitchen,I have many people ask where I got these shakers because they cannot find them and I tell them that I bought them at Amazon.com.,25
PASS_001341,KB_01302,REC_101,B000652LWO,Home_and_Kitchen,These are perfect for the event we are planning. Very cute and novel. Adds a special touch to the canning jar theme of the party.,25
PASS_001342,KB_01303,REC_101,B000652LWO,Home_and_Kitchen,I ordered Ball salt and pepper shakers--they are Harvest and not Ball ones! I will be sending them back when I am at home later this month....,27
PASS_001343,KB_01304,REC_101,B000652LWO,Home_and_Kitchen,"We sell a specialty product that uses these jars like a salt shaker. It is a low-volume add-on so we only use a case or two a year; it's easier for us to buy these on Amazon than from any other supplier, and the price is fair here. The order is filled by Goodman's typically, and they have provided great customer service the 1 time we had to contact them.",70
PASS_001344,KB_01305,REC_101,B000652LWO,Home_and_Kitchen,We've been looking for the the canning jar salt & pepper shaker to complete the theme of our son's wedding. We're giving them away as gifts to the bridal party filled with hugs and kisses with a sunflower theme to represent fall. These will be perfect at each place setting at the dinner. Thank you for having what we were looking for.,62
PASS_001345,KB_01306,REC_101,B000652LWO,Home_and_Kitchen,"They don't appear to be Ball... Despite the product title. Almost ordered them... But, decided not to do so... After enlarging the photograph of the product. Jars have &#34;Golden Harvest&#34; on them, not &#34;Ball&#34;, like the ones I'm trying to replace.",41
PASS_001346,KB_01307,REC_101,B000652LWO,Home_and_Kitchen,"These are very cute and serve their purpose. Quality does not seem to be an issue. But (a) they are not Ball (they are Golden Harvest), and (b) each individual jar had a Walmart sticker on it that required soaking and scraping to get off. Disappointing on both counts, but once you get over that the jars are just fine - quite nice.",63
PASS_001347,KB_01308,REC_101,B000652LWO,Home_and_Kitchen,"Love the shakers, especially the non-corrosive tops. They distribute the salt and pepper evenly and are easy to take care of. The shakers arrived with two broken, but a call to the shipper and they were replaced in a jiffy! Thanks for a great product.",45
PASS_001348,KB_01309,REC_102,B001V98IRQ,Home_and_Kitchen,I figured this would not be easy to work with and it was a little hard to get all of the bubbles out but its doable with a big dose of patience!,32
PASS_001349,KB_01310,REC_102,B001V98IRQ,Home_and_Kitchen,"Love this contact paper. Easy to cut, use and adhere. Everyone is noticing the faux ""stainless steel"" items in my home and can't believe it's contact paper. Would definitely recommend.",30
PASS_001350,KB_01311,REC_102,B001V98IRQ,Home_and_Kitchen,If you want a silver contact paper (not stainless) I would give it a 5. If you want stainless contact paper I would only give it 3.It looks like I painted the cabinet with silver spray paint.,37
PASS_001351,KB_01312,REC_102,B001V98IRQ,Home_and_Kitchen,"I bought four rolls of this contact paper. Turns out it would not stick to ANYTHING I put it on that was not metal. I tried it on shelves that were clean and dry, walls that were freshly painted and dry, and even the side of the fridge as an expierment. It wouldnt stick to anything but the fridge. I am really disappointed and feel my $60 was wasted.",69
PASS_001352,KB_01313,REC_102,B001V98IRQ,Home_and_Kitchen,I wanted to cover  the side of my refrigerator that was black and not stainless steel. I had used heavier SS  paper before and it was just OK. When I read the reviews they said the paper was &#34;flimsey&#34; like alumminun foil. Well it was and if you take your time and smooth it out it comes out perfect (for me it did). I would recommend this paper but you have to take your time with it.,77
PASS_001353,KB_01314,REC_102,B001V98IRQ,Home_and_Kitchen,"This gave a nice shiny stainless steel look to our pantry shelves. While it is thin, I found it easy to work with and it should be convenient to keep clean. I plan on using my leftover contact paper on some shelves in our medicine cabinet to spruce them up a bit!",52
PASS_001354,KB_01315,REC_102,B001V98IRQ,Home_and_Kitchen,"I used this to cover a range hood that was almond and needed to match a new stainless range. It was easy to use and does a good job of making the hood look almost as good as real stainless. I would  have given it 5 stars, but there were some flaws in the paper at the beginning and at the end and the tape used to hold it together is difficult to remove without leaving a sticky mess, making it difficult to use the entire roll.",87
PASS_001355,KB_01316,REC_102,B001V98IRQ,Home_and_Kitchen,"Yes! So don't put it anywhere that might get dirty.5. It comes off the roll with the design flawed and gashed, and the transparent tape used to stick the roll together will not come off - and you can't rub it, remember?6. I had to touch up some of the silver paint (Ralph Lauren, trust me on this) I had to buy for the corners as this won't work on corners, and some got on the paper.",77
PASS_001356,KB_01317,REC_102,B001V98IRQ,Home_and_Kitchen,ok for temp use. would not recommend for covering an appliance or a large portion of cabinetry. Bubbles appear nomatter.,20
PASS_001357,KB_01318,REC_102,B001V98IRQ,Home_and_Kitchen,Waste of my money. Did not look like real stainless steel and was way too hard to work with.,19
PASS_001358,KB_01319,REC_103,B004K3FKL2,Home_and_Kitchen,We have been sleeping well and squeak free! And our allergy problems are better due to the frame. It took my husband 20 minutes to put it together. Awesome frame.,30
PASS_001359,KB_01320,REC_103,B004K3FKL2,Home_and_Kitchen,"I was very disappointed in this purchase. It is very strong, however, it is noisy and slides easily over the floor.",21
PASS_001360,KB_01321,REC_104,B002S52ZFI,Home_and_Kitchen,"These Pike Street towels seemed like they were good quality on their own, but comparing them next to the other fluffier towels it was a no brainer which to keep. The Pike Street towels look like they are made well; there were no loose threads hanging off, the seams looked solid, and the loops were even throughout the towels. They're not a bad purchase at all, just don't expect something really thick that will feel like a soft blanket when you step out of the shower.",86
PASS_001361,KB_01322,REC_104,B002S52ZFI,Home_and_Kitchen,"on-screen, the cocoa is the same as in person and I like it, but it doesn't match my bathroom, its just the only decent color.",25
PASS_001362,KB_01323,REC_104,B002S52ZFI,Home_and_Kitchen,"a light steel grey would be nice and a charcoal rich looking grey would be nice but in-between looks like it was charcoal and got old and faded. Obviously I like rich colors and a few pastel colors but this company makes neither (except for the cocoa). Perhaps my screen color is wrong, but since it was perfect for the cocoa, I doubt it.",64
PASS_001363,KB_01324,REC_104,B002S52ZFI,Home_and_Kitchen,"Update #2. Cocoa set 14 months old washed and dried on high heat 2-3 X's a Wk are still in great condition. Colorado is still the same as day one, supersoft, no strings. Navy are 12 months and same great condition as. Cocoa, great color-no fading at all, no thinning, no strings, absorbent and soft, would buy again in a minute!",61
PASS_001364,KB_01325,REC_104,B002S52ZFI,Home_and_Kitchen,"Theyre not the most absorbant towels but they do the job look nice and do have a thickness that you would believe to be of good quality. For the price though you can't really ask for more. I have friends that go to Wal-mart and buy soft big towels there, within 2 washes the towel is disintegrating.",57
PASS_001365,KB_01326,REC_104,B002S52ZFI,Home_and_Kitchen,"They are thick enough to soak up water, dry my whole body, soak water from lots of hair, and yet they wrap around your body or waist without a problem - AND they never seemed to be heavy and soaking wet. No stiffness, no roughness, really soft towels.",48
PASS_001366,KB_01327,REC_104,B002S52ZFI,Home_and_Kitchen,These towels are great!!! !,5
PASS_001367,KB_01328,REC_104,B002S52ZFI,Home_and_Kitchen,"The color of these towels is a nice slate grey, and they seemed to be pretty soft when I received them. I imagine they would have gotten even softer after washing and they would have fluffed up a bit.",39
PASS_001368,KB_01329,REC_104,B002S52ZFI,Home_and_Kitchen,"The Burgundy towels are a sad sad state if affairs. I bought them with the others but never opened them until the end of november 2012 and they were stringy by end of january. First a few strings here and there but then suddenly the edging came apart on all of the towels-bath, hand, and washcloths. These are a mess and it is ridiculous to use them for so short a time, assuming I would pack them up and use them for years and years at Christmastime.",87
PASS_001369,KB_01330,REC_104,B002S52ZFI,Home_and_Kitchen,THE DK BLUE IS A BEAUTIFUL JEWEL TONE AND IS THE BEST COLOR OF THEM ALL.THE RED IS A JEWELTONE TOO-ALMOST BURGUNDY. MY CHOCOLATE TOWELS HAVE BEEN WASHED 3 TIMES A WEEK AND ARE STILL CHOCOLATE AND ONLY ONE STRING FOUND SO FAR AND NOW I HAVE ENOUGH WITH THE BLUE AND TAN SO I DON'T HAVE WASH AS OFTEN. THE TAN COLOR IS MY LEAST FAVORITE BECAUSE ITS THAT IN-BETWEEN TAN THAT LOOKS A LITTLE OLD WHEREAS THE OTHERS ARE CRISP AN LUSH AND WONDERFUL.,86
PASS_001370,KB_01331,REC_105,B003VSWZYM,Home_and_Kitchen,"It's great as a portable cup to avoid using any disposable cups. Construction quality is top notch and Zojirushi standard. However the lid is a complicated assembly of several mixed plastic, rubber, and metal components which means I would not trust it to transport liquid from one place to another as the top part of the lid could pop off. I see absolutely no reason why it could not be a simple one-piece lid, unscrew to drink.",77
PASS_001371,KB_01332,REC_105,B003VSWZYM,Home_and_Kitchen,"this thermos is just right in size, it keeps warm very well. with the cover removed, 3 to 4 hours of warmth is no problem. with the cover on, it is even longer. it is also stylish. no problem whatsoever.",40
PASS_001372,KB_01333,REC_105,B003VSWZYM,Home_and_Kitchen,"the size is perfect, the function is great, and it is very beautiful. I bring it when I go shopping and go to sports.I have placed order to buy another one for my sister.",34
PASS_001373,KB_01334,REC_105,B003VSWZYM,Home_and_Kitchen,"the only set back was the price but other than that, does a great job. Will get the bigger one too.",21
PASS_001374,KB_01335,REC_105,B003VSWZYM,Home_and_Kitchen,"nice looking mug, but it has lots of parts and gaskets to clean. they are also on the small side so great for kids or if you don't want to carry a heavy mug around.",35
PASS_001375,KB_01336,REC_105,B003VSWZYM,Home_and_Kitchen,"like the color, seems good quality, i give it to my mom.not use it yet.but i trust the brand.love it",20
PASS_001376,KB_01337,REC_105,B003VSWZYM,Home_and_Kitchen,"i have compared it to thermos products and made a hard decision, but i feel lucky that i have finally chosen this one. i had thermos bottles before, but i have to say that zojirushi is really better when you compare two from the same price. ive checked every detail of this bottle and its flawless; the color is even better than seen from the online image thanks to its smooth but not slippery material.",75
PASS_001377,KB_01338,REC_105,B003VSWZYM,Home_and_Kitchen,excellent quality. same dimentions as the similar starbucks 10oz container but this one holds 12oz. and i love how it comes apart to clean. coffee is never cold now ty!,30
PASS_001378,KB_01339,REC_105,B003VSWZYM,Home_and_Kitchen,Zojirushi SM-JA36BA 0.36-Liter Stainless Steel Vacuum Insulated Mug... good ......keep heat to 3 hours ..may be i return buy anothere,20
PASS_001379,KB_01340,REC_105,B003VSWZYM,Home_and_Kitchen,"You will not regret it, very handy, especially if you go shopping, travel, really good-looking and good quality. This size 0.36-Liter is just right.",24
PASS_001380,KB_01341,REC_106,B000RZPGCK,Home_and_Kitchen,wish there was more thomas out there 4 him he has had no accident from time they have made it on his bed he afraid of lossing his thomas.,29
PASS_001381,KB_01342,REC_106,B000RZPGCK,Home_and_Kitchen,"the sheets after 2 washes have ripped..ican sew them, but 2 washes..this shouldnt happen not for this price. they are poorly made",22
PASS_001382,KB_01343,REC_106,B000RZPGCK,Home_and_Kitchen,"Amazon made good on my purchase, but i still wont be receiving the blue sheets i wanted to get for my sons new bed.",24
PASS_001383,KB_01344,REC_106,B000RZPGCK,Home_and_Kitchen,my son LOVES these sheets!!! i got these for him when he made the transition from toddler bed to twin and he loves them! wash really nice and still look new!,31
PASS_001384,KB_01345,REC_106,B000RZPGCK,Home_and_Kitchen,"The fabric these sheets are made out of is terrible. My son loves seeing Thomas and Cranky on his sheets, however, so I have not gotten rid of them. They do not fit very well on a standard twin, either.",40
PASS_001385,KB_01346,REC_106,B000RZPGCK,Home_and_Kitchen,"This item came up when I searched for flannel sheets. There was no fabric description, and the item was cheap, so I was suspicious. The fabric is a flimsy cotton/poly blend. I returned it.",34
PASS_001386,KB_01347,REC_106,B000RZPGCK,Home_and_Kitchen,"The one I bought was not in any way rough or uncomfortable but was soft and luxurious as well as nicely made with lovely graphics.I was also very pleased with the seller - Your Baby Place, excellent customer service, highly recommended.",41
PASS_001387,KB_01348,REC_106,B000RZPGCK,Home_and_Kitchen,"Grandson is wild about &#34;Thomas The Train&#34; - thought this would be great, but was not happy with the &#34;feel&#34; or quality of thefabric. This product is made by several different manufacturers depending on where it is purchased, and the fabrics vary....",42
PASS_001388,KB_01349,REC_106,B000RZPGCK,Home_and_Kitchen,"Got this set for my Grandson for Christmas and he loved them. He had his Mom change this sheets right after they were finished opening the gifts. My Grandson who just turnered Three loves anything Thomas the Tank, The sheet set is really well made and looks too last a long time.",52
PASS_001389,KB_01350,REC_106,B000RZPGCK,Home_and_Kitchen,Really like the set but really wish that the thread count were higher so that they were softer but they still are very nice! I love that the pillow slip is different with the big trains on it. It adds a nice touch!!! My grandson loved them and the went well with the fleece blanket and curtains that I made for him! Nice.,63
PASS_001390,KB_01351,REC_107,B0000DDXLE,Home_and_Kitchen,I really like using the one cup capacity mini-processor so I bought this replacement chopping and mixing blade. Because I sometimes want a larger salad I also ordered the two cup DLC-2 processor when I ordered this replacement blade. The larger capacity processor arrived at the same time as this blade so I have been able to try out each of them prior to this review. I love them both as they work beautifully for salad prep and clean-up.,79
PASS_001391,KB_01352,REC_107,B0000DDXLE,Home_and_Kitchen,"I've had a Cuisinart mini-prep for many years, and it was still working just fine except that the blade housing cracked. I was looking for a replacement unit when I discovered that I could simply purchase a new blade! It fits perfectly and I expect the small processor to work for years to come:  It's just right for chopping nuts, herbs, and garlic.",63
PASS_001392,KB_01353,REC_107,B0000DDXLE,Home_and_Kitchen,"So I must have included this tiny attachment in my donation pile to the Good Will and went shopping for a replacement. It works just like the original did. But, the price.... it is almost the same price of getting a new mini Cuisinart. But it does work well.",49
PASS_001393,KB_01354,REC_107,B0000DDXLE,Home_and_Kitchen,I was looking for a replacement for my Cuisinart Mini Prep which is quite old and the replacement part was PERFECT!!! !,22
PASS_001394,KB_01355,REC_107,B0000DDXLE,Home_and_Kitchen,"We have a mini chop prep (I think it's called mini prep) cuisinart that I love, but have been loving less lately because the blade was dull and gross. Replaced it with this and have restored it to it's former glory days of pulverizing nuts in seconds. I wish I'd bought it sooner.",53
PASS_001395,KB_01356,REC_107,B0000DDXLE,Home_and_Kitchen,"I've owned a Cuisinart Mini-Prep for many years, but the plastic around the blade was starting to split. I was concerned that the blade would soon go flying off the hub, and do some real damage. The machine itself was fine, so it didn't make sense to me to replace it for one small, replaceable part. I'm a bit of an ecology freak and hate throwing stuff out when the old one works.",73
PASS_001396,KB_01357,REC_107,B0000DDXLE,Home_and_Kitchen,This is a replacement blade (the original cracked over time) for my little cuisinart mini-prep. It works perfect and is super sharp.,22
PASS_001397,KB_01358,REC_107,B0000DDXLE,Home_and_Kitchen,"This blade does not fit my Cuisinart Mini Prep. The core of the bowl is too large for the blade to drop down into the bowl. Not happy. Blade is sharp, but can't use it!",35
PASS_001398,KB_01359,REC_107,B0000DDXLE,Home_and_Kitchen,All I needed is a new blade for my old cuisinart to work like new again. Glad that I can get the part on Amazon.,25
PASS_001399,KB_01360,REC_107,B0000DDXLE,Home_and_Kitchen,I love my mini prep...should have gotten a new blade long ago. It makes such a difference. Good as new!,20
PASS_001400,KB_01361,REC_108,B002IVU5KE,Home_and_Kitchen,I bought this pitcher because it stated it was dishwasher safe and is made in the USA. The spout is not designed well. When trying to pour without the lid it overflows the spout and spills. With the lid it is much better but liquid sometime leaks around the spout lid and dribbles outside the glass. I bought cheap and it's worth that much but not much more!,68
PASS_001401,KB_01362,REC_108,B002IVU5KE,Home_and_Kitchen,these pitcher are great for storing homemade tea. a lot better then useing mr. coffee pitchers,16
PASS_001402,KB_01363,REC_108,B002IVU5KE,Home_and_Kitchen,Will probably use it for a little longer then just give it to Goodwill.,14
PASS_001403,KB_01364,REC_108,B002IVU5KE,Home_and_Kitchen,"We purchased this pitcher for daily use at the dinner table, when getting water and ice from our fridge.My 8 year old son easily fills it, the lids stays on nice and snug, and the kids can use it without any problems or spills.It is pretty looking, looks like glass, goes in the dishwasher and the ice doesn't go through the spout, which is great.",65
PASS_001404,KB_01365,REC_108,B002IVU5KE,Home_and_Kitchen,Wanted a lid that stayed on when pouring - it probably will.....but not taking any chances! Love the design and like that I can see the contents. Nice enough for company!,31
PASS_001405,KB_01366,REC_108,B002IVU5KE,Home_and_Kitchen,Very sturdy clear plastic. Great size and style. My favorite Ice Tea Pitcher. I am very happy with this purchase.,20
PASS_001406,KB_01367,REC_108,B002IVU5KE,Home_and_Kitchen,Very disappointed. I'm just going to shell out the extra money to get the Cambro pitchers.,16
PASS_001407,KB_01368,REC_108,B002IVU5KE,Home_and_Kitchen,"To be fair, this is the 3rd pitcher I have bought, and they have all had the same problem- the liquid dribbles down the side whenever I pour out of it! It seems like there should be a simple solution, a simple design that would make it so that a pitcher can pour a clean spray of water... Let me just say you'd be rich if you could engineer it!",70
PASS_001408,KB_01369,REC_108,B002IVU5KE,Home_and_Kitchen,"This pitcher looks good from a distance & is lightweight, so not too heavy when full, which is nice - but it is made from rather thin & fragile plastic/acrylic material so beware. Should last the summer if you're careful, probably not a long term drink ware solution though. One good drop & it'll be history. (Wouldn't risk it outside near a pool or on a concrete patio.) Not sure about that extra 1/2 quart listed either, really looks like a plain 2 qt.",84
PASS_001409,KB_01370,REC_108,B002IVU5KE,Home_and_Kitchen,"This pitcher is great! It's big enough for a pitcher of ice tea or lemon water and small enough to fit in my refrigerator. I love the cap, keeps the inside clean. And this product is made in America.",39
PASS_001410,KB_01371,REC_109,B005GNQ5E6,Home_and_Kitchen,"The toaster oven is handsome. What's not to like, and I had spent an entire day studying all the toaster ovens and customer reviews on Amazon.In the end, I bought it from buyhappier.com which advertises on Amazon and they offer free shipping on items over $99 and a three year warranty (the product comes with its own one year warranty). I thought their 3 year warranty was a good deal. If the toaster oven should need work within 3 years of purchase, they pay the postage both ways, and there are no other hidden charges.",95
PASS_001411,KB_01372,REC_109,B005GNQ5E6,Home_and_Kitchen,The pan that comes with it is an after thought and an insult. Every cheap oven has come with a proper broiler pan but not this one. I hope Calphalon reads this. It is not a great company but a result of some paid for pr.,46
PASS_001412,KB_01373,REC_109,B005GNQ5E6,Home_and_Kitchen,"This oven works out great. I have made cookies, salmon, pork chops and toast all have come out wonderful. I wish there was a simple off button however. It has taken me a while to remember how to shut the oven off. But that is my only wish everything else works wonderful. It is a nice alternative to turning on the big oven.",63
PASS_001413,KB_01374,REC_109,B005GNQ5E6,Home_and_Kitchen,"Warm air is blown around the interior to create a more even heat. I would NOT buy this without the convection.It's pricey - it's Caphalon.Knobs - I'm not crazy about the knobs and I don't get it. Partially digital and partially not? To set the timer for over an hour, there's a whole lotta cranking the knob. Be gentle.I do not regret this $199. purchase in fact just the opposite - I LOVE IT!I hope this is helpful to you.cb",80
PASS_001414,KB_01375,REC_109,B005GNQ5E6,Home_and_Kitchen,"I've had this convection oven for a while now and used it for many types of things. I wanted something that, because I cook for just myself quite a bit, I could use for baking, broiling, etc, without cranking up the big oven. The microwave is great, but it's not the best choice for many things. Anyway, this convection oven is fitting the bill very well.The unit is attractive and I find the size to be perfect. Not only does it go well on one of my kitchen counters, but the inside is a great size too.",97
PASS_001415,KB_01376,REC_109,B005GNQ5E6,Home_and_Kitchen,"I really like this oven. Managed to find a spot on my counter and lots of reasons to test drive it. Great for pizza, muffins and toast so far. Very easy to use. Sure it gets hot-it's a toaster oven. Also very light weight. Must confess that I found it much cheaper at Macy's online. I just might do a small ham in it for Easter. Now looking for small pans to use in it. Not that much on offer online.",81
PASS_001416,KB_01377,REC_109,B005GNQ5E6,Home_and_Kitchen,"For nearly two years, I anguished between several brands of countertop convection ovens before deciding upon the Calphalon XL Digital Convection Oven. (This is my first convection oven. I have had only inexpensive toaster ovens throughout the years.) Dimensions were a concern, as well as reliability, ease of use and customer service.I have had the oven for approximately 6 weeks, and so far, am extremely pleased with my purchase. I read the manual from cover to cover and realized that the controls are much less complicated than I originally thought.",90
PASS_001417,KB_01378,REC_109,B005GNQ5E6,Home_and_Kitchen,"I did some research before buying a toaster oven. I was looking for convection capability and the reviews on this and other websites looked good. Price was a bit high but in line with convection feature. I've now had the oven for over two weeks, use it nearly every day for something and I've used it for toasting bread, English muffins, heating frozen egg rolls and baking pizza from scratch. Everything came out perfectly. Controls are easy to use. It really helps to read the instructions and follow timing, temp, shelf location etc.",93
PASS_001418,KB_01379,REC_109,B005GNQ5E6,Home_and_Kitchen,"The most heat generated from using it at 425F for an hour or more is that the outside bottom of the cabinet above will get warm. I was initially concerned, as I had chosen a spot for this unit that had cabinets above. I'd read about some lesser convection ovens/toaster ovens that had problems with creating a LOT of heat. I was happy to realize that this one is made well enough that it is perfectly comfortable and safe with cabinets above it. (I will post a picture)You can program from a number of choices of types of cooking (bake, broil, toast, bagels, pizza, etc) and choose any number of minutes you need.",113
PASS_001419,KB_01380,REC_109,B005GNQ5E6,Home_and_Kitchen,"I have purchased a Calphalon Digital Toaster Oven several months ago. I had a DeLonghi that no longer worked andtherefore went first class in purchasing the Calphalon Toaster Oven. I absolutely love it! It toasts to perfection and is very user friendly even though it is quite sophisticated. . . Cleaning the ""crumb"" pan is awinner. Even though I thought I would never spend this kind of money on a toaster oven, I am not sorry as I listend to my husband who encouraged me to purchase it. Happy Toast Days are here again!",94
PASS_001420,KB_01381,REC_109,B005GNQ5E6,Home_and_Kitchen,"I have made cookies, salmon, pork chops and toast all have come out wonderful.",14
PASS_001421,KB_01382,REC_109,B005GNQ5E6,Home_and_Kitchen,purchase in fact just the opposite - I LOVE IT!I hope this is helpful to you.cb,16
PASS_001422,KB_01383,REC_109,B005GNQ5E6,Home_and_Kitchen,"I wanted something that, because I cook for just myself quite a bit, I could use for baking, broiling, etc, without cranking up the big oven.",26
PASS_001423,KB_01384,REC_109,B005GNQ5E6,Home_and_Kitchen,"Even though I thought I would never spend this kind of money on a toaster oven, I am not sorry as I listend to my husband who encouraged me to purchase it.",32
PASS_001424,KB_01385,REC_109,B005GNQ5E6,Home_and_Kitchen,"Dimensions were a concern, as well as reliability, ease of use and customer service.I have had the oven for approximately 6 weeks, and so far, am extremely pleased with my purchase.",31
PASS_001425,KB_01386,REC_109,B005GNQ5E6,Home_and_Kitchen,"(I will post a picture)You can program from a number of choices of types of cooking (bake, broil, toast, bagels, pizza, etc) and choose any number of minutes you need.",30
PASS_001426,KB_01387,REC_109,B005GNQ5E6,Home_and_Kitchen,"bought this so I would not have to turn on large builtin oven and heat up kitchen for small baking projects...works great...I use almost daily to bake authentic gourmet croissants direct from freezer...have made breads, cakes, toast, pastries and pizza in this oven...the pan that comes with it is well made (wish I have more like it as a set for this oven)...did buy smaller baking pans for this oven as 9x13 won't fit...only issue I have is that the door does not shut tightly but still everything still comes out fine...bought this oven from amazon warehouse deal for very good price and shipped quickly and in good shape...overall one of my better purchases for small appliances...",117
PASS_001427,KB_01388,REC_109,B005GNQ5E6,Home_and_Kitchen,I have plenty of other pans to use.,8
PASS_001428,KB_01389,REC_109,B005GNQ5E6,Home_and_Kitchen,"What's not to like, and I had spent an entire day studying all the toaster ovens and customer reviews on Amazon.In the end, I bought it from buyhappier.com which advertises on Amazon and they offer free shipping on items over $99 and a three year warranty (the product comes with its own one year warranty).",55
PASS_001429,KB_01390,REC_109,B005GNQ5E6,Home_and_Kitchen,"Though it seems to be a great product, I don't know what to do with it.",16
PASS_001430,KB_01391,REC_109,B005GNQ5E6,Home_and_Kitchen,"I emailed Calphalon for this after I couldn't find it anywhere including their own website. Hope this helps:Approximate Outer Dimensions:Width: 19.25""Depth: 13.13"" without handle/ 15.25"" with handleHeight: 10.81"" without handle/ 11.63"" with handleApproximate Inside Dimensions:Width: 13.75""Depth: 12"" (total depth, rounds out in the back)Height: 5"" (respective height to fit a pan)** Big enough to fit a 12"" frozen pizza** Fits a straight walled 9 x 13 pan fine, but will not fit a 9 x 13 pan with helper handles.Capacity : 0.7 cubic feet (fits a 9x13-in. pan, 12-in. pizza, 6 slices of toast)Cleaning & Care : Clean inside with damp sponge. Removable crumb tray is dishwasher-safe.Material : Aluminum/Stainless SteelAluminum/Stainless SteelOrigin : ChinaTemperature Settings : 150-450F (65-230C)Volts/Watts : 1400-wattsWarranty : 1-year",121
PASS_001431,KB_01392,REC_110,B0040VIN18,Home_and_Kitchen,I am very impressed with this filter .....It indeed makes a rich brew without any paper filter use. Wish it was offered in ceramic or glass as I am not a fan of plastic but the functionality and usage comfort outwins other aesthetic reasons . Highly recommend !,48
PASS_001432,KB_01393,REC_110,B0040VIN18,Home_and_Kitchen,"It avoids paper filters and gives you fresh taste. I wonder if that plunger deal with the circle of filter paper at the bottom which you just pour, stir, let sit a moment, and plunge through like a piston in an engine cylinder makes good coffee as was said to me at the kitchen utencil store when I took in my new Hario filter to show them what I'd wanted them to consider carrying.But this is so elegant, sturdy, cleverly built. The plastic frame around the steel mesh is some kind of very dense plastic, almost a ceramic.",98
PASS_001433,KB_01394,REC_110,B0040VIN18,Home_and_Kitchen,"Works better than cheaper steel filters I've used before, definitely great if you are looking to save money on paper filters.",21
PASS_001434,KB_01395,REC_110,B0040VIN18,Home_and_Kitchen,"For that, you're better off with the solid plastic, ceramic, or glass filter holders that you can pour more hot water into at a time.",25
PASS_001435,KB_01396,REC_110,B0040VIN18,Home_and_Kitchen,this dripper works extremely well. no more paper filters for me. rich coffee. awesome dripper. makes your pour-over as good as it gets. thanks hario. thanks amazon.,27
PASS_001436,KB_01397,REC_110,B0040VIN18,Home_and_Kitchen,"I just need one single good cup go coffee to take with me in the morning. I have had expresso machines, French presses, and a nespresso machine. The expresso machines and French press require more clean up than I care for. The nespresso machine is great but if you forget to order the capsules u are out of luck. I wanted to simplify my life, and in steps the hario dripper. No paper filters, no runs to special stores for ground coffee and easy clean up. And you still get a darn good cup of coffee.",96
PASS_001437,KB_01398,REC_110,B0040VIN18,Home_and_Kitchen,We've tried a number of other individual coffee filters and like this one best. Love being able to see into the cup as water goes through so you know when the cup is full. Also love not having to use a paper filter with the cone. The resuable nature of the stainless steel filter is really an important feature.,59
PASS_001438,KB_01399,REC_110,B0040VIN18,Home_and_Kitchen,"This is a fantastic coffee brewer. I have to wonder how fine of a grind people are using to report grinds in the coffee. Sure, there's going to be sediment, but that's a far cry from grinds. Are we using the same terminology?There is no paper filter, and it's a very fine mesh, so you're going to get a rich cup of coffee with all the wonderful oils (that get retained by the paper filter normally).Also, technique is very important (more so than with the V60).",86
PASS_001439,KB_01400,REC_110,B0040VIN18,Home_and_Kitchen,"This filter is great if one is looking for a paperless version. Easy to use, no messing with paper filters. Another reviewer gave it a lower score because they feel that there is too much grounds/sediment left after a cup of coffee is finished. I do not feel that there is a lot left in the bottom of a cup. There is some, but not a huge amount in my opinion. I am saying this after seeing how much sediment is left after a cup of french press coffee. Quite a bit in that case.",95
PASS_001440,KB_01401,REC_110,B0040VIN18,Home_and_Kitchen,"The Hario Paperless Coffee Dripper is perfect when you just want one -two cups of coffee. And it is so environmentally friendly! Maybe best of all, it brews a delicious, rich cup of coffee.",34
PASS_001441,KB_01402,REC_110,B0040VIN18,Home_and_Kitchen,"I wonder if that plunger deal with the circle of filter paper at the bottom which you just pour, stir, let sit a moment, and plunge through like a piston in an engine cylinder makes good coffee as was said to me at the kitchen utencil store when I took in my new Hario filter to show them what I'd wanted them to consider carrying.But this is so elegant, sturdy, cleverly built.",72
PASS_001442,KB_01403,REC_110,B0040VIN18,Home_and_Kitchen,I am very impressed with this filter .....It indeed makes a rich brew without any paper filter use.,18
PASS_001443,KB_01404,REC_110,B0040VIN18,Home_and_Kitchen,"Are we using the same terminology?There is no paper filter, and it's a very fine mesh, so you're going to get a rich cup of coffee with all the wonderful oils (that get retained by the paper filter normally).Also, technique is very important (more so than with the V60).",49
PASS_001444,KB_01405,REC_110,B0040VIN18,Home_and_Kitchen,Also love not having to use a paper filter with the cone.,12
PASS_001445,KB_01406,REC_110,B0040VIN18,Home_and_Kitchen,Wish it was offered in ceramic or glass as I am not a fan of plastic but the functionality and usage comfort outwins other aesthetic reasons .,27
PASS_001446,KB_01407,REC_110,B0040VIN18,Home_and_Kitchen,Think it's the shape of the cone - comes to a narrower point than others I've used thus holding in the coffee a bit longer for brewing.,27
PASS_001447,KB_01408,REC_110,B0040VIN18,Home_and_Kitchen,"The plastic frame around the steel mesh is some kind of very dense plastic, almost a ceramic.",17
PASS_001448,KB_01409,REC_110,B0040VIN18,Home_and_Kitchen,"Pour in about an inch circle in the center of the coffee (and for best results, it should be a thin stream, like from a gooseneck kettle)--don't just splash the water in there any which way--it's not going to work out for you.If you haven't had this kind of coffee before, it's going to be different than what you might be used to.",63
PASS_001449,KB_01410,REC_110,B0040VIN18,Home_and_Kitchen,this dripper works extremely well.,5
PASS_001450,KB_01411,REC_110,B0040VIN18,Home_and_Kitchen,"How can such a simple design make a difference? Well, I was skeptical...replace my melitta $4 cone v. $25 Japanese Hario? Are you kidding, no way. Not anymore...this Hario changes the game. I have everything from a $1000 chrome Italian espresso beauty to the $1 cone from a garage sale (Nespresso, moka pots, pavoni, etc...). I like coffee in all forms.Yet for ease of use, form, clean-up and taste, this Hario Paperless wins. Smooth, not bitter, full and rich, hot and easy. And fun too, especially if you know you don't have 10 minutes of clean-up.Search for the videos online for best brewing practices. I use 22 grams of coffee for 300 grams of water for a good American sized cup. (Yes, use your kitchen scale). Some handy tips:1. Preheat your cup but this filter is plastic and steel so no preheating is needed.2. Bloom 22 grams of coffee with 50 grams of water and wait 30 seconds before proceeding. This let's the coffee off-gas and settle into behaving well.3. Pour in a steady slow stream (2 minutes of pouring if you can stand it) working from the center outward, then spiral in and out.4. Mix vigorously for another 30",200
PASS_001451,KB_01411,REC_110,B0040VIN18,Home_and_Kitchen,"if you can stand it) working from the center outward, then spiral in and out.4. Mix vigorously for another 30 seconds. (Don't mix if you like the more delicate and fruity coffee in the Japanese style).Now for a celebration of the design features:a. Cone separates from the stand.b. All edges of the plastic are perfectly smoothed and finished nicely. The plastic is thick and rigid. It reminds me of the good German toy plastic.c. The steel mesh is the finest I have seen. I have many Japanese steel tea infusers, none as fine as this. Water poured directly against it will not get thru. My kitchen sink faucet spray when directed on it doesn't cause more than a drop to get thru. There is some sort of sealing on the mesh I think but I can't even see the holes.So why go paperless? Not for the cost of the filters but for the fuss factor (no messing with another piece in the puzzle, no ""rinsing"" and wetting the dry filter, bleached or unbleached?) and for the taste, nothing added but coffee and water.This is perfect: won't break down, won't cause an explosion, doesn't need polishing or take up counter space,",200
PASS_001452,KB_01411,REC_110,B0040VIN18,Home_and_Kitchen,"coffee and water.This is perfect: won't break down, won't cause an explosion, doesn't need polishing or take up counter space, performs consistently, self contained, and makes a most excellent cup of coffee....I think I might need to buy another one as back-up. This is a simple and perfect product.",49
PASS_001453,KB_01412,REC_111,B002A1LGH8,Home_and_Kitchen,"I use this item to store cheese slices that I use when training my dog. The cooling effect lasts much longer than those plastic containers that have the thin rectangular container filled with (water? / some other liquid?) that snaps into the lid. This chiller uses some kind of gel, and it stays cool longer. Good for a few hours.",60
PASS_001454,KB_01413,REC_111,B002A1LGH8,Home_and_Kitchen,"These are terrific for my children's lunchboxes. I don't have to worry about turkey, ham, or anything that might spoil getting warm before lunch. Sometimes the children have even told me that the sandwich was too cold! They fit nicely into the lunchbox and you can pack yogurt tubes, cheesesticks, or other items that need to stay cold around the outside of the container. I like this container much better than containers that have the ""cold spot"" in the lid only. In my opinion, that does not keep the sandwich cold enough.",92
PASS_001455,KB_01414,REC_111,B002A1LGH8,Home_and_Kitchen,"I just received 4 of these containers in the mail, intending to use them for my family's lunches. Before I even took one of the containers out of the packaging, I noticed a statement on the box:  ""FOR BEST RESULTS PLACE SANDWICH IN A PLASTIC BAG TO PROTECT FROM CONDENSATION."" The purpose of a sandwich container is to prevent the use of plastic bags! It leads me to ask - What were they thinking? Or were they?? Sadly, these will have to be returned as I do NOT want soggy sandwiches or to use plastic bags.",96
PASS_001456,KB_01415,REC_111,B002A1LGH8,Home_and_Kitchen,"With this container, the gel that is frozen is in the bottom and the sides of the container. This makes much more sense since it surrounds the entire sandwich and keeps it cold. I cannot classify this product as perfect because two of the containers I've owned have cracked. One fell out of the freezer onto the floor and one of the sides cracked. I've only had the replacement container for a month and a half and I just noticed that the lip of the bottom portion is beginning to crack. This is disappointing since the price is quite high and I have 3 children who need sandwich containters.",109
PASS_001457,KB_01416,REC_111,B002A1LGH8,Home_and_Kitchen,its a good idea though will not fit a sandwich. should be a 2 inch bigger box on all sides.,20
PASS_001458,KB_01417,REC_111,B002A1LGH8,Home_and_Kitchen,We love these containers. They keep my kids' fruit nice and cold in their lunches and the size is very convenient. It holds a large serving of fruit or half of a sandwich (unless your bread is really small). I have bought multiple ones because they work so well and fit nicely in their lunch bags.,56
PASS_001459,KB_01418,REC_111,B002A1LGH8,Home_and_Kitchen,This is my second purchase of this item. It works great for kids' lunches. Keeps items cold until lunchtime. Don't worry about sending mayo or cheese.,26
PASS_001460,KB_01419,REC_111,B002A1LGH8,Home_and_Kitchen,"This is an awesome item! Keeps things cold for hours and hours! No more ice block falling to the wayside in the lunch box! This product is also available at WalMart. I bought the smaller, circular one too and it kept a hard-boiled egg cold for 6 hours! And I mean COLD - as cold as when I put the egg in from the fridge!",65
PASS_001461,KB_01420,REC_111,B002A1LGH8,Home_and_Kitchen,"These containers are great! They keep your foods cold all day! Don't let the title fool you...I use the sandwich chiller for any type of food. Get in the habit of coming home and cleaning the product and putting the freezer part in the freezer, and you are all set. Helps when you're dieting and in saving money. Take veggies, left overs, etc, and save money, instead of deciding to eat lunch out. Great buy!! if they had more styles, I would order each!!",84
PASS_001462,KB_01421,REC_111,B002A1LGH8,Home_and_Kitchen,"These arrived just in time for our fall harvest of soybeans and corn. My husband and son work eighteen hour days, and they need these coolers for their food supply for the day!",33
PASS_001463,KB_01422,REC_111,B002A1LGH8,Home_and_Kitchen,The purpose of a sandwich container is to prevent the use of plastic bags!,14
PASS_001464,KB_01423,REC_111,B002A1LGH8,Home_and_Kitchen,I've only had the replacement container for a month and a half and I just noticed that the lip of the bottom portion is beginning to crack.,27
PASS_001465,KB_01424,REC_111,B002A1LGH8,Home_and_Kitchen,"With this container, the gel that is frozen is in the bottom and the sides of the container.",18
PASS_001466,KB_01425,REC_111,B002A1LGH8,Home_and_Kitchen,The cooling effect lasts much longer than those plastic containers that have the thin rectangular container filled with (water?,19
PASS_001467,KB_01426,REC_111,B002A1LGH8,Home_and_Kitchen,"I like this container much better than containers that have the ""cold spot"" in the lid only.",17
PASS_001468,KB_01427,REC_111,B002A1LGH8,Home_and_Kitchen,"They fit nicely into the lunchbox and you can pack yogurt tubes, cheesesticks, or other items that need to stay cold around the outside of the container.",27
PASS_001469,KB_01428,REC_111,B002A1LGH8,Home_and_Kitchen,very environment friendly no more having to use sandwich bags.,10
PASS_001470,KB_01429,REC_111,B002A1LGH8,Home_and_Kitchen,that snaps into the lid.,5
PASS_001471,KB_01430,REC_111,B002A1LGH8,Home_and_Kitchen,should be a 2 inch bigger box on all sides.,10
PASS_001472,KB_01431,REC_111,B002A1LGH8,Home_and_Kitchen,its a good idea though will not fit a sandwich.,10
PASS_001473,KB_01432,REC_111,B002A1LGH8,Home_and_Kitchen,"I wanted something sandwich size but not much larger to throw in my backpack and keep a sandwich cool for 4-8 hours.  It keeps cool at room temp (74F-78F degrees) for about 4 hours and not much longer.  Even worse is that it sweats/condensates very badly so it's not possible to just toss it in a backpack with books and papers or they will be ruined. The form factor is just right and it doesn't over-cool items so that's good but it's hard to get past the condensation and short time it stays cool.  Perhaps it will work better in a cool, low humidity region.",105
PASS_001474,KB_01433,REC_112,B007QZ8NII,Home_and_Kitchen,"COME ON HUMIDITY  also remote is handy and wheels for using all over house - but probably the best feature that caused me to get it was the louver panel in front that goes up and down  left and right  many people in my complex bought the same style of air conditioners cause of our window type but they ALL complained that they could NOT direct the air any other way then straight ahead - this was the main reason i took a chance on this item - this is a big investment for anyone and you really want something that will please you ALL AROUND...it's like getting a ""brand new car"" and i LOVE MY NEW CAR!",118
PASS_001475,KB_01434,REC_112,B007QZ8NII,Home_and_Kitchen,"But having said that, so far, this little unit works quite well.Update: This past weekend our bldg's central air went out...it was VERY humid even tho the temp inside was only 79d, the humidity was 62%. I set the unit up in the living room to see what would happen even though the area is at least 700 sq ft. The unit reduced the temp by 2 degrees...which is amazing considering the size of the room, but it reduced the humidity by 9%...down to 53%.",85
PASS_001476,KB_01435,REC_112,B007QZ8NII,Home_and_Kitchen,"(Good thing since the drainage access is similarly poorly placed at the absolute bottom of this unit and it would be impossible to elevate this large and heavy 82 lbs. portable unit for manual drainage).For the new smaller unit I am now placing it on a 9 1/2&#34; riser and positioning it with a more direct exhaust hose access from the machine to the outside, hoping that it improves air flow well enough to allow better moisture escape via the air hose.",82
PASS_001477,KB_01436,REC_112,B007QZ8NII,Home_and_Kitchen,"I wish the company would provide you with foam to plug the gaps, its honestly kind of stupid that they don't. The window AC unit we bought(and had to return since it didn't fit the window) came with foam for that specific reason! So I don't understand why SoleusAir doesn't include a piece of foam in the kit.We were able to plug the gap and fix this issue by buying one of those foam pool noodles from walmart. Cut it to the width of the window and sliced it down length wise(like a hot dog) and slipped it over the top of the plastic vent.",105
PASS_001478,KB_01437,REC_112,B007QZ8NII,Home_and_Kitchen,"I Could Simply Raise The Unit On A Stand So The Drain Port Is Above The Sill.I've Put My Haier 10K BTU Unit Back In Service. Through The Last Four Years, It Has Seen Me Through Many Sweaty Days Without Fail. The Much Shorter Hair Exhaust Adapters Yield The Front Of Its Much Larger Unit 20"" From The Window. Produces 10,000 BTU At 950 Watts Consumed ( EER - 10.53 ) Draws 9 Amps.As Each Unit Has Same EER, If The Smaller Soleus Unit Were Less Prone To Stopping, I Would Give This Unit Great Preference.",96
PASS_001479,KB_01438,REC_112,B007QZ8NII,Home_and_Kitchen,"The instruction is VERY clear, about setting up the tank for evaporation. I LOVED how the air conditioning works immediately - you don't have to wait but  a few seconds! You can even stand in front of the unit and get a nice cold strong wind blow all over you. It's a life saver during the heat wave and had kept me very happy and very comfortable. SOOOO nice! I don't know how people survive without it, and wish I bought it sooner. Also, I was afraid that 8000 BTUs would not be efficient but it was more than.",99
PASS_001480,KB_01439,REC_112,B007QZ8NII,Home_and_Kitchen,"Now when the window shuts to hold it in place the pool noodle fills the gaps and creates a decent seal to keep the hot air out!I think that an 8,000 btu window unit(in the right brand) probably does cool slightly better than the portable unit, but Over all I would recommend it. Its a nice option if you are on a budget and cant use a window unit(for whatever reason), and don't plan on running it 24/7. I have not had the need to run mine for more than a few hours at a time, so I cannot say if it will hold up to 24/7 use or not.",110
PASS_001481,KB_01440,REC_112,B007QZ8NII,Home_and_Kitchen,"&#34;No problem. I'll just let it sit there for a minute.&#34; A minute goes by about sixty times, flip on the AC: nothing. Time to call the company.The girl that answers the phone assured me at least three times that she has worked there for &#34;a long time.&#34; I would have believed her if she didn't have to put me on hold another three times after I informed her that my unit wasn't working. &#34;Have you let it sit for two to four hours?&#34;I have to let it sit for possibly four hours?&#34;You didn't know that?",96
PASS_001482,KB_01441,REC_112,B007QZ8NII,Home_and_Kitchen,"OH! I know! Spend more money! Yeah!!! Get them to spend more money!&#34; What a joke. This girl's &#34;long time&#34; of experience couldn't have been more than the summer months between high school semesters. No problem - we've all had summer jobs. But ask me to buy a more expensive product as your first response to, what I would consider to be, a pretty popular question for any company - that's a little ridiculous.She ended up starting to send me a replacement unit while I went through the headache of boxing up the broken one and shipping it back for a refund, which I received today, but I opted to cancel the order.",113
PASS_001483,KB_01442,REC_112,B007QZ8NII,Home_and_Kitchen,"I purchased this portable AC from my local home improvement store to run in the evenings to keep my bedroom cool. I would have preferred a window unit but one will not fit properly in the apartment windows where I live.I don't know the specifics on the size of my bedroom but its large enough to fit a queen size bedroom set plus a layzboy comfortably, and this unit cools it down in less than 10 minutes. I mostly run it in the evenings, and have even left it running over night a few times to help keep it cool, because the apartment ac tends to crap out and blow luke warm air around with its hits 80+ outside.",119
PASS_001484,KB_01443,REC_112,B007QZ8NII,Home_and_Kitchen,"Produces 10,000 BTU At 950 Watts Consumed ( EER - 10.53 ) Draws 9 Amps.As Each Unit Has Same EER, If The Smaller Soleus Unit Were Less Prone To Stopping, I Would Give This Unit Great Preference.",37
PASS_001485,KB_01444,REC_112,B007QZ8NII,Home_and_Kitchen,"I bought mine at Lowe's.com because none of the sellers on Amazon would ship to my location (APO AP military address) Lowe's, thank you for supporting your troops.",28
PASS_001486,KB_01445,REC_112,B007QZ8NII,Home_and_Kitchen,"I would have preferred a window unit but one will not fit properly in the apartment windows where I live.I don't know the specifics on the size of my bedroom but its large enough to fit a queen size bedroom set plus a layzboy comfortably, and this unit cools it down in less than 10 minutes.",56
PASS_001487,KB_01446,REC_112,B007QZ8NII,Home_and_Kitchen,"portable unit for manual drainage).For the new smaller unit I am now placing it on a 9 1/2&#34; riser and positioning it with a more direct exhaust hose access from the machine to the outside, hoping that it improves air flow well enough to allow better moisture escape via the air hose.",52
PASS_001488,KB_01447,REC_112,B007QZ8NII,Home_and_Kitchen,"The unit reduced the temp by 2 degrees...which is amazing considering the size of the room, but it reduced the humidity by 9%...down to 53%.",25
PASS_001489,KB_01448,REC_112,B007QZ8NII,Home_and_Kitchen,"Its a nice option if you are on a budget and cant use a window unit(for whatever reason), and don't plan on running it 24/7.",25
PASS_001490,KB_01449,REC_112,B007QZ8NII,Home_and_Kitchen,I want recommend this ac to anyone!,7
PASS_001491,KB_01450,REC_112,B007QZ8NII,Home_and_Kitchen,"I've Cut Off About 9"" Of The Included 5 1/2"" Diameter Flexible Hose To Connect The Fittings With No Exposed Flexible Hose.",22
PASS_001492,KB_01451,REC_112,B007QZ8NII,Home_and_Kitchen,"When installed with the hot-air duct properly directed out a window, it has the major advantage (over a standard room dehumidifier) of cooling rather than heating the room; it has the disadvantage of being significantly harder to manually drain (there is no removable bucket), though this is a minor issue now that I can put a bucket below it, since I've have placed the unit on a short strong stand with a 'railing' to keep the it from rolling off (lockable wheels would be an improvement).",86
PASS_001493,KB_01452,REC_112,B007QZ8NII,Home_and_Kitchen,"I found mine locally for $250, and figured that's a pretty good price for a portable. We needed something small and efficient for a warm upstairs bedroom. Since our windows crank out I couldn't easily use the window kit. Instead, I installed the unit in a closet and put a hole through the house to vent it outside. The hole (and outside vent cover) is directly behind the exhaust port and minimal tubing was needed to vent. That way it sits close to the wall and there's no clumsy hose (6"" diameter hose!) taking up space.I like that portables are quieter and generally more energy-efficient than cheaper window units. However, it's still an air conditioner and there is still compressor noise. The 4-speed fan on low is quiet enough, but the compressor still has to turn on and off so there will be some disturbance for light sleepers. I use ear plugs anyway, so no prob.Operationally I've had no trouble keeping the bedroom as cool as I need (about 72 degrees)considering it's basically a hot upstairs space. The unit seems well built, works as advertised and I am happy to give a positive review for this air conditioner. I would",200
PASS_001494,KB_01452,REC_112,B007QZ8NII,Home_and_Kitchen,"well built, works as advertised and I am happy to give a positive review for this air conditioner. I would give it 5 stars but it's a little noisier than I wish it was. That's my deal, though, and no fault of the unit. I would buy it again, and I would recommend it to a friend.",57
PASS_001495,KB_01453,REC_113,B00B4M83MU,Home_and_Kitchen,this was the best bang for your buck! such a great deal and so glad i found it for our company.,21
PASS_001496,KB_01454,REC_113,B00B4M83MU,Home_and_Kitchen,"these were a bit shorter then i expected, hard to stir a drink when your fingers are dragging in your coffee",21
PASS_001497,KB_01455,REC_113,B00B4M83MU,Home_and_Kitchen,"it's too short. it's ok for coffee but not cocktail drinks. also they should have put them in a plastic bag inside the box. it doesn't have plastic bag and I can see some cardboard dust all over the straws. kinda unsanitary, God knows who has been opening the box or play with them before shipping out.",57
PASS_001498,KB_01456,REC_113,B00B4M83MU,Home_and_Kitchen,it was very convenient and i will purchase this again. I love it and last long. another thing use and throw,21
PASS_001499,KB_01457,REC_113,B00B4M83MU,Home_and_Kitchen,good buy go for it . really good deal  . i paid much more elsewhere for these little packages. go for it,22
PASS_001500,KB_01458,REC_113,B00B4M83MU,Home_and_Kitchen,Wow! - great length. . and you get so many. will last a long time for my home and our parties.,21
PASS_001501,KB_01459,REC_113,B00B4M83MU,Home_and_Kitchen,"Works like a straw should. Great length for the high ball glasses, awesome for the person who likes to sip their drink...",22
PASS_001502,KB_01460,REC_113,B00B4M83MU,Home_and_Kitchen,"What can I say. they are plastic stir straws for coffee. 1000 will last the office a while too, some of the people here suck down a lot of coffee every day but these are cheap and will go a long way.",42
PASS_001503,KB_01461,REC_113,B00B4M83MU,Home_and_Kitchen,"Well, the Black Sip Stirrers 5 Inch 1000/box came as expected. Its a thousand black straws in a box, and they all work . . .",26
PASS_001504,KB_01462,REC_113,B00B4M83MU,Home_and_Kitchen,Well they. Stir things well. If you need to stir something just get theses they do what it says. Enough said,21
PASS_001505,KB_01463,REC_113,B00B4M83MU,Home_and_Kitchen,will last a long time for my home and our parties.,11
PASS_001506,KB_01464,REC_113,B00B4M83MU,Home_and_Kitchen,"version for my travel mugs, this barely sticks out the top..no other cons I can think of.Simple item, easy on the wallet price..",23
PASS_001507,KB_01465,REC_113,B00B4M83MU,Home_and_Kitchen,this was the best bang for your buck!,8
PASS_001508,KB_01466,REC_113,B00B4M83MU,Home_and_Kitchen,they are plastic stir straws for coffee.,7
PASS_001509,KB_01467,REC_113,B00B4M83MU,Home_and_Kitchen,such a great deal and so glad i found it for our company.,13
PASS_001510,KB_01468,REC_113,B00B4M83MU,Home_and_Kitchen,"kinda unsanitary, God knows who has been opening the box or play with them before shipping out.",17
PASS_001511,KB_01469,REC_113,B00B4M83MU,Home_and_Kitchen,it's ok for coffee but not cocktail drinks.,8
PASS_001512,KB_01470,REC_113,B00B4M83MU,Home_and_Kitchen,"For some reason everywhere I go lately and order a drink, they are using full size straws in them. I was told by two establishments they are not allowed to use these anymore. No-one could explain why. The soda straw just ruins the drink for me, so I ordered these and will carry a few with me in case I would like a drink somewhere. Strange but true.",68
PASS_001513,KB_01471,REC_114,B002865DNI,Home_and_Kitchen,"works great, very sturdy, no problems with it yet and have had since December. my only gripe is the price.... but seeing I have replace 2-3 crappy ones over the past few years I guess I have spent about the same.",41
PASS_001514,KB_01472,REC_114,B002865DNI,Home_and_Kitchen,"seems expensive for its size, I expected it to take more loads. nice design though but the bags can't stand on its own when removed",25
PASS_001515,KB_01473,REC_114,B002865DNI,Home_and_Kitchen,its definitely not as fancy looking as I imagined from the picture so the high price seems less justified. each bag fits 2 loads of laundry in a large washer so I have no idea why people are disappointed by the size. the handles are great. makes it very easy to carry out to the washer.,56
PASS_001516,KB_01474,REC_114,B002865DNI,Home_and_Kitchen,"it's stylish, compact. holds my dirty clothes... well that's what it's supposed to do.I love it.you can pull out the bins and carry them around.maybe if it came in different colors? I can't think of anything negative to say, really.buy 1, buy 2... buy everyone in your family one of these things, they are awesome!",55
PASS_001517,KB_01475,REC_114,B002865DNI,Home_and_Kitchen,"don't know how i lived without a double laundry basket. sorting was so annoying. granted the simple human stuff is pricey, but they always make a quality product. very sturdy frame, easy transport handles on bags. each bag holds essentially a full load so you know where you are at a glance.",52
PASS_001518,KB_01476,REC_114,B002865DNI,Home_and_Kitchen,You look like an adult with good taste.I live in a condo and our washers/dryers aren't in my unit. It was hugely convenient to take the bags and walk to the washers and empty my laundry. Also I find that once one bag is full (to the top) that is roughly equal to two loads of laundry. Unlike the plastic hamper that would get full and sometimes it would be 3 or more loads of laundry. Having two separate bags is a nice way to keep white and dark clothing separate.The laundry hamper looks fantastic.,95
PASS_001519,KB_01477,REC_114,B002865DNI,Home_and_Kitchen,"Worth every penny. You should definitely spend your money on this. No regrets. I bought 2 so that I could have four types of laundry separated. When one is full I pick up that sections bag and take it to the machine. Fantastic, strong, sturdy.",45
PASS_001520,KB_01478,REC_114,B002865DNI,Home_and_Kitchen,"What could be wrong with it? Well, it came in this gray/off-white color combination, not the taupe you see in the official picture on Amazon and elsewhere. I'm surprised nobody else mentioned it. The representative was very pleasant, but insisted they only make it in one color combo, and this was it. I initially planned to return this item, then quickly decided it was not an option.It is an interesting design. The frame seems sturdy and looks good in chrome but other color options would be nice.",87
PASS_001521,KB_01479,REC_114,B002865DNI,Home_and_Kitchen,Well worth the $$. This is a product that will last a long time and is so much better than smaller versions that you can purchase in the usual mega stores. I am very happy with this purchase.,38
PASS_001522,KB_01480,REC_114,B002865DNI,Home_and_Kitchen,"works great, very sturdy, no problems with it yet and have had since December.",14
PASS_001523,KB_01481,REC_114,B002865DNI,Home_and_Kitchen,"washer & dryer (with some room to spare).+ Breathable: Mesh sides provide air ventilation.+ Durable.+ Design.CONS:- Falls: Although the bags are durable & easy to use, they can't stand up on their own.- Stationary: No wheels for transporting laundry loads to & from washer & dryer.- Price: A bit pricy for a hamper.",53
PASS_001524,KB_01482,REC_114,B002865DNI,Home_and_Kitchen,"very sturdy frame, easy transport handles on bags.",8
PASS_001525,KB_01483,REC_114,B002865DNI,Home_and_Kitchen,"that fall apart, look ugly and/or don't stand up well over time.",12
PASS_001526,KB_01484,REC_114,B002865DNI,Home_and_Kitchen,"seems expensive for its size, I expected it to take more loads.",12
PASS_001527,KB_01485,REC_114,B002865DNI,Home_and_Kitchen,nice design though but the bags can't stand on its own when removed,13
PASS_001528,KB_01486,REC_114,B002865DNI,Home_and_Kitchen,my only gripe is the price.... but seeing I have replace 2-3 crappy ones over the past few years I guess I have spent about the same.,27
PASS_001529,KB_01487,REC_114,B002865DNI,Home_and_Kitchen,makes it very easy to carry out to the washer.,10
PASS_001530,KB_01488,REC_114,B002865DNI,Home_and_Kitchen,"I like the hamper quite a bit. Better than any I have ever had. The only gripe I have is that when you take out one side of it to take it to the washer, it doesn't stand up on it's own. I wish it was able to stand freely, so you aren't digging out the clothes. Other than that, very pleased. Definitely better looking that any hamper I have ever seen.",72
PASS_001531,KB_01489,REC_115,B004P2LEE0,Home_and_Kitchen,A well made slow cooker. Bought this to dedicate to making soap. Didn't want to use the one I have to cook with for soap making.,26
PASS_001532,KB_01490,REC_115,B004P2LEE0,Home_and_Kitchen,"I recently landed my first full-time gig after graduating college. for months I basically ate out for every meal, because I craved a warm meal, but had no desire to spend my few hours of free time after work in the kitchen putting together a meal that I would devour in less than ten minutes.So, I got myself this slow cooker and tried out a few recipes. I have to say, I can't imagine life without a slow cooker now! I made a pot roast with red wine a few times and let it cook on low for 12 hours over night.",102
PASS_001533,KB_01491,REC_115,B004P2LEE0,Home_and_Kitchen,"Oh, how I loved this Crock Pot.....until I totally destroyed it by overfilling it with angel food cake batter, which overflowed into the heating elements and essentially fried it. I ordered a smaller one, a 1.5-quart slow cooker this time, thinking that since I'm only cooking for one that was all I really needed. SO, SO WRONG. You can't fit anything in a tiny little pot like that! Unless you're making breakfast oatmeal or a dip or something, stick with this one, single peeps.",84
PASS_001534,KB_01492,REC_115,B004P2LEE0,Home_and_Kitchen,"It turned out perfect and there were no burn marks. I have heard some people complain about the loose lid, but I don't see it as a problem, because it lets a little steam escape and probably prevents a really full pot from boiling up too much.Needless to say, I eat home-cooked meals every night. This is perfect for 2 people or 3-4 meals for 1 person. I have since stopped blowing my money eating out for 2 meals five days a week. I let something cook all day and have a great meal for dinner, and bring the leftovers for lunch the next day.",105
PASS_001535,KB_01493,REC_115,B004P2LEE0,Home_and_Kitchen,Room for 3-4 portions of food. This is going to be my summer cooker when it's hot outisde and I want to cook hot food inside. Doesn't heat up the whole house. Removable crock is great! Works like a champ!,40
PASS_001536,KB_01494,REC_115,B004P2LEE0,Home_and_Kitchen,"I tried several brands of slow cookers for my ""Shabbos chulent"" (a food made of meat and beans) but none of them did the job properly. One of them dried it out completely even on the low setting. The other one didn't complete the cooking even on the high setting.after 16 hours of cooking.The third brand didn't even start to cook on the low setting but on the high setting it got burned.Finely I decide to get the original Crock-Pot slow cooker and yes it does a perfect job time after time and never fails!",95
PASS_001537,KB_01495,REC_115,B004P2LEE0,Home_and_Kitchen,"So if you want a 3 quart pot, you should buy a 4 quart.In addition, to test it, I put 2 quarts of water, dehydrated vegetables, potatoes, and just cooked chicken to make soup. Put it on high and after 2 hours, the water was still not hot. I know this is a slow cooker but having meat sit for two hours before reaching boiling point is too long.",69
PASS_001538,KB_01496,REC_115,B004P2LEE0,Home_and_Kitchen,I live alone and my 5 qt. pot is too big for a lot of the meals I want to cook. The 2 qt. pot is perfect for me. I can slow cook chicken breasts or thighs with vegetables in small portions without anything drying out or scorching. It's big enough for meals for two people so I can always have leftovers for later. The low price can't be beat!,70
PASS_001539,KB_01497,REC_115,B004P2LEE0,Home_and_Kitchen,"I like that it had a &#34;low&#34; setting, which most slow cookers of this size and price point do not have (they only have &#34;high,&#34; &#34;low,&#34; and &#34;off&#34;). I also like that we no longer have to make more servings than we really need in order for it to function as intended (e.g., if you want it to cook at the correct temperature and for the correct amount of time, ideally you'll need to fill it about 3/4 full.",79
PASS_001540,KB_01498,REC_115,B004P2LEE0,Home_and_Kitchen,"This is a great small crockpot for a 2 person need. I found this to be the answer. It works well and I have not been disappointed in my purchase. It works well for making desserts for individuals, just put a trivet under your individual size portions ans slow cook away! I would recommend.",54
PASS_001541,KB_01499,REC_115,B004P2LEE0,Home_and_Kitchen,The other one didn't complete the cooking even on the high setting.after 16 hours of cooking.The third brand didn't even start to cook on the low setting but on the high setting it got burned.Finely I decide to get the original Crock-Pot slow cooker and yes it does a perfect job time after time and never fails!,57
PASS_001542,KB_01500,REC_115,B004P2LEE0,Home_and_Kitchen,Didn't want to use the one I have to cook with for soap making.,14
PASS_001543,KB_01501,REC_115,B004P2LEE0,Home_and_Kitchen,This is going to be my summer cooker when it's hot outisde and I want to cook hot food inside.,20
PASS_001544,KB_01502,REC_115,B004P2LEE0,Home_and_Kitchen,"I ordered a smaller one, a 1.5-quart slow cooker this time, thinking that since I'm only cooking for one that was all I really needed.",25
PASS_001545,KB_01503,REC_115,B004P2LEE0,Home_and_Kitchen,pot is too big for a lot of the meals I want to cook.,14
PASS_001546,KB_01504,REC_115,B004P2LEE0,Home_and_Kitchen,"I also like that we no longer have to make more servings than we really need in order for it to function as intended (e.g., if you want it to cook at the correct temperature and for the correct amount of time, ideally you'll need to fill it about 3/4 full.",51
PASS_001547,KB_01505,REC_115,B004P2LEE0,Home_and_Kitchen,I made a pot roast with red wine a few times and let it cook on low for 12 hours over night.,22
PASS_001548,KB_01506,REC_115,B004P2LEE0,Home_and_Kitchen,"That being said, it's still great at cooking what I need and now I don't have to drag out my huge crockpot if I want to make soup or chili for one.",32
PASS_001549,KB_01507,REC_115,B004P2LEE0,Home_and_Kitchen,"Because I want to share the joy but keep my collection intact, this one was purchased for a friend.It is very basic, like the original models.",26
PASS_001550,KB_01508,REC_115,B004P2LEE0,Home_and_Kitchen,I bought this to cook oatmeal and so far that is all I have cooked.,15
PASS_001551,KB_01509,REC_115,B004P2LEE0,Home_and_Kitchen,"After being &#34;retired&#34; for almost five years, I have realized that I'm still shopping and cooking like I did when I was working, using precooked, semi-fast, and packaged ingredients, and that grocery prices continue to climb. I live in a high desert area with extremes of climate, yet I find that my metabolism is most in balance when I eat consistent amounts of protein, in meals that are warm and savory, all year round. With those elements in mind, I decided to incorporate the use of a Slow Cooker into my meal preparation.With all the sources of recipes on the internet and in cookbooks, I have discovered that I can spend as much or as little time on the prep as I desire, have easy clean up, and this little cooker will yield 3-4 servings, just enough for our household of two. And I can still spend most of the day in my studio.Technical Notes:The outside of the cooker does get hot to the touch, and there is no indicator light to remind you that it is running. I have a large silicon board that I put it on to protect my butcher block counter. I also make a note",200
PASS_001552,KB_01509,REC_115,B004P2LEE0,Home_and_Kitchen,"a large silicon board that I put it on to protect my butcher block counter. I also make a note when I turn it on, and set a portable timer to remind me to check it.There is a bit of &#34;flutter&#34; in the glass lid when cooking recipes that have more moisture, like soup or beans, that results in dribbles down the outside of the unit. When I turned the heat to LOW, this over bubbling stops.As with every recipe, and small appliance there will be a trial and error period to determine your particular variables.So far for me, after one week and four meals cooked, I am enjoying the results of &#34;Slow&#34; cooking, freezing leftover, and spending less, while using more fresh ingredients.With its reasonable price, this little Three Quart crock pot would be a frugal investment even if you only use it for four of your favorite meals.",150
PASS_001553,KB_01510,REC_116,B00ECH685S,Home_and_Kitchen,"This item is a quality item. It fits a 3 gallon crock perfectly. The advertising claimed that it would also fit a one gallon crock, but it doesn't do more than just cover the top of the crock and does not look pleasing with so much of the lid hanging over the top edge. I recommend using it for 3 gallon crocks. I would purchase more of this item.",69
PASS_001554,KB_01511,REC_116,B00ECH685S,Home_and_Kitchen,I've ordered these crock covers twice now. The first was canceled because they were out of stock. When Amazon notified me they were available I ordered right away. These covers are very hard to find. With that being said I simply do not understand why they pack these covers with a piece of flimsy cardboard between them. The top one was shattered to bits. $41.14 is a little steep for just one cover and I will be sending for a replacement. I am very happy with the covers themselves and will be making my husband sauerkraut soon!,97
PASS_001555,KB_01512,REC_116,B00ECH685S,Home_and_Kitchen,"The actual product is a stoneware crock cover. It works exactly as you'd expect. I received mine in a box w/ absolutely zero padding and smashed to pieces. I contacted the seller and they promptly sent me another. I did mention that these were stoneware shipped with absolutely no padding/protection of any kind. Just two pieces of heavy stoneware put into a box. The second set came in the same packaging or lack thereof, but one was fine and the other was smashed to bits. I did contact them and told them no further action was required, because I only really needed one.So, the product is great.",107
PASS_001556,KB_01513,REC_116,B00ECH685S,Home_and_Kitchen,The seller was kind and courteous and quickly resolved my original issue. The person who packed these for shipping might want to take a class on how to ship stoneware.,30
PASS_001557,KB_01514,REC_116,B00ECH685S,Home_and_Kitchen,$41.14 is a little steep for just one cover and I will be sending for a replacement.,17
PASS_001558,KB_01515,REC_116,B00ECH685S,Home_and_Kitchen,"I did contact them and told them no further action was required, because I only really needed one.So, the product is great.",22
PASS_001559,KB_01516,REC_116,B00ECH685S,Home_and_Kitchen,The actual product is a stoneware crock cover.,8
PASS_001560,KB_01517,REC_116,B00ECH685S,Home_and_Kitchen,I recommend using it for 3 gallon crocks.,8
PASS_001561,KB_01518,REC_116,B00ECH685S,Home_and_Kitchen,"The advertising claimed that it would also fit a one gallon crock, but it doesn't do more than just cover the top of the crock and does not look pleasing with so much of the lid hanging over the top edge.",41
PASS_001562,KB_01519,REC_116,B00ECH685S,Home_and_Kitchen,These covers are very hard to find.,7
PASS_001563,KB_01520,REC_116,B00ECH685S,Home_and_Kitchen,It fits a 3 gallon crock perfectly.,7
PASS_001564,KB_01521,REC_116,B00ECH685S,Home_and_Kitchen,With that being said I simply do not understand why they pack these covers with a piece of flimsy cardboard between them.,22
PASS_001565,KB_01522,REC_116,B00ECH685S,Home_and_Kitchen,When Amazon notified me they were available I ordered right away.,11
PASS_001566,KB_01523,REC_116,B00ECH685S,Home_and_Kitchen,I would purchase more of this item.,7
PASS_001567,KB_01524,REC_116,B00ECH685S,Home_and_Kitchen,"The actual product is a stoneware crock cover. It works exactly as you'd expect. I received mine in a box w/ absolutely zero padding and smashed to pieces. I contacted the seller and they promptly sent me another. I did mention that these were stoneware shipped with absolutely no padding/protection of any kind. Just two pieces of heavy stoneware put into a box. The second set came in the same packaging or lack thereof, but one was fine and the other was smashed to bits. I did contact them and told them no further action was required, because I only really needed one.So, the product is great. The seller was kind and courteous and quickly resolved my original issue. The person who packed these for shipping might want to take a class on how to ship stoneware.",137
PASS_001568,KB_01525,REC_117,B009MBW1AK,Home_and_Kitchen,"If you want skillets to put in the oven then you shouldn't purchase these. I seasoned mine and they work perfect....no sticking whatsoever. There are no rivets which makes them very easy to clean. I have never put a skillet or pan of any kind in my dishwasher but they say they are dishwasher safe. Also, they say you can use metal utensils but I use silicone utensils just be on the safe side and I line them with thick dish towels when storing to avoid scratching the interior surface.",90
PASS_001569,KB_01526,REC_117,B009MBW1AK,Home_and_Kitchen,"The design is in my opinion excellent and I expect them to last forever. They are heavy and I had to adjust to the weight compared the the non-stick pans I had been using. The handles are large and easy to grip and there is a pouring lip on one side for draining food. The lids are vented to allow steam to escape. I have only a couple of suggestions. I had someone ask me if they could go in the oven and I had no idea, so perhaps some information regarding general use would be helpful.",97
PASS_001570,KB_01527,REC_117,B009MBW1AK,Home_and_Kitchen,This is a great cookware set. It is so easy to use and to clean! There is not sticking of the food to the pan.,25
PASS_001571,KB_01528,REC_117,B009MBW1AK,Home_and_Kitchen,Great cookware.....would have given it a 5 except the lids came without any nobs for them and had to jimmy rig that.,22
PASS_001572,KB_01529,REC_117,B009MBW1AK,Home_and_Kitchen,I like how this cookware heats up evenly and makes the entire pan bottom hot. I am looking for some pots with lids now.,24
PASS_001573,KB_01530,REC_117,B009MBW1AK,Home_and_Kitchen,"Amore Kitchenware started in 2012, and I'm impressed. If ever the need arises to purchase cookware in the future, FlameKiss will be my first choice. Great product for the money!",30
PASS_001574,KB_01531,REC_117,B009MBW1AK,Home_and_Kitchen,"The 5 piece Cookware Set surpasses expectations! It cooks food evenly, is really non-stick, and cleans up easily. These are the best fry pans I have ever had in my  60 years of cooking.",34
PASS_001575,KB_01532,REC_117,B009MBW1AK,Home_and_Kitchen,"Fabulous set! Very heavy and well made. I read reviews on a ton of Ceramic Skillets and these had the best reviews. I like the heat ring and the conduction design distributes heat very evenly. I  still love my cast iron and use them for anything that needs to go in the oven or frying, however, many things cannot be cooked in cast iron so these are the ticket! The pans are thick and I like the black color interior coating as well as the Tuscany exterior design. Before you pay a ton for Henckels and All Clad be sure to check these out.",104
PASS_001576,KB_01533,REC_117,B009MBW1AK,Home_and_Kitchen,"They are significantly lighter in weight, heat evenly, and are much pretter to look at than the cast iron. I love to show them off to guests who come into the kitchen when I'm doing breakfast. We have not run them through the dishwasher because of the ease of cleanup, and avoid using metal utensils even though the manufacturer says either can be done. After several months these pans are showing no signs of wear and tear. Making food look pretty makes it taste better. Maybe cooking in pretty cookware does the same.",93
PASS_001577,KB_01534,REC_117,B009MBW1AK,Home_and_Kitchen,"If you use an electric stove top for cooking, the pan has to be flat to conduct heat. I've looked for pans to do this. I can't tell you how happy I am with this set of cookware. The quality of construction is excellent. The bottom of these pans are made of extra heavy material that keeps the pan flat on the stove. The  pans come with a design of fruit on the sides of the two larger pans which gives them a flavor all their own. The glass covers for the two large pans is a real bonus, and each has a built in vent piece.",107
PASS_001578,KB_01535,REC_117,B009MBW1AK,Home_and_Kitchen,If you want skillets to put in the oven then you shouldn't purchase these.,14
PASS_001579,KB_01536,REC_117,B009MBW1AK,Home_and_Kitchen,"I  still love my cast iron and use them for anything that needs to go in the oven or frying, however, many things cannot be cooked in cast iron so these are the ticket!",34
PASS_001580,KB_01537,REC_117,B009MBW1AK,Home_and_Kitchen,This is the best (frying pan) cookware set--ever.,8
PASS_001581,KB_01538,REC_117,B009MBW1AK,Home_and_Kitchen,This is a great cookware set.,6
PASS_001582,KB_01539,REC_117,B009MBW1AK,Home_and_Kitchen,"The cookware also sits level on my electric glasstop range, unlike my orgreenic 12 inch skillet.",16
PASS_001583,KB_01540,REC_117,B009MBW1AK,Home_and_Kitchen,The 5 piece Cookware Set surpasses expectations!,7
PASS_001584,KB_01541,REC_117,B009MBW1AK,Home_and_Kitchen,Maybe cooking in pretty cookware does the same.,8
PASS_001585,KB_01542,REC_117,B009MBW1AK,Home_and_Kitchen,"If ever the need arises to purchase cookware in the future, FlameKiss will be my first choice.",17
PASS_001586,KB_01543,REC_117,B009MBW1AK,Home_and_Kitchen,I've purchased other non-stick cookware and everything STICKS!!!,8
PASS_001587,KB_01544,REC_117,B009MBW1AK,Home_and_Kitchen,"I'm so glad I purchased this cookware and unlike the orgreenic 12 inch skillet, the FlameKiss 12"" comes with a lid as does the 10"" skillet.",26
PASS_001588,KB_01545,REC_117,B009MBW1AK,Home_and_Kitchen,"I bought these pans for my sister for Christmas. She liked them very much, so I bought them for myself as well. They are very good pans. The bottom is heavier than I'm used to, so it takes slightly longer for the pan to heat, but once it does, the heat is very well distributed. The nano ceramic coating makes cooking easier in that you need very little, if any, oil. I'm thinking about getting the saucepans as well.",79
PASS_001589,KB_01546,REC_118,B003QCJHK8,Home_and_Kitchen,"I am very happy with it.As much as I love it, I wouldn't recommend it for a large family. Only my boyfriend and I use it. I could see it still working if we had a baby, and probably working for four people of average size, as long as you don't want to put anything more than your plates/bowls, silverware, napkins, and maybe a salt and pepper shaker in the on top of it. This is not the kind of table you can use to both serve food from and eat on at the same time.",96
PASS_001590,KB_01547,REC_118,B003QCJHK8,Home_and_Kitchen,"Good little table and a great color, too. The construction is very sturdy and it was easy to put together. I got the matching chairs also and, though there are cheaper options out there, this will last a long time, I can tell. Had it about 6 months and it's great so far!",53
PASS_001591,KB_01548,REC_118,B003QCJHK8,Home_and_Kitchen,Can't complain. It looks very nice and not at all cheap. The surface is very smooth to the touch and the color complements our white walls very nicely as well. The table feels sturdy and is perfect for the two of us. Assembly was very easy and didn't take too long. I managed to put it together alone.,58
PASS_001592,KB_01549,REC_118,B003QCJHK8,Home_and_Kitchen,"This table is the best buy I've made in years on Amazon. VERY sturdy, great material and a true pub feel. This thing is my favorite spot for work or coffee. Makes the whole room. Glad I found it and highly recommend this to anyone looking for a well-built table that feels like it was stolen from a local pub or coffee shop.",63
PASS_001593,KB_01550,REC_118,B003QCJHK8,Home_and_Kitchen,"It's just not big enough. However, if they have this table in a larger size, I'd recommend it. I expect it will last us many years.",26
PASS_001594,KB_01551,REC_118,B003QCJHK8,Home_and_Kitchen,"I have a very tiny apartment, there isn't room for a larger table. I was finally able to get the square table I had wanted for several years.",28
PASS_001595,KB_01552,REC_118,B003QCJHK8,Home_and_Kitchen,"love the look of this table. I have a very small kitchen and it fit perfectly. Very easy to assemble, the tools needed were included.easy to keep clean  best purchase I have made in a long time",37
PASS_001596,KB_01553,REC_118,B003QCJHK8,Home_and_Kitchen,"The finish wasn't garishly shiny, more satin than eggshell. Easy to clean, so far.I wanted a more handcrafted World Market look, so the machined  finger joints visible through the stain bothered me the first few seconds, but I got over it. At $99, still a good buy.",47
PASS_001597,KB_01554,REC_118,B003QCJHK8,Home_and_Kitchen,"I love this table. The quality is what you would expect of a solid wood table. The bolts have not started to loosen after four months of use, even with the vacuum bumping into the legs sometimes when I'm cleaning. The top is easy to clean, very well coated to protect against water damage. Water droplets just sit on top, even for a few hours, rather than absorbing into the wood. I also love the dark color and the price. Though it was $89 when I bought it, this is still a great price for the quality.",97
PASS_001598,KB_01555,REC_118,B003QCJHK8,Home_and_Kitchen,I bought this table for a small apartment and it is a great find. Looks and feels much more sturdy than your average Ikea table and for only $99. Very happy with this purchase.,34
PASS_001599,KB_01556,REC_118,B003QCJHK8,Home_and_Kitchen,"I could see it still working if we had a baby, and probably working for four people of average size, as long as you don't want to put anything more than your plates/bowls, silverware, napkins, and maybe a salt and pepper shaker in the on top of it.",48
PASS_001600,KB_01557,REC_118,B003QCJHK8,Home_and_Kitchen,"Though it was $89 when I bought it, this is still a great price for the quality.",17
PASS_001601,KB_01558,REC_118,B003QCJHK8,Home_and_Kitchen,This table is the best buy I've made in years on Amazon.,12
PASS_001602,KB_01559,REC_118,B003QCJHK8,Home_and_Kitchen,I was finally able to get the square table I had wanted for several years.,15
PASS_001603,KB_01560,REC_118,B003QCJHK8,Home_and_Kitchen,I expect it will last us many years.,8
PASS_001604,KB_01561,REC_118,B003QCJHK8,Home_and_Kitchen,"At $99, still a good buy.",6
PASS_001605,KB_01562,REC_118,B003QCJHK8,Home_and_Kitchen,"Very easy to assemble, the tools needed were included.easy to keep clean  best purchase I have made in a long time",21
PASS_001606,KB_01563,REC_118,B003QCJHK8,Home_and_Kitchen,"I got the matching chairs also and, though there are cheaper options out there, this will last a long time, I can tell.",23
PASS_001607,KB_01564,REC_118,B003QCJHK8,Home_and_Kitchen,Assembly was very easy and didn't take too long.,9
PASS_001608,KB_01565,REC_118,B003QCJHK8,Home_and_Kitchen,"VERY sturdy, great material and a true pub feel.",9
PASS_001609,KB_01566,REC_118,B003QCJHK8,Home_and_Kitchen,"I was very pleased with this square dining table. The price, the walnut stain, and the sturdiness are all very pleasing. The table also came quite quickly and was well packaged!",31
PASS_001610,KB_01567,REC_119,B00A1ECR2E,Home_and_Kitchen,I ordered this to make coasters at home for a Christmas gift. I read other product reviews for something similar and decided not to spend the extra money on a release formula for the resin. I was very happy with that decision. My husband and I have made 10 coasters and not once had a problem getting the finished product out of the mold. It is big enough to make your coaster look beautiful.,74
PASS_001611,KB_01568,REC_119,B00A1ECR2E,Home_and_Kitchen,You can pour from either side of the mold (Blyth dudes are useable).Resin pops from mold fairly easily (I use easy cast resin),23
PASS_001612,KB_01569,REC_119,B00A1ECR2E,Home_and_Kitchen,Worked really well! I had ordered another mold that I ended up breaking when trying to get the resin coaster out and this one has some give so you can just pop it out like an ice cube tray.,39
PASS_001613,KB_01570,REC_119,B00A1ECR2E,Home_and_Kitchen,"The only reason I didn't give 5 stars is b/c it's a coaster mold... can you actually &#34;love&#34; a coaster mold? Otherwise, the shipment was fast, the instructions easy, and the use is as it should be. I dabble in creativity, so this is my first try at resin and don't really have any other opinions. I received a nice e-mail from the seller, offering to be helpful if I had any problems, so that was a bonus.",78
PASS_001614,KB_01571,REC_119,B00A1ECR2E,Home_and_Kitchen,I had previously bought a different casting mold and it was beyond underwhelming. This one however met every expectation I had.,21
PASS_001615,KB_01572,REC_119,B00A1ECR2E,Home_and_Kitchen,"The size if fairly good for coasters, these molds scratch easily and came with a few scuffs so you will have to do some finishing work to fix it after getting the casting out.",34
PASS_001616,KB_01573,REC_119,B00A1ECR2E,Home_and_Kitchen,Coasters look great now! Like to make coaster with sea shells find one the beach- fast smooth & easy transaction- will buy from again,24
PASS_001617,KB_01574,REC_119,B00A1ECR2E,Home_and_Kitchen,I had ordered another mold that I ended up breaking when trying to get the resin coaster out and this one has some give so you can just pop it out like an ice cube tray.,36
PASS_001618,KB_01575,REC_119,B00A1ECR2E,Home_and_Kitchen,I read other product reviews for something similar and decided not to spend the extra money on a release formula for the resin.,23
PASS_001619,KB_01576,REC_119,B00A1ECR2E,Home_and_Kitchen,The only reason I didn't give 5 stars is b/c it's a coaster mold... can you actually &#34;love&#34; a coaster mold?,21
PASS_001620,KB_01577,REC_119,B00A1ECR2E,Home_and_Kitchen,I had previously bought a different casting mold and it was beyond underwhelming.,13
PASS_001621,KB_01578,REC_119,B00A1ECR2E,Home_and_Kitchen,My husband and I have made 10 coasters and not once had a problem getting the finished product out of the mold.,22
PASS_001622,KB_01579,REC_119,B00A1ECR2E,Home_and_Kitchen,"Otherwise, the shipment was fast, the instructions easy, and the use is as it should be.",16
PASS_001623,KB_01580,REC_119,B00A1ECR2E,Home_and_Kitchen,This one however met every expectation I had.,8
PASS_001624,KB_01581,REC_119,B00A1ECR2E,Home_and_Kitchen,"I received a nice e-mail from the seller, offering to be helpful if I had any problems, so that was a bonus.",22
PASS_001625,KB_01582,REC_119,B00A1ECR2E,Home_and_Kitchen,"I dabble in creativity, so this is my first try at resin and don't really have any other opinions.",19
PASS_001626,KB_01583,REC_120,B0000BY8S6,Home_and_Kitchen,"Thirty four years ago we received the Martex Royal Vellux blanket as a wedding present. We loved it. It lasted over 16 years, we then replaced it with another Martex Vellux blanket. It was the thinner version. It was a great blanket too, just not quite as plush (thick); and it lasted another 16 years.Another reviewer mentioned that this is not like the Martex Royal Vellux. She is correct. I called Martex and they told me that they haven't made the ""Royal"" for several years (i.e.",86
PASS_001627,KB_01584,REC_120,B0000BY8S6,Home_and_Kitchen,"if you want a Martex Vellux blanket this is the only one they are currently manufacturing).My new blanket arrived yesterday. It was just like the one I just had. It is a great blanket with fantastic insulating properties. It is very durable and I would consider it very ""washing machine friendly"". Mine arrived very soft (i.e. it was not stiff). I ordered the hunter green color and it looks just like the picture. Note: Only the top and bottom are hemmed. The sides are just cut straight; however, due to the construction (kind of a fuzzy faomy material over a mesh) it never ravels.",104
PASS_001628,KB_01585,REC_120,B0000BY8S6,Home_and_Kitchen,"I LOVE THIS BLANKET. SO WARM AND SOFT, AFTER RUNNING THROUGH WASH AND SOFTNER. BOUGHT THE KING, CAUSE I LIKE HAVING MY BLANKETS REACH WITHIN 6"" FROM THE FLOOR ALL AROUND THE BED, BUT IN THIS CASE, IT WAS TOO BIG. NOT A PROBLEM! THIS BLANKET HAS ONLY 2 SEAMS, AT THE TOP AND BOTTOM. THE SIDES DON'T. JUST MEASURED, AND CUT WITH SCISSORS! VOILA! GOT A PERFECT FIT!! I HAVE VELLUX BLANKETS ON EVERY BED IN MY HOUSE. I'M SOLD.",81
PASS_001629,KB_01586,REC_120,B0000BY8S6,Home_and_Kitchen,I was very please with the product . I will order more in the future.,15
PASS_001630,KB_01587,REC_120,B0000BY8S6,Home_and_Kitchen,I own many of these blankets in various colors. They are great during the summer or the winter.,18
PASS_001631,KB_01588,REC_120,B0000BY8S6,Home_and_Kitchen,"Excellent quality blanket. Just what I was looking for. Light-weight but, still keeps you warm. Hunter green is a hard color to find. Amazon came through as usual!",28
PASS_001632,KB_01589,REC_120,B0000BY8S6,Home_and_Kitchen,"Beautiful soft, lightweight and warm vellux blanket in a rich dark hunter green. Super fast shipping. I am really pleased with this online shopping experience. Thank you!",27
PASS_001633,KB_01590,REC_120,B0000BY8S6,Home_and_Kitchen,"This is the first vellux blanket I've had that left the inside of my washing machine covered with large amounts of wet lint. This wet green blanket left a trail of wet green lint from the inside of the washer to the dryer. I tried washing it a second time to see if it was just because it was new, but the second time around yielded the same result.",69
PASS_001634,KB_01591,REC_120,B0000BY8S6,Home_and_Kitchen,"We purchased the Vellux to replace an old worn maroon blanket of the same material. We had been searching all over for a new one of a particular color. Well, we found it. Right color, right material. Thank you, Amazon",40
PASS_001635,KB_01592,REC_120,B0000BY8S6,Home_and_Kitchen,"This is also my third Vellux blanket. All are still kicking. Even the 2nd one which was munched by the dog. This is a replacement for the 2nd. Love the washability, the softness, and light weight. Use it all year (as long as the dog isn't eating it!!!)",48
PASS_001636,KB_01593,REC_120,B0000BY8S6,Home_and_Kitchen,It was just like the one I just had.,9
PASS_001637,KB_01594,REC_120,B0000BY8S6,Home_and_Kitchen,I ordered the hunter green color and it looks just like the picture.,13
PASS_001638,KB_01595,REC_120,B0000BY8S6,Home_and_Kitchen,"It was a great blanket too, just not quite as plush (thick); and it lasted another 16 years.Another reviewer mentioned that this is not like the Martex Royal Vellux.",29
PASS_001639,KB_01596,REC_120,B0000BY8S6,Home_and_Kitchen,"THIS BLANKET HAS ONLY 2 SEAMS, AT THE TOP AND BOTTOM.",11
PASS_001640,KB_01597,REC_120,B0000BY8S6,Home_and_Kitchen,Just what I was looking for.,6
PASS_001641,KB_01598,REC_120,B0000BY8S6,Home_and_Kitchen,"It is very durable and I would consider it very ""washing machine friendly"".",13
PASS_001642,KB_01599,REC_120,B0000BY8S6,Home_and_Kitchen,"I tried washing it a second time to see if it was just because it was new, but the second time around yielded the same result.",26
PASS_001643,KB_01600,REC_120,B0000BY8S6,Home_and_Kitchen,"I called Martex and they told me that they haven't made the ""Royal"" for several years (i.e.",17
PASS_001644,KB_01601,REC_120,B0000BY8S6,Home_and_Kitchen,I HAVE VELLUX BLANKETS ON EVERY BED IN MY HOUSE.,10
PASS_001645,KB_01602,REC_121,B00E8Y79SK,Home_and_Kitchen,"This clothesline is just what we needed to replace one in our RV. The locking feature creates a tight line to hang wet towels on, which is what we use it for. I would recommend it for anyone looking for a line that you need occasionally that doesn't take up much space.",52
PASS_001646,KB_01603,REC_121,B00E8Y79SK,Home_and_Kitchen,"We've needed a place to hang those clothing items that should drip dry. Finally, this line takes care of that need. DH installed it so that when the line is not in use, it is not noticeable. Yes, it will support a line of wet clothing without sagging so much that the clothes all slide together if you tighten the line tension adjuster. Love it!",65
PASS_001647,KB_01604,REC_121,B00E8Y79SK,Home_and_Kitchen,"Like to hang up my delicates & things I don't want to risk possibly shrinking in dryer, sturdy enough to hold up 3 heavy sweatshirts to air dry! Just have the line hung in our master bathroom over the tub to use in the winter when I can't use my outdoor line, really looks great & durable!",57
PASS_001648,KB_01605,REC_121,B00E8Y79SK,Home_and_Kitchen,"This is quality construction and works perfect in our RV garage. The locking mechanism is really great after you hang your wet stuff on it, you just pull in the line and tighten it thereby minimizing the sagging. Very good product!",41
PASS_001649,KB_01606,REC_121,B00E8Y79SK,Home_and_Kitchen,"The line itself is basically a thin piece of string. I put two pairs of pants on it and it sagged significantly. The line is not coated in plastic/rubber so the clothes slide down to the middle when it sags. I wish I could return the thing. It does secure to the wall pretty well, though. It's just that you can only hang one sock on it at a time.",70
PASS_001650,KB_01607,REC_121,B00E8Y79SK,Home_and_Kitchen,"Very duarable clothesline. Frame is all metal made. My husband installed it. It's perfect and easy to mount! I hang out laundry by day, put the line away when finished. I like the retraction design idea, very easy to use. We are very happy with the size and feel of it. Although it was just recently installed, it appears to be functioning well. If you are looking for something that doesn't have to be up all the time, this is the solution for you!",84
PASS_001651,KB_01608,REC_121,B00E8Y79SK,Home_and_Kitchen,"This is the sturdiest clothesline we've ever purchased. The line is thick and strong, the tension holds (rather than droops, like some other clotheslines) and is easy to put away.Works great - easy to install and use. . I can hang a. I can hang any clothes I need, then retract the cord when it's not needed. It's EXACTLY what I wanted.ny clothes I need, then retract the cord when it's not needed.",73
PASS_001652,KB_01609,REC_121,B00E8Y79SK,Home_and_Kitchen,"I had one of these and used it for many years in my laundry room. It made it so convenient to take shirts and other clothing right from the dryer and hang them on this clothes line. Unfortunately the old one gave out, and I wasn't even sure if I could get another one. But I figured if anyone would have it, Amazon would!! I am so glad they did have it! This is an outstanding product, well made, and will give you many years of service!",87
PASS_001653,KB_01610,REC_121,B00E8Y79SK,Home_and_Kitchen,"From looking at it online, it looked like very good, durable material. After receiving it, I was very disappointed because it wasn't the quality I was expecting. Very poor quality.",30
PASS_001654,KB_01611,REC_121,B00E8Y79SK,Home_and_Kitchen,"Not as long as I wanted, should have heeded the reviews. It sags too much. Don't think I would recommend it.",21
PASS_001655,KB_01612,REC_122,B001076GP0,Health_and_Personal_Care,"I bought this charger for my Braun 790CC-4. For those wondering, I got the Hugo Boss edition from a German seller. The charger that originally came with it does not work with the outlets here in the United States. Although the seller provided an adapter, it was still not a really good fit. So I bought this. Now I can charge my shaver with ease.",65
PASS_001656,KB_01613,REC_122,B001076GP0,Health_and_Personal_Care,i had to get this adapter coz i forgot to get mine when i moved to the states .... as all braun products it works flawlessly .... but at $30 its ridiculously priced ... i was actually  considering getting one of the cheaper shavers  which were about $50 .... but the quality and the satisfaction of using a series 7 is way too high to compromise ... so i went ahead and bought it ...  but bottom line is TOO EXPENSIVE ! !,83
PASS_001657,KB_01614,REC_122,B001076GP0,Health_and_Personal_Care,Listed for my model but does not work as expected. Will charge razor but not work with cleaner.,18
PASS_001658,KB_01615,REC_122,B001076GP0,Health_and_Personal_Care,This product works as advertised. Can't say much else about it really besides it works and it fits my 760cc,20
PASS_001659,KB_01616,REC_122,B001076GP0,Health_and_Personal_Care,"The cord works for my 760cc Braun Razor. I would have given 5 stars, but the price while comparatively good, is more than a power cord should cost.",28
PASS_001660,KB_01617,REC_122,B001076GP0,Health_and_Personal_Care,When we bought a Braun cleander and tried it out it didn't work. Contacted Amazon and the dealer. The dealer was very knowledgeable and told us it is probably the cord. He was absolutely right. Bought a new cord and it works beautifully.,43
PASS_001661,KB_01618,REC_122,B001076GP0,Health_and_Personal_Care,Exact fit for my shaver. Lost the original and this is working well. A tough find but worth the search,20
PASS_001662,KB_01619,REC_122,B001076GP0,Health_and_Personal_Care,"I immediately went to Amazon.com, found the replacement cord and ordered it. Due to your quick delivery time, the cord got here before the shaver battery went dead. Thanks!",29
PASS_001663,KB_01620,REC_122,B001076GP0,Health_and_Personal_Care,I have a Braun Pulsonic shaver and i left the shaver charger cord in New Jersey and I live in Alaska. I couldn't find the charging cord anywhere in Alaska so i ordered it form Amazon and it got here in half the time Amazon told me it would and it worked like a dream. Thank You,57
PASS_001664,KB_01621,REC_122,B001076GP0,Health_and_Personal_Care,"On a recent plane trip, I lost a small bag on the shuttle bus that took me from the airport to the airport parking lot. The bag contained the Braun Pulsonic Shaver Charger Cord for my current shaver. Without the cord, there is no way to power up the shaver when the battery is expended. It was along on the three-week trip ""just in case"" the shaver battery went down. The battery lasted just fine for the entire trip, but it was low.",83
PASS_001665,KB_01622,REC_123,B00ANIYKRS,Patio_Lawn_and_Garden,"This trimmer is decent. The battery charges very quickly, it has enough power, and it's easy to use.The problem is the trimmer line won't feed properly. I have to stop and pull line by hand. It will notauto feed.",39
PASS_001666,KB_01623,REC_123,B00ANIYKRS,Patio_Lawn_and_Garden,"I've tried different types of string to no avail. Today was the final straw. I did not make it more than 3 linear feet before having to stop, pull off the head, pull out the spool, unwind some string, feed it through the grommet, replace and go only to have it break again within the next 2-3 feet. Bottom line:  GARBAGE",61
PASS_001667,KB_01624,REC_123,B00ANIYKRS,Patio_Lawn_and_Garden,After a few uses the trigger auto feed function stopped working. No matter how many times I press the button no line is advanced. There is a manual release button on the side of the spool housing but this requires you flip the tool upside down every few minute or so.If you are looking for a good option please save yourself the money and look somewhere else. What good is paying $150 for something that is not serviceable and didn't last a couple months.,84
PASS_001668,KB_01625,REC_123,B00ANIYKRS,Patio_Lawn_and_Garden,"Been using this trimmer for about 6 months now, actually using it once in a while as the automatic feed never worked on it. It is so frustrating to have to stop and manually feed the line. The trimmer also does not allow you to get very close to the target area as the bulky front end is way too big for close trimming. I love the lithium power and the concept of this trimmer but will be looking for another brand with the same functionality that works.",88
PASS_001669,KB_01626,REC_123,B00ANIYKRS,Patio_Lawn_and_Garden,"I have a garden of about 75 ft by 150 ft, surrounded by electric fence. It takes me about 30 minutes to trim the grass under the bottom wire along the perimeter. That's about as long as I want to mess with any trimmer. This one does the job without the noise, stink and troubles of a gas-powered trimmer. It usually has about half charge left in the battery. I was concerned about the auto-feed for the line, but it's not a problem -- no waste.",86
PASS_001670,KB_01627,REC_123,B00ANIYKRS,Patio_Lawn_and_Garden,"This is a hardliner for me and I NEVER allow myself to deviate from this ever.The trimmer portion works fantastic. Automatic feed, per the instructions when you turn off the trimmer wait 2 seconds and pull the power trigger twice and the line will extend. I use the power saver dial and by turning the dial to a minimum energy use I am able to trim the slightly under an acre yard.",72
PASS_001671,KB_01628,REC_123,B00ANIYKRS,Patio_Lawn_and_Garden,The first trimmer shipped was faulty right out of the box. The second trimmer worked for 30 minutes but the line would continually snap off inside the head. I had to open it up several times to pull it back through the hole in the head. I must have a hole in the head for fixing the string so many times before returning the POS. Battery life is short and does not last for a typical residential lawn.,78
PASS_001672,KB_01629,REC_123,B00ANIYKRS,Patio_Lawn_and_Garden,"Three words.... Save your money ! Do not buy this product ! I bought this based on reviews and boy, what a mistake. First of all,  the automatic string feed is worthless. Sometimes it works, sometimes not. I wasted lots of time manually advancing the line, not fun at all. It trims fair at best. When you trim, the power goes up and goes down, very inconsistant. Light weight , this trimmer is not. I should have never tried a Toro product.",82
PASS_001673,KB_01630,REC_123,B00ANIYKRS,Patio_Lawn_and_Garden,"I loved it out of the box, but note that this is an extended length model, so it you are under 6 foot you may not be happy. The auto feed is a little annoying because you need to let the head slow down to get it to release the next peice so not as easy as tapping the head. For a snap at the head the have a release to manual extend, which is easier the starting and stopping 10 times, but once your trained it works ok.",89
PASS_001674,KB_01631,REC_123,B00ANIYKRS,Patio_Lawn_and_Garden,"After using the rethreaded trimmer for 2-3 minutes, the spool retainer cap flew off and spilled the spool and line out on the ground. When I located the spool retainer cap, I saw that the top of the cap broke off neatly from the rim that is still latched to the hub assembly. Am totally surprised that the plastic cap was so thin. Since this trimmer was advertised as bump-free, and the line feeds itself, there is no retractable cap in the middle of the spool hub.",87
PASS_001675,KB_01632,REC_124,B009T7H0QM,Home_and_Kitchen,"I have seen  this same crock pot elsewhere for at least $50.00 cheaper!!! A few people have told me that this product was a great way to cook your meals. I tried it and I have to agree, it is so simple to just throw everything in the pot, turn it on, and just sit back and let the crock pot do its thing. The meals I have cooked in this crock pot were very tasty.",76
PASS_001676,KB_01633,REC_124,B009T7H0QM,Home_and_Kitchen,Excellent results and very convenient. I especially like being able to brown the meat and then cook it in the same pot. ;,23
PASS_001677,KB_01634,REC_124,B009T7H0QM,Home_and_Kitchen,"I'd give it three and one half stars. The product is versatile, so you can do several things in one pot. I like this appliance best as a roaster; it works well for roasting chicken, beef, veal and pork without heating up the kitchen and uses less energy than an oven. It's easy to clean. The cooking system gets hot, so you have to be careful with it. The unit must be used on an open counter because of the vent-hole in the lid.",84
PASS_001678,KB_01635,REC_124,B009T7H0QM,Home_and_Kitchen,"Received this as a Christmas present. I was looking for some type of slow cooker that could sear meat. Cooker does everything it claims to do, but there are a few things that took a star away from my review. 1. The searing temperature is not hot enough. It takes a while for it to heat up and searing meat takes a lot longer than it would on your stove. 2. I don't like that the lid is not dishwasher safe because it can rust. 3.",86
PASS_001679,KB_01636,REC_124,B009T7H0QM,Home_and_Kitchen,"I will not buy any more crock pots that can't sear, but I'm hoping that Crockpot comes out with a searing version at a much lower price. I'm expecting they will in the future.",34
PASS_001680,KB_01637,REC_124,B009T7H0QM,Home_and_Kitchen,"As a bonus, it's much easier to wash than my slow cooker; although instructions say dishwasher safe, I continue to hand wash it.) I've used it on all settings, and have yet to have a meal that's failed.",38
PASS_001681,KB_01638,REC_124,B009T7H0QM,Home_and_Kitchen,"My suggestion is to let the pot cool after cooking and then cleaning immediately to avoid ""stuck"" on foods. This product is not dishwasher safe, so know going in that you have to hand wash. This isn't a big deal for us either. The ""one pot"" meal has become our favorite! One con that I can think of is that the product has a timer--but it doesn't make any noise when the time is up.",75
PASS_001682,KB_01639,REC_124,B009T7H0QM,Home_and_Kitchen,"We purchased this item as a way for our busy family to make quick and less mess meals and let me say--WE LOVE IT! We've found it really helpful in those quick healthy meals and even in feeding larger groups in a quick turnaround.I love the concept of being able to use this as a ""stovetop"" --but note that the heat is centralized in the middle of the pot, so when using be sure to stir.",76
PASS_001683,KB_01640,REC_124,B009T7H0QM,Home_and_Kitchen,"Andon the bottom shelf 2 Precision Induction Cooktops and New-Wave onen! On the top of the cabinet is a red Cooks Toaster oven,with grill and coffee maker! Ready to make breakfast in the morning. I fix the coffee pot before I go to bed and in the morningall I have to do is turn it on and then fix the eggs, pancakes and sausage on the grill! Then I put dinner in the Ninja and let it cook until dinner time.",81
PASS_001684,KB_01641,REC_124,B009T7H0QM,Home_and_Kitchen,Because I can do almost anything in it. But would like a cookbook to get more out of it.....So please send me one. Put the bill in it.By the way I have paid you people twice for this. One -- was $160.00 --- then againanother $135.00.,46
PASS_001685,KB_01642,REC_125,B00101TXPG,Baby,"I sleep with a sound machine next to my bed (my baby's shuts off after 20 min), and I can clearly hear him over that.I also like that the fact that if the baby unit fails or the power goes out, the parent unit immediately makes a horrendous beep.CONS:I don't like that there is no battery backup for the baby unit.Finally, I think that the ease of use could be better (hence 4 stars).",74
PASS_001686,KB_01643,REC_125,B00101TXPG,Baby,"My baby is almost 3 years old. I've had several monitors over the years and I can tell you, for this price range this is as good as it gets. It has a great mic, you can definitely hear everything going on in the babys room: a clock ticking, the sound that the curtain makes, etc. Even if the baby breathes deeply and you have the parents unit on loud you can hear it perfectly. I like that about it.There is no static on mine at all.",87
PASS_001687,KB_01644,REC_125,B00101TXPG,Baby,"This is a great monitor.I feel like I can hear everything going on in Baby's room, NO interference, no pesky channels to mess with.The design is beautiful.",27
PASS_001688,KB_01645,REC_125,B00101TXPG,Baby,"I think this is the best choice out there for a monitor. It is lightweight and simple to use. Since it is digital, I have had no problem with interference. The sound quality is great, I can clearly hear the baby noises, even with background noises (white noise maker, music from the swing). The unique aspect of the monitor is the visual sound indicator. Bars of light come on when a new sound comes in-- the more bars, the louder the sound.",82
PASS_001689,KB_01646,REC_125,B00101TXPG,Baby,"I registered for this product based on the high rating and chose to ignore some people who had complained about the volume :-(. Big mistake. One cannot hear the baby's small noises if there is TV, you are talking to someone, the bathroom fan is on etc. It is really painful. You can hear it if he is crying though - but I don't want him to have to cry to get our attention (that's the whole point of using a monitor, isn't it?",84
PASS_001690,KB_01647,REC_125,B00101TXPG,Baby,"I purchased this monitor almost two years ago. I have packed it and moved it, dropped it on the floor, kicked it and it is still working. I can hear everything clearly...if I turn it up to the highest level I can hear my daughter breathing. Of course then if its at the highest level when she starts crying its REALLY loud. I really like it, though, and I especially like how it has lasted through my klutziness.",78
PASS_001691,KB_01648,REC_125,B00101TXPG,Baby,"Overall, we do like this monitor. Our house is 3 stories and the bedrooms are on the top floor. We can go down to the basement level with the parent unit and still be within range. We can still hear everything with no problem. There is background noise, a slight hum, all the time, but we don't find it to be an issue.",63
PASS_001692,KB_01649,REC_125,B00101TXPG,Baby,"This monitor is clear, but like other reviewers said it is far too quiet---you can only hear sounds on the parent unit if there's no background noise where you are. So this unit would probably be fine if you only want to use it at night, but we want to be able to use it during the day as well, so it's essentially useless to us. One other slight negative:  The parent unit only has a belt clip.",78
PASS_001693,KB_01650,REC_125,B00101TXPG,Baby,"But this monitor is awesome! For me, it goes about 4 houses over (probably abour 450') and is perfectly clear. i sometimes have to check to make sure it's still on- it is just that quiet. yes, the light on the baby monitor does blink when you have the parent monitor off, but i just put my baby monitor on the opposite side of his room (about 12' away) and i can still hear him perfectly clearly on the second volume level.buy this monitor!!",84
PASS_001694,KB_01651,REC_125,B00101TXPG,Baby,"I did a lot of research on monitors before buying this one. My daughter is now 6 months old and we have used the monitor since her birth. It is amazing. It picks up everything in her room (I can even hear her clock), you can take it quite a distance without losing signal, the battery stays charged for quite a long time and there is no interference. I also like that you can turn off the volume, but still visually see if she is crying.",86
PASS_001695,KB_01652,REC_126,B009HRFGNS,Home_and_Kitchen,"Works great. Had to find something to replace the little oven that we had and love the griddle on top. This fit the bill. One of the big complaints was that our old oven wasn't big enough to really do a nice chicken in the rotisserie, but this is a little bigger so should do fine (other reviews stated up to 5lbs and I haven't used that feature just yet). Everything else really cooks well in there. I am very happy with it.",83
PASS_001696,KB_01653,REC_126,B009HRFGNS,Home_and_Kitchen,"use this oven all the time. Toast sandwiches, backed cookies, baked muffins, and breakfast. Best rotiserie chicken ever. Convection is awesome. Bake on lower temps and quicker. Recommend the rotiserie baking kit it Fits well. Does everything my big oven does but sits on my counter top. :-)",48
PASS_001697,KB_01654,REC_126,B009HRFGNS,Home_and_Kitchen,"This toaster oven exceeds my expectations. I wanted something to cook small portion and not use my oven,this oven is perfect to bake and boil in.",26
PASS_001698,KB_01655,REC_126,B009HRFGNS,Home_and_Kitchen,"It was delivered to my house and when I opened it, I noticed it had two - 3&#34; scratches on the inside of the oven door, a big mark on the side of the oven, and a chip out of the handle. I tried over and over to get through to customer service, and they would not pick up a phone. I eamiled them and I still have not heard back from them, even though they say it may take a couple days to get back.",86
PASS_001699,KB_01656,REC_126,B009HRFGNS,Home_and_Kitchen,"This is a very nice 6 slice counter top toaster oven, however when you bake or toast with the oven you will have to rotate the dish front to back half way through or the bake will cook more than the front as the door is not insulated and does not stay at the same temperature as the back of the oven.",62
PASS_001700,KB_01657,REC_126,B009HRFGNS,Home_and_Kitchen,"I bought this a few months ago as a stop-gap while our regular stove's oven was being repaired. First impressions: The materials/pieces were way more light and flimsy than I expected. Assembly was simple enough, but I kept worrying that I would bend or break something. I emphasize: This unit is made of VERY FLIMSY material. Be warned.",58
PASS_001701,KB_01658,REC_126,B009HRFGNS,Home_and_Kitchen,"The oven is plenty functional. I love the top shelf under the lid. The convection fan may make things cook a little quicker. Great for in our RV. The price was very good after comparing other tabletop ovens. I had one of their earlier non convection models and was so happy to have found this on Amazon, can't find it in stores anymore.",63
PASS_001702,KB_01659,REC_126,B009HRFGNS,Home_and_Kitchen,I have tried cooking several different foods and all were delicious except a cake. It got done on the inside but burned all they way around it. So far a pork roast is my favorite to cook with the rotisserie.,40
PASS_001703,KB_01660,REC_126,B009HRFGNS,Home_and_Kitchen,"This item was shipped, packed and no dents, like someone stated, and it has recipes and amount of time to cook. So what was kool is I made a chicken and opened a bag of veggies on the top, it is a great steamer, and I did the chicken with convection and spit. I would recommend putting tinfoil in the drip pan, it is hard to clean after baking for hours, but I like it.",75
PASS_001704,KB_01661,REC_126,B009HRFGNS,Home_and_Kitchen,"Great product. Has multiple uses and works wonderfully. Saves on energy as opposed to running the oven too. If you're debating, then I would say YES for sure!",28
PASS_001705,KB_01662,REC_127,B00GYBZURM,Toys_and_Games,"I have been using the KumbaCam advanced kit for 3 weeks now and it rocks! I have been doing a lot of flying with my DJI Phantom 2 and F550 Hexacopter for a little bit and wanted to take my flying and filming to the next level. I wanted to be able to comfortably fly far distances out side of my line of sight, and the ability to frame up my shots for ariel video via my go pro 3+.",80
PASS_001706,KB_01663,REC_127,B00GYBZURM,Toys_and_Games,"I was having problems with setting up the entire system on my Phantom 2--(all because of me)--These guys were awesome--they got back to me right away, looked at photos I sent and eventually fixed it all--this system may cost a bit but good customer service is Priceless!I would highly recommend these folks--",52
PASS_001707,KB_01664,REC_127,B00GYBZURM,Toys_and_Games,"I hook my FPV system today and it work perfect and it was very simple to do. I was not flying my DJI phantom 2 but if there is any indacation on how it was going to work I am very happy. Now I can't wait to take it out flying, but it has been way to windy. I use to love the strong wind when I was a avid windsurfer but not now. The only negative thing I have to say about it is no direction.",87
PASS_001708,KB_01665,REC_127,B00GYBZURM,Toys_and_Games,I would give this kit 5 stars if I thought it was working as well as I expected. Maybe the problem is with my expectations.,25
PASS_001709,KB_01666,REC_127,B00GYBZURM,Toys_and_Games,There's also something to be said for a U.S. company to buy from if you have issues.And boy am I glad that I did buy from KumbaCam. I received the kit on a Friday and installed it the next day and performed my first test flights. I was very disappointed with the results. Video reception was breaking up at very short distances and the LCD monitor was just not as high of a resolution as I would expect.,78
PASS_001710,KB_01667,REC_127,B00GYBZURM,Toys_and_Games,I bought the advanced unit one month ago and had several problems with it including burning a Gopro and having to send my advanced unit back for repairs. It came back as not defective and it was still not working to specifications(signal would go out at about 100ft). KumbaCam was going to give me a refund but it happens to be that Sam (Kumba Cam guy) has family in my city and was coming down to visit them. We met up and I showed him what was happening with my unit.,91
PASS_001711,KB_01668,REC_127,B00GYBZURM,Toys_and_Games,"Unfortunately I don't of anyone else who owns anything with this or other FPV kits, so I don't have anything to compare mine with.But the way I'm looking at it, it works fine for closeup work, and maybe out to a few hundred feet under good conditions. I'm assuming that it's doing the best it can and I'll go on from here. I am superbly grateful to the KumbaCam team for being so responsive and responsible and helping me through that difficult first few days.",85
PASS_001712,KB_01669,REC_127,B00GYBZURM,Toys_and_Games,"The sunshades snap together on the monitor in seconds and with the built in (removable YAYYY) battery, the monitor itself is great. I was able to get some really good use out of it and adds that extra level of FPV i really needed. The kit has been nothing short of great. As for the company, i had one mess up (on my end) and they were so great they even sent out a replacement free of charge!",78
PASS_001713,KB_01670,REC_127,B00GYBZURM,Toys_and_Games,"I spent hours and hours researching FPV kits and components, watching many youtube videos. Because I needed a video kit installed on my Phantom in time for my sons upcoming wedding, I went and and threw in the towel and purchased this kit because it was just the easiest thing to do and I couldn't sort out all the conflicting information regarding other similar products.",65
PASS_001714,KB_01671,REC_127,B00GYBZURM,Toys_and_Games,"Not a bad product to have. However, I feel like the price may be a bit too much for only 1300 feet of distance. By the way, there is no lagging... which is a good feature.",36
PASS_001715,KB_01672,REC_128,B00GGN264I,Health_and_Personal_Care,when I found that I couldn't buy this product because the manufacturer wasn't making it anymore I was looking for a replacement but was happy to find it available at a great price on Amazon. this product works so well for me - much better than a wheat product. and I don't like the physillium products,56
PASS_001716,KB_01673,REC_128,B00GGN264I,Health_and_Personal_Care,"The active ingredient in Clear & Natural is &#34;inulin&#34;, an insoluble fiber supplement, which has controversial reviews from various users and authorities, regarding its efficacy and effectiveness. I found that it resulted in serious gastrointestinal distress, gas and flatulence. I promptly returned it to Amazon and cannot recommend it.",49
PASS_001717,KB_01674,REC_128,B00GGN264I,Health_and_Personal_Care,received in good time and exactly what I wanted,9
PASS_001718,KB_01675,REC_128,B00GGN264I,Health_and_Personal_Care,large size in stores in my area for $16 to $18 per bottle if i can find it at all. I highly recommend Clear & Natural & will buy it again.,31
PASS_001719,KB_01676,REC_128,B00GGN264I,Health_and_Personal_Care,Works like a charm and no disgusting grit or slime. I use it everyday with results. Really helped my intetstinal condition.,21
PASS_001720,KB_01677,REC_128,B00GGN264I,Health_and_Personal_Care,What can I say? It's Metamucil. Delivery was quick. Glad I found it as it as this particular Metamucil is not stocked in many stores in my area.,28
PASS_001721,KB_01678,REC_128,B00GGN264I,Health_and_Personal_Care,Very happy with this product.,5
PASS_001722,KB_01679,REC_128,B00GGN264I,Health_and_Personal_Care,"Trust me, consumers are noticing what manufacturers are doing with their packaging to increase profits. Anyway, this was/is a great product & I'm glad that, at least for the time-being, it's still available on Amazon.",35
PASS_001723,KB_01680,REC_128,B00GGN264I,Health_and_Personal_Care,"Title says it all! This is the best fiber supplement out there - smooth and tasteless, and mixes in any liquid.",21
PASS_001724,KB_01681,REC_129,B008AG5VOQ,Toys_and_Games,"Bought this for my niece's second birthday so she could ""grow"" into it. She absolutely loves it and so did all her little friends at her party. They were all taking turns pushing each other around in the house. Some of the plastic parts feel a little flimsy but the assembly was quick and easy. Her mom LOVES the handle that steers so her back doesn't hurt pushing her around.Definitely not something that can be stored outside but that's just common sense.",82
PASS_001725,KB_01682,REC_129,B008AG5VOQ,Toys_and_Games,"Great growing bike. Easy assembly, I only needed my husband to hammer in one of the wheels. I really like that it will grow with my daughter and that the push handle is adjustable, I am tall at almost 6 foot so I appreciate the adjustable handle.",47
PASS_001726,KB_01683,REC_129,B008AG5VOQ,Toys_and_Games,"Easy to assemble, less than 30 minutes. Still a stroller but well on it's way to becoming a trike. Extremely well built and very sturdy.",25
PASS_001727,KB_01684,REC_129,B008AG5VOQ,Toys_and_Games,We bought this for my daughter as a birthday gift she absolutely loves this thing its great for taking her to the park i only wish the handle would be a little longer definitely not for tall parents but other than that we love it,45
PASS_001728,KB_01685,REC_129,B008AG5VOQ,Toys_and_Games,I really like this tricycle. I just with the handle was a little taller for my man and he's only 5'9&#34;.,21
PASS_001729,KB_01686,REC_129,B008AG5VOQ,Toys_and_Games,Steering is fine and easy. WE even go through the grassy yard! :)The canopy was talked about it being in the way:I do not have any trouble seeing my child over the &#34;shade canopy&#34;  and i am short (5 foot).,40
PASS_001730,KB_01687,REC_129,B008AG5VOQ,Toys_and_Games,"The tricycle isn't extremely high quality. The pushing handle has alot of slop in it as others mentioned but doesn't make it too hard to navigate with. I compared lots of similar products and if I had to do it again, I would still purchase this.",46
PASS_001731,KB_01688,REC_129,B008AG5VOQ,Toys_and_Games,"I have a 17 month old and a 2 month old, and I can wear my 2 month old in a harness while I push my 17 month old on this trike. I love how it transforms from a &#34;stroller&#34; into a tricycle. You get a lot of use out of this and truly get your money's worth. I do think it could've been easier to assemble.",67
PASS_001732,KB_01689,REC_129,B008AG5VOQ,Toys_and_Games,"They help keep her in but they fall off her shoulders or are too tight that she can't reach the handle bars. So I dunno. Honestly, I didn't come across the perfect model and had tried several in a store. So I settled for this one. It's okay and overall my daughter enjoys being on it for 2-3 miles. But I wouldn't go much further than that without taking a long break. I'll get a few years use out of it though so that's good.",85
PASS_001733,KB_01690,REC_129,B008AG5VOQ,Toys_and_Games,"Radio Flyer seems to be putting out cheaper and cheaper products. This looks sturdy, but it's not. It just feels like thin and cheap plastic. The little canopy is difficult to get on and off. While it's on, you can't actually see your toddler--even when you fold it back. The worse is that the pin that olds the handles for the adult to push in the back is loose in its design.",72
PASS_001734,KB_01691,REC_130,B00004RGB7,Home_and_Kitchen,"The double boiler is perfect for making hollandaise sauce or melting chocolate, and I also use the lower pot (which is thicker and feels more durable than the insert) to cook nearly everyday. The handles stay cool and the pots are still in great condition after two years. My only gripe is that the insert has a groove on the inside (where it sits on the rim of the lower pot) that is difficult to clean if food gets into it.",81
PASS_001735,KB_01692,REC_130,B00004RGB7,Home_and_Kitchen,"My wife makes the best chocolate pie, but her old double boiler was very difficult for her to handle. So, I found this on Amazon and ordered it. She loves it, and I get pie a lot more frequently!",39
PASS_001736,KB_01693,REC_130,B00004RGB7,Home_and_Kitchen,"Farberware is a wonderful brand, in my humble opinion. This product is a good example of the classic quality I always expect from them. It's difficult to find a traditional double boiler these days and I'd been frustrated ""making do"" with makeshift configurations of one pot stuck in another. Nothing was any good! So I'm thrilled with my purchase. It's heavy duty, has a beautiful finish, cleans up easily, and everything fits together perfectly.",74
PASS_001737,KB_01694,REC_130,B00004RGB7,Home_and_Kitchen,"I have always owned farberware pots in the past. They are good looking, conduct even heat and are easy to clean.",21
PASS_001738,KB_01695,REC_130,B00004RGB7,Home_and_Kitchen,"Great item does the job well cools even ,ease to clean. and of course no stick  to the bottom of pot. Great for all jobs.",25
PASS_001739,KB_01696,REC_130,B00004RGB7,Home_and_Kitchen,I have used Farberware products for the past 37 years. I adore them. They cook evenly and are easy to clean. Great product!,23
PASS_001740,KB_01697,REC_130,B00004RGB7,Home_and_Kitchen,"Although I rarely use the double boiling feature, it's been effective (if you know what you're doing). My big complaints are that they don't clean easily and you'll definitely need potholders for the handles.",34
PASS_001741,KB_01698,REC_130,B00004RGB7,Home_and_Kitchen,"This double boiler is an excellent value and thankfully, 100 percent stainless steel. It arrived promptly, was very reasonably priced, and is easy to clean. Would recommend highly!",28
PASS_001742,KB_01699,REC_130,B00004RGB7,Home_and_Kitchen,Fine double boiler. Be careful to clean the little crevice well. I use a plastic scrubbie on it. Bottom pot makes a good extra pot.,25
PASS_001743,KB_01700,REC_130,B00004RGB7,Home_and_Kitchen,"My husband, the chef, doesn't know how he's ever lived without a double boiler now that he has one. He uses it all the time.Never burn the cheese sauce again! And it is really easy to clean.",37
PASS_001744,KB_01701,REC_131,B001DEYVXO,Electronics,"Win7TV update was never able to be installed on Windows 7You know, when you name a program WinTV7, people might think it works with something like... Windows 7. Updates should be provided.This was an atrocious install, for a very minimally valuable product.8 restarts of one computer required during installIt did not work much better on an XP machineAwful, just unbelievably awful.",61
PASS_001745,KB_01702,REC_131,B001DEYVXO,Electronics,I would've given this tuner 5 stars if I could figure out how to make the remote control work with media center and/or if the antenna was higher quality. I bought this unit because it was listed as compatible by the most people on the Microsoft Win 8 Compatibility Center web site. I haven't been able to get the remote control to work with Media Center. I suspect it only works with the OEM software? I would appreciate any feedback on this if you know otherwise.,86
PASS_001746,KB_01703,REC_131,B001DEYVXO,Electronics,"It is hard to imagine a worse installation and initiation process:1. Drivers did not recognize stick2. Had to run install from Windows 7 using XP mode3. Did not work with antenna that was included.4. Bought another antenna, which didn't work because it wasn't powered.5. Bought another antenna designed for HDTV, didn't know the problem was weak signal6. Bought an amplified antenna7. Software had to be updated.8. Internet explorer crashed downloading the updated software.9.",73
PASS_001747,KB_01704,REC_131,B001DEYVXO,Electronics,"Review of Hauppauge! WinTV-HVR 950Q HYBRID TV STICKThis review is based on my use of the TV adapter on two computers and the supplied antenna and a cable connection on two computers.An old Dell Latitude D running Windows XP and an ASUS Viveotab Smart running Windows 8 (no CD/DVD drive)I am not a computer expert, but I do know my way around them.LOADING THE SOFTWAREI loaded the CD into the Del and followed the directions. The software loaded as expected.",80
PASS_001748,KB_01705,REC_131,B001DEYVXO,Electronics,"Simple installation, works great. Coulsn't use dvd as I have no drive so downloaded the software. Installed and it works. Can record and playback. I would recommend. OS in Windows 8.1 on a 11.6 netbook with Intel Celeron 1.5ghz 4 gb ram..",42
PASS_001749,KB_01706,REC_131,B001DEYVXO,Electronics,"I had a hard time getting this thing to work initially. I'm generally quite tech-savvy, but for some reason I could not get any channels initially. To make a long story short, it eventually started working after a few hours (and an upgrade to Windows 8), and it seems to work well now.I give it four stars because the picture quality is quite good, the scheduling works well, and it otherwise meets my needs.",74
PASS_001750,KB_01707,REC_131,B001DEYVXO,Electronics,"The Hauppauge works perfectly with my Lenovo laptop running Windows 8. I called the Hauppauge company for advice about which tuner to purchase and received friendly and competent customer service. The tuner works perfectly. Based on reviews, I also decided to purchase Windows Media Center ($100 extra to convert Windows 8 to Windows 8 Pro) and don't regret it. The tuner has worked seamlessly and easily with Windows Media Center.",70
PASS_001751,KB_01708,REC_131,B001DEYVXO,Electronics,"I'm running Windows 8 Pro. The device is compatible. Software for tuner was easy to install, no problems. Picture is great, tuner works exactly as advertised. Only negative is the remote. Did not work at all. I wasted a few dollars on 2 new batteries; no help. Remote still doesn't work. The tuner does NOT work with Windows Media Center. I've tried numerous times booting Media Center and the program does not recognize the tuner. For the money the tuner is a good buy!",84
PASS_001752,KB_01709,REC_131,B001DEYVXO,Electronics,"I purchased a Hauppauge TV tuner card many years ago in order to use it with my Win98 machine; never worked worth a damn. So I figured they would have only gotten better over a decade, right? Wrong! I have a new Windows 7 machine with 8 cores and more than enough horsepower. This product works with Windows Media Center for about 7 minutes, then hangs. WMC ends up reporting a ""Low Bit Rate"", but the hardware is frozen solid.",80
PASS_001753,KB_01710,REC_131,B001DEYVXO,Electronics,Works as advertised.Easy to install and use.Files are a little large 8.3 Giga Bytes for a 2 hour recoarding,19
PASS_001754,KB_01711,REC_132,B00276BKBS,Health_and_Personal_Care,"You get 28 servings per jar, so if you take one a day it will last you all month.I prefer to take it with about 8 ounces of cold water stirred in a glass with a spoon (easier to use a blender). I may try it with other types of drinks, but just the water seems to work quite well.All in all, This stuff is great for Vegans or anyone who wants a fine meal replacer.",76
PASS_001755,KB_01712,REC_132,B00276BKBS,Health_and_Personal_Care,"I'm a food and protein supplement junkie. I've used many kinds. I'll be sticking with this one. Cheap tastes good, mixes well, and give me a huge burt of energy because it's so easy to digest. I mix it in a blender with apples, bananas oranges and dates. I find it lasts 1-2 days unrefrigerated if kept in a sealed container. Does seem to give me a bit of gas though, as one would expect with a product made of plant-based organic matter.",83
PASS_001756,KB_01713,REC_132,B00276BKBS,Health_and_Personal_Care,It gives me 215 Calories of solid nutrition and takes the place of the other supplements I would normally take (a multivitamin and a probiotic).As a diet supplement I think this is second to none -- the price per serving is comparable to prepackaged diet shakes and those are nutritional train wrecks compared to this.,55
PASS_001757,KB_01714,REC_132,B00276BKBS,Health_and_Personal_Care,The addition of a multi vitamin blend which includes a soy based Vitamin E precludes this otherwise excellent supplement from many people.,22
PASS_001758,KB_01715,REC_132,B00276BKBS,Health_and_Personal_Care,I was using Vega One but it is quite pricey. Many of the same ingredients was in his brand. Very good and equal to the Vega one. Will definitely buy again.,31
PASS_001759,KB_01716,REC_132,B00276BKBS,Health_and_Personal_Care,"As with many other reviewers, I had been a devoted Vega consumer, until they reformulated and doubled the price on their otherwise fine product. I tried several alternatives, including the Alive!",31
PASS_001760,KB_01717,REC_132,B00276BKBS,Health_and_Personal_Care,"I have been using The Ultimate Meal for a long time but I wanted something with a few more vitamins and a little cheaper. Tru-Food Vegan has a lot of nutritious ingredients, many are organic and the price is reasonable. I tried the berry favor and it also has a good taste, easy to mix.",55
PASS_001761,KB_01718,REC_132,B00276BKBS,Health_and_Personal_Care,"I have been a fan of the Vega product line for the past couple of years and read Brendan Brazier's books. Although I think the whole lifestyle concept is great, I was less enthused about the high cost per serving of the Vega products. Looking for a healthy and wholesome alternative I came across this product. I read other reviews and checked out its nutritional values which are on par with Vega One. I ordered it and I couldn't be more pleased.",82
PASS_001762,KB_01719,REC_132,B00276BKBS,Health_and_Personal_Care,"This guy doesn't go funky (maybe different types of probiotics or not as many probiotics? Who knows). Heck, I'll own up - I reused my smoothie bottle without washing it between doses, and didn't even notice.3. Label comparison - Tru-Food and VegaOne really are comparable. They are not identical, but they are similar enough that I was pleased upon comparing them. Still got digestive enzymes, probiotics, no soy protein, no gluten, no dairy, lots of vitamins.",76
PASS_001763,KB_01720,REC_132,B00276BKBS,Health_and_Personal_Care,"wow... I gotta say that this is an excellent product! the taste is excellent, very berry flavored and when mixed with rice milk and some frozen berries and a frozen banana, it makes an EXCELLENT meal replacement! I use ONE SCOOP as two is just way way too thick! Just shy of a full scoop in a 16 ounce tumbler it full to the top with 12-14 ounces of rice milk!Excellent, will definately buy more!",75
PASS_001764,KB_01721,REC_133,B0063N7OZ2,Electronics,"The Radar Detector can be moved around in any direction to assure a level install of the RD. Once installed the only thing I see is the RD hanging under my rear view mirror. The Ultimount is completely hidden behind the mirror, (It was smaller than I imagined it would be when I ordered it).",55
PASS_001765,KB_01722,REC_133,B0063N7OZ2,Electronics,"Rock solidly built out of aluminum with superior strength. Easy to attach to the rear view mirror and holds my Solo Radar Detector firmly in place. Somewhat expensive, but in life you get what you pay for! Would definitely buy again - high quality product! Could not be happier.",49
PASS_001766,KB_01723,REC_133,B0063N7OZ2,Electronics,My Civic's rear view mirror had very little space behind it that installing this mount made it impossible to adjust my mirror. My advice for those with Civic's is to get an aftermarket clip on mirror.,36
PASS_001767,KB_01724,REC_133,B0063N7OZ2,Electronics,Very easy to install. Radar detector looks great hanging under the mirror instead of hanging from the windshield. Gives the radar detector a clearer view of the road.,28
PASS_001768,KB_01725,REC_133,B0063N7OZ2,Electronics,"Installing this on the rear view was somewhat difficult  on a gti mirror, the mirror is short and angled i ended up having to use the larger screws to get it to grip, I Think the clamp would work better if it was hard rubber instead of metal on metal which seems to allow a bit of slipping thus results in having to tighten down a lot more I will update after a bit of use to see if it slips",81
PASS_001769,KB_01726,REC_133,B0063N7OZ2,Electronics,"Tired of the OEM suction cup mounts, I could not find any aftermarket mounts for my Escort 9500 that would work with the oval shaped stem on my 2007 VW Passat rear view mirror until I saw this one  - it fits perfectly, is very easy to install, and holds the radar detector firmly in just the right position",59
PASS_001770,KB_01727,REC_133,B0063N7OZ2,Electronics,"It does what I need it to.- The hardware is metal, so be careful as it scratches the rear view mirror stem easily- You have to tighten the adjustment screws really tight to keep it from sliding down- I wish it could put the detector closer to the windshield instead of directly under the mirror. Right now it is extended as far into the windshield as possible, but still about a foot away",73
PASS_001771,KB_01728,REC_133,B0063N7OZ2,Electronics,"While you can still run your traditional cigarette lighter chord up the the detector, hardwiring it eliminates that curly chord from having to run from your dash up to your mirror. I mean really, if you're going to go through the trouble the make your detector look sleek by mounting it to your rear-view, you might as well go all the way by hardwiring your detector to your car.Overall, great product and a breeze to install!",76
PASS_001772,KB_01729,REC_133,B0063N7OZ2,Electronics,"I like it, simple and it works well. The detector is stable if you tighten down the screws. I am going to buy a 2nd one for the other car. Installation is self explanatory, no need to watch the video. Just clamp it on the rear view mirror, use the thumb screws to adjust the height and distance forward/back and then take off your suction cups and bolt the bracket to your mount.",73
PASS_001773,KB_01730,REC_133,B0063N7OZ2,Electronics,"The package also included the mount for BEL/Escort detectors, no need to reuse your suction cup mount (you can keep this in tack for when temporarily using your detector in another vehicle).The mount seems to be well though out, and provides adjustment along all three axises, allowing you to align and place the detector snugly below your rear mirror.I installed mine with a hardwire kit that taps into the rear view power supply, keeping the install clean.",77
PASS_001774,KB_01731,REC_134,B003C6RR1E,Health_and_Personal_Care,eye doctor says this is only formula that works this is only product i could find that matched formula available other then band he sold for much higher price,29
PASS_001775,KB_01732,REC_134,B003C6RR1E,Health_and_Personal_Care,Saved money purchasing on-line versus at the doctor's office.Product arrived just as described. Very convenient and efficient.Highly recommend!,18
PASS_001776,KB_01733,REC_134,B003C6RR1E,Health_and_Personal_Care,Packaged differently than in the USA. Package was a bit damaged when it arrived but the product looks the same. It is priced better than in the USA but I wish the packaging was better for the long trip overseas.,40
PASS_001777,KB_01734,REC_134,B003C6RR1E,Health_and_Personal_Care,My eye doctor recommended an ocular supplement. This product contained the ingredients and the amount needed at a price that is cheaper than what my doctor suggested. The package was delivered in a timely manner and in good condition. I will continue to order this product.,46
PASS_001778,KB_01735,REC_134,B003C6RR1E,Health_and_Personal_Care,All I can say is that it works. My eyes have never felt better. I would recommend this too anyone.,20
PASS_001779,KB_01736,REC_135,B00A9PKN3A,Sports_and_Outdoors,"It's delivered in disassemble condition and without any tools. If you are not familiar with bike, so please buy one from bike stores, But the assembled one in bike store is nearly $300 as far as I know. So pay attention.",41
PASS_001780,KB_01737,REC_135,B00A9PKN3A,Sports_and_Outdoors,"From the moment I took this out of the box I was thinking oops, this looks like junk. I got it assembled and never really could get it adusted right. The wheel was slightly bent and it constantly rubbed the brake. It also seemed a little small and I am not that big of a guy. Might be good for a kid, but for an adult, this was horrible and cheap.",71
PASS_001781,KB_01738,REC_135,B00A9PKN3A,Sports_and_Outdoors,It is a nice bike but you need to go to the store have a whole body adjustment to make it safety.,22
PASS_001782,KB_01739,REC_135,B00A9PKN3A,Sports_and_Outdoors,AROCK used to ride this bike but he broke it in half 87 times before he was ready to fo.,20
PASS_001783,KB_01740,REC_135,B00A9PKN3A,Sports_and_Outdoors,Very poorly designed... Already broken. I will not purchase this bike again. I was not able to return it either.,20
PASS_001784,KB_01741,REC_135,B00A9PKN3A,Sports_and_Outdoors,My Kryptonite lock is now worth more than the bike itself. Maybe I should just put a lock on the U-bar instead?,22
PASS_001785,KB_01742,REC_135,B00A9PKN3A,Sports_and_Outdoors,"This is a wonderful bike. Very light, rides very well, have had it for 2 years with no problems whatsoever. And to all the people saying its crap or doesn't work, its because you didn't put it together correctly!",39
PASS_001786,KB_01743,REC_135,B00A9PKN3A,Sports_and_Outdoors,"This was purchased for my son, who is a Denver Broncos fan (bless his heart).So the orange bike was a huge hit, and it rides like a dream.He is super stoked and happy as any kid can be!",38
PASS_001787,KB_01744,REC_135,B00A9PKN3A,Sports_and_Outdoors,"This is just to get me to work about a mile away. I hate this bike, but it gets me from A to B and back ok. It's falling apart after 2 months though already.",35
PASS_001788,KB_01745,REC_135,B00A9PKN3A,Sports_and_Outdoors,Bike was delivered in a double box so that helped eliminate the chance of damage. The bike went together easily and worked fine. Seems to be a nice bike for the price,32
PASS_001789,KB_01746,REC_136,B0090EC7BM,Electronics,It also comes with a wireless remote control. It was really easy to hook up my small subwoofer with amp. There are built in settings that allow you to make all the base go to the sub instead of the speakers. Love it! I HIGHLY recommend this to anyone!! !,50
PASS_001790,KB_01747,REC_136,B0090EC7BM,Electronics,"no equalizer etc. the app remote opens automatically and connects my phone to the car and opens Pandora, and thats cool. but it just shows the app selection, no volume eq etc like in the vids. the app software is not the same. as in the videos.. maybe they have an up scale model that comes with those features? sony need to be clear on what u get for what you pay.",72
PASS_001791,KB_01748,REC_136,B0090EC7BM,Electronics,"You also need the wiring harness conversion (and wire crimp connectors), a bracket and a molding piece specific for your car/truck. We did successfully install the radio in my sons 97 honda civic where the radio does match the space but still does not allow screws to a mounting bracket to allow vibrations from moving it.",56
PASS_001792,KB_01749,REC_136,B0090EC7BM,Electronics,"I really love this stereo. It fits perfect in my 2000 Toyota Corolla, despite that Amazon's site says it won't fit. It's perfect. Great sound quality and syncing my iPhone 5 and my wife's via bluetooth was a breeze. Bluetooth works great for playing audio and making phone calls with the stereo. The small mic that comes with the system pics up great for phone calls.",66
PASS_001793,KB_01750,REC_136,B0090EC7BM,Electronics,"Got this radio installed in my 2006 Eclipse. Works great and sounds much better than the stock single disc. I didn't have the premium sound system in my car and I wanted Bluetooth. The sound is nice and clear, works great with Spotify.For those people who get their w without a microphone: this unit comes with a cheapo mic (works great), if you don't see one in your box, contact your seller and tell them.",75
PASS_001794,KB_01751,REC_136,B0090EC7BM,Electronics,"I installed this about a week ago in my 2006 Nissan Frontier. Install was very easy thanks to theMetra 70-7550 Radio Wiring Harness For Nissan 95-Up Power 4 Speakerand theMetra 99-7581 Niss Pathfinder/Frontier 05-Up Dashkit.I was easily able to figure out how to pair with my phone via Bluetooth. Operation is pretty straight forward. I have been using many of the features, simply by playing around with it. I haven't yet looked at the manual.",75
PASS_001795,KB_01752,REC_136,B0090EC7BM,Electronics,"I bought this to replace my OEM radio so I could use an XM tuner. It was fairly easy to install, I had to purchase a connector separately that would connect to the factory harness. XM tuner plugged right in, as well as the Blue tooth Mic. Blue tooth works great, no complaints from callers, and I can hear them clearly.",61
PASS_001796,KB_01753,REC_136,B0090EC7BM,Electronics,"it has so many options, I still have not used all of them. use blue tooth for phone every day, works every time, wonderful quality.",25
PASS_001797,KB_01754,REC_136,B0090EC7BM,Electronics,"i wanted a stereo that would not look to out of place(not to big and flashy), but had all the features i wanted. this does iti love the app remote feature. it turns your regular stereo into an awesome stereo, and its great to interface a removable in dash tablet. it will kill the carputer market.but one thing i would like to point out is the app software looks nothing like the one in the videos. i was expecting a full stereo interface with eq and volume etc.",88
PASS_001798,KB_01755,REC_136,B0090EC7BM,Electronics,i really like the pairing featureusing it feels a bit outmoded but it does the jobapp for android is availablethe phone mic works but you can hear a white noise in your call,33
PASS_001799,KB_01756,REC_137,B004CLYAJK,Home_and_Kitchen,Great for price!! Reduced a lot dust in rooms! Easily portable to cover all rooms! Wish I bought two when they were on sale!,24
PASS_001800,KB_01757,REC_137,B004CLYAJK,Home_and_Kitchen,I am breathing and sleeping better because of this air purifier. The only drawback is that the lights on the top are really bright. I have to cover them up with a book when using the purifier at night.,39
PASS_001801,KB_01758,REC_137,B004CLYAJK,Home_and_Kitchen,This is my first air purifier and my second Hoover product. I highly recommend. I plan on purchasing another unit in the future to put in the living room area of our house. Great product!,35
PASS_001802,KB_01759,REC_137,B004CLYAJK,Home_and_Kitchen,"Good quality, as one would expect from Hoover. Immediately noticed the difference at night when sleeping. Very heavy pollution and allergens in our area and it really cut down on those symptoms. Easy to clean and there was quite a lot on the filters, evidence of  the effectiveness. Only question, as with all products these days, is how long will it last?",62
PASS_001803,KB_01760,REC_137,B004CLYAJK,Home_and_Kitchen,"A gem. I used to have a $$& Air-Pura. It was a little on the overkill side, but it does a fantastic job. Especially if you have pets and babies under the same roof.This little number is great for one large room. The timer is great - set it and forget it, and I like the three speed settings in case I want it on but don't want to hear it much. And the price? For me a steal at much more. Honest.",83
PASS_001804,KB_01761,REC_137,B004CLYAJK,Home_and_Kitchen,"The media filter and pre-filter (set of 2) can be had for approx 20 USD.-Ionizer button on top.This button when pushed releases electrons into the air which then form ions. The ions attach to pet dander, cigarette smoke, etc, and form larger particles which are more easily trapped by the filter. If used for prolonged time, you may notice large particles sometimes fall onto furniture or upholstery instead of being sucked into the filter.",74
PASS_001805,KB_01762,REC_137,B004CLYAJK,Home_and_Kitchen,"works perfect, I needed a smaller one for my office, and its a true HEPA filter, uses UV rather then a charcoal",22
PASS_001806,KB_01763,REC_137,B004CLYAJK,Home_and_Kitchen,it works. My daughter stopped sneezing from her hay fever.,10
PASS_001807,KB_01764,REC_137,B004CLYAJK,Home_and_Kitchen,it generates more cool air than I expected however it is really taking care of the smoke in the homeI purchased this for my parents as one smokes and one can't anymoreit has made the environment much more breathable,39
PASS_001808,KB_01765,REC_137,B004CLYAJK,Home_and_Kitchen,"could it be better? Yea but honestly for less than a hundred dollars this is a great deal. no 5 star review because i have yet to see how it stands up to time, and it isn't revolutionary. Have only had it for a week and a half but noticeably cleaner air in the first day.",56
PASS_001809,KB_01766,REC_138,B00GN5DHH4,Electronics,We have had these for over a month now and they work well. We bought them for keeping in touch on the property and at the ball fields etc. They are kid friendly. The battery life is a whole day at least of continuous use and 2 days with light use. They talk to you and tell you which channel it is on and when the power is low. You can use the ear pieces... or not.,77
PASS_001810,KB_01767,REC_138,B00GN5DHH4,Electronics,"We ordered 10 walkie talkies for our staff. We operate a large testing lab, where we need to stay in touch. The ear piece is a little uncomfortable, but better than I expected. The sound quality is good and the units appear to be well made. I expect we will receive years of serviced from these walkie talkies.",58
PASS_001811,KB_01768,REC_138,B00GN5DHH4,Electronics,"I've been using these radios for almost a month now in a ministry setting. I ordered 10 to start, just ordered 5 more. I love them! Great build quality and easy to use. I wanted something that was hard to mess up, dials for power and channels help achieve that simplicity. The ear sets that come with the radios aren't great, I ordered different ones, found one stopped working well the first time I used it. Over they are a fantastic radio and the price is great!",87
PASS_001812,KB_01769,REC_138,B00GN5DHH4,Electronics,"We purchased the radios to keep in communication when setting up and orchestrating a fireworks show. The radios were great, we were able to speak with each other and hear each other regardless of the noise around us. While the MC was speaking I unplugged my headset and turned up the volume and everyone around me was able to hear the speaker through the radio. We had the speaker keep the mic open on the radio so the crew in the back could hear. The ear pieces work great.",89
PASS_001813,KB_01770,REC_138,B00GN5DHH4,Electronics,"I purchased these a few weeks back for our church worship/media and ministry teams. I purchased 10 total and ordered the clear earpieces produced by the same company. The earpieces that come with them aren't worth it. That's why this is a 4 star review. But other than that, no problems, yet. I've been a bit skeptical about these but we'll just see. They work well. Started using them right out of the box. I think these are perfect for single building institutions/businesses.",83
PASS_001814,KB_01771,REC_138,B00GN5DHH4,Electronics,"You cannot beat this deal. Purchased for supervisors in a bakery setting with concrete walls. A little skeptical at first but after we implemented them, the result was phenomenal. So much that we purchased another set of 5. Great product!",40
PASS_001815,KB_01772,REC_138,B00GN5DHH4,Electronics,"We've had other walkie talkies in the past, all supposedly with great range, but this is the first one that delivers on that promise. I bought them for road trips. I have my in-laws visiting from Germany and they would not be able to call me using their cell phone when we are in two different cars driving somewhere. I don't want them to get lost and so the idea of buying walkie talkies with good range came to me. I tested the range recently and was really impressed.",89
PASS_001816,KB_01773,REC_138,B00GN5DHH4,Electronics,We use the radios 7 days a week and Will need more time to see its performance. A little to early to tell.,23
PASS_001817,KB_01774,REC_138,B00GN5DHH4,Electronics,These walkie talkies are perfect for our application. Very easy to use. Durability seems more than satisfactory. Would purchase again.,20
PASS_001818,KB_01775,REC_139,B00067MVUE,Pet_Supplies,I love this its great just remember to put some WD40 on the metal parts. Worth a repeat purchase so I did.,22
PASS_001819,KB_01776,REC_139,B00067MVUE,Pet_Supplies,THis is a nice scooper works amazing and gets the job done. It is plastic and some metal parts so it would be wise to keep in in a shed or outside closet out of the rain.,37
PASS_001820,KB_01777,REC_139,B00067MVUE,Pet_Supplies,"I have gone through three plastic scoopers (among them this product) and they just don't last. Sooner or later, and it seems like it's sooner, the cheap plastic gives out and snaps somewhere and the thing is useless. Shop around and find one made of metal. Otherwise, this will be an ongoing expense.",53
PASS_001821,KB_01778,REC_139,B00067MVUE,Pet_Supplies,So far so good. Hasn't came flying apart on me. It really REALY needs a flashlight that points down at the scoop. (guess I could get out the duck tape) I wish it was made of metal also so I could wack a stray without worrying about it disintegrating on me.Chris Olsen,52
PASS_001822,KB_01779,REC_139,B00067MVUE,Pet_Supplies,I got this for my husband for Fathers Day. Kind of a joke of a gift but it sure gets used! We have 3 dogs so this is a must around the yard. No issues with broken parts or malfunctions.,40
PASS_001823,KB_01780,REC_139,B00067MVUE,Pet_Supplies,It's plastic. Enough said. You are better off purchasing a metal unit that won't break and will last more than a minute.,22
PASS_001824,KB_01781,REC_139,B00067MVUE,Pet_Supplies,"I purchase two scoops to help out the superintendent in the bldg. where I reside. Although our municipality mandates dog owners to pick up their dogs' waste ... well, you know how that goes - some do, some don't. I removed an extraordinarly large amout of dog waste (filled a small waste paper basket). It's still winter in these parts, and the scoop held up very well with frozen waste and cold soil.",73
PASS_001825,KB_01782,REC_139,B00067MVUE,Pet_Supplies,Works great. The last one I had (different manufacturer) rusted at the metal springs. Since I leave this thing outside (obviously) I need one that will last!,27
PASS_001826,KB_01783,REC_139,B00067MVUE,Pet_Supplies,Purchased one and a minute after opening the box I realized that the pin that operates the opening and closing of the jaw was missing. Returned item and received a new one. Parts were all on this one. Yay!! used for 20 minutes and same pin that was missing on first one fell out of the second one. Should have shipped back with dog poop on it but put my own pin in it. Great idea. BUT QUALITY IS POOP. Don't buy.,82
PASS_001827,KB_01784,REC_139,B00067MVUE,Pet_Supplies,"I bought this for my two big dogs, an English Mastiff mix and a purebred Great Dane. As they are giant breeds, they eat a ton, and tend to ""return"" just as much to my backyard. I don't really like the old metal rake types since they need two hands, so I picked this up.",55
PASS_001828,KB_01785,REC_140,B000F6Y686,Electronics,"It's light, has an incredible 12x Leica design approved lens, a 10 Megapixel sensor and just about every feature you could want. Adding the LT55 to your kit gives you that extra-long telephoto you've always wanted to carry without doing damage to your back. Neat product.Jerry",46
PASS_001829,KB_01786,REC_140,B000F6Y686,Electronics,"It is a one trick pony. It is only for taking shots at long distance. If you decide to quickly pull your zoom back and try to take a shot of a close item, you will be looking down a black tunnel with the circular lens at the end of the tunnel. Sort of like looking down a spyglass. That's what it looks like when you try to take close/average distance shots with this still attached.",76
PASS_001830,KB_01787,REC_140,B000F6Y686,Electronics,"I bough the DMW-LT55 to go with my Panasonic FZ200 to use for bird photography. The lens is great, giving me that extra boost of zoom and the images are clear and bright. I highly recommend it.",37
PASS_001831,KB_01788,REC_140,B000F6Y686,Electronics,"At least it works with them, but it adds to the screwing/unscrewing process. Good info to know.-The FZ-200 does focus better if you zoom all the way in to 48X (iZoom) rather than leaving it at 24X and cropping it later. The image quality will be otherwise identical once processed and cropped, but the focus at the time of shooting is better if you zoom in to 48X. Why? It beats me...the camera just handles it better for some reason.",80
PASS_001832,KB_01789,REC_140,B000F6Y686,Electronics,"This lens ended a mounting frustration of photographing birds that keep their distance. I can now capture sharper eyes and plumage; far more definition.When a great blue heron unexpectedly landed nearby, I nearly held my breath as I slowly raised my camera to my face. Only then did I discover that I had to change the battery while keeping very still to not give away my presence.",67
PASS_001833,KB_01790,REC_140,B000F6Y686,Electronics,"I enjoy birdwatching and naturally I wish to photograph the birds I see when I can. I used this lens with the FZ7 on a trip to Maui. I saw the i'iwi and apapane, but those birds flit around too much for me to be able to get a pic. However, I was able to get a couple decent pix of the a'eo (Hawaiian stilt) at a distance of about 300' so I was pleased.",75
PASS_001834,KB_01791,REC_140,B000F6Y686,Electronics,"If you have an an FZ50, this is your only telephoto option. Optically, it works quite well, with good sharpness across the entire lens, but some of the mechanical aspects of it could have been better done. The main problem with it is that since the FZ50 has a fixed lens, the tele-converter attaches to the camera lens by screwing onto the filter thread.",64
PASS_001835,KB_01792,REC_140,B000F6Y686,Electronics,My wife finds this so quick and easy to fit to her FZ50. Really does get that much closer.,19
PASS_001836,KB_01793,REC_140,B000F6Y686,Electronics,"The lens are great, I use it with the Lumix FZ-70 so now I get not 60x, but 102x of optical zoom with clean, crisp and distortion free images",29
PASS_001837,KB_01794,REC_140,B000F6Y686,Electronics,"A word of advise to anyone considering a no name or knock off version of this lens thinking you'll save some money; don't do it. I wasted my money on getting the non Lumix version of this lens, and was plagued by chromatic aberrations, severe blurring all around the edges, and over all poor quality.The use of this proper Lumix OEM telephoto lens reduced the chromatic aberrations by 90%, and gave me clear, crisp photographs.I heartily recommend this lens to any and all FZ30 and FZ50 owners.",87
PASS_001838,KB_01795,REC_141,B009KZ20D6,Tools_and_Home_Improvement,"I looked at all the similar products and this is the one. For dirt cheap, it's a very nice, very well designed set of precision screwdrivers, and I need the tiny #00 and #000 phillips heads. I've only used it twice so far, but I really have enjoyed the easy to grasp plastic grips, with a nice tactile feel. They are well shaped so that you can really put some force into the screw, with freely turning tops for your thumb to press on.",84
PASS_001839,KB_01796,REC_141,B009KZ20D6,Tools_and_Home_Improvement,"I bought this as an extra set, but tips of the Phillips screw driver are not sharp and wont work on most screws. They end on flat.I have other set of another brand that works perfect.",36
PASS_001840,KB_01797,REC_141,B009KZ20D6,Tools_and_Home_Improvement,Guess I didn't read the fine print. This jewelers screwdriver set includes three useless star head drivers that I wish were more sizes of Phillips head. Otherwise the quality is good and the design is one of the best I have used so the drivers are easy to handle and grip.,51
PASS_001841,KB_01798,REC_141,B009KZ20D6,Tools_and_Home_Improvement,The quality of the screwdrivers is excellent. They feel very solid and are long and thin enough to reach nearly any screw. The end of the handle fits comfortable in the hand and I have never had a problem getting a good enough grip. The only way this set could be better is if it included a larger Phillips head.I would recommend this set to anyone who needs to do some work on their computer.,75
PASS_001842,KB_01799,REC_141,B009KZ20D6,Tools_and_Home_Improvement,Was cheap and I got more than my moneys worth. For the price you can honestly get tired of it one day and easily sell it for more than you bought it for.,33
PASS_001843,KB_01800,REC_141,B009KZ20D6,Tools_and_Home_Improvement,"I purchased this set hoping that the #00 and #000 phillips heads would be small enough to work on my camera. But the size differences between #0, #00 and #000 are nearly indistinguishable and certainly none are small enough for most work on cameras, cell phones, etc. The drivers are well made, balanced, but much too large for any very small screws.",62
PASS_001844,KB_01801,REC_141,B009KZ20D6,Tools_and_Home_Improvement,"I use these daily for disassembling/reassembling laptops at work. For the money, they work quite well and have all the sizes commonly found in laptops. They seem pretty durable, the grips are reasonably comfortable and the carrying case is a nice touch. They have slight magnetism which is useful in retrieving ""lost"" screws. Also, in the set I received, the two largest torx drivers do have holes in the center, while the smallest one does not.",76
PASS_001845,KB_01802,REC_141,B009KZ20D6,Tools_and_Home_Improvement,"I would like a screw driver set with independent bits, but as I was short on cash, this would have to do. I recieved the item, and to no shortage, the set feels very well made, strong, and durable. It is only 10 pieces, so you might find yourself having to resort to another set for other jobs, but for the price, and the durabuility of the item, I think it's a decent buy for a intrigued interested individual looking to get into small electronics.",85
PASS_001846,KB_01803,REC_141,B009KZ20D6,Tools_and_Home_Improvement,I purchased this screwdriver set exclusively for changing the hard drive in my fat ps3. Like some other people I tried others screwdrivers and it didn't work. The screws can be easily stripped so getting the right tools was imperative. The #0 Phillips in this set worked perfectly to remove the blue screw of death and the four HDD tray screws. Had no problems at all! If you're interested in changing your hard drive get this set!,77
PASS_001847,KB_01804,REC_141,B009KZ20D6,Tools_and_Home_Improvement,"I was working on a customers Dell Laptop yesterday, and the screws on the back end of the laptop were about an inch deep in the case. My regular ""Boxer"" set of precision drivers just didn't have the length needed to get down to the screw heads and remove the screws. Nothing is as frustrating to me, than my screw driver being too fat, and too short to do the job.",71
PASS_001848,KB_01805,REC_142,B001BOD9JI,Pet_Supplies,"Digital timer runs the aqualifter for 5 minutes, once every three hours, which comes out to 40 minutes a day. This is just enough to topoff the 1 gallon or so per day that evaporates from the tank. Actual flow rate of the pump is highly dependent on the height you are pumping. When the bucket is nearly empty, the pump is sucking through about two feet of tubing, plus pumping up about 20 inches, and pumps more like 1.5 to 2 gph.",83
PASS_001849,KB_01806,REC_142,B001BOD9JI,Pet_Supplies,"I simply don't use the prefilter.In all honesty, What I was looking for was a filter that would circulate  a small volume of water for a small (2.5 gallon) tank. I did not want the noise of an air pump with an air stone. In the end I settled for the &#34;Azoo palm filter&#34; which has a regulator that can redue the flow to much less than any other pump I found (and it's cheap).",75
PASS_001850,KB_01807,REC_142,B001BOD9JI,Pet_Supplies,"The pump works as advertised! I get about 2 gph instead of the 3.5 gph, however I am pumping through 4 ft of tubing. This is the second Aqualifter that I have purchased. They are being used as dose pumps in my hydroponics system.",44
PASS_001851,KB_01808,REC_142,B001BOD9JI,Pet_Supplies,"TOM Aquarium Aqua Lifter Pump 3.5gph flow rate to 30 inches height,  works like stated. would recomend to others. Delivery was fast.",22
PASS_001852,KB_01809,REC_142,B001BOD9JI,Pet_Supplies,"I find out the water pump is way to strong for hang on box, so I decide to try this one.Fortunately, this product works perfectly after I diy the pipe head and direct the pipe going to the box where I want to be. The water flow just perfectly for small fish, betta, killifish...etc.I will defiantly get another one for my another tank. I also suggest to get their lifter pump holder. It can help you attach the pump perfectly! !",81
PASS_001853,KB_01810,REC_142,B001BOD9JI,Pet_Supplies,"As my title, I finally find the product which can excellent replace the air pump for my external hang on breeding box. I have a hang on breeding box attach to my 5 gallon nano tank. I got the 1 gallon hang on tank with air pump for breeding smaller fish or other purpose. However, the water flow is way too small produced by air pump.",66
PASS_001854,KB_01811,REC_142,B001BOD9JI,Pet_Supplies,I use this pump to keep the air out of my over flow. I have had it running for 3 days and is very quiet and works well.,28
PASS_001855,KB_01812,REC_142,B001BOD9JI,Pet_Supplies,I use this to add about 2 gallons of water from my top off tank which is located in a room behind my 125 gallon main display. I went this route because I dont want the worry about a float valve going bad and flooding my house.I figured out that i need to run the pump about 38 minutes a day to equal the amount of evaporation im getting. I have this unit plugged into a digital outlet timer and it works flawlessly.This unit saves me a ton of work.,90
PASS_001856,KB_01813,REC_142,B001BOD9JI,Pet_Supplies,"I use this on my saltwater aquarium for dosing kalkwasser. I've been using these pumps for 5 years now, and still have the original one. At first, I assumed the cheap price meant they wouldn't last long, so bought two to have a spare. Both are still running strong, despite the harsh kalk solution running through them.",57
PASS_001857,KB_01814,REC_142,B001BOD9JI,Pet_Supplies,I have this on my 125g main display reef tank. I have it pull water out of a 5-gallon bucket below the aquarium. I just keep the bucket most of the way full. I also have a water sensor in the bucket which will turn off power to the outlet on my RLK to stop the pump to prevent burning it up.,62
PASS_001858,KB_01815,REC_143,B00119QDPA,Musical_Instruments,"One problem with this stand is, that it doesn't come with the inner piece to screw into your Boom stand, and I think it is really unfair for some people. Lucky I had one from my shock mount that broke, so I unscrewed it out and put it into that one. So honestly this will not work with out that inside piece. Note: I am not talking about the piece that holds the mic, im talking about the part that screws on to the stand.",85
PASS_001859,KB_01816,REC_143,B00119QDPA,Musical_Instruments,"The first one, the circle with the threads in it that screw onto the mic stand actually broke in half, becoming a 'c' instead of an 'o.' My second one won't tighten anymore, so the mic just droops. Not really upset because I use my MXL 990 probably the most out of all my mics, taking it to and from gigs, so I'm not surprised I need to buy replacements! Go ahead and get this replacement.",76
PASS_001860,KB_01817,REC_143,B00119QDPA,Musical_Instruments,This the original adapter mount that came in the MXL 990 box. Brand new and as described in description. Thanks,20
PASS_001861,KB_01818,REC_143,B00119QDPA,Musical_Instruments,"Not what I needed for my condenser mic. I couldn't use it, but you get what you pay for. Looking for another product now.",24
PASS_001862,KB_01819,REC_143,B00119QDPA,Musical_Instruments,I bought this mount which is EXACTLY like the one that came from the manufacturer when the mic was purchased. My ordering was fast easy and the delivery was quick with no problems. Perfect replacement piece!,36
PASS_001863,KB_01820,REC_143,B00119QDPA,Musical_Instruments,"So glad I found this part for my microphone stand/mic -- it's exactly what came with the original equipment, so I saved a ton of money being able to just replace this part. Very good price, too.",37
PASS_001864,KB_01821,REC_143,B00119QDPA,Musical_Instruments,"I have a studio where we use a very heavy MXL condenser microphone. My microphone stand base is round and heavy but not always stable. When the stand tipped over one day from the weight of the condenser mic, and broke this mount, I immediately went to our local Guitar Center to purchase a new one. Guitar Center said they didn't carry one. In fact, they said they carry a mount for almost every mic but this particular one.",79
PASS_001865,KB_01822,REC_143,B00119QDPA,Musical_Instruments,"I've had an MXL condenser mic for 10 years or so. The threads in the hard mount stripped, and as a result, made the mic difficult to use. Duct tape was a quick fix that lasted until I finally found the replacement. I know I'm not reviewing the MXL large diaphragm condenser mic, but I gotta say for fifty bucks I love it. I have a Shure KSM 32 that is awesome, but it will pickup ant footsteps.",78
PASS_001866,KB_01823,REC_143,B00119QDPA,Musical_Instruments,my mic came with this clip and i try to tight in to my mic but it just falls off.,20
PASS_001867,KB_01824,REC_143,B00119QDPA,Musical_Instruments,"This piece was purchased as a replacement part that had failed in operation. It is designed to hold a large condensor microphone on a Mic stand or boom. In order to hold it in place on a mic boom, the screw clamp must be tightened with a lot of force. Unfortunately, the brass screw threads are about a #6-32. The threaded hole is in some kind of pot metal with only a few threads of grip. It will strip again and again.",82
PASS_001868,KB_01825,REC_144,B000063XH7,Home_and_Kitchen,"I was so excited when I saw this waffle maker. It looks perfect, large grilling area, easily flipped plates & conveniently placed controls. It turned out to be so bad I finally just threw it out.The plates were impossible to clip into the grilling pan so they were constantly falling out when I opened the lid. More than once I was burned trying to catch everything before it hit the floor.",71
PASS_001869,KB_01826,REC_144,B000063XH7,Home_and_Kitchen,"This waffle maker is great. We cook sandwiches, waffles, and pancakes  daily on it. We tried to cook bacon but the grease kept overflowing over the sides, so won't do that again. Everything  comes out golden brown. The only drawback is it doesn't have an alarm so you have to babysit it. Wonderful product.",54
PASS_001870,KB_01827,REC_144,B000063XH7,Home_and_Kitchen,"He explained in one episode how he fries bacon in a waffle maker. While cooking, grease drains away from bacon and splatter is eliminated. Needless to say, this is one of my uses for this machine: cooking organic bacon. Spouts on side of each plate makes it easy to drain grease to refrigerate and use for flavoring other foods later. (Such as homemade fajitas. )Besides waffles, bacon, and grilled items, I use just the grill plates to make home made tortillas!",81
PASS_001871,KB_01828,REC_144,B000063XH7,Home_and_Kitchen,"It work's very well. It takes a few minutes to get hot, but once hot, it cooks quite fast. I like to be able to flip the grates over and use it to grill both sides of a sandwich at the same time. It opens so that I have 2 flat surfaces to fry eggs or bacon.I like the waffles for the smaller squares.",64
PASS_001872,KB_01829,REC_144,B000063XH7,Home_and_Kitchen,Works great. I bought this specifically for making home made waffles but it cooks other things well also with griddle side. The drip channel takes some care and im not a fan of non stick coatings but it does the job well.,42
PASS_001873,KB_01830,REC_144,B000063XH7,Home_and_Kitchen,I really love this waffle iron. We used it when I was a kid. It makes the best waffles and pancakes. So far I've only been able to use my in the laying flat position to make turkey bacon and pancakes. The turned out so good because the unit cooks evenly. I haven't been able to use it as a waffle maker yet because the top hook that holds the top plate in place is loose. So the top plate slides off while making waffles. I had my husband look at it.,92
PASS_001874,KB_01831,REC_144,B000063XH7,Home_and_Kitchen,"You'll need a little cup or something to catch it where it supposed to drip out.If you really want it to ""drain the fat away"" fast like a Forman type grill, just put something under the back left leg to tilt it a bit. Don't put something under the leg that could catch fire though....again, say it with me, ""It gets really hot!""",63
PASS_001875,KB_01832,REC_144,B000063XH7,Home_and_Kitchen,"I'm returning it, and am thinking I need to look at waffle irons in person to assess the depth of the waffle area.",23
PASS_001876,KB_01833,REC_144,B000063XH7,Home_and_Kitchen,"That indicates the heat in that area was higher than in the rest of the plate.My suggestion would be to preheat the iron longer and with the lid closed. This will allow the entire metal plate to become more uniform and hopefully produce a more even color and ""doneness"" to the product.",52
PASS_001877,KB_01834,REC_144,B000063XH7,Home_and_Kitchen,"You should do this after each waffle. I don't wash my grids (I only ever cook waffles and pancakes on it) so I don't know how it works if you do, but as time has gone on I don't need to grease the iron as much and can make a few waffles without needing to oil it.",57
PASS_001878,KB_01835,REC_145,B005JVNQPQ,Automotive,just turned fluid dark and left most of rust on a set of dies. leaving rust and black spots. 48 hr soak,22
PASS_001879,KB_01836,REC_145,B005JVNQPQ,Automotive,I was surprised it really works cleans the rust off like it states. one thing is don't leave it in to long or it will turn the metal black.,29
PASS_001880,KB_01837,REC_145,B005JVNQPQ,Automotive,I let my rusted tools sit in liquid over night and took all the rust away left somm black marks on some of the really badly rusted tools but would buy from them again,34
PASS_001881,KB_01838,REC_145,B005JVNQPQ,Automotive,"This is bad to the bone, it works like advertised and removes the rust. Make sure to watch the items, if you leave it in too long chrome parts will turn black and will be hard to clean. Spills on concrete will leave a white film, so make sure to clean spills with clean water.",55
PASS_001882,KB_01839,REC_145,B005JVNQPQ,Automotive,"Followed the instructions to clean out a very rusty motorcycle tank,  Temp was well above 68 degrees and I let the tank sit for 5 days. When I poured out the rust remover it was black as ink. The inside of the tank looked like new. I have since used the reserved black liquid with good results to remove rust from a variety of rusted items,  I would definitely recommend this product but you must follow the instructions.",78
PASS_001883,KB_01840,REC_145,B005JVNQPQ,Automotive,"Workshop Hero WH290487 Metal Rescue Rust Remover - 1 GallonFirst, used as directed this product does work as demonstrated in promo videos. Unfortunately, to clean up my vintage chrome bicycle parts would require a bathtub full of this product. At $25 a gallon, as purchased on Amazon, it would be hundreds of dollars, about the same cost as buying a fully restored model of the bike. I bought two gallons here and only accomplished a quarter of my goal before it turned black and was used up.",87
PASS_001884,KB_01841,REC_145,B005JVNQPQ,Automotive,"&#34;Cleaning rust out of a motorcycle gas tank? No problem. Just fill it about half way with some vinegar or rubbing alcohol, add a hand full of metal nuts, cap it off and shake the cr@p out of it for 15 minutes straight.",43
PASS_001885,KB_01842,REC_145,B005JVNQPQ,Automotive,I believe it. I'm also surprised how far 1 gallon will go. I would highly recommend this to someone. I just wish they made it in a gel or something to use on surfaces you can't actually soak.,38
PASS_001886,KB_01843,REC_145,B005JVNQPQ,Automotive,"I think they do more than most manufacturers. They certainly value what people think and it shows. In conclusion, Metal Rescue, does stand behind the customer's satisfaction and I recommend you certainly look into their product. It would also help to call them if you have any questions where these reviews do not cover them.",55
PASS_001887,KB_01844,REC_145,B005JVNQPQ,Automotive,This product is great it works as advertised... I bought this for my Honda cbr 600 f4i  2005 gas tank and lets just say I watched the rust just fall off. Great product... I would have giving them a 5 but they would not ship this to me in Japan.. So I had to buy and ship it a friend to have them ship it to me.. SMH but it did get to them fast...,75
PASS_001888,KB_01845,REC_146,B000CPI5XM,Automotive,"I have a 2002 Mazda B-3000 truck (Ford Ranger) with about 80,000 miles on it and a 5-speed MANUAL transmission (Yes, this trans uses ATF - not gear oil as you would expect).Before the ATF change, my truck shifted a little roughly and I could hear a slight whine in second gear when the truck was cold. This ATF made a huge difference. It still isn't perfectly smooth when shifting into second, but there is no more whine.",78
PASS_001889,KB_01846,REC_146,B000CPI5XM,Automotive,"I have now done 3, 3qt drain and fills on my 2002 Ford Explorer V6 2WD - the latest two with Redline D4. The original transmission failed at 110k and was rebuilt. With 45k miles on the rebuild, I began to experience sluggish shifting. I performed a drain/fill with Mobil1 ATF and symptoms lessened immediately. I did more research and decided to try Redline D4. Two more 3qt drain/fills later, the symptoms are almost gone. Results were again immediate after changing the fluid.",83
PASS_001890,KB_01847,REC_146,B000CPI5XM,Automotive,It's work great for my BMW 325xi. Thank you so much. Awesome  product for a bmw. I love it .,20
PASS_001891,KB_01848,REC_146,B000CPI5XM,Automotive,"Manual transmissions have synchronizers - which are kind of like clutches and require a bit of drag to work right. When the fluid is too slippery for the design, they don't work as well. Other manual transmissions may be just fine, but a word of caution for mid 90's Getrags.",50
PASS_001892,KB_01849,REC_146,B000CPI5XM,Automotive,Best ATF. Using in 2002 Sentra Auto 110k miles transmission shifts smooth and 100 times better then oem not synthetic oil.Yes its cost little more then oem oil but its cheaper then replacing transmission.,34
PASS_001893,KB_01850,REC_146,B000CPI5XM,Automotive,"I give it 5 stars for how well it works on 2 of my vehicles, and 2 or 3 stars for the third.I've been using Redline D4 for years.In my 93 Taurus, it made the transmission work RIGHT. An awesome difference over petroleum ATF.In my 98 Sienna, shifts feel the same as the petroleum ATF, in other words, great, like new.In my 00 Camry, the shifts seemed too grabby/abrupt, so I started using Amsoil ATF.",75
PASS_001894,KB_01851,REC_146,B000CPI5XM,Automotive,"Bought this stuff to put in the 6 speed transmission & transfer case of my 99 Ford Powerjoke. Seems to shift fine, can't tell much difference here as I was just doing maintenance.",33
PASS_001895,KB_01852,REC_146,B000CPI5XM,Automotive,"My 1998 Ford Ranger was experiencing transmission problems. A friend recommended I try this stuff before replacing the transmission. It's awesome. Now when I shift through the gears, it feels like a knife going through soft butter. What a fantastic product! It saved me thousands of dollars.",47
PASS_001896,KB_01853,REC_146,B000CPI5XM,Automotive,"I recommend fluid testing.For the Ford, I would suck the old fluid out the dipstick with a vacuum pump, a fluid transfer lid, and a quart jar. The other vehicles have drain plugs.Just measure how much old fluid you take out, and put that same amount back!",47
PASS_001897,KB_01854,REC_146,B000CPI5XM,Automotive,"I'm using this in a ZF S5-42 manual transmission (Ford truck, 7.3 IDI). Works great, smooth shifts, no problems. Have used it in every climate from 10 below to 120 desert heat, and the trans shifts great. This is one of the ZF approved fluids for this transmission.",48
PASS_001898,KB_01855,REC_147,B00FM0N514,Home_and_Kitchen,"It really was a lot of work to put together (1 person) but worth it in the end. I had to play around with adjusting the drawers until they finally fit. Once assembled, it is just as pictured. Exactly what I was looking for...very sturdy.",45
PASS_001899,KB_01856,REC_147,B00FM0N514,Home_and_Kitchen,"I'm a 30-something gal and I was able to assemble this, by myself, in two hours. The instructions are not hard to follow, as some have warned, and although not all the pieces are labeled it is easy to determine what every piece is. It's nice that the doors and drawers have an adjustment function, though I did not need it.",61
PASS_001900,KB_01857,REC_147,B00FM0N514,Home_and_Kitchen,"Purchased this for office. Looks nice and was not overly complicated to assemble.When assembling the front legs,  it is easy to get the reversed which would cause the bottom shelf to not line up. Be sure they are flush with the sides on the inside,  not outside. The legs should protrude to the outside of the sides (if that makes sense, lol)Otherwise,  very happy with this purchase.",67
PASS_001901,KB_01858,REC_147,B00FM0N514,Home_and_Kitchen,"Very nice looking piece of furniture. Provides a surprising amount of storage! Doesn't seem overly large or bulky. An exceptional value for the price-- this will hold up and is equally as attractive as other much more expensive options.Assembly was comparable to Ikea purchases we've made in the past, or even easier. The directions provide some helpful clues, so study the illustrations carefully and it's not a terrible project. Time consuming, yes, but the difficulty was minimal.",77
PASS_001902,KB_01859,REC_147,B00FM0N514,Home_and_Kitchen,This sideboard is a good addition to our dining room. It was a good deal and the quality is nice. There are a lot of pieces and the directions are a little difficult to follow but with 2 people putting it together it only took us a couple of days. Some pieces didn't slide together as well as it says they should in the directions and a few of the pieces were scratched. In the end it was a good bargain and we are happy with it.,87
PASS_001903,KB_01860,REC_147,B00FM0N514,Home_and_Kitchen,This product did take a good while to put together. The top was split and I called the number to customer service and told the lady what was wrong and she said ok and we had the replacement part in 4 days. We are using this piece for storage in our living room and it fits in very well.,59
PASS_001904,KB_01861,REC_147,B00FM0N514,Home_and_Kitchen,"The hinge system on this installed flawlessly and the doors work without any adjustment. And, Quality Control on the hardware is fantastic.Suggestions to Sauder: The sticker labels are fantastic, but not on every piece. Please label them all. Also, some of the steps for the less experienced could be emphasized a little better by zooming in on the picture. Like when hardware has to be installed a specific way on a piece. I've gotten used to looking for those issues, Thank you.",82
PASS_001905,KB_01862,REC_147,B00FM0N514,Home_and_Kitchen,"Sauder continues to get better. I see some reviews that talk about the difficulty in assembling this item, but have to disagree. Granted, I've put quite a few items together over the years and that serves to lessen the difficulty, but if you take your time, sort everything out in advance, and read the instructions, you will have a wonderful final product. There are some items that are harder to find the label, and a few that were not labelled.",80
PASS_001906,KB_01863,REC_147,B00FM0N514,Home_and_Kitchen,Product as described. Sturdy material. A lot of pieces to put together but the instructions were very clear.,18
PASS_001907,KB_01864,REC_147,B00FM0N514,Home_and_Kitchen,My son who is very good at assembling things found it very difficult ..You should give customers the option to have it shipped assembled even if it costs a little more..,31
PASS_001908,KB_01865,REC_148,B000X596HU,Tools_and_Home_Improvement,item was very hard to get primed. Luckily I have lots of experience with grease guns. The instructions for the charger are wrong. One of the batteries was bad and they promptly shipped another one. I also agree with the fitting on end of hose being very hard to remove...bad design. I will be changing it out today with one from my manual Alemite grease gun.,66
PASS_001909,KB_01866,REC_148,B000X596HU,Tools_and_Home_Improvement,I have to grease my truck and trailer every two weeks. I have used it twice now and it has lived up to expectations. It was hard to pull off the fitting's but I suppose that will change as the tip is worn (the spring on the end for gripping came off the first time I used it). One area that I am not sure about is how to tell if grease is going in the fitting.,77
PASS_001910,KB_01867,REC_148,B000X596HU,Tools_and_Home_Improvement,The grease gun won't pick up the grease. Tried two different tubes of grease and spend about two hours to get it work.,23
PASS_001911,KB_01868,REC_148,B000X596HU,Tools_and_Home_Improvement,"This is a good product for the homeowner who is greasing lawnmowers,bicycles,etc. Heavy equipment requires a product with more pressure.The other good thing about this product is you get two batteries.",31
PASS_001912,KB_01869,REC_148,B000X596HU,Tools_and_Home_Improvement,One of the thing I have to make sure of is that a part is getting grease in order to prevent a failure.,23
PASS_001913,KB_01870,REC_148,B000X596HU,Tools_and_Home_Improvement,"Makes greasing my equipment so much easier and efficient. I am glad to have purchased this product. Great product, good price.",21
PASS_001914,KB_01871,REC_148,B000X596HU,Tools_and_Home_Improvement,I finally ended up cutting this nozzle fitting from the grease fitting.I replaced the fitting that was supplied with this grease gun with one that I had laying around and now this grease gun works great.,36
PASS_001915,KB_01872,REC_148,B000X596HU,Tools_and_Home_Improvement,"This unit  is quite heavy and bulky but not really a problem.I would have given this grease gun 5 stars except for my one problem.When I started using this grease gun, the tip that connects to the grease fitting was VERY hard to remove from the fitting.",47
PASS_001916,KB_01873,REC_148,B000X596HU,Tools_and_Home_Improvement,I have had this 12V cordless grease gun for quite sometime now and it has saved me a great deal of time greasing my farm tractor and equipment. The kit comes with two batteries and I keep one on charge while using the other one. It works well for me and the seller provided good service.,56
PASS_001917,KB_01874,REC_148,B000X596HU,Tools_and_Home_Improvement,"hey for the price it is not a bad grease gun, 2 so far, and both work fine, i still think a  lithium-ion battery would make it better.just like any grease gun, cold grease can be a pain to pump, so keep it warm,",44
PASS_001918,KB_01875,REC_149,B00F5TR1I0,Beauty,"It's not the best but not the worst. I just wanted a cute black bag to carry my school stuff in and it does that. Not as big as it looks in the pictures but it's big enough to hold my notebooks and folders. Cheap leather but hey it doesn't look bad. Be careful with the zippers, they're pretty cheap but as long as you don't pull on them or zip them hella fast, they'll be okay. Overall it's a good bag for the price and where it comes from.",90
PASS_001919,KB_01876,REC_149,B00F5TR1I0,Beauty,this thing broke like after 4 days . the zipper is hard to open . doesnt even match the color of the other zipper . DONT BUY STUFF LIKE THIS . THE CHEAPEST THING I EVER BOUGHT .,38
PASS_001920,KB_01877,REC_149,B00F5TR1I0,Beauty,i love the handbagits a pretty good size tooI use it for school and for days out during the weekendI would definitely recommend,23
PASS_001921,KB_01878,REC_149,B00F5TR1I0,Beauty,i love the handbag i got it for my daughter and she looved it she got it for school and they all lloved it,24
PASS_001922,KB_01879,REC_149,B00F5TR1I0,Beauty,Was really excited to get this bag but as soon as I walked out the door with it the strap broke on me! All my stuff came tumbling out! Also my inside zipper pocket became detached already :(  it is A good price but I've had better purses for the same price.,52
PASS_001923,KB_01880,REC_149,B00F5TR1I0,Beauty,The zippers broke and the tassels feel off the first time that I used the bag. Don't buy this product! !,21
PASS_001924,KB_01881,REC_149,B00F5TR1I0,Beauty,"I loved my bag, and I use it every day. I will be ordering again in the future. Thanks for letting me know it arrives. It always gets there on time.",31
PASS_001925,KB_01882,REC_149,B00F5TR1I0,Beauty,"I just bought this bag, thought it would be nice but instead VERY cheap material! I've had the bag for 4 days and zipper just broke! Inside hardly has any compartments and zipper is very sharp and hard to close. Definitely waste of money.",44
PASS_001926,KB_01883,REC_150,B001EYYJVC,Automotive,"I ordered this engine, not really knowing what to expect. It just looked cool. Let me first say that these kits are not for everyone. They require some mechanical aptitude and tools. I had neither. Luckily, I found a discussion forum on the topic of ""happytime"" Chinese bike kits. ([...]). This forum is comprehensive and very helpful and contains all the information you need to complete the kit.",68
PASS_001927,KB_01884,REC_150,B001EYYJVC,Automotive,"I had to ask someone on another website about how to wire it.I would like to say that this product does work pretty well. It's cheap and makes riding a bike much easier, especially uphill. It takes at least 4 hours to put this on your bike. I would only recommend this product to people who are mechanically inclined, as you will probably run into some minor problems, as I did.",71
PASS_001928,KB_01885,REC_150,B001EYYJVC,Automotive,It's no race engine but it had more than enough power for a bicycle! Already put 200miles on mine and it still running strong!,24
PASS_001929,KB_01886,REC_150,B001EYYJVC,Automotive,"The engine is made to mount on bottom tubes that are not over-sized. Although it does come with an adapter to mount it on over-sized tubes, I have found that the adapter and engine slide sideways on my bottom tube causing the chain to become slack.",46
PASS_001930,KB_01887,REC_150,B001EYYJVC,Automotive,"I received this engine in 4 days from ordering it. I have a Schwinn Stingray Chopper and i planned on putting the engine on this bike, however i was a bit disappointed to find that it wouldnt fit on the chopper because there was no mount for it. I however plan to make a bracket for it,but overall it was a nice buy, sturdy looking, all parts with it, nothing broke.",71
PASS_001931,KB_01888,REC_150,B001EYYJVC,Automotive,"This caused the pin and spring, that the clip was holding, to fall off of the clutch handle. Without these the clutch handle cannot be locked in the disengaged position. I have since fixed this by making my own ""e"" clip.One other thing about this engine is that the chain is loud when the clutch is disengaged. Also the bike doesn't go as fast downhill because of the drag of the chain.Also, the instructions are unclear about how to connect the wiring.",82
PASS_001932,KB_01889,REC_150,B001EYYJVC,Automotive,I bought one of these kits to put on my bike.One problem I ran into was the fact that only a couple of bicycles at Wal-Mart have a big enough frame to mount the engine. You need to make sure you measure the inside of the triangle part of the frame. I have a 700c hybrid bike (one of the three biggest bikes at Wal-Mart) that has too small of a frame for this engine.,75
PASS_001933,KB_01890,REC_150,B001EYYJVC,Automotive,"If I mounted another engine kit to the same bike today, it would take me about 3 hours tops, because I know how to do it. I bought a Scwinn cruiser frame 7 speed, available at Walmart for about 150.00. The kit would mount on the ""Scwinn Delmar"" costing less than a hundred, but I avoided buying a bike with coaster brakes, which require more work when mounting an engine kit.",71
PASS_001934,KB_01891,REC_150,B001EYYJVC,Automotive,"It climbs hills effortlessly and it's able to take over from pedaling at about 5mph, which is much better than I expected. It's got several times more horsepower than most electric bikes that cost 5 times the price. As long as you keep your speed up, you probably won't ever have to pedal, even running up steep hills.About noise and air pollution:  This is a EPA certified kit, whatever that really means. It's noisy and smelly because it's a cheap 2 stroke engine.",83
PASS_001935,KB_01892,REC_150,B001EYYJVC,Automotive,"I read that the engine would fit on all newer cruisers, nothing about the muffler may block pedaling. No prob, I like my blow torch. I had to bend the muffler in an entire inch for pedal clearance. When I put the sprocket on my back wheel I realized that I should've had 5 plates to lock on spacers and sprocket. Only received 2. Everything is together so I test to see if I got spark. Nope. Test the magneto: dead. Test the CDI: dead.",85
PASS_001936,KB_01893,REC_151,B00HWM5PMW,Electronics,"I enjoy the robust speed and quiet sound of the laptop. The speakers are ok, not great, not bad either. The keyboard is smooth and perfectly placed numeric keys, unlike Samsung laptops. However, the plastic framing is rough and kinda annoying. ITs sharp on the ends and you cannot rest your hands very long. Other than that, not bad at all.",61
PASS_001937,KB_01894,REC_151,B00HWM5PMW,Electronics,great laptop at a great price,6
PASS_001938,KB_01895,REC_151,B00HWM5PMW,Electronics,"excellent laptop. Due to the processor, the speed is very good. responds very well.The only downside: few USB ports, but it's a detail.points:Design: 10/10Speed: 9/10Size: CompactAudio: very acceptable 8/10",29
PASS_001939,KB_01896,REC_151,B00HWM5PMW,Electronics,"This model Toshiba Laptop is fast and useful for all my needs. I was sorry to leave my familiar old XP desktop, but learning windows 8 isn't the chore i thought it would be. It Comes with Intel Core i7 Processor 8 GB DIMM RAM and 1 TB . Hard Drive. It also comes with a back lighted keyboard, DVD/CD drive and 3 USB slots and a Hdmi slot. I feel I have the flexibility to do all I need. I'm sure I have a good investment .",88
PASS_001940,KB_01897,REC_151,B00HWM5PMW,Electronics,"This is an amazing laptop, it is sleek and has the processing power and ram needed to run software. The keyboard lights up and it looks very nice, not cheesy at all. It's not a touch screen but that is not a big deal. It does have some weight to it, it is not light like a tablet but not big and bulky either.",64
PASS_001941,KB_01898,REC_151,B00HWM5PMW,Electronics,"This is a great lap top, windows 8 takes some time to get used to. But this product has exceeded my expectation.",22
PASS_001942,KB_01899,REC_151,B00HWM5PMW,Electronics,"There is a flaw on this computer. There is literally no way to make the touchpad less sensitive to accidental clicks by tapping. Very bad if you use your computer for power point presentations, etc. If it the tap function required a double tap it wouldn't be a problem, but a single gentle tap will do it. Which is a problem when you only mean to move the cursor, but it clicks something instead. I researched how to fix it, and haven't found anything that works yet.",87
PASS_001943,KB_01900,REC_151,B00HWM5PMW,Electronics,"The hard drive is painfully slow. Opt for a bigger one. If you compress the drive, and use sleep instead of reboot, it is very usable for many things. I use visual studio ultimate 2013 and it carries the load well.... after the initial boot time of a few minutes.",50
PASS_001944,KB_01901,REC_151,B00HWM5PMW,Electronics,Love it! My friends are all drooling over my ability to run VMs with the installed processor.I have owned multiple Toshiba's and always appreciated their performance and durability.,28
PASS_001945,KB_01902,REC_151,B00HWM5PMW,Electronics,"It's a beautiful machine, just like in the pictures. The delivery service is the best, I'm very happy with my new lap top.",23
PASS_001946,KB_01903,REC_152,B00AT93GBM,Electronics,No amount of tinkering would get this to work even with a 3g modem it is supposedly compatible with. Sent all 4 back,23
PASS_001947,KB_01904,REC_152,B00AT93GBM,Electronics,it wasnt what i expected i wouldnt let you log into the wifi and occasionally if it didi it was very slow,22
PASS_001948,KB_01905,REC_152,B00AT93GBM,Electronics,"The other thing is that the signal is not very strong , you might have weak signal  if you want to use it in a 2 story house.",28
PASS_001949,KB_01906,REC_152,B00AT93GBM,Electronics,Not compatible with my Huawei Evo Wingle EC315.,8
PASS_001950,KB_01907,REC_152,B00AT93GBM,Electronics,"It was just what I needed, and the alternative products range in the $200s. My only worry is longevity, but so far it has been flawless. This is a really smart product. Great job HAME!",35
PASS_001951,KB_01908,REC_152,B00AT93GBM,Electronics,I would give it 5 stars if there was an A/C adapter included.,13
PASS_001952,KB_01909,REC_152,B00AT93GBM,Electronics,I can only give this item one star. Yes it does power on and it came in a cool box and it was not real expensive but since it doesn't support my 4G modem It's no good to me.,39
PASS_001953,KB_01910,REC_152,B00AT93GBM,Electronics,"All I had to do was plug in my USB 3G connection and I was up and running. The built in router software is fantastic. It has everything I need. It was a bit strange that the WEP setting didn't automatically generate a key, but I used something more secure anyway.",51
PASS_001954,KB_01911,REC_153,B002TNIN2S,Beauty,"I am using this cream on my back, legs, arms and face. My dark marks are getting lighter, but it is taking a little more time than expected. But, I am on my third bottle of cream. My husband says, ""have patience and it will work"". So far my patience is paying off. I will continue to use this product until all the marks are gone. Thanks.",67
PASS_001955,KB_01912,REC_153,B002TNIN2S,Beauty,"I bought it since I had some spots on my neck, but after using for one month I notice that those spots were A VERY LITTLE BIT better, so I bought &#34;Triluma&#34; (a prescribed cream), and my spots desapeared, so I am not sure about this product. Perhaps for lighter a little bit your skin but think to use it for at less three moths.",65
PASS_001956,KB_01913,REC_153,B002TNIN2S,Beauty,"The result after a couple of hours is quite nice, smooth, soft skin. Also one person commented that it turned her face red and that it irritated the skin, caused peeling, etc - I don't think the product is supposed to work that way, I think she had a reaction to it.",52
PASS_001957,KB_01914,REC_153,B002TNIN2S,Beauty,"use this twice a day and you will see remarkable differences. lightens dark spots, but will also lighten general skin tone (unless you dab spots with a q tip.) if you put some lemon or lime juice on your skin first and let it dry (concentrate from a bottle is fine, dilute if too strong)  accelerates the process, and your skin will do some age reversing and be very smooth. only problem is that it may stain clothes or bed linens and it's real greasy.",85
PASS_001958,KB_01915,REC_153,B002TNIN2S,Beauty,too greasy and doesn't clear up anything. I'm very upsetthat I wasted my money on this piece of crap,19
PASS_001959,KB_01916,REC_153,B002TNIN2S,Beauty,i really dont have time to write reviews but i thought i would do it for this particular product. IT CAME DRY .. useless !,25
PASS_001960,KB_01917,REC_153,B002TNIN2S,Beauty,Yikes! That would suck!Only time will tell if the product will work for what I bought it for which was to lighten my skin tone. I'll update down the road and let everyone know what happens. But if nothing else I will purchase it again to have on hand for the spot on my nose.,55
PASS_001961,KB_01918,REC_153,B002TNIN2S,Beauty,"Well, It works as it said, follows the direction all the way to get the best results, that's why she is loving it, so do I...",26
PASS_001962,KB_01919,REC_153,B002TNIN2S,Beauty,This purchase was for my wife and she was very happy with the produce. the vendor shipped the items as described.,21
PASS_001963,KB_01920,REC_154,B001J8SYV4,Toys_and_Games,"I got a pair of these mailboxes for my niece and nephew to use when playing ""mail."" My sister and I had similar mailboxes while growing up and really enjoyed them. However I received these today and found them to be very flimsy and not durable at all. I expect that after my nephew pulls on the handle a few times it will break off in his hand. And if they get stepped on they will dent for sure.",79
PASS_001964,KB_01921,REC_154,B001J8SYV4,Toys_and_Games,We use these mailboxs to make ornamental mailbox and birdhouses to put in front of our campers to identify us. Several people have these items and have their name on the mailbox just as if it were a real size box.,41
PASS_001965,KB_01922,REC_154,B001J8SYV4,Toys_and_Games,"I bought each of my boys a small mailbox that they could keep in front of their bedroom doors and write letters to one another. They loved it. Unfortunately, those mailboxes were made of cardboard and didn't last long so I was excited when Santa brough these cute metal ones.I was happy when I first saw them but then we tried to open one. It was really, really hard and I felt like it might break if I pulled too much.",81
PASS_001966,KB_01923,REC_154,B001J8SYV4,Toys_and_Games,Wish I would have known!,5
PASS_001967,KB_01924,REC_154,B001J8SYV4,Toys_and_Games,"Smaller than I expected, but SO cute. It is smaller than a greeting card, more like the size of a note card.",22
PASS_001968,KB_01925,REC_154,B001J8SYV4,Toys_and_Games,"Very poor quality, flag would not stay up on one that I bought, mailboxes bent very easily. Did return and no problems with the return.",25
PASS_001969,KB_01926,REC_154,B001J8SYV4,Toys_and_Games,My little guy loves to write letters and play with mailboxes. I bought this for him and he loves it! It is strong and really cute. He put stickers all over it!,32
PASS_001970,KB_01927,REC_154,B001J8SYV4,Toys_and_Games,I knew it was going to be small but I did not expect it to be THIS small. It really is more for a doll than a kid. My daughter actually uses it now for her american girl dolls.,39
PASS_001971,KB_01928,REC_154,B001J8SYV4,Toys_and_Games,Mailbox was super cute but I misread the dimentions and boxes were too small to us. Did not return product because not sure about the return process. I donated the boxes to our local Goodwill foundation.,36
PASS_001972,KB_01929,REC_154,B001J8SYV4,Toys_and_Games,"I should have listened to the other reviews. Not 2 seconds after opening it, the flag came off. My husband had to rig it back together. Also the lid does stick and you literally have to pry it open. This is more like a dollar store toy, not a five dollar one!",52
PASS_001973,KB_01930,REC_155,B00DMAGWVG,Sports_and_Outdoors,"Just got it, finally! Eh so far it's not necisserily what I was expecting, but it'll do I suppose. It's a tad but heavier than I was hoping/expecting. The description says it comes with a pack of &#34;Frame Forged&#34; sticks which it does not. My bike specifically only came with one air cap(front tire) and the breaks aren't as snappy as I wanted.",63
PASS_001974,KB_01931,REC_155,B00DMAGWVG,Sports_and_Outdoors,"I didn't get this bike long ago, and so far it's met many challenges, it holds up really well and it was cheep! That makes it even better.",28
PASS_001975,KB_01932,REC_155,B00DMAGWVG,Sports_and_Outdoors,Great bike for price son loves it easy to put together out of box awesome thank you from me and my son,22
PASS_001976,KB_01933,REC_156,B00G8IVXZE,Toys_and_Games,"I ordered this for my son who was looking for specific colors to create his favorite basketball and football team bracelets and HE LOVES THEM! The s clips are easy for him to use (I no longer have to do it for him), the colors are bright and vibrant, they don't have that rubber smell that came on the set we bought from the store for Christmas, and they were shipped right away. Received it on the exact day of his birthday.",82
PASS_001977,KB_01934,REC_156,B00G8IVXZE,Toys_and_Games,"I bought these for my kids so they could use with their rainbow loom. They are good quality rubber bands, they are stretchy and have vibrant colors. Happy kids, happy mom.Update: I would suggest not to buy from ""Customer Satisfaction LLC"", very unreliable company. They said they were fulfilling a promotion they were running but it's been months now and I'm still waiting.",63
PASS_001978,KB_01935,REC_156,B00G8IVXZE,Toys_and_Games,"After purchasing bands from a large toy store and having the bands break on everything we made, I decided to purchase these. Great strong bands with nice colors too!",29
PASS_001979,KB_01936,REC_156,B00G8IVXZE,Toys_and_Games,My daughter loved these bands. She has been looming for about a year now and these have been her favorite bands to use. They are thicker and heavier than the store bought bands and came in great colors. We will be buying them again! !,45
PASS_001980,KB_01937,REC_156,B00G8IVXZE,Toys_and_Games,We received these today. My daughter is already working with them. The bands are separated by color which is nice. The colors are nice and bright. I will wait and see if they are strong/durable and then will buy again...,40
PASS_001981,KB_01938,REC_156,B00G8IVXZE,Toys_and_Games,I personally use loomy bands on my rainbow loom board. I am very mad when it ALWAYS leaves grease and stains on the pegs. I insist you not to buy this product EVER.,33
PASS_001982,KB_01939,REC_156,B00G8IVXZE,Toys_and_Games,I ordered these for my girls and it was the first set I've had to buy since their looms were gifts. I was nervous because so many reviews of many different bands talked of horrible smells. This is a great kit and I'll definitely be reordering. The colors are separated and so easy for them to make cute patterns without searching for what they want. The bags have a great little paper punch size hole for them to insert the hook and just pull out one of what the want instead of having bands everywhere.,95
PASS_001983,KB_01940,REC_156,B00G8IVXZE,Toys_and_Games,The grandkids have been making rubber band bracelets at a frantic pace since school has been out for the summer. Everyone from the UPS man to our grocery store clerks to their grandfather's employees have received a customized bracelet! They needed more clips and in my search for the clips I came across these bands. The price was so fantastic that I ordered 6 packages and boy am I glad I did! There are 50 clips in the package and 10 envelopes of 200 bands each. Each package is a different color.,92
PASS_001984,KB_01941,REC_156,B00G8IVXZE,Toys_and_Games,"My daughter was in a panic, she needed more rubber bands to make more bracelets. These rubber bands were delievered promptly making an 8-year-old very happy. They were bright colors, strong and I liked how they came with clips.",39
PASS_001985,KB_01942,REC_156,B00G8IVXZE,Toys_and_Games,These rubber bands were like the ones purchased at any store. My eleven year old daughter had no complaints while using them.,22
PASS_001986,KB_01943,REC_157,B005QIYUMU,Patio_Lawn_and_Garden,"My 18-month old son, who is rather wild and active, used this for about three months, until he pulled on the mesh doors, which are connected to the sides (yellow). This caused a tear, and eventually deflated the sides. I contacted Amazon and Intex, both of which pretty much brushed me under the rug and blamed the other.",58
PASS_001987,KB_01944,REC_157,B005QIYUMU,Patio_Lawn_and_Garden,"Very disappointed. My son went to climb inside, and when he pulled the door flaps open, it ripped a hole in it. I sent it back, and received a replacement. The second one did the exact same thing. So now it's patched up with duct tape.",46
PASS_001988,KB_01945,REC_157,B005QIYUMU,Patio_Lawn_and_Garden,"They have a blast! The only complaint I have is: my son is really tall for his age, and when he gets in and out, he tries to duck under the top yellow tube, but his back and shoulders still graze were the doors and top tube meet. This has caused a tear in the doors as well as the top tube. I was able to fix this with duct tape and silicone. My daughter doesn't seem to have this problem.",81
PASS_001989,KB_01946,REC_157,B005QIYUMU,Patio_Lawn_and_Garden,it was worth the money just to see my 2 year old granddaughter yell' jumpy'one of my friends now wants one for her son - can not get them out of it,32
PASS_001990,KB_01947,REC_157,B005QIYUMU,Patio_Lawn_and_Garden,"I read all of the reviews so it was clearly a buyer beware situation, but somehow I thought our experience would be different. We blew it up for my 4 year old on Christmas morning and it already had a leak in the main jump section. We figured it was slow and we would allow her to just jump on it and blow it back up as needed.We wanted it to work and our expectation were set really low. It is now 2 days after Christmas and the entire thing is ruined.",92
PASS_001991,KB_01948,REC_157,B005QIYUMU,Patio_Lawn_and_Garden,"This item was for an 18 month old. Within 1 week it started leaking at a seam, no way to patch it. Returned it and ordered another thinking it was just a one time flaw. Within a week the new one was leaking in the same place. The design is great, it's spacious and could be lots of fun. After reading the other reviews I see this was not an isolated case. Amazon was wonderful about the returns, but I would rather have a ball pit that works.",88
PASS_001992,KB_01949,REC_157,B005QIYUMU,Patio_Lawn_and_Garden,Should have listened to others.base would not stay inflated and this is the first time ive inflated it. Its going back to amazon.,23
PASS_001993,KB_01950,REC_157,B005QIYUMU,Patio_Lawn_and_Garden,I ordered this gift a month ago but I have yet to give it to my son for his 1st birthday. I'm excited enough. I've urged to open it already. Seems like it would be durable as always no one heavier than instructed shall aboard nor have sharp object.,49
PASS_001994,KB_01951,REC_157,B005QIYUMU,Patio_Lawn_and_Garden,"Nevertheless, we cut the sides off and my son uses it as a gigantic (open sided albeit) ball pit, where he still has fun in it! We ordered the non-tear blow up (with a motor) bounce for about $179.99 on Amazon, which seems to be a better longevity item (and you just turn it off when finished to deflate it).",60
PASS_001995,KB_01952,REC_157,B005QIYUMU,Patio_Lawn_and_Garden,my son really injoys the jump o lene he had to warm up to it but he loves it now. its well made i would say,26
PASS_001996,KB_01953,REC_158,B00523K104,Electronics,"Would I ever be able to capture meteors, lightening, and other celestial events, with a digital camera, like I did with film?The answer to that question is an astoundingly loud, YES. The internal noise reduction of the Nikon D5100 is amazing. I have done 15&#34; exposures of the sky just after sunset, with amazing results, capturing a passing meteor with no problems using an ISO of 200.",67
PASS_001997,KB_01954,REC_158,B00523K104,Electronics,"We bought this camera after seeing all the good reviews and were very happy when we received it. We were very pleased to get a camera bag, tripod, cleaning solution, 32 GB card, etc. with the camera which hadn't been advertised when we bought it! After using it the first time we came home and found the little &#34;door&#34; that protects the battery was gone.",65
PASS_001998,KB_01955,REC_158,B00523K104,Electronics,This is my first slr. Love it. Very easy to use for beginners. Takes excellent quality pictures. Price is right.,20
PASS_001999,KB_01956,REC_158,B00523K104,Electronics,This is my first digital SLR and I am still learning how to use it most effectively. I just attended the NIKON SCHOOL conducted in my area and was most impressed with their presentations -- over two days. I was also impressed with the features of the D5100 as described there along with other models. I have not had it long enough to check it out thoroughly but I am satisfied with what I see thus far.,77
PASS_002000,KB_01957,REC_158,B00523K104,Electronics,"This camera takes beautiful pictures!!! I've had some very nice moderately priced cameras over the years, but this one has the quality/precision/clarity that gives you back exactly what you are seeing!! !",32
PASS_002001,KB_01958,REC_158,B00523K104,Electronics,This camera takes amazing pics. The lens is unreal how close it brings the images and so clear. I would highly recommend it. My husband always stuck with Olympus and this is his first Nikon and he really likes it better.,41
PASS_002002,KB_01959,REC_158,B00523K104,Electronics,This camera is awesome... You just need to know how to click it. It outperforms in all conditions of light. No cons as of yet.The quality of images is excellent...,30
PASS_002003,KB_01960,REC_158,B00523K104,Electronics,They then sent me a whole new camera with everything I had received before. {There was some reason they couldn't just replace the door.} My husband and I love this camera; it takes excellent photos and is everything we hoped it would be. We aren't pros so we got a couple of books for the Nikon D5100 and are studying them so we can learn all there is to learn about it. We're going on vacation soon and hope to bring back some great photos!,85
PASS_002004,KB_01961,REC_158,B00523K104,Electronics,"There are a lot of menu's and sub-menu's that you have to learn) to get at the heart of the camera, and there is certainly a learning curve, but nothing overwhelming for those familiar with Nikon cameras. I am still learning more, every time I pick the camera up, and try something new.One of my passions, has always been storm photography, and meteor shower photography, and I was left with a bad taste in my mouth, with my experience with digital, long exposure results.",84
PASS_002005,KB_01962,REC_158,B00523K104,Electronics,The 5100 is super user friendly. Just started playing with and basically had it all figured out. Take beautiful auto photos and relatively easy to manipulate in manual mode.,29
PASS_002006,KB_01963,REC_159,B00A2AWBKU,Electronics,Have been using the caddy for about a month in my Lenovo W530 and have had no problems. The drive fits perfectly into the caddy and is secured by four screws with no need for rubber rails. The caddy fits perfectly into the ultrabay slot and locks into place just like the DVD unit does. So everything is secure and it has performed flawlessly. It even comes with a carrying case that you can use for your DVD unit while the caddy is in use. Would highly recommend.,88
PASS_002007,KB_01964,REC_159,B00A2AWBKU,Electronics,"When I bought my T430, I bought a 1TB drive to replace the 320GB drive that came with it... (not knowing that Thinkpad only has a 7mm high drive bay and I bought a 9.5 mm high drive.) I was very disappointed as I need the extra space with my type of work. My extra drive fit very nicely into this caddy, and installed in about 5 minutes. The well built caddy secured the hard drive very nicely.",78
PASS_002008,KB_01965,REC_159,B00A2AWBKU,Electronics,"2nd HDD or SSD Caddy Lenovo ThinkPadGreat product, good quality, easy to install.Very reliable supplier, would recommend to buy from.",20
PASS_002009,KB_01966,REC_159,B00A2AWBKU,Electronics,"I was concerned about fit based upon reviews of OTHER products. This one fits perfect, both in the computer and with the hard drive.",24
PASS_002010,KB_01967,REC_159,B00A2AWBKU,Electronics,"easy to install, good construction , looks like it came with original laptop, works fine, I liked the idea that it is compatible and interchangeable with a wide range of other Lenovo laptop model's. I would recommend it to a friend. No dislikes as of yet.",46
PASS_002011,KB_01968,REC_159,B00A2AWBKU,Electronics,"Just because the manufacturer says it's compatible doesn't mean that's actually true. I bought one of these for my Lenovo V570 and while it does slide in to the optical drive, and plugs in to the right places, it's much too short and doesn't allow me to firmly attach it to my frame. Long and short of it, it does work, and it does fit, it just happens to come out if i tip my computer the wrong way.",79
PASS_002012,KB_01969,REC_159,B00A2AWBKU,Electronics,"Installation was a snap -- screw in your new SSD with the provided (tiny) screws, plug in to laptop. Fits cleanly when locked-in. You'd be hard-pressed to see that it isn't a Lenovo-branded component.The included nylon storage case is a nice bonus. I'm carrying my old DVD drive in my laptop bag, just in case I need it.",58
PASS_002013,KB_01970,REC_159,B00A2AWBKU,Electronics,"I purchased this to hold my new Samsung 400GB SSD in my Lenovo W530 Laptop. The product is great. Easy to install and remove in the event you need your DVD. Zero configuration. Really is, 'plug and play'. If you are short on drive space and don't want to wear out the USB ports with external drives, this is your solution. Now, if the price of SSD's will come down to a reasonable level...",74
PASS_002014,KB_01971,REC_159,B00A2AWBKU,Electronics,"This is a great gadget. Works perfectly and fits seamlessly in the T420.I actually bought this because I could no longer stand the incessantly ejecting cd drive... the bane of Lenovo T420's owners.It's great to have an extra &#34;on board&#34; hard drive, I don't have to constantly push the cd back in, and they provide a hand carrying case so you can safely bring the annoying cd drive with you when you actually need it.",75
PASS_002015,KB_01972,REC_159,B00A2AWBKU,Electronics,"Works like a charm on the W530. I moved my main 500gb drive to this Caddy and instead put a 250gb SSD as my main drive. The laptop is super fast now, and I have 500gb of storage to utilize :)",41
PASS_002016,KB_01973,REC_160,B001PGP33M,Toys_and_Games,"My daughter loves this play house... and it;s big enough for a 2-4 kids to play inside... or in my case..it;s bid=g enough to for me to sit inside and play tea party with her. Super easy to assemble, very sturdy",41
PASS_002017,KB_01974,REC_160,B001PGP33M,Toys_and_Games,"I was scared when I arrived from work and saw the size of the box this thing came in the garage. But to my surprise the box was easy to handle and the pieces came together very easily.You must use an electric screwdriver because the screws are long and not pre-drilled.I had a small issue then installing the doorknob as I put a little too much force and the screw casing broke. However, I was able to remove the broken piece and install it back without problems.",87
PASS_002018,KB_01975,REC_160,B001PGP33M,Toys_and_Games,"Our kids love this playhouse. Our 18 month old especially loves ringing the doorbell and our 4 year old daughter loves to play with the little kitchen in it. Right now we have it down in our basement while it's winter out, but when summer comes around, we are anxious to get it outside and let them play out there with it!",62
PASS_002019,KB_01976,REC_160,B001PGP33M,Toys_and_Games,"it was a hit of course, but like others was surprised to see the secret fireplace escape hatch not there.It arrived ahead of schedule and all the parts were correct.The phone is very quiet,but kiddie ears are better then mine",40
PASS_002020,KB_01977,REC_160,B001PGP33M,Toys_and_Games,"I just bought this for my 1 year old daughter and am so happy I did so! It is so spacious in side, even I can get in and play with her for hours. I keep seeing things about a secret passage however due to safety the newest model does not have one, which I am more than fine with becuase it still has a ton of fatures that my little girl loves and will continue to love for years to come.",82
PASS_002021,KB_01978,REC_160,B001PGP33M,Toys_and_Games,"first off,  you better have a lot of room to put this, as it's massive! easily big enough to sub-let out to a family if required!it's 18 months old and has been disassembled and reassembled 4 times and it is still holding up as strong as the day it arrived.every kid who comes over goes nuts playing in and around the ""cubby"". kids smashing things against it, drawing on it with crayons, spilling food and drink all over it, no problems.",81
PASS_002022,KB_01979,REC_160,B001PGP33M,Toys_and_Games,"so if you have hard floors ( or want to protect your carpet from the spills and crayons) invest in some floor mats, and set up the playhouse ontop of them.pay attention to which way you put the roof on, it can be put on "" backwards"" and if you have a wife with ocd, you'll have to take it off and put it back on so the chimney faces the right way!",73
PASS_002023,KB_01980,REC_160,B001PGP33M,Toys_and_Games,"We've had this playhouse for four years and it has been played with almost everyday and still looks new. Kids are now aged 4 to 9, and they all still love it.",32
PASS_002024,KB_01981,REC_160,B001PGP33M,Toys_and_Games,"We just purchased this for my 2 year old daughter and she loves it! It was very easy to set up, my husband set it up in 10 minutes and its very transportable from grass to deck. She loves playing in it and has brought some of her kitchen toys so she can ""cook"", and also has her kiddie lawn chair so she can have ""tea time"" with her friends! I can't wait for my 6 month old son to walk so they can enjoy their playhouse together!",88
PASS_002025,KB_01982,REC_160,B001PGP33M,Toys_and_Games,We also strung a row of lights at the top of the roof for light in the evenings...the roof is high enough so I don't have to worry about her reaching them and pulling them down. My husband put the cottage together in less then 30 minutes! super easy! I am so happy with my purchase....well worth the money!,59
PASS_002026,KB_01983,REC_161,B008YRG5JQ,Cell_Phones_and_Accessories,"It fits fine in my laptop case, doesn't get hot when I'm charging it or using it to charge other things. And the fact that I can charge multiple things at once is a bonus.So far it's worked great, and has become my &#34;go to&#34; charger when I'm on the road.",51
PASS_002027,KB_01984,REC_161,B008YRG5JQ,Cell_Phones_and_Accessories,"Plus I am able to walk around with the telephone while it is charging and I am not confined to an electrical outlet. While in the airport I no longer need to look for an electrical outlet and sit close by to charge my laptop, tablet or telephone anymore.When you think about it the average cellphone battery is 2500mah, with this charger you have 12000mah this is like having 5 batteries for the small price of under $50.",78
PASS_002028,KB_01985,REC_161,B008YRG5JQ,Cell_Phones_and_Accessories,"Best investment I have made for my iPhone and other electronics. This is a must have if you have a phone, tablet, laptop, etc. I highly recommend purchasing a backup battery charger. If you are constantly on the go and need to make sure you have enough juice for your electronics, this is a &#34;no brainer&#34; purchase. This power bank is incredible because you can charge up to 4 devices at once or have 4 full charges for a phone.",80
PASS_002029,KB_01986,REC_161,B008YRG5JQ,Cell_Phones_and_Accessories,"My sons have a tendency to leave a game running, even after they switch over to Legos. Previously I would have to plug into my laptop, or sit by a power cord to use any given device. Not anymore. The unit is a little bulky, nut still very portable. It have 4 different voltage outputs to fit the different charging voltage of various devices. They are all neatly labeled and easy to access. This thing will charge my Ipad mini twice.",81
PASS_002030,KB_01987,REC_161,B008YRG5JQ,Cell_Phones_and_Accessories,"Loved the power capacity of this device. Weight is part of the power trade-off, for me well worth it. I carry this in my laptop bag everywhere. Charging time is long, typically 8+ hours. LOVE the 4 USB ports. the only complaint is the mini-usb charging port. Wish it were on the same face as the USB ports, and is a little cheap; it works with some cables, too loose with others.",72
PASS_002031,KB_01988,REC_161,B008YRG5JQ,Cell_Phones_and_Accessories,"When purchasing this device, I mainly compared it to the Anker Astro3 (10000 mAh) and a 12,000 and 20,000 mAh by DB power. Anker initially had my vote because of the DC output. However, looking at the devices I'd use it with, I realized it wasn't enough power so it presently served no purpose for me (laptop requires 18.5, I believe the astro3 goes to 12V).",66
PASS_002032,KB_01989,REC_161,B008YRG5JQ,Cell_Phones_and_Accessories,"While in a vehicle, it sure beats having to carry around multiple charger cords/adapters and hunting for a free USB port, cigarette lighter or A/C plug in. Now all I need is my normal Apple cable and the EasyAcc and I'm good to go. It does come with a ton of adapters to accomodate nearly any type of device. We were very pleased. Our model was slightly larger than an iPhone and weighed about as much as a spare laptop battery.",81
PASS_002033,KB_01990,REC_161,B008YRG5JQ,Cell_Phones_and_Accessories,this is so handy i was in a location were there were no out lets an had to charge phone an it worked better than i expected,27
PASS_002034,KB_01991,REC_161,B008YRG5JQ,Cell_Phones_and_Accessories,"The search is over. This will outperform your expectations, hands down. It can charge you pad and smartphone at the same time.",22
PASS_002035,KB_01992,REC_161,B008YRG5JQ,Cell_Phones_and_Accessories,"It works great, use it to charge my tablet all the time. Have had it for about 6 months or so.",21
PASS_002036,KB_01993,REC_162,B004EPXIA6,Patio_Lawn_and_Garden,Sure beats buying bulk and winding on the old spools. I don't use the trimmer that much and like having a spare spool.,23
PASS_002037,KB_01994,REC_162,B004EPXIA6,Patio_Lawn_and_Garden,"I would recommend rewinding the spools with your favorite line. This stuff is a helix twist and sticks somewhat on the spool. It will work, but your own might be better.....  Just sayin.",33
PASS_002038,KB_01995,REC_162,B004EPXIA6,Patio_Lawn_and_Garden,"I only give this four stars because I have found on various brands of trimmers that the replacement spools many times do not work as well as the original. They usually do not hold the tension as well, and seem to use the string more quickly...odd. But aside from that, not only does this spool work well, but we have been very satisfied with all of our Greenworks products.",69
PASS_002039,KB_01996,REC_162,B004EPXIA6,Patio_Lawn_and_Garden,"I was skeptical when ordering the Greenworks trimmer and 3 spools of replacement line. No longer! The trimmer is fantastic, and the line is very, very strong. They look really small when first opened, and my first thought was "" These won't last thru one cutting in this yard"". My yard constist of two large lots that used to eat up the line in my gas Craftsman trimmer.",68
PASS_002040,KB_01997,REC_162,B004EPXIA6,Patio_Lawn_and_Garden,I got these for the new Greenworks Grass Trimmer/Edger that I purchased here on Amazon. It's great to have the extras on hand...I never could quite wind a spool correctly. It always ended up that I was having to take the spool out to untangle it so it would advance properly. These pre-wound spools are great and I never have to worry about them getting messed up while weed-eating.,69
PASS_002041,KB_01998,REC_162,B004EPXIA6,Patio_Lawn_and_Garden,"Sorry for the one-star rating. The Auto-feed replacement spools I received were for the smaller , possibly the GreenWorks 13&#34; Trimmer. I was viewing the 15&#34; Trimmer and assumed that the picture of the replacement spool was a part for that Trimmer.Now that Spring garden supplies are back on the shelves, I have located the proper spool at a nearby Canadian Tire Store and am ready to trim.Thank you.Ted Pageau",70
PASS_002042,KB_01999,REC_162,B004EPXIA6,Patio_Lawn_and_Garden,The spool that came on the trimmer is refillable and so are these. It's good to have spools on hand when one goes empty and these do the trick. Once you buy these you can just keep refilling them.,39
PASS_002043,KB_02000,REC_162,B004EPXIA6,Patio_Lawn_and_Garden,simple easy to use repacement  spools  a no brainer to install  i would recomend to anyone rather than trying to rewind spools  by hand,24
PASS_002044,KB_02001,REC_162,B004EPXIA6,Patio_Lawn_and_Garden,The replacement spools are a good deal. But the line that comes on them is round unlike the line on my original trimmer that is a twisted type. Each spool has 14.5 feet of line on it. The manual on the trimmer says to use about 18 feet when rewinding the empty spool.,53
PASS_002045,KB_02002,REC_162,B004EPXIA6,Patio_Lawn_and_Garden,it's great stuff....last's much longer.....I will have enough for a long time to come,14
PASS_002046,KB_02003,REC_163,B003ARSPIO,Cell_Phones_and_Accessories,"The person i give the phone ,tell me that she doesn't really like it,and the battery is no good.",19
PASS_002047,KB_02004,REC_163,B003ARSPIO,Cell_Phones_and_Accessories,does this phone have GPS?. does it have android operating system? is the keyboard lighted?how is the speaker on the phone?,21
PASS_002048,KB_02005,REC_163,B003ARSPIO,Cell_Phones_and_Accessories,"the phone is ok ,but the battery life is too short and it take hours to recharge. would i refer this phone to my friends, not likely.",27
PASS_002049,KB_02006,REC_163,B003ARSPIO,Cell_Phones_and_Accessories,"Love the combination of touch screen and pull-out qwerty keyboard! In addition, the phone seems to be very well made. Great customer service!",23
PASS_002050,KB_02007,REC_163,B003ARSPIO,Cell_Phones_and_Accessories,This phone was horrid. It stalled more than my two year old phone that I was trying to replace. It was very slow and was terrible at receiving calls and messages. Do not by this phone.,36
PASS_002051,KB_02008,REC_163,B003ARSPIO,Cell_Phones_and_Accessories,when i bought this phone back in 2009 it was a nice descent slide phone. for basic use and a nice keyboard for fast texting camera was ok for cheap phone at time for 98 us. sold it in 2010..,40
PASS_002052,KB_02009,REC_163,B003ARSPIO,Cell_Phones_and_Accessories,"I got everything working the first day with just the information that is provided on their website. Calls and texts worked as soon as I turned on the phone, but I had to do manual configurations for the internet.So far the battery life is really good.",46
PASS_002053,KB_02010,REC_163,B003ARSPIO,Cell_Phones_and_Accessories,"Good service and communication from the seller.Misc details: phone shuts off when charging, short battery life (even in 'save battery power' mode), functionally average. QWERTY keyboard easy to use, small buttons.",31
PASS_002054,KB_02011,REC_163,B003ARSPIO,Cell_Phones_and_Accessories,"A lot of the negative reviews I've read are based on what the phone is lacking, but for this price I think it's fine. If you need a 4G phone that does everything at lightning speed maybe you should think about speeding a few hundred on something else.",48
PASS_002055,KB_02012,REC_163,B003ARSPIO,Cell_Phones_and_Accessories,"I did manage to configure the GW525 with full Internet and MMS functions on the AT&T; network. You'll find those at the end of this review.The LG GW525 is an interesting little phone in that it doesn't look like it should have the capabilities it has. There's a lot of stuff packed into such a small, cheap and ultimately kiddy looking phone, which gives it a quirky appeal.",68
PASS_002056,KB_02013,REC_164,B00429NVQA,Electronics,my daughter is in a wheelchair in a basement apartment of our house. She cannot see when her para-transit bus arrives and sometimes had to sit in the rain so she wouldn't miss it. now she can watch on her phone or computer to see when it arrives.I wish there were a way to turn off the night vision IR. We have it in a window and at night the IR reflects from the window back into the camera obliterating the street view.,83
PASS_002057,KB_02014,REC_164,B00429NVQA,Electronics,"The camera is easy to set up even with the clunky interface. Once it is up and running it is great. We have it set up to view on our iPhones, so we do not really have any issues with the browser viewing.The only issue i had with this camera was aesthetic. The camera is white (at least for the model number ending in W). Nowhere did it mention unit color when i bought it, and all the pictures showed a black camera.",83
PASS_002058,KB_02015,REC_164,B00429NVQA,Electronics,"It also buffers up several frames in advance so you don't miss the action... without the buffer, your camera will trigger via motion detection too late, and it will miss the action. With Blue Iris, I can view in remotely to see what's going on via web page. Without good software, the camera is probably not going to amaze you.",60
PASS_002059,KB_02016,REC_164,B00429NVQA,Electronics,"Oddly enough, the best software I've seen for these cameras is on iOS. I've been using Foscam Pro app [...] made by RobotoApps lately and have been happy with it as a remote viewing solution.In general, you'll need to have some basic networking knowledge and be comfortable tweaking settings on your router if you ever hope to be able to view your camera outside of your home network.",68
PASS_002060,KB_02017,REC_164,B00429NVQA,Electronics,"}18w series foscam for INDOOR P/T {pan tilt} setups less than 50feet}09w series foscam {this model here} for indoor &#34;fixed position setups less than 50feetall these series cameras WILL work together on the same network ,and are EASY to port forward for remote view {over the enternet}great seller ,buy the way=)",51
PASS_002061,KB_02018,REC_164,B00429NVQA,Electronics,You aren't going to get super clear pictures or read license plates 30 feet away but if you just want to know if someone/thing has been into your yard or keep an eye on the family pet then this is fine for that.I'd say if you are thinking about this one then spend a bit more and get the newer PTZ camera with 720p output on it.,67
PASS_002062,KB_02019,REC_164,B00429NVQA,Electronics,"I just received this unit and was really excited to use it wirelessly. I noticed that out of the box, it didn't find my wireless when I hit scan (or that of my neighbors). I upgraded both firmware (system and webgui) and still no result. Sent it back and ordered another, hopefully the second one will work.",57
PASS_002063,KB_02020,REC_164,B00429NVQA,Electronics,"The next day after a cam reboot (switching to another room) the green light just blinked fast and that was it. From this point on it only worked with the Cat 5 cable... well, back it goes and I am giving a Dlink a try...It appears that even the much more expensive cam like those from Panasonic give users a fair share of headaches.",64
PASS_002064,KB_02021,REC_164,B00429NVQA,Electronics,"I have 2 different Tenvis cams, and the software on both is very crude and rudimentary. It works fine, it just looks like it was programmed back in the 90's. Foscam's interface, however, is pleasing to the eye, well laid out, straightforward, and very easy to use. There's just no comparison; Foscam wins, hands-down.> SizeTenvis is basically 3.5"" square.",59
PASS_002065,KB_02022,REC_164,B00429NVQA,Electronics,"In addition, there are a number of merchants selling genuine Foscam cameras who do not provide adequate support or after-sales service to their customers, or require their customers to ship their genuine Foscam cameras back to China in order to receive a replacement or refund. This is a huge problem and the cause of much frustration on behalf of end users. "" I got the good one at [...].",69
PASS_002066,KB_02023,REC_165,B002N3TO36,Automotive,exactly what I wanted. service was fast and excellent. would buy again from this place,15
PASS_002067,KB_02024,REC_165,B002N3TO36,Automotive,"I'll start with saying that the supplier of these crossbars was great to deal with. They contacted me directly to make sure they were shipping me the color I wanted (chrome or black), and to confirm the make and model of my car. In addition, these crossbars are much less expensive than ones sold by Volvo, or the big name suppliers.The bars themselves are a mixed bag out of the box. On the plus side, the installation is quick and easy.",81
PASS_002068,KB_02025,REC_165,B002N3TO36,Automotive,"I was able to mount bike racks to them without issue.The brackets that attach the bars to the roof rails are where things fall short. Although the bracket assembly is made of heavy gauge metal, the nut for tightening the bracket in place is not. Instead, the nut has metal threats inside a soft plastic wing-nut. Because the plastic is soft, the metal in the brackets slowly eats into the nuts, which causes them to come lose.",77
PASS_002069,KB_02026,REC_165,B002N3TO36,Automotive,"The washers solved issue and only set me back $1.04. With the washers in place, I have a sturdy roof rack that I think will provide years of service.",29
PASS_002070,KB_02027,REC_165,B002N3TO36,Automotive,"Volvo sells cross bars but they cost significantly more. Thes fit the car and my budget. Most importantly, they work just fine. I don't keep them on the car permanently. They come off and reattach easily. What more could I ask for?",42
PASS_002071,KB_02028,REC_165,B002N3TO36,Automotive,We looked everywhere for a rack to fit our volvo and the costs were insane. We made the perfect choice on this one,23
PASS_002072,KB_02029,REC_165,B002N3TO36,Automotive,"I never write reviews but I had to for this product. Best purchase I have ever made. Easy to install, looks great, and can't go wrong for the price.",29
PASS_002073,KB_02030,REC_165,B002N3TO36,Automotive,"Once I figured out to ignore the enclosed instuctions it became much easier to install. I've used it twice and it seems very solid with lighter items. If you have a sunroof, watch your positioning. The air movement at 40-50 mph creates a very loud whistle.",46
PASS_002074,KB_02031,REC_166,B0081ILUOI,Automotive,The kit came complete with all parts. Literally fit like a glove in the trunk as if manufacturer installed it.,20
PASS_002075,KB_02032,REC_166,B0081ILUOI,Automotive,"Brand new with the trunk insert. Perfect fit. .And, arrived in KY right on time. I couldn't be more satisfied.",20
PASS_002076,KB_02033,REC_166,B0081ILUOI,Automotive,"This item was exactly as described and worked perfectly. It fit right into the opening for the spare and it came with all of the tools needed to change a flat. I have not used the spare yet but it seems of equal quality to other donut spares I have had in the past. Definitely better than the can of ""hope this works"" that the manufacturer gives you.",68
PASS_002077,KB_02034,REC_166,B0081ILUOI,Automotive,The tire kit was not delivered in a reasonable time and the supplier had to be contacted. Apparently the package had been stolen from the supplier's loading dock and the theft had not been discovered until Amazon notified them. The supplier shipped another kit and it was delivered satisfactorily.The kit itself is as advertised with the tire mounted. The tire and enclosed tools fit nicely in the car's spare tire well.,71
PASS_002078,KB_02035,REC_166,B0081ILUOI,Automotive,"This spare tire kit is great. This is a doughnut tire in case your wondering, but plenty large enough to do the job.Comes with all hardware needed to mount tire in trunck Jack, Jack handle, lug iron, tow screw, which was already included with the fix a flat and air pump in the trunk.All parts fit neatly in the foam molded tray provided with the kit to replace the existing tray.",71
PASS_002079,KB_02036,REC_166,B0081ILUOI,Automotive,I would recommend this product to all Elantra owners!All the tools needed to complete a tire change were included as well as an organizer.Thank you,25
PASS_002080,KB_02037,REC_166,B0081ILUOI,Automotive,All parts are in labeled plastic bags.Keffer Hyundai ships quickly and does a great job of packing. With this Elantra Spare Tire Kit you won't have to worry about getting a flat tire.,33
PASS_002081,KB_02038,REC_166,B0081ILUOI,Automotive,"Tire is mounted and inflated. Fits in the 2013 Elantra trunk perfectly. Feel safer driving now that I have a spare knowing I won't be stranded. Didn't want to use the mobility kit because once used, the tire cannot be repaired. You have to buy a new one.",48
PASS_002082,KB_02039,REC_166,B0081ILUOI,Automotive,"Everything was as advertised. It was great to have the tire already mounted on the rim unlike so many others available for purchase. Saved me a trip to the garage to have the tire mounted. Shipping was very reasonable as well for the size of the item and arrived quickly. If you're looking for an Elantra spare tire kit, this is the one to buy.",65
PASS_002083,KB_02040,REC_166,B0081ILUOI,Automotive,"When we bought our Elantra, we didn't realize that it didn't come with some sort of spare. My wife damaged the sidewall of the right front tire on the way to work, and all there was in the wheel well, was a large piece of fitted Styrofoam, and a glorified Fix-A-Flat kit. The upshot here is that the Fix-A-Flat, is only going to be good if you have a SMALL puncture in the tread.",74
PASS_002084,KB_02041,REC_167,B00BI4JXGO,Electronics,"This is how I have it set up:2 HDMI cables coming from my 2 sources (blu-ray player and cable tv) right into the tv (input 2 and 3). From the tv  have 1 HDMI cable from input 1 (this is the designated ARC port) going into the ARC input of the home theater main unit. So, basically I am using my tv as the router/switcher (instead of the crappy main  audio unit).",72
PASS_002085,KB_02042,REC_167,B00BI4JXGO,Electronics,"Pros:Speakers sound goodBluetooth works great with my iPod TouchEasy to set upCons:Receiver was defective out of the box. When switching from one input to another (e.g. from cable box to Blu-ray), either the sound would drop out, or the video became shaky and showed a lot of interference (lines and snow/static on the screen). I checked all connections, all cables were sound. My TV is a Panasonic plasma, by the way.Returning it.",72
PASS_002086,KB_02043,REC_167,B00BI4JXGO,Electronics,"I read all your reviews and I think I may have a work around to help some of you. I bought the SC-HTB770 in November 2013. I also have a Panasonic plasma tv - the TC-P50VT25. It took me 3 years to buy the audio system so I was used to using the speakers from the tv which were becoming over-modulated. Anyway, I followed the theatre systems instructions and hooked up my 2 sources to the main unit using hdmi cables.",81
PASS_002087,KB_02044,REC_167,B00BI4JXGO,Electronics,this works great when it's working. There are times we've had to unplug it to get it to work. It's very temperamental. We are getting the hang of it though,30
PASS_002088,KB_02045,REC_167,B00BI4JXGO,Electronics,"see other reviews. works for a couple weeks, maybe one week, maybe not. need to pull power cord for 'a random amount of time', plug it back in and it works.This is second unit in a row that didn't work.when dead, nothing works, not remote, not power button, nothing.tried firmware update, doesn't do anything. as in, it didn't do what the instructions said it would do.",66
PASS_002089,KB_02046,REC_167,B00BI4JXGO,Electronics,"easy hookup to my panasonic tv ,but not really that happy with overall sound.probably will go for surround sound amp in future ,this will do for now .gs",28
PASS_002090,KB_02047,REC_167,B00BI4JXGO,Electronics,"You can manually turn the subwoofer on at this point, or you can wait until the end of this process. )6) Turn the TV on7) Press the Menu button on the TV's remote, scroll down to ""Setup"", and then select ""VIERA Link settings."" (In the submenu, only ""VIERA Link"" will be available at this point, and it will be set to ""Off"", The other 4 settings in the submenu will be grayed out at this point.",76
PASS_002091,KB_02048,REC_167,B00BI4JXGO,Electronics,"Wow, what a cool stereo.I've never had a 3.1ch sound system and have always been little skeptical of getting one because I felt it wouldn't provide me with the immersive sound experience I've come accustom to with 5.1 or, 7.1ch systems. However, after setting everything up in my sons room and watching Cars 2 on Blue-ray, I can honestly say I was pleasantly surprised by what I heard. The system was clear and immersive.",74
PASS_002092,KB_02049,REC_167,B00BI4JXGO,Electronics,"Would be nice if they send a replacement of the part that didnt work, but an hour long chat with customer support they asked me to mail the part for warranty related fixing. seriously? I cant use my external speakers for the holidays? that SUCKS! I would have easily rated you three or four if you had been working as expected speakers!",62
PASS_002093,KB_02050,REC_168,B006SDI6X6,Home_and_Kitchen,"The painting invites us in for a walk down the lane to the setting sun.Be advised, this series of paintings needs a large wall for placement. Each panel is light and framed for easy installation. I have the paintings pressed tightly together to make one scene, unlike the picture included on Amazon that shows silver bars separating the paintings.",59
PASS_002094,KB_02051,REC_168,B006SDI6X6,Home_and_Kitchen,"The painting it absolutely beautiful and the quality can easily be seen. The canvas is 100% cotton 370gsm artist grade canvas. The frames are 3.8 cm wide and are environmentally friendly MDF wooden bars. As someone who reduces, reuses, and recycles, I truly appreciate this piece. There is also a 100% money back guarantee (30 days) if you are not satisfied with your purchase.",64
PASS_002095,KB_02052,REC_168,B006SDI6X6,Home_and_Kitchen,"When I say this is like a scene from Middle Earth's Shire, my meaning may be unclear. What I mean is that this piece reminds me of the peaceful, joyous atmosphere of the Shire. This print set is a depiction of nature at its purest, and the image is incredibly soothing and relaxing.",53
PASS_002096,KB_02053,REC_168,B006SDI6X6,Home_and_Kitchen,"While this piece is a little out of my usual aesthetic, I can't help but be drawn to it. The mist settling in the trees gives me a feeling of tranquility. The dim light and rich colors of the leaves is very comforting. When I see this piece, I can almost smell the crisp, cool air of autumn, which helps me keep my mind clear.",65
PASS_002097,KB_02054,REC_168,B006SDI6X6,Home_and_Kitchen,"What would I find at the end of this road? When I watch this painting, this question comes to my mind. It has a philosophical meaning: we never know where the journey leads us. I thik it is a very deeply emotional art. I t has very warm colors that would be a good fit for my living room.",59
PASS_002098,KB_02055,REC_168,B006SDI6X6,Home_and_Kitchen,We wanted something to accent our new colors and this did it.Product was nicely packaged and went up on the wall with ease.Follow the instructions for spacing and you can't go wrong.,32
PASS_002099,KB_02056,REC_168,B006SDI6X6,Home_and_Kitchen,"We just measured, hammered in the hangars and the work was done. Per the manufacturers instructions, we left a couple of inches between each space. The five pieces make a BIG display. In this case, the stretch across the wall behind an oversized green leather sofa. The sofa is fat...overstuffed and fairly plane.",53
PASS_002100,KB_02057,REC_168,B006SDI6X6,Home_and_Kitchen,Very comforting; very satisfying.I hope these new observations help Amazon readers of this review and I invite questions and comments.,20
PASS_002101,KB_02058,REC_168,B006SDI6X6,Home_and_Kitchen,"Usually pre-framed or ready to hang work that is affordably priced is pretty bad in terms of quality and construction. These aren't disappointing and, in fact, are much better than what I expected. I bought them for my niece who chose the subject matter. In this case, it's a misty autumnal forest in very pretty greens, browns and yellows. The separation is done with care, not matching, but organized to work together as five separate pieces that form a single unit. The colors are lovely.",85
PASS_002102,KB_02059,REC_168,B006SDI6X6,Home_and_Kitchen,"This painting is utterly sensational abstraction, gorgeous colors reflecting the beauty of nature. It makes me interconnected with the nature and make me feel a heavenly feeling.",27
PASS_002103,KB_02060,REC_169,B003J8PCL2,Electronics,"I have gone through two, nearing the need for a third one. I have tried to find more durable replacements, but have not been able to find one that says it is compatible with the Onyx. XM should work on a thicker cord, for this one breaks at the point right before the thicker part that goes into the cigarette lighter. I thickly wrap with electrical tape, but it is still trying to break in the same place..... again. Other than the flimsy power cord, I love it.",88
PASS_002104,KB_02061,REC_169,B003J8PCL2,Electronics,I Have had it for 6 months and Everything Still Works Great for my model of Sirius Radio ! !,20
PASS_002105,KB_02062,REC_169,B003J8PCL2,Electronics,"Just as described, just what I needed to replace the power cord on my onyx xm radio. Got a great deal on it .",24
PASS_002106,KB_02063,REC_169,B003J8PCL2,Electronics,It was the wrong one for my xm radio. I put in the model and still got the wrong one that I needed,23
PASS_002107,KB_02064,REC_169,B003J8PCL2,Electronics,"I really don't know if this is a good item since even though I sent the #'s off the old one, they sent the wrong one. I realize now that I need the model # off the radio itself.",39
PASS_002108,KB_02065,REC_169,B003J8PCL2,Electronics,This cord works with the onyx radio.Seams to be a little better than the one that came with the radio but I  put electrical tape on what I think are the weakest point to eliminate the breakage that happened to the last one.,43
PASS_002109,KB_02066,REC_169,B003J8PCL2,Electronics,I love my Onyx system but I really dislike the fact that I have had to replace the power cord twice in the 2+ years I've had it. The power cords that I've ordered from Amazon have been great and were shipped and received in a super great turn around time.,51
PASS_002110,KB_02067,REC_169,B003J8PCL2,Electronics,"did not realize that Sirius and XM mounts are not the same, will only work with XM, now I know,",20
PASS_002111,KB_02068,REC_169,B003J8PCL2,Electronics,Unfortunately the one I bought from Amazon was not exactly correct and had to be modified to work correctly in the vehicle..... John Vocht. KA7DRE@msn.com,25
PASS_002112,KB_02069,REC_169,B003J8PCL2,Electronics,"This item works perfectly. It seems to work just as good as the original one did. My original ones wire split, and it is not one solid wire, so I was not able to repair the broken one. It is shielded wire, and does not do anything unexpected.",48
PASS_002113,KB_02070,REC_169,B003J8PCL2,Electronics,"Just as described, just what I needed to replace the power cord on my onyx xm radio.",17
PASS_002114,KB_02071,REC_169,B003J8PCL2,Electronics,I realize now that I need the model # off the radio itself.,13
PASS_002115,KB_02072,REC_169,B003J8PCL2,Electronics,I put in the model and still got the wrong one that I needed,14
PASS_002116,KB_02073,REC_169,B003J8PCL2,Electronics,I love my Onyx system but I really dislike the fact that I have had to replace the power cord twice in the 2+ years I've had it.,28
PASS_002117,KB_02074,REC_169,B003J8PCL2,Electronics,Unfortunately the one I bought from Amazon was not exactly correct and had to be modified to work correctly in the vehicle..... John Vocht.,24
PASS_002118,KB_02075,REC_169,B003J8PCL2,Electronics,The Sirius XM 5V PowerConnect Vehicle Power Adapter works as expected...I had replaced my dock only to find out that my original sirius power adapter did not work with the new dock.....everything else worked .......problem now solved,37
PASS_002119,KB_02076,REC_169,B003J8PCL2,Electronics,"I have tried to find more durable replacements, but have not been able to find one that says it is compatible with the Onyx.",24
PASS_002120,KB_02077,REC_169,B003J8PCL2,Electronics,I Have had it for 6 months and Everything Still Works Great for my model of Sirius Radio !,19
PASS_002121,KB_02078,REC_169,B003J8PCL2,Electronics,cord is thin  and  breaksi won't  my xm /  someone sell me another cord that fits  the onyx  that lasts,20
PASS_002122,KB_02079,REC_169,B003J8PCL2,Electronics,Works fine. The problem is the light duty cord Sirius uses. The cord breaks where it enters the adapter body. This is accelerated by the dingle berry hanging on the cord bouncing up and down all day long. My original lasted about a month. I turned the cord toward the adapter body and taped the plastic cylinder (the dingle berry)to it. I also wrapped the cord around the body a few times and taped it up to. This keeps it from wiggling around and breaking at the strain relief. This has worked for 2 months now. I would have tried the other 5v adapter without the dingle berry but was unsure if the plug was correct for my unit. You do not seem to have much choice with this one. I think this is good as it gets.,138
PASS_002123,KB_02080,REC_170,B00E395L7Q,Electronics,"It works great. Another feature I didn't know if I'd use is the fingerprint reader. It remembers all the passwords and usernames that I need and gets me into these sites by swiping my finger over the reader. I logged onto my Amazon account this way to write this review. So it's a great feature, too.Watch for computers that don't have an optical drive. When I was shopping for a computer, this seemed to be the norm. This computer has a built-in Blu-ray Player and DVD burner.My wife and I travel in an RV.",94
PASS_002124,KB_02081,REC_170,B00E395L7Q,Electronics,"The graphics card runs my 2 monitor setup perfect and is snappy. Whatever cpu you choose, just make sure it's the 4th generation (I'm pretty sure all HP Envy's at the moment are).It's light-weight and easy to carry. Bonus: when I close the laptop it cuts power to my USP Laptop cooling pad.I just love it. It's saving me about 1 hour of productivity a day.",66
PASS_002125,KB_02082,REC_170,B00E395L7Q,Electronics,"Needed a power replacement for an older laptop and this was just the ticket, high resolution screen, dedicated graphics card, loads of RAM, Quad-Core Intel and dual hard drives. Dropped a 750Gig Samsung EVO SSD in this first thing and it boots in less than 8 seconds! MacBook SmakBook, my Studio manager wants to replace his MacBook Pro with this! LOLExcellent Choice for great price.",65
PASS_002126,KB_02083,REC_170,B00E395L7Q,Electronics,"The laptop is amazingI noticed some bad things but it's not very badWhen playing games, like BF4, there's a noticeable heatAlso the keyboard in the left side has a small flexEvery thing else is awesome and working pretty good",39
PASS_002127,KB_02084,REC_170,B00E395L7Q,Electronics,Key response is fine but the key board frame is very soft and indents and rebounds with each key stroke. This flaw may take some time getting used to.All in All I like it so far except for the &#34;bouncy&#34; key board.,42
PASS_002128,KB_02085,REC_170,B00E395L7Q,Electronics,"We could watch TV shows on this computer if we wanted to, but it also has an HDMI output. We haven't tried it yet, but I am told we can connect the computer to our flat screen TV and play the show on the big TV.There is nothing wrong with Windows 8. It is different from Windows 7, but it is easy to get used to. I like it just fine.",71
PASS_002129,KB_02086,REC_170,B00E395L7Q,Electronics,"I wish this had a non-matte/anti-glare screen like they used to have. And that the touchpad was centered to the machine and not the 10key layout.Those two things aside this was a sweet little machine and a great addition to my equipment. I'm a videographer so I often have programs for movie making, conversion and photo editing open and working at the same time. iTunes or Netflix is usually running too, so its a lot! but the processor is fast and it hasnt crashed or faltered once.",87
PASS_002130,KB_02087,REC_170,B00E395L7Q,Electronics,I'm a software developer and data engineer. I needed to cut down the compile times of a very large project I'm working on. I did 2 things that made this an amazing laptop. #1 I replaced the hard drive with a 512mb SSD drive. #2 I opted to upgrade the 4th gen Intel cpu to 3.7 GHz. It's wicked fast. It's quiet. It's great on battery life. The software shipped with the product installed by HP is not annoying like Dell's software. The screen is beautiful. The beats audio sound system is great.,93
PASS_002131,KB_02088,REC_170,B00E395L7Q,Electronics,This review writes itself. All the hardware and software I need is packaged with this computer. I am totally satisfied.,20
PASS_002132,KB_02089,REC_170,B00E395L7Q,Electronics,It remembers all the passwords and usernames that I need and gets me into these sites by swiping my finger over the reader.,23
PASS_002133,KB_02090,REC_170,B00E395L7Q,Electronics,Another feature I didn't know if I'd use is the fingerprint reader.,12
PASS_002134,KB_02091,REC_170,B00E395L7Q,Electronics,The graphics card runs my 2 monitor setup perfect and is snappy.,12
PASS_002135,KB_02092,REC_170,B00E395L7Q,Electronics,"Needed a power replacement for an older laptop and this was just the ticket, high resolution screen, dedicated graphics card, loads of RAM, Quad-Core Intel and dual hard drives.",29
PASS_002136,KB_02093,REC_170,B00E395L7Q,Electronics,This flaw may take some time getting used to.All in All I like it so far except for the &#34;bouncy&#34; key board.,22
PASS_002137,KB_02094,REC_170,B00E395L7Q,Electronics,The software shipped with the product installed by HP is not annoying like Dell's software.,15
PASS_002138,KB_02095,REC_170,B00E395L7Q,Electronics,I like it just fine.,5
PASS_002139,KB_02096,REC_170,B00E395L7Q,Electronics,I wish this had a non-matte/anti-glare screen like they used to have.,12
PASS_002140,KB_02097,REC_170,B00E395L7Q,Electronics,"iTunes or Netflix is usually running too, so its a lot!",11
PASS_002141,KB_02098,REC_170,B00E395L7Q,Electronics,"I'm a software developer and data engineer. I needed to cut down the compile times of a very large project I'm working on. I did 2 things that made this an amazing laptop. #1 I replaced the hard drive with a 512mb SSD drive. #2 I opted to upgrade the 4th gen Intel cpu to 3.7 GHz. It's wicked fast. It's quiet. It's great on battery life. The software shipped with the product installed by HP is not annoying like Dell's software. The screen is beautiful. The beats audio sound system is great. The graphics card runs my 2 monitor setup perfect and is snappy. Whatever cpu you choose, just make sure it's the 4th generation (I'm pretty sure all HP Envy's at the moment are).It's light-weight and easy to carry. Bonus: when I close the laptop it cuts power to my USP Laptop cooling pad.I just love it. It's saving me about 1 hour of productivity a day.",159
PASS_002142,KB_02099,REC_170,B00E395L7Q,Electronics,"I have to say that I have a problem with this computer. I want to be on it all the time. It is way better than my previous laptop whose hard drive died. (A cautionary tale to remind you to back up your stuff.) I will use this computer to process photographs (amateur), so I didn't want a shiny touchscreen. This computer has the anti-glare, non-touch screen. The screen doesn't act as a mirror for everything around it. Screen resolution of 1920 x 1080 makes a difference when looking at photos I have taken.I have been asked by my church to produce the parish directory and tomorrow will download Adobe InDesign from the church's copy of this professional design program. Producing the directory should give the computer a workout since I have already taken large file photos of the congregation and will need to copy and paste them into this program. We are going on vacation at the end of this week and I want to take some RAW images with my camera to process on the computer. I may come up with an addition to this review after doing some things that the computer is really designed for. As",200
PASS_002143,KB_02099,REC_170,B00E395L7Q,Electronics,"come up with an addition to this review after doing some things that the computer is really designed for. As of this writing I have only had the computer for 11 days.It is early morning, and the light is dim so I am using the lighted keyboard instead of an overhead light. It works great. Another feature I didn't know if I'd use is the fingerprint reader. It remembers all the passwords and usernames that I need and gets me into these sites by swiping my finger over the reader. I logged onto my Amazon account this way to write this review. So it's a great feature, too.Watch for computers that don't have an optical drive. When I was shopping for a computer, this seemed to be the norm. This computer has a built-in Blu-ray Player and DVD burner.My wife and I travel in an RV. We could watch TV shows on this computer if we wanted to, but it also has an HDMI output. We haven't tried it yet, but I am told we can connect the computer to our flat screen TV and play the show on the big TV.There is nothing wrong with Windows 8. It is",200
PASS_002144,KB_02099,REC_170,B00E395L7Q,Electronics,"our flat screen TV and play the show on the big TV.There is nothing wrong with Windows 8. It is different from Windows 7, but it is easy to get used to. I like it just fine.",37
PASS_002145,KB_02100,REC_171,B00F144HYA,Electronics,"We noticed two things during setup:1. There was a hazy red spot near the center of the projected image.2. I could not get the test pattern in focus across the whole projected image. I have about a 14.5 foot throw, with the projector located 2.5 feet from the top of the screen. Essentially, it was impossible to focus the right had side of the pattern.3. There was a LOT of dust visible in the system as you look into the lens.I decided to return the projector for a replacement and am waiting for Amazon to get them back in stock.",100
PASS_002146,KB_02101,REC_171,B00F144HYA,Electronics,"Lag-people talked about lag in the reviews on other websites ***so far it plays everything there is a fast setting for gaming and many others. we have tried several setting all work we do not notice any issues.6. ***IMPORTANT*** measure the distance projector to wall/screen. there are auto programs on the web that know your 5030ub and you plug in number out comes answers. This will also add in better picture. 84"" TV 8 to 13 feet and 120"" in greater.",81
PASS_002147,KB_02102,REC_171,B00F144HYA,Electronics,"The system is connected to the Denon AVR-X3000 receiver, and then that is tied in to the Sony BDP-S5100 3D Blu-ray Disc Player. The system works very well with either 2D or 3D movies, and did so, with very little set up or configuration by me.The fan makes a little bit of noise when it first comes on, but then quiets right down and is very quiet during normal operations.I was a little worried that with &#34;only&#34; 1080p resolution (and not 4K), that 120&#34; screen diagonal would be too big when viewing from  12 feet.",95
PASS_002148,KB_02103,REC_171,B00F144HYA,Electronics,"This projector and its elder sibling has been rated better than some high-end models that go for 5 times the price! At a 13-foot throw distance, I am projecting a 10-foot image. It is astoundingly great. Black levels are so deep that you cannot see the bars during letter boxed movies. The sharpness is incredible with the three chips. So far, I am projecting on a painted wall, and the color temperature was almost perfect out of the box. Had to adjust the brightness a little.",86
PASS_002149,KB_02104,REC_171,B00F144HYA,Electronics,"I am a first time projector owner and bought this model last December 2013. Set up was easy and the picture quality was awesome. I'm using a 120&#34; screen and we all love it. Some have said the fan on this model is loud. We have it mounted three feet over our heads and on &#34;eco&#34; mode (low bulb output) we can't hear the fan. To be fair, I have my audio cranked up through an A/V receiver.Now to the not so great part.",84
PASS_002150,KB_02105,REC_171,B00F144HYA,Electronics,"I am very glad I went with this projector. My friend has the same one. After watching it on his 120&#34; screen, I knew it would look great on my 106&#34;, and it does.",34
PASS_002151,KB_02106,REC_171,B00F144HYA,Electronics,"This doesn't make it ideal to game on, but I have my xbox one and ps3 in another room.-Manual shift and lens focus-No Anamorphic lens support, Have a 125&#34; 2.35:1 screen, but I use a Lumagen which performs stretching.-Screen Door Effect, not bothersome after about 8-10 feet on my large screen.-Blacks could be a bit better, JVC anyone...All in all, I thought I was downgrading when I decided to sell my Sony HW50 and get this projector at first, but after using it this is my best projector yet.",89
PASS_002152,KB_02107,REC_171,B00F144HYA,Electronics,I am projecting 5030ub on to a Elite Screens Inc. R120DHD5 ezFrame CineGrey 5D Projection Screen for 2D and 3D which is about 20 feet away and it looks phenomenal. The black look very well even though I have some indirect ambient light coming in through my living room. Both the 5030ub and 6030ub have the same contrast ratio but the other differences I do not know if it justify the prices differences. The picture looks crisp and clear. Suggest you buy the Peerless PRGS-UNV projector mount from Amazon because it so easy to line up the picture to the screen compare to other mounts.,105
PASS_002153,KB_02108,REC_171,B00F144HYA,Electronics,"After much research and going back and forth on a couple projectors, I ended up going with this one. I had several friends and two professional installers recommend Epson, and this unit in particular.Very easy to set up, and install, which I ended up doing myself. The ability to move the picture around SO easily, up / down, left / right was a piece of cake. I haven't even had to adjust the keystone part - seems to be just fine.I am using this projector with a 120&#34; diagonal screen (Silver Ticket), with the projector mounted from the ceiling 16 feet back from the screen - this works great.",109
PASS_002154,KB_02109,REC_171,B00F144HYA,Electronics,"Remember to set the right distance (shortest distance to screen to get brightest picture and remember screen gains want super bright high gain be careful you do go to bright can hurt your eyes. Truly you should have three screens (white, gray, black Matt) and you can change the light or screen to best suit the movie or gaming you are watching. ** this works best** for all projectors",69
PASS_002155,KB_02110,REC_171,B00F144HYA,Electronics,"I have about a 14.5 foot throw, with the projector located 2.5 feet from the top of the screen.",19
PASS_002156,KB_02111,REC_171,B00F144HYA,Electronics,"The system works very well with either 2D or 3D movies, and did so, with very little set up or configuration by me.The fan makes a little bit of noise when it first comes on, but then quiets right down and is very quiet during normal operations.I was a little worried that with &#34;only&#34; 1080p resolution (and not 4K), that 120&#34; screen diagonal would be too big when viewing from  12 feet.",72
PASS_002157,KB_02112,REC_171,B00F144HYA,Electronics,"The set up was easy, the test screen is a big help to get the viewing angle and focus right and I didn't see the need for any picture adjustments straight out of the box.",35
PASS_002158,KB_02113,REC_171,B00F144HYA,Electronics,"I haven't even had to adjust the keystone part - seems to be just fine.I am using this projector with a 120&#34; diagonal screen (Silver Ticket), with the projector mounted from the ceiling 16 feet back from the screen - this works great.",43
PASS_002159,KB_02114,REC_171,B00F144HYA,Electronics,On my 106&#34; screen I feel as though I am watching through a window.I would recommend this to anyone!,19
PASS_002160,KB_02115,REC_171,B00F144HYA,Electronics,"I waited for years to buy a projector thinking the picture quality would not be very good but the 5030UB blows away most LCD and plasma TVs.My 5030UB sits on a shelf about 8' off the floor and about 19' from my 120"" Silver Ticket screen (also fantastic).",48
PASS_002161,KB_02116,REC_171,B00F144HYA,Electronics,Remember to set the right distance (shortest distance to screen to get brightest picture and remember screen gains want super bright high gain be careful you do go to bright can hurt your eyes.,34
PASS_002162,KB_02117,REC_171,B00F144HYA,Electronics,***IMPORTANT*** measure the distance projector to wall/screen.,7
PASS_002163,KB_02118,REC_171,B00F144HYA,Electronics,"This is minor as most of the time I watch it at night with lights out.Pros:BrightnessColor AccuracyBlack LevelOverall outstanding pictureCons:Fan noise (minor to not noticeable)Manual lens adjustment (minor, and once you do it, it is done)Price (though far better than higher-end models with only slightly better picture)Update 6/13/14: After watching about 10 Blu-rays and numerous shows on Dish, I can happily repeat the Epson 5030UB is fantastic.",67
PASS_002164,KB_02119,REC_171,B00F144HYA,Electronics,"I absolutely LOVE this projector. I held out on buying the previous 5020 model to get this one, and I am glad I did. This projector is AMAZING. My neighbor has a previous model Epson, and he came over and said he definitely saw the difference. Regular HD TV looks really good, and of course BluRay's do as well, but 3D blew my socks off. When this projector is kicking 3D quality resolution out, nothing else even comes close!100% recommended!**** UPDATE 11/24: I mentioned in a comment that I would update this post with feedback regarding the ""gaming delay."" When I had a PS3 connected to it, there was a definite half-second delay between a button press on the controller and the feedback on the screen (tested in normal FINE mode, I did not test it in FAST mode, since I was unaware of this option at the time). I tested in FINE mode again when my XBox One arrived on the 22nd, and as it turns out there is NO delay in normal (FINE) mode using the new XBox One and the testing game RYSE. I do not know why the delay is gone, aside from the obvious hardware",200
PASS_002165,KB_02119,REC_171,B00F144HYA,Electronics,"One and the testing game RYSE. I do not know why the delay is gone, aside from the obvious hardware improvements in the new Xbox, but I wanted to follow up as promised (also, I did not test the PS4, nor did I test any other games yet, so I cannot comment on those).The Projector is still amazing. Hope this all helps =)",63
PASS_002166,KB_02120,REC_172,B0048G9LDE,Toys_and_Games,"Alien Frontiers: 2-4 Players, Ages 13+, Average Play Time = 60-90 MinutesFirst and foremost, I have to mention that the game came with extra zip bags. I am not sure why, but this always scores major points with me. I am a big fan of being organized, though some might call it OCD...whatever the case, thank you!The artwork was attractive and the components were very well made. Having been a fan of certain retro science fiction shows, I was able to appreciate the overall theme.",85
PASS_002167,KB_02121,REC_172,B0048G9LDE,Toys_and_Games,"Really, the idea behind play is simple, but because you are competing head to head against other players for the same limited spaces on the board, sometimes you'll find yourself fighting other players for the same resources.No one is eliminated early from the game, so everyone can stay in it until the end. While the game can be played with 2 and 3 players, for the best games I recommend playing with 4.This game is out of stock on many websites, so if you see it for sale, pick it up.",91
PASS_002168,KB_02122,REC_172,B0048G9LDE,Toys_and_Games,Very fun game. Game is well thought out and the components are nice quality. I find that it get much more competitive the less players you have.,27
PASS_002169,KB_02123,REC_172,B0048G9LDE,Toys_and_Games,"Just played this last weekend for the first time as one of my friends just got it. It is a great game, with very well thought out and balanced mechanics, but is easy to learn (which means i can get my wife to play with me). It is definitely more fun (ie challenging) when there are 3 or 4 people as there is a lot more conflict for resources & positioning. This game is definitely going on my list to buy.",81
PASS_002170,KB_02124,REC_172,B0048G9LDE,Toys_and_Games,"This makes each turn interesting, and rewards good strategy.The game is quite well balanced, with ways to keep one player from running away, but definitely rewards good strategic play. There are relatively few points to be had, which makes it important to fight for each point, which differs from many other games.One thing to watch for is table talk. Depending on the custom of your group, it is unusually easy to talk a new player unfamiliar with the scoring and strategy into playing moves that look good but are poor for his/her game chances, and for everyone else but the table-talker.Overall, highly recommended.",103
PASS_002171,KB_02125,REC_172,B0048G9LDE,Toys_and_Games,"The board did a great job in helping us keep track of what each orbital facility did, and the manual was clear and concise. The manual prepared me well for the game, but some of the game mechanics I didn't get until I actually saw them in action. For example, on our first turns, there was already a six on the lunar mine. Since you have to play a die of equal value or greater, I was worried that ore would be a rare commodity...until I realized that players retrieve their dice at the beginning of their turn, freeing up various spaces on the board and resetting certain orbital facility requirements.It only took me about a half hour to review the manual in order to understand what was going on (for the most part).",134
PASS_002172,KB_02126,REC_172,B0048G9LDE,Toys_and_Games,"This is probably one of my favorite new games that I've played in a long time, and much better if you can play with the max of 4 players.Players start off with 3 ships (dice), and take turns rolling all of them. Depending on how players roll, they may place the ships on different areas on the board. Some allow you to get more ships, others allow you to take resources, and others allow you to place colonies on the surface of the moon (the moon being divided in to regions, each named after a famous science fiction author).",99
PASS_002173,KB_02127,REC_172,B0048G9LDE,Toys_and_Games,"The game immediately ends when a player places their final colony on the planet. The scores are totaled and a winner is declared. In my group's plays we have found this to be an incredibly balanced game, with the point spread being no higher than four (4). Some of the strategies employed are to just put out colonies as fast as possible, others focus on simply collect as many ships as possible, as quickly as possible, the third common strategy is to collecting Alien Artifacts to best modify their die rolls to their advantage.A note on the rulebook, it is well thought out and formatted well.",106
PASS_002174,KB_02128,REC_172,B0048G9LDE,Toys_and_Games,"With over 100 plays, I can say this is a great game. I have over 400 games in my collection, and this one has been played the most, by far. The re-playability is extremely high, allowing for a myriad of possible ways to win, with no one strategy always being the path to victory. Its even better with the expansion cards.Playing with two players completely changes the dynamic of the game. It becomes extremely cutthroat and people who have only played with 4 players will probably not realize the changes in tactics required.",93
PASS_002175,KB_02129,REC_172,B0048G9LDE,Toys_and_Games,"It provides in-depth explanations for the various Alien Tech cards aswell as the territory bonuses. The rule book also contains examples to give further clarification.Game LengthI personally prefer playing this game with three (3) people. While four (4) is still fun, but it increases the time between turns and overall game length to the point casual players may be turned off (~90 minutes v ~60 minutes with three (3) players). However if all participants are gamers or already like the game, a good time will be had by all.ThemeAlien Frontier's theme works great, helped with the impressive art and beautiful components.",101
PASS_002176,KB_02130,REC_172,B0048G9LDE,Toys_and_Games,"Alien Frontiers: 2-4 Players, Ages 13+, Average Play Time = 60-90 MinutesFirst and foremost, I have to mention that the game came with extra zip bags.",26
PASS_002177,KB_02131,REC_172,B0048G9LDE,Toys_and_Games,"This makes each turn interesting, and rewards good strategy.The game is quite well balanced, with ways to keep one player from running away, but definitely rewards good strategic play.",29
PASS_002178,KB_02132,REC_172,B0048G9LDE,Toys_and_Games,"While the game can be played with 2 and 3 players, for the best games I recommend playing with 4.This game is out of stock on many websites, so if you see it for sale, pick it up.",38
PASS_002179,KB_02133,REC_172,B0048G9LDE,Toys_and_Games,"This is probably one of my favorite new games that I've played in a long time, and much better if you can play with the max of 4 players.Players start off with 3 ships (dice), and take turns rolling all of them.",42
PASS_002180,KB_02134,REC_172,B0048G9LDE,Toys_and_Games,"While four (4) is still fun, but it increases the time between turns and overall game length to the point casual players may be turned off (~90 minutes v ~60 minutes with three (3) players).",35
PASS_002181,KB_02135,REC_172,B0048G9LDE,Toys_and_Games,"It is a great game, with very well thought out and balanced mechanics, but is easy to learn (which means i can get my wife to play with me).",29
PASS_002182,KB_02136,REC_172,B0048G9LDE,Toys_and_Games,"Really, the idea behind play is simple, but because you are competing head to head against other players for the same limited spaces on the board, sometimes you'll find yourself fighting other players for the same resources.No one is eliminated early from the game, so everyone can stay in it until the end.",53
PASS_002183,KB_02137,REC_172,B0048G9LDE,Toys_and_Games,I find that it get much more competitive the less players you have.,13
PASS_002184,KB_02138,REC_172,B0048G9LDE,Toys_and_Games,It becomes extremely cutthroat and people who have only played with 4 players will probably not realize the changes in tactics required.,22
PASS_002185,KB_02139,REC_172,B0048G9LDE,Toys_and_Games,"It's simple enough to grasp on first playthrough, and deep enough that there are strategies to explore in later games.Additionally, if you get the expansion, you can play with 5 players, and have super cute bubble colonies to play with.",40
PASS_002186,KB_02140,REC_172,B0048G9LDE,Toys_and_Games,"You can order this for 30 bucks less on the game company's website. They are also including promotional pieces (rocket scoring chips) with your order. If you want to pay 80 bucks, that's your business. But I just got mine for 50. And it has extra stuff. Peace...",48
PASS_002187,KB_02141,REC_172,B0048G9LDE,Toys_and_Games,"This is probably one of my favorite new games that I've played in a long time, and much better if you can play with the max of 4 players.Players start off with 3 ships (dice), and take turns rolling all of them. Depending on how players roll, they may place the ships on different areas on the board. Some allow you to get more ships, others allow you to take resources, and others allow you to place colonies on the surface of the moon (the moon being divided in to regions, each named after a famous science fiction author). Really, the idea behind play is simple, but because you are competing head to head against other players for the same limited spaces on the board, sometimes you'll find yourself fighting other players for the same resources.No one is eliminated early from the game, so everyone can stay in it until the end. While the game can be played with 2 and 3 players, for the best games I recommend playing with 4.This game is out of stock on many websites, so if you see it for sale, pick it up. Because of it's easy learning curve, it also makes a",200
PASS_002188,KB_02141,REC_172,B0048G9LDE,Toys_and_Games,"so if you see it for sale, pick it up. Because of it's easy learning curve, it also makes a great gift.",22
PASS_002189,KB_02142,REC_173,B000E8VAIO,Tools_and_Home_Improvement,"the housing poked out from the wall by about one inch. The EJ500 sits flush with the switch panel. Admittedly, the housing is recessed into the wall by more than an inch. I noticed one reviewer complained, he couldn't fit it into his box. I had to move some of the wires around, but I was able to get mine to fit without too much trouble, and I had a LOT of wires stuffed into my box. I had to wire mine for a 3-way switch configuration, and the electrical box is shared with another 3-way switch and a 2-way switch.The previous generation was just a simple digital 7-day timer, which meant twice a year, I had to adjust it for daylight saving time, and I had to periodically adjust it during the year for seasonal changes in sunset times.",140
PASS_002190,KB_02143,REC_173,B000E8VAIO,Tools_and_Home_Improvement,"I (a woman in my early 60's) ordered this to replace a broken wall switch timer to control two overhead porch lights and a pole lamp. We have an older home and the switch boxes are smaller. This timer fit in the box perfectly; and because it only has three wires to connect and the instructions were very simple to follow, I installed it very easily and quickly. (OF COURSE:  TURN THE BREAKER OFF!) The instructions to set it up were very straight forward and if you follow them, it's ready for the self-adjusting setting.I then replaced my regular 40W bulbs with CFL's and it still works perfectly!",108
PASS_002191,KB_02144,REC_173,B000E8VAIO,Tools_and_Home_Improvement,Programming is easy if directions are followed and has worked flawless since.2nd install at sister's house ~4 years ago:Installed in conjuction with a remodel that included CFL can lights in closed eaves. Typical installation (prepared to make room in an old two gang box) resulted in the CFL current &#34;leak&#34;. Installed one incandecent lamp and problem solved.3rd install at another sister's house ~6 months ago:Installed with a couple LED lamps and went flawless. Programming takes a few minutes and unit is reliable and consistent.Unit is solid and retains programming during power losses.Would recommend for anyone looking for that convenient &#34;I'm home&#34; appearance.I did install the heavier duty switched model at my home and a neighbors because of an abundance of lights (load).,122
PASS_002192,KB_02145,REC_173,B000E8VAIO,Tools_and_Home_Improvement,"I bought two of these from a local big box hardware store. One for the normal porch lights and one for the dedicated circuit for Christmas lights. The porch light unit works GREAT! Running for over a month with no worries and adjusts automatically each day with the sunset.The Intermatic web site FAQs specifically list NOT for Christmas lights, but the install materials with the switch say nothing about this! I wired up the C9 normal lights today and at the appointed sunset time - light came on for less than 2 min, then the switch overheated and gone.",99
PASS_002193,KB_02146,REC_173,B000E8VAIO,Tools_and_Home_Improvement,At my house I needed a few outdoor receptacles to be controlled by programmed timers to turn ON and OFF my outdoor lighting at certain times.The Intermatic EJ500C timer was easy to mount in the existing wall boxes and replace the ON-OFF switches. The outlet box is covered by a Decora type wall plate. The timer programming is easy to do and it contain 6 different daily switching programs. The load switching is done by a mechanical ON-OFF limit switch activated by an small internal motor. The problem with this timer was that the internal plastic gear system was going out of allignament very easily and the switching was not done anymore.,112
PASS_002194,KB_02147,REC_173,B000E8VAIO,Tools_and_Home_Improvement,"This product does a good job at what it is designed to do. Be a digital controller for incandescent lights. It features 7 on/off settings per day and is easy to set up and use. It even has an automatic daylight savings time adjustment to conserve energy. The unit can replace a single pole or 3-way switch.The unit uses two internal batteries that will last about 2 years and we have had to replace them once. This guards against memory loss in case of a power failure.The issues are the design, specification details not on Amazon and not reading the instructions or packaging.",103
PASS_002195,KB_02148,REC_173,B000E8VAIO,Tools_and_Home_Improvement,"I have installed three in the last five years, great product.1st install at mom and dad's ~5yrs ago:Pushed dad to install the heavier duty model due to eight bulbs surrounding his property but this is what he bought so I agreed due to most of them being CFL bulbs (therefore no issue with current &#34;leak&#34; when off). Had to get creative to make room inside a 4 gang box where all these circuits converged but was not too bad due to 14ga. wire and lots of patience.",87
PASS_002196,KB_02149,REC_173,B000E8VAIO,Tools_and_Home_Improvement,"This is a real piece of junk. First, I spent several hours attempting to program it. One of the difficulties is the LCD screen is damn near impossible to read particularly if the timer is in the wall at light switch level. Then,  you'll need to bend over and have a bright light source. Second,the programming buttons are so small I had to use a stylus. Finally, if there was an easy way to override the program in an emergency, I didn't find it mentioned in the instructions.",88
PASS_002197,KB_02150,REC_173,B000E8VAIO,Tools_and_Home_Improvement,"For years I had a Intermatic SS5 controlling a 4 light/fan kitchen fixture. It would work with 2  incandescents  + 2 CF bulbs but no more than 2 CFs. I decided to remove it and replace it with a regular light switch (so I could use 4 CFs) and install an Intermatic EJ500 wall timer to control a single 65W incandescent bulb over our kitchen sink. The installation was easy (you do need a ""decora"" wall plate) and the programming went well except that you need a magnifying lens to see the buttons and the readout.",96
PASS_002198,KB_02151,REC_173,B000E8VAIO,Tools_and_Home_Improvement,"This wall switch is easy to install, but it is really complicated to program. The instructions are not user friendly and some steps are confusing. The program window icons are very small, and you will need a flash light or really good lighting to see the set up menu. So far it has worked as advertised, but there are better products out there for the same price.",67
PASS_002199,KB_02152,REC_173,B000E8VAIO,Tools_and_Home_Improvement,"I had to wire mine for a 3-way switch configuration, and the electrical box is shared with another 3-way switch and a 2-way switch.The previous generation was just a simple digital 7-day timer, which meant twice a year, I had to adjust it for daylight saving time, and I had to periodically adjust it during the year for seasonal changes in sunset times.",63
PASS_002200,KB_02153,REC_173,B000E8VAIO,Tools_and_Home_Improvement,I (a woman in my early 60's) ordered this to replace a broken wall switch timer to control two overhead porch lights and a pole lamp.,26
PASS_002201,KB_02154,REC_173,B000E8VAIO,Tools_and_Home_Improvement,"""500 watts single gang or two gang installations (40 watt minimum)  4A Tungsten (Incandescent) 4A Ballast (Inductive)  120 VAC, 60Hz""  Hope this saves other people from wasting their time and money by ordering something online and then going to the hassle and expense of sending it back, essentially paying $10 for nothing.",52
PASS_002202,KB_02155,REC_173,B000E8VAIO,Tools_and_Home_Improvement,Typical installation (prepared to make room in an old two gang box) resulted in the CFL current &#34;leak&#34;.,18
PASS_002203,KB_02156,REC_173,B000E8VAIO,Tools_and_Home_Improvement,"Just be aware.The writing on the unit is VERY small and hard to see.The spaces are tight for fat fingers.The unit fills the entire half of a switch box and in my case with new, thick wires and twist caps inside, I had to finagle and bend and adjust to make it fit the space.",55
PASS_002204,KB_02157,REC_173,B000E8VAIO,Tools_and_Home_Improvement,It is also a little deeper than what it replaced so I had to be careful as I moved the house wiring around in the 3 switch box this beast was installed in.,33
PASS_002205,KB_02158,REC_173,B000E8VAIO,Tools_and_Home_Improvement,I bought two of these from a local big box hardware store.,12
PASS_002206,KB_02159,REC_173,B000E8VAIO,Tools_and_Home_Improvement,The outlet box is covered by a Decora type wall plate.,11
PASS_002207,KB_02160,REC_173,B000E8VAIO,Tools_and_Home_Improvement,"I can do that with my old, $1.50 wall switch!",10
PASS_002208,KB_02161,REC_173,B000E8VAIO,Tools_and_Home_Improvement,I believe this switch is being discontinued now.The new wall timer is Intermatic Model ST01C.,15
PASS_002209,KB_02162,REC_173,B000E8VAIO,Tools_and_Home_Improvement,"The timer is electronic and works well with incandescent lighting.  The reviews differ on using this timer with compact fluorescents, and the labeling states that it is NOT compatible.Like many other electronic timers, it appears to ""leak"" current through the circuit even when off.  That's ok with incandescents and the old magnetic ballasts, but CF with electronic ballasts flash when the switch is off.A workaround if there is more than one bulb: include one ordinary incandescent bulb in the circuit (40 watt may be the minimum), and the compact fluorescents stop flashing.",92
PASS_002210,KB_02163,REC_174,B0044U42LU,Sports_and_Outdoors,I bought these to get ready for zombies and i wasnt dissapointed! Very sharp and very accurate will hit targt easy!,21
PASS_002211,KB_02164,REC_174,B0044U42LU,Sports_and_Outdoors,I order one set of these knifes because i wasn't sure how the quality would be after i saw the price of these knifes when i got my i was shocked completely steel metal even came with a pouch for all 3 knifes to fit in an it attaches to your belt so that surprise me as well these knifes can be very good for hunting or for silent kill if you don't wanna use your main weapon an make loud noise i highly recommend these knifes for your bug out bag i bought these for my an will be ordering a couple more sets to so if i was you buy theses knifes while you still can...,118
PASS_002212,KB_02165,REC_174,B0044U42LU,Sports_and_Outdoors,"These knives are good for a beginner. I'd assume that most purchased these because of their affordable price. Taking that into account I think they are quite good. They are very small and light which actually makes you try harder to throw them properly. I gave my first set to my wife. She thinks they are quite fun. I wouldn't sharpen them until you were ready or just throw them at any target however. I set up a compressed cardboard target for my wife and use a bow target for myself. I'm sure they'd work with a cork target too, but it you go slinging them at a hardwood or solid wood product you will kill them quickly.",118
PASS_002213,KB_02166,REC_174,B0044U42LU,Sports_and_Outdoors,"I like 'em, but who are we kidding? Who do you think you're going to kill with these things? NOBODY, that's who! They are very sharp, though.",27
PASS_002214,KB_02167,REC_174,B0044U42LU,Sports_and_Outdoors,"These knifes are meant to kill people not to throw at tress,that's why there are bad reviews got them and I have thrown them and they have not broke yet",30
PASS_002215,KB_02168,REC_174,B0044U42LU,Sports_and_Outdoors,you get what you pay for. good starter set. this wqas a christmas gift. you will not be able to sharpen the blade.,23
PASS_002216,KB_02169,REC_174,B0044U42LU,Sports_and_Outdoors,Good for throwing but easy to get lost lol. I recomend this for beginners in throwing knifes I will order again :],22
PASS_002217,KB_02170,REC_174,B0044U42LU,Sports_and_Outdoors,"Who does not like a nice set of throwing knives. Like to take them camping and when I get bored, take them out and start throwing. Good weight and Balance.",30
PASS_002218,KB_02171,REC_174,B0044U42LU,Sports_and_Outdoors,"Havent had a opportunity to get much use, but like the immediate feel. Will attempt to update the rating once I have been able to give these a good chance to perform",32
PASS_002219,KB_02172,REC_174,B0044U42LU,Sports_and_Outdoors,"good set, take some practice to get good at them, and when missing it often sticks in the handle. but other than that quality product and good for beginners, just be careful not to lose one of them like i did.",41
PASS_002220,KB_02173,REC_174,B0044U42LU,Sports_and_Outdoors,I bought these to get ready for zombies and i wasnt dissapointed!,12
PASS_002221,KB_02174,REC_174,B0044U42LU,Sports_and_Outdoors,"I'm sure there are professional knife throwers somewhere who laugh at these, but we did not buy them for competition or for killing zombies; they were bought for me and my 13 year old to have fun.",37
PASS_002222,KB_02175,REC_174,B0044U42LU,Sports_and_Outdoors,just spend 5 bucks more and get good set.,9
PASS_002223,KB_02176,REC_174,B0044U42LU,Sports_and_Outdoors,i got theys their not the best their are too small theys are alright for just using to cut something not good for trowing if u trow them their too light and too small if u want to waste yo monney get theys their 10$ not bad but they nead to be alot bigger but good for starterscon.,58
PASS_002224,KB_02177,REC_174,B0044U42LU,Sports_and_Outdoors,"i can get these to stick often but i lost 1. overall i would recommend these good, pointy sturdy knives",20
PASS_002225,KB_02178,REC_174,B0044U42LU,Sports_and_Outdoors,"good set, take some practice to get good at them, and when missing it often sticks in the handle.",19
PASS_002226,KB_02179,REC_174,B0044U42LU,Sports_and_Outdoors,They throw damn good for there size which is small but after you get used to them it's automatic if you keep the same form.,25
PASS_002227,KB_02180,REC_174,B0044U42LU,Sports_and_Outdoors,They get damaged easily and you have to be a good thrower to get them to stick well.,18
PASS_002228,KB_02181,REC_174,B0044U42LU,Sports_and_Outdoors,I love these knifes they are great and stick on every throw highly recommend they come very sharp and are easy to sharpen nice and good weight so get these nkife they are very cheap come in great shape stimuli all the time and easy to sharpen this is the reason I give this producing 5 stars it deserves them all of them,63
PASS_002229,KB_02182,REC_174,B0044U42LU,Sports_and_Outdoors,"So I bought These knifes because they were not only cheep, but the amazon price was temporarily cut in half for about 4 bucks so I bought it without hesitation.Unlike other throwing knives that are easy to throw and land on your target, this one is about 50 times more difficult. At first I thought they were crap because it took me approximately 85 throws before I could figure out the trick to throw them, and land my first hit.It took 3 weeks of practice to be able to throw them one at a time and be able to land all 3 in a row, however my success at landing them is still below 9 out of 10.I found out the trick is to keep the elbow of your dominant arm facing forward, and hold the back of the handle with only the top of edge of your thumb and index finger. Next your suposed to bend your arm back all the way, while still keeping the elbow pointing toward your target. At a moderate speed you must straighten your arm but keep your hand in a solid position and RIGHT as your arm straightens all the way you must",200
PASS_002230,KB_02182,REC_174,B0044U42LU,Sports_and_Outdoors,"arm but keep your hand in a solid position and RIGHT as your arm straightens all the way you must let it slide while curving it as if your trying to make it spin in midair as it leaves your hands.The Tips bend easily if you miss, or don't land properly, but are easily reflattenable when sharpened by a standard kitchen knife sharpening stone. (it's what you get for having stainless steel material) But who cares, you can't expect throwing knives to be made of better material, otherwise it's like buying golden bullets, their made of good material but useless after fired and unretreivable.I would only recomend buying if Your only a proffessional, do not buy if you were like me and just needed a quick set of blades to throw for amusement, because it could be very frustrating when your first 85 throws bounce off of the targeting board and almost hit you.(Thats another factor, they bounce back when not thrown correctly so you REALLY have to know what your doing) But the bright side of these knives is THIS.Once you master these knives, you'll be able to throw and land OTHER knives that are much easier to use",200
PASS_002231,KB_02182,REC_174,B0044U42LU,Sports_and_Outdoors,"THIS.Once you master these knives, you'll be able to throw and land OTHER knives that are much easier to use than this LIKE NOTHING. These are probably the BEST PRACTICE KNIVES out there, but NOT FOR FUN QUICK AND EASY INEXPERIENCED ENTERTAINMENT.",42
PASS_002232,KB_02183,REC_174,B0044U42LU,Sports_and_Outdoors,The knives are pretty solid stainless steel. The blades aren't very sharp but that's easily remedied. The sheath is strong nylon except for the buckle that holds the knives in the sheath. The first time i pulled on it it started to fray and came apart around the buckle. The blades have a pleasing design to them. Other than the sheath's buckle it is a very solid product.,68
PASS_002233,KB_02184,REC_175,B000BVQ80E,Home_and_Kitchen,"It was worth paying $20 more to get the Sephra name brand. I read reviews of other $40-50 chocolate fountains, and they all said how noisy they were. I paid $70 & got free shipping through Amazon. This unit is very quiet, and some people couldn't even tell there was a noise. It worked perfectly! !",56
PASS_002234,KB_02185,REC_175,B000BVQ80E,Home_and_Kitchen,"I'm so glad I chose this fountain over all the others that are available. It worked beautifully, and was a huge hit at our party. I would advise buying the Sephra brand chocolate wafers that are recommended, too, because you don't have to add oil and they melt quickly. Also, the milk chocolate was delicious! The cascading chocolate formed a perfect curtain of chocolate, just like the picture on the ad and on the box! We also tried the Wilton Chocolate Pro Melting chocolate wafers, and they also worked perfectly.",90
PASS_002235,KB_02186,REC_175,B000BVQ80E,Home_and_Kitchen,"We bought this for our daughter's graduation party. Had never used a chocolate fountain, but had no problems setting it up. We used Sephra brand chocolate and had no need to burp it. Everything worked perfectly and was much less expensive than renting one for our party of ~50.",49
PASS_002236,KB_02187,REC_175,B000BVQ80E,Home_and_Kitchen,I was amazed how easy this was to use. I would recommend this fountain along with the Sephra chocolate.,19
PASS_002237,KB_02188,REC_175,B000BVQ80E,Home_and_Kitchen,It looks professional (not cheap) and it holds quite a bit of chocolate. I will officially use it for the first time in couple days for a baby shower of up to 50 ppl. I'm sure it will be a great treat for the guest!,45
PASS_002238,KB_02189,REC_175,B000BVQ80E,Home_and_Kitchen,I brought this to use at parties. Everyone loves it. It runs very quiet and keeps a good flow of chocolate going. It definitely needs to be level. If not is does not work very well. It has adjustable &#34;feet&#34; that you can adjust to level it. It works great when level!,52
PASS_002239,KB_02190,REC_175,B000BVQ80E,Home_and_Kitchen,"It looks nice however, I could not get the chocolate warm enough to flow. Perhaps I should have purchased the recommended chocolate. I will keep it and call for help rather than send it back because I really would like to use it again in the future.",47
PASS_002240,KB_02191,REC_175,B000BVQ80E,Home_and_Kitchen,"Great product, excelent performance, quiet motor, you don't waste too many product as in any another bigger chocolate fountains, I use it also with chamoy and works just great, you can have it turned on by 2-3 hours consecutives with no problem at all, easy to clean and assembly, the only inconvinient is that you can not remove the basin to clean it, so have to be very careful when washing it but no big deal.",76
PASS_002241,KB_02192,REC_175,B000BVQ80E,Home_and_Kitchen,"I bought this fountain, which is the smallest of Sephra's line of chocolate fountains, for my daughter's Sweet 16 Party. It was a huge hit!It is a VERY NICE looking fountain and VERY QUIET! I found it very helpful to watch the YouTube videos by Sephra. This size serves 20-30 people. I thought about getting a bigger one but opted for the smaller one to use for more intimate occasions. This size uses 4 pounds of chocolate.I used the Sephra Milk Chocolate because you don't have to add anything to the chocolate to get the right consistency.",97
PASS_002242,KB_02193,REC_175,B000BVQ80E,Home_and_Kitchen,"So quiet, so beautiful, so easy to operate! Definitely worth paying extra for this. I bought 2 bags of Sephra milk chocolate and didn't even use everything. After melting about 1.5 bags of chocolate (3 lbs) in the machine, we turned it on, and it worked like a charm. The chocolate was delicious too, also definitely worth buying.We had about 15 people and we did not finish 1.5 bags (or 3 lbs) of chocolate. Next time, I would reduce it to 1 bag of chocolate (2 lb) for 15 people, especially if I am also serving other food.",98
PASS_002243,KB_02194,REC_175,B000BVQ80E,Home_and_Kitchen,I bought 2 bags of Sephra milk chocolate and didn't even use everything.,13
PASS_002244,KB_02195,REC_175,B000BVQ80E,Home_and_Kitchen,"I would advise buying the Sephra brand chocolate wafers that are recommended, too, because you don't have to add oil and they melt quickly.",24
PASS_002245,KB_02196,REC_175,B000BVQ80E,Home_and_Kitchen,"this thing is very cool... no noise at all and it works flawlessly... bought for a fun decoration piece at my daughter's birthday party and will use it anytime i can after... i purchased two pancake/cupcake dispensors to easily fill with the remaining chocolate and used to fill molds, should be less a mess to clean up afterwards... not bad to clean up at all, the fountain pieces are easy to assemble and disassemble to put in the dish washer machine and the main dish is easy cleaned by a soapy and wet paper towel...",95
PASS_002246,KB_02197,REC_175,B000BVQ80E,Home_and_Kitchen,"It looks like this fountain will last for years of use.Note: After your party, you can pour any chocolate remaining in the fountain into a storage container and re-use it!",30
PASS_002247,KB_02198,REC_175,B000BVQ80E,Home_and_Kitchen,I will officially use it for the first time in couple days for a baby shower of up to 50 ppl.,21
PASS_002248,KB_02199,REC_175,B000BVQ80E,Home_and_Kitchen,I will keep it and call for help rather than send it back because I really would like to use it again in the future.,25
PASS_002249,KB_02200,REC_175,B000BVQ80E,Home_and_Kitchen,I was amazed how easy this was to use.,9
PASS_002250,KB_02201,REC_175,B000BVQ80E,Home_and_Kitchen,I thought about getting a bigger one but opted for the smaller one to use for more intimate occasions.,19
PASS_002251,KB_02202,REC_175,B000BVQ80E,Home_and_Kitchen,We used Sephra brand chocolate and had no need to burp it.,12
PASS_002252,KB_02203,REC_175,B000BVQ80E,Home_and_Kitchen,"It was worth paying $20 more to get the Sephra name brand.  I read reviews of other $40-50 chocolate fountains, and they all said how noisy they were.  I paid $70 & got free shipping through Amazon.  This unit is very quiet, and some people couldn't even tell there was a noise.  It worked perfectly!!",55
PASS_002253,KB_02204,REC_176,B00HG1L334,Electronics,"The product seems very good quality, videos from my ipad comes out clear from car stereo. My kids enjoy the shows very much in the car.",26
PASS_002254,KB_02205,REC_176,B00HG1L334,Electronics,I just received this cable today and cannot believe the quality for this price. It works perfectly for my new iPad. I have it in a case and my old cable would not plug all the way in. This snapped right into place and provides great sound for my desktop speaker. I would highly recommend this cable.,57
PASS_002255,KB_02206,REC_176,B00HG1L334,Electronics,"I am happily using these exclusively, due to the rounded heads, which fit nicely into various things including cases. Can not think of another word to say.",27
PASS_002256,KB_02207,REC_176,B00HG1L334,Electronics,"i bought it for my skullcandy slyr headphones, the cord didnt fit, but they thought of that by making the casing unscrewable for some hard to fit devices (: the cord is flexible and seems strong and the audio quality sounds good too",43
PASS_002257,KB_02208,REC_176,B00HG1L334,Electronics,"Immediately upon opening this cable I noticed the attractive wrap, and was very happy with the length of the cable. Unfortunately the end piece did not fit in my phone, which is a Nexus phone. I think it would work with some type of adapter, but the end is to big to fit into the Nexus phone. Otherwise, I like the look and length of this cord.",67
PASS_002258,KB_02209,REC_176,B00HG1L334,Electronics,"Most often the size of the case makes it hard for the cable to fit well into the phone. This step down design has allowed me to fully put in the audio cable without a problem.Overall, this is a well designed quality product. This is a great buy from this company. I recommend it. *Disclaimer: I received this complimentary product for review from the company/manufacturer.",65
PASS_002259,KB_02210,REC_176,B00HG1L334,Electronics,"This is not important if you are plugging your iPhone or MP3 player into a speaker, but does make a difference when you are running music through an audiophile grade system. Moreover, this cable is designed with braided double shielding to cut down on (or eliminate) radio frequency interference. (2) DURABILITY: the outer jacket is made from nylon, which is very durable. It is a little stiff, but I did not find that to be a problem. (3) FIT: The connectors are designed to fit case cutouts.",87
PASS_002260,KB_02211,REC_176,B00HG1L334,Electronics,"I own a number of devices (phones and tablets), and cases can sometimes be problematic when connecting cables. I tried this cable on some of my problem cases and the fit was perfect. Plus one for that!I love this cable so much that I am ordering a spare in case I lose this one. The price is nominal and the quality is untouched by any other 3.5mm cable I own or have used, which makes this one a five star product in my opinion.",84
PASS_002261,KB_02212,REC_176,B00HG1L334,Electronics,"What a great idea! It holds in my phone very well and doesn't require me to remove the case. I have another pair of high quality headphones that come with an overmoulded cable which just does fit into my iPhone case. I have now replaced it with this cable as a result.If you need a new cable for your headphones, or just want to replace the old fashioned plastic moulded one that came free with your headphone, this cable is a fine choice and a great value. 5 stars.Note: I received a sample from the manufacturer for an honest review.",100
PASS_002262,KB_02213,REC_176,B00HG1L334,Electronics,Wow! Talk about amazing sound! I literally had to turn down my device because the sound difference between this cord and my old cord was so vastly different! It produced clear crisp sound! The Audio cord is super sturdy! I sent it to school with my granddaughter to see how it held up to the back pack and teenagers. It came back in perfect condition. I love this cable. It is covered with cloth which makes it extra durable. The step down style jack allows it to fit easily on my iPhone in my Otter Box case.,97
PASS_002263,KB_02214,REC_176,B00HG1L334,Electronics,It works perfectly for my new iPad.,7
PASS_002264,KB_02215,REC_176,B00HG1L334,Electronics,"Unfortunately the end piece did not fit in my phone, which is a Nexus phone.",15
PASS_002265,KB_02216,REC_176,B00HG1L334,Electronics,The step down style jack allows it to fit easily on my iPhone in my Otter Box case.,18
PASS_002266,KB_02217,REC_176,B00HG1L334,Electronics,Most often the size of the case makes it hard for the cable to fit well into the phone.,19
PASS_002267,KB_02218,REC_176,B00HG1L334,Electronics,I tried this cable on some of my problem cases and the fit was perfect.,15
PASS_002268,KB_02219,REC_176,B00HG1L334,Electronics,"I think it would work with some type of adapter, but the end is to big to fit into the Nexus phone.",22
PASS_002269,KB_02220,REC_176,B00HG1L334,Electronics,I have another pair of high quality headphones that come with an overmoulded cable which just does fit into my iPhone case.,22
PASS_002270,KB_02221,REC_176,B00HG1L334,Electronics,"I am happily using these exclusively, due to the rounded heads, which fit nicely into various things including cases.",19
PASS_002271,KB_02222,REC_176,B00HG1L334,Electronics,"A heavy,high quality Nylon Fiber cloth jacket surrounds the cord, tightly interwoven,and makes cable nearly impervious to every day threats (being slammed in the glove box door in car), twisted to maneuver a needed angle for fit, abrasion, and the test of time.",43
PASS_002272,KB_02223,REC_176,B00HG1L334,Electronics,"I received this product free for review but despite that kindness I'll provide my scrupulously honest opinion below in bullet point form.* Very high quality item and just the right length for the car so you can hook your phone to the stereo without having passengers tromping on it or sitting on it while you drive.* Cord material is well constructed and difficult to get tangled even if you try to do so intentionally.* Bright colors make this easy to find in, say, a dark car when you're trying to plug it in.* Connectors are a bit larger than might be optimal but it does make them easier to handle.In summary, best I've seen and a great price.  Can't beat that.PS: It is always my endeavor to provide helpful reviews. If you find my review helpful then great! If you do not, then please leave me a comment indicating what you want to know and I'll be sure to do better next time.",163
PASS_002273,KB_02224,REC_177,B007VFTO0E,Patio_Lawn_and_Garden,It's Craftsman... do you need to make a review? It's a quality item wouldn't expect anything else from that company.,20
PASS_002274,KB_02225,REC_177,B007VFTO0E,Patio_Lawn_and_Garden,It's a quality item wouldn't expect anything else from that company.,11
PASS_002275,KB_02226,REC_177,B007VFTO0E,Patio_Lawn_and_Garden,It's Craftsman... do you need to make a review?,9
PASS_002276,KB_02227,REC_178,B001L1R3SO,Home_and_Kitchen,We bought the queen-sized blanket for a queen-sized bed. I wish I'd bought the king &#8230; it's hanging over the edge of the mattress but there is NO way I could even come close to tucking it in. But it does keep us super warm and it's so much safer than the antique version that we were using.,58
PASS_002277,KB_02228,REC_178,B001L1R3SO,Home_and_Kitchen,We bought the queen-sized blanket for a queen-sized bed.,9
PASS_002278,KB_02229,REC_178,B001L1R3SO,Home_and_Kitchen,I wish I'd bought the king &#8230; it's hanging over the edge of the mattress but there is NO way I could even come close to tucking it in.,29
PASS_002279,KB_02230,REC_178,B001L1R3SO,Home_and_Kitchen,But it does keep us super warm and it's so much safer than the antique version that we were using.,20
PASS_002280,KB_02231,REC_179,B005N1190G,Pet_Supplies,"This crate is more heavy duty than the ones I saw at the pet stores. Has double locks on door for secure closure. Folds pretty easily to transport and wire is heavier than others I looked at. Drawback is only one door, but so far not a problem. A little pricey compared to others, but worth it--you tend to get what you pay for in dog crates. My dog likes it, so I can't say how it would hold up to a large dog who wanted out of it.",89
PASS_002281,KB_02232,REC_179,B005N1190G,Pet_Supplies,it is easy to set up and nice size also easy cleaning and easy to store when not in use,20
PASS_002282,KB_02233,REC_179,B005N1190G,Pet_Supplies,We also purchased the full size mid west quiet time pet bed cushion  48 x 30 to go in the enclosure. We added the optional mid west 40-20 snap't fit water and feed bowl .Lots of head clearance for a now 75 lbs dogI left the front door open of the enclosure the 1st night  and in the middle of the night the dog decided it was a nice place to sleep in .He now sleeps there every night on his own as the door is left open .I think putting his water and food bowls mounted on the cage with open access allowed him to get comfortable with his new part time envirement as being a good place .Using a few zip ties we increase the integrity of the dog crate as it was permanent installation .UPDATE  Roscoe our 75 lb lab is now 95 lbs  We adopted him from KC animal shelter after animal control picked him up on our mail route  1 year ago 4/16/2013 .,169
PASS_002283,KB_02234,REC_179,B005N1190G,Pet_Supplies,"We LOVE this kennel. Our dogs both have awful separation anxiety, so we could never go out. My BF went to the store one day without kenneling them, and they ate a playstation controller and a stereo remote. Our dogs are fairly large (rottie mix and lab mix) and they can both fit very comfortably in here if we need to leave for a short period of time. We put a bunch of old blankets in and they go right it and curl up together for a nap until we get home.",92
PASS_002284,KB_02235,REC_179,B005N1190G,Pet_Supplies,"Very easy to put together, instant our Rottweiler has plenty of room the only thing I wish it had was a side door too.",24
PASS_002285,KB_02236,REC_179,B005N1190G,Pet_Supplies,"This is a really big crate. My dog is a little nervous about being enclosed (lab/boxer), but because it is so spacious, she is handling this crate better than I expected. She can stand up, curl up, or spread out. If you have a mastiff or huge dog, I think they will fit and not be too confined for comfort.It is about the same size as a loveseat, so it takes up space, but it's not ugly and is very sturdy so I can put stuff on top of it (not heavy stuff).",93
PASS_002286,KB_02237,REC_179,B005N1190G,Pet_Supplies,This is a great crate and the experience of purchasing it was easy from beginning to end. Shipping was fast and the product is great quality...,26
PASS_002287,KB_02238,REC_179,B005N1190G,Pet_Supplies,This cage meets my requirements and I believe that it is a good buy for the quality of the cage. It is easy to put up and take down. Just what I was looking for.,35
PASS_002288,KB_02239,REC_179,B005N1190G,Pet_Supplies,"The dog crate was just what my son was looking for. Shipping was almost immediately, it was easy to put together, and Ziggy loves his new home when his parents are away!",32
PASS_002289,KB_02240,REC_179,B005N1190G,Pet_Supplies,Folds pretty easily to transport and wire is heavier than others I looked at.,14
PASS_002290,KB_02241,REC_179,B005N1190G,Pet_Supplies,would not buy this again without buy wheels for it.,10
PASS_002291,KB_02242,REC_179,B005N1190G,Pet_Supplies,was also the size I needed it to be.,9
PASS_002292,KB_02243,REC_179,B005N1190G,Pet_Supplies,"When we got it, it was SO easy to assemble, & as I was wondering if he would be ok in this or not, he walked right in & laid down.",31
PASS_002293,KB_02244,REC_179,B005N1190G,Pet_Supplies,We put a bunch of old blankets in and they go right it and curl up together for a nap until we get home.,24
PASS_002294,KB_02245,REC_179,B005N1190G,Pet_Supplies,"We didn't even have to do crate training with him to get him used to it - it's just his bed, and he runs right in with no problem!",29
PASS_002295,KB_02246,REC_179,B005N1190G,Pet_Supplies,We also purchased the full size mid west quiet time pet bed cushion 48 x 30 to go in the enclosure. We added the optional mid west 40-20 snap't fit water and feed bowl .Lots of head clearance for a now 75 lbs dogI left the front door open of the enclosure the 1st night and in the middle of the night the dog decided it was a nice place to sleep in .He now sleeps there every night on his own as the door is left open .I think putting his water and food bowls mounted on the cage with open access allowed him to get comfortable with his new part time envirement as being a good place .Using a few zip ties we increase the integrity of the dog crate as it was permanent installation .UPDATE Roscoe our 75 lb lab is now 95 lbs We adopted him from KC animal shelter after animal control picked him up on our mail route 1 year ago 4/16/2013 . He no longer has to be put in the enclosure as he has the puppy out of him .What a great dog he has become and he still goes inside his,200
PASS_002296,KB_02246,REC_179,B005N1190G,Pet_Supplies,he has the puppy out of him .What a great dog he has become and he still goes inside his open enclosure to take naps.,25
PASS_002297,KB_02247,REC_180,B003F8GH6U,Sports_and_Outdoors,"I love that it is steel, not aluminum. Now my water has no metallic taste or smell- it is just water. The cap is made from a smooth and durable plastic.I ordered the Green Energy color, which is much more subtle when you get it. It is closer to celery, which is beautiful.I have not yet dropped it, so I cannot attest to its durability in that sense, but it has survived a few bike rides so far and has done marvelously. It has also stood up to the daily abuse that is my backpack without a scratch.I appreciate the interchangable caps avaliable through Klean Kanteen, and plan on ordering the sport cap.",113
PASS_002298,KB_02248,REC_180,B003F8GH6U,Sports_and_Outdoors,"Love my new kanteen, it arrived quickly and the product is wonderful. Klean Kanteen is durable and easy to carry around!",21
PASS_002299,KB_02249,REC_180,B003F8GH6U,Sports_and_Outdoors,"It keeps liquids cold ""for a period"" of time, but definitely not as long as a double-wall style, but thats comparing apples to oranges.Ours is sturdy enough (although some reviews have clearly noted some variations with type of metal used), cleans easy, and my wife likes the odd color (pastel lime green, sort of). It's seems to be a good value to-date.",62
PASS_002300,KB_02250,REC_180,B003F8GH6U,Sports_and_Outdoors,I wanted to get away from plastic bottles and this works for me. I love the bright colors and different sizes. I have another one that's a little smaller that I take to the gym but when I'm out for the day or on a long hike this is the one I bring with. Great product - I definitely recommend it. I would order the spots cap though - originally I tried to drink right out of the bottle but it's just tall enough that it's hard to get a drink without spilling it on yourself.,96
PASS_002301,KB_02251,REC_180,B003F8GH6U,Sports_and_Outdoors,"I received this bottle last week.I have tried several other reusable bottles, all of which had been aluminum. They all left the water smelling a bit funky, and definitely affected the taste of the water. The paint on one of them started to get sticky and rub off onto other objects in my bag after just a few days. All of those bottle failures have since been recycled.Once I was in the market for a new one, I decided to try Klean Kanteen. It had excellent reviews, and was extremely reasonably priced.",92
PASS_002302,KB_02252,REC_180,B003F8GH6U,Sports_and_Outdoors,"I needed a basic water bottle that would last more than a few trips, and be better than re-using bulk H20 sport bottles or the like. I have a few double-walled stainless water bottles that are fantastic, but sometimes I wanted something for a short trip,a bit lighter, easily identifiable if I put it down, or if I lost or damaged it I wouldn't be that concerned. So far this works nice. I like the wide screw-top mouth on these - easy to drink from, add small ice cubes, or re-fill on the fly.",94
PASS_002303,KB_02253,REC_180,B003F8GH6U,Sports_and_Outdoors,"I bought this to keep in my vehicle. I thought it would be slender enough to put in my drink holder. Alas it doesn't, hence only a 4-star rating. It is leak proof though so I can keep it any where in my vehicle. I love the color and it doesn't smell like metal because of the color coating. My husband has a larger one that is stainless on the outside too and it smells. I bought this so I wouldn't be getting the nasty effects of a plastic bottle that sits in the heat of my vehicle.",98
PASS_002304,KB_02254,REC_180,B003F8GH6U,Sports_and_Outdoors,"The cap is made from a smooth and durable plastic.I ordered the Green Energy color, which is much more subtle when you get it.",24
PASS_002305,KB_02255,REC_180,B003F8GH6U,Sports_and_Outdoors,"They all left the water smelling a bit funky, and definitely affected the taste of the water.",17
PASS_002306,KB_02256,REC_180,B003F8GH6U,Sports_and_Outdoors,The paint on one of them started to get sticky and rub off onto other objects in my bag after just a few days.,24
PASS_002307,KB_02257,REC_180,B003F8GH6U,Sports_and_Outdoors,So far this works nice.,5
PASS_002308,KB_02258,REC_180,B003F8GH6U,Sports_and_Outdoors,Now my water has no metallic taste or smell- it is just water.,13
PASS_002309,KB_02259,REC_180,B003F8GH6U,Sports_and_Outdoors,My husband has a larger one that is stainless on the outside too and it smells.,16
PASS_002310,KB_02260,REC_180,B003F8GH6U,Sports_and_Outdoors,"Love my new kanteen, it arrived quickly and the product is wonderful.",12
PASS_002311,KB_02261,REC_180,B003F8GH6U,Sports_and_Outdoors,Klean Kanteen is durable and easy to carry around!,9
PASS_002312,KB_02262,REC_180,B003F8GH6U,Sports_and_Outdoors,It's seems to be a good value to-date.,8
PASS_002313,KB_02263,REC_180,B003F8GH6U,Sports_and_Outdoors,"It keeps liquids cold ""for a period"" of time, but definitely not as long as a double-wall style, but thats comparing apples to oranges.Ours is sturdy enough (although some reviews have clearly noted some variations with type of metal used), cleans easy, and my wife likes the odd color (pastel lime green, sort of).",54
PASS_002314,KB_02264,REC_180,B003F8GH6U,Sports_and_Outdoors,"I received this bottle last week.I have tried several other reusable bottles, all of which had been aluminum. They all left the water smelling a bit funky, and definitely affected the taste of the water. The paint on one of them started to get sticky and rub off onto other objects in my bag after just a few days. All of those bottle failures have since been recycled.Once I was in the market for a new one, I decided to try Klean Kanteen. It had excellent reviews, and was extremely reasonably priced. I love that it is steel, not aluminum. Now my water has no metallic taste or smell- it is just water. The cap is made from a smooth and durable plastic.I ordered the Green Energy color, which is much more subtle when you get it. It is closer to celery, which is beautiful.I have not yet dropped it, so I cannot attest to its durability in that sense, but it has survived a few bike rides so far and has done marvelously. It has also stood up to the daily abuse that is my backpack without a scratch.I appreciate the interchangable caps avaliable through Klean Kanteen, and plan",200
PASS_002315,KB_02264,REC_180,B003F8GH6U,Sports_and_Outdoors,"the daily abuse that is my backpack without a scratch.I appreciate the interchangable caps avaliable through Klean Kanteen, and plan on ordering the sport cap.",25
PASS_002316,KB_02265,REC_181,B005IHAPBY,Automotive,"The top question for this product is &#34;does the frame with one or two?&#34;, and the top answer which is displayed says &#34;two&#34;. I assumed for $8 I would be getting two, but that was not the case. Another issue I have with this product is that it is extremely heavy for a license plate frame - an extra 2 pounds on your car is not a big deal... but still. My biggest complaint about this product is the cheap finish.",81
PASS_002317,KB_02266,REC_181,B005IHAPBY,Automotive,"Good looking plate frame, I bought this one as NC truck plate has the state name at the bottom of license plate. Many plates has the wide lower part of the frame with a logo, this covered over the name of state causing the police to get upset.Good quality, sturdy frame.",51
PASS_002318,KB_02267,REC_181,B005IHAPBY,Automotive,"It  looks good but has very cheep, plastic screws so I'm not expecting out to last more than a month.",20
PASS_002319,KB_02268,REC_181,B005IHAPBY,Automotive,"No mounting screws? Are you kidding? I'm using the screws I already have, but now the plastic covers won't fit over them.People who write a good review on this have low standards. If I would have seen this item in person at my local auto store, I would have passed and bought another one.Having a license plate frame is about making your car look neat, and this looks sloppy and cheap.",71
PASS_002320,KB_02269,REC_181,B005IHAPBY,Automotive,"Good, low-profile plate protection. Prevents my license plate from getting bent up by the car wash brushes. Easy to install.",20
PASS_002321,KB_02270,REC_181,B005IHAPBY,Automotive,"After reading many reviews on license plate frames (crazy, I know), I settled on this one. Having received and installed it, I'm glad I did.It is just what it should be. That is, a nice frame that covers the not-so-beautiful edges of the license plate. It is definitely sturdy, and from the reviews I read, it will last better than some others that seem to fade over time.The caps fit nicely over the screws I got at Home Depot for $1.If you're spending your time reading about license plate frames, you can feel good stopping now and purchasing this one.",100
PASS_002322,KB_02271,REC_181,B005IHAPBY,Automotive,No screws included - nor advertised as included. I thought about putting in my own 2 at the bottom  to keep the plate and holder together (No place on the bumper)  But just the 2 screws kept everything nice and tight. The screw covers look sharp. Will come back after a winter and give 5 stars if it holds up5/26 Update to answer a question. They help up fine through a brutal New England winter. Updated from 4 to 5 stars.,81
PASS_002323,KB_02272,REC_181,B005IHAPBY,Automotive,I had the problem of my front plate bending. I put these on and the car looks very sharp now.,20
PASS_002324,KB_02273,REC_181,B005IHAPBY,Automotive,"Very easy to put on and looks really good. Nice black color, It is exactly what I was looking for.",20
PASS_002325,KB_02274,REC_181,B005IHAPBY,Automotive,I use it in conjunction with the Bullnose I installed on my F150. It dresses up the license plate well.,20
PASS_002326,KB_02275,REC_181,B005IHAPBY,Automotive,"I assumed for $8 I would be getting two, but that was not the case.",15
PASS_002327,KB_02276,REC_181,B005IHAPBY,Automotive,"I'm using the screws I already have, but now the plastic covers won't fit over them.People who write a good review on this have low standards.",26
PASS_002328,KB_02277,REC_181,B005IHAPBY,Automotive,"Having received and installed it, I'm glad I did.It is just what it should be.",15
PASS_002329,KB_02278,REC_181,B005IHAPBY,Automotive,"The top question for this product is &#34;does the frame with one or two?&#34;, and the top answer which is displayed says &#34;two&#34;.",23
PASS_002330,KB_02279,REC_181,B005IHAPBY,Automotive,I thought about putting in my own 2 at the bottom  to keep the plate and holder together (No place on the bumper)  But just the 2 screws kept everything nice and tight.,33
PASS_002331,KB_02280,REC_181,B005IHAPBY,Automotive,"Good looking plate frame, I bought this one as NC truck plate has the state name at the bottom of license plate.",22
PASS_002332,KB_02281,REC_181,B005IHAPBY,Automotive,Would not have bought it if I had seen it beforehand.,11
PASS_002333,KB_02282,REC_181,B005IHAPBY,Automotive,Wanted a solid metal plate frame that I could color match to my vehicle.,14
PASS_002334,KB_02283,REC_181,B005IHAPBY,Automotive,"To me, a car has to have a license plate frame to look finished, and I hate dealer-advertising frames that come on cars.",23
PASS_002335,KB_02284,REC_181,B005IHAPBY,Automotive,This frame is much thicker than you might think and I thought it made my car look klunky so I took it off.,23
PASS_002336,KB_02285,REC_181,B005IHAPBY,Automotive,didnt have any bolts or hardware included and the previous bolts i had protruded from the fram and the bolt covers didnt fit on. The frame is great quality though... just order hardware in addition to the frame,38
PASS_002337,KB_02286,REC_181,B005IHAPBY,Automotive,"I expected this product to be a thin metal, but was happy to find the metal gauge much heavier than expected.  It should hold up to abuse.  I have two issues with it:1.  The size of the frame does not allow enough tolerance for a license plate that might be stamped a little larger than normal.  One of my plates is slightly taller than the other.  I had to slightly bend the edge of the frame out for it to fit over the plate properly.  It's not enough to notice looking at it, but noticeable when assembling it.2.  Two of the eight plastic caps fit loosely in the screw holes.  I used a very slight dab of silicon rubber to help hold them in place, but not enough that I could not remove it with a screwdriver blade if I needed to.",142
PASS_002338,KB_02287,REC_182,B009LJ9Z0M,Electronics,I purchased the radio and it is great! Love the alarm etc.The I-Phone Dock does not work with my Iphone 5C. It has the larger plug and is compatible with the Iphone 4 I think. If you have the new I phone don't waste the money.Otherwise a great product!! !,50
PASS_002339,KB_02288,REC_182,B009LJ9Z0M,Electronics,"I have a hard time seeing the display when the lights are off/low in the room, as the display darkens as the room darkens. They should have an option to disable this.Third, the FM antenna cable is also an after market accessory. With the high price of the sound system it should come with it standard for no additional cost.I give it 5 stars for performance but because of the overall high price of the system and iPod dock and that they charge you for the FM antenna as well I can only give it 4 stars overall.",98
PASS_002340,KB_02289,REC_182,B009LJ9Z0M,Electronics,"To my knowledge, there's nothing out there that does the same thing as the Bose Wave System. So, despite audiophiles' criticism, unless you know how to build an audio system, this is the only game in town. Is it big? Yes, a little, but it puts out excellent sound and can take a CD, iPod. I like that it has two alarms and almost every aspect is customizable. Like another customer, I dislike that you can only control it with the remote (except for an on/off/snooze by tapping the top of the unit).",93
PASS_002341,KB_02290,REC_182,B009LJ9Z0M,Electronics,"It came on time. Easy set up out of the box. Lives up to the Bose name,produces excellent sound. Ipod hook up nice touch.",24
PASS_002342,KB_02291,REC_182,B009LJ9Z0M,Electronics,"great radio radio, cd player with ipod station too. Super instructions, set up easy and super sound from such a small device. love it",24
PASS_002343,KB_02292,REC_182,B009LJ9Z0M,Electronics,"Excellent sound reproduction and very easy to set up. We received a second controller which was a nice surprise. The Ipod dock can be placed out of sight if it is important to keep a clean surface for the radio. However, be prepared for the Bose price!",47
PASS_002344,KB_02293,REC_182,B009LJ9Z0M,Electronics,"The other dislike is that, at very high volumes, a buzz develops. Not sure what that's about, but it is when the system is maxed. I did not receive two remotes like someone else did, so I assume that was a fluke. I've not yet connected my iPod (so this is a premature review), but did not find that part straightforward (as in, I couldn't just plug it in and go). Will read the instructions and feed back on that later. Overall, it's just what I wanted and I'd buy it again.",92
PASS_002345,KB_02294,REC_182,B009LJ9Z0M,Electronics,"Expensive, but great little system. Set up only took a few minutes and I added an auxiliary cable to run my tv through it as well. The sound is rich and full on all settings (radio, tv, CD, iPod) and the small, space saving, sleek design is great.Only a couple of knocks on this purchase, but none on the overall performance of the system itself.First, the iPod dock is way over priced and only comes as an after market accessory. It should be a third of the price and/or they should offer it as an option w/the system or integrate it into the system itself.Second, the brightness of the display changes with the ambience of the room.",117
PASS_002346,KB_02295,REC_182,B009LJ9Z0M,Electronics,"This is a very well made product, as with most BOSE products......iPod/iTouch connects just fine and sounds good. Keep in mind, you can only connect older 30 pin connector iPods and iTouches......does not have the latest Apple connection. Also, you get an additional remote with this package deal, but it also comes with the standard credit card sized remote. I never use the bigger remote, it's just that, too big. Finally, the sound quality is great, but the bass is a bit much for me, it's not so balanced with some of my songs, which is primarily Classic Hard Rock.......All in All, a good product and you won't be disappointed......I've tried others, but BOSE is the product for me.....",119
PASS_002347,KB_02296,REC_182,B009LJ9Z0M,Electronics,The wave music system III has excellent sound quality and set up was as easy as plugging in and playing.,20
PASS_002348,KB_02297,REC_182,B009LJ9Z0M,Electronics,It has the larger plug and is compatible with the Iphone 4 I think.,14
PASS_002349,KB_02298,REC_182,B009LJ9Z0M,Electronics,With the high price of the sound system it should come with it standard for no additional cost.I give it 5 stars for performance but because of the overall high price of the system and iPod dock and that they charge you for the FM antenna as well I can only give it 4 stars overall.,56
PASS_002350,KB_02299,REC_182,B009LJ9Z0M,Electronics,Love the alarm etc.The I-Phone Dock does not work with my Iphone 5C.,13
PASS_002351,KB_02300,REC_182,B009LJ9Z0M,Electronics,"great radio radio, cd player with ipod station too.",9
PASS_002352,KB_02301,REC_182,B009LJ9Z0M,Electronics,"This is a very well made product, as with most BOSE products......iPod/iTouch connects just fine and sounds good.",18
PASS_002353,KB_02302,REC_182,B009LJ9Z0M,Electronics,"The sound is rich and full on all settings (radio, tv, CD, iPod) and the small, space saving, sleek design is great.Only a couple of knocks on this purchase, but none on the overall performance of the system itself.First, the iPod dock is way over priced and only comes as an after market accessory.",54
PASS_002354,KB_02303,REC_182,B009LJ9Z0M,Electronics,The Ipod dock can be placed out of sight if it is important to keep a clean surface for the radio.,21
PASS_002355,KB_02304,REC_182,B009LJ9Z0M,Electronics,"I've not yet connected my iPod (so this is a premature review), but did not find that part straightforward (as in, I couldn't just plug it in and go).",29
PASS_002356,KB_02305,REC_182,B009LJ9Z0M,Electronics,Ipod hook up nice touch.,5
PASS_002357,KB_02306,REC_182,B009LJ9Z0M,Electronics,"Yes, a little, but it puts out excellent sound and can take a CD, iPod.",15
PASS_002358,KB_02307,REC_182,B009LJ9Z0M,Electronics,"To my knowledge, there's nothing out there that does the same thing as the Bose Wave System. So, despite audiophiles' criticism, unless you know how to build an audio system, this is the only game in town. Is it big? Yes, a little, but it puts out excellent sound and can take a CD, iPod. I like that it has two alarms and almost every aspect is customizable. Like another customer, I dislike that you can only control it with the remote (except for an on/off/snooze by tapping the top of the unit). The other dislike is that, at very high volumes, a buzz develops. Not sure what that's about, but it is when the system is maxed. I did not receive two remotes like someone else did, so I assume that was a fluke. I've not yet connected my iPod (so this is a premature review), but did not find that part straightforward (as in, I couldn't just plug it in and go). Will read the instructions and feed back on that later. Overall, it's just what I wanted and I'd buy it again.",185
PASS_002359,KB_02308,REC_183,B003WAOVGY,Home_and_Kitchen,"My teenage son would blast anyone sitting nearby as he sprawled on the floor playing his Xbox or other games. With the X Rocker Pro gaming chair, he plugs in his earphones (peace and quiet for the rest of the household), experiences all of the special effects vibrations and sounds), and improves his posture too. He loves it (and so does mom)!",62
PASS_002360,KB_02309,REC_183,B003WAOVGY,Home_and_Kitchen,It's great! Great sound! Comfortable and very nice looking. My husband said if he could he would by one for every room of the house.,25
PASS_002361,KB_02310,REC_183,B003WAOVGY,Home_and_Kitchen,"These chairs are great! If I had one complaint it would be the wireless gizmo. Don't leave it on or you will burn out the battery in a day.Other than that they are very comfortable, easy to set up and sound and feel great!",44
PASS_002362,KB_02311,REC_183,B003WAOVGY,Home_and_Kitchen,"After reading the rave reviews, ordered this as a Christmas present to 15 year old son. Beautiful, comfortable...but that's it. Can't get it to work. Ordered it because of wireless technology. Was able to get Mac book wired to it.. But with volume completely cranked you have to hold your ear up to speaker to hear it. Not going to spend an entire day with tech support on phone. Returning it",71
PASS_002363,KB_02312,REC_183,B003WAOVGY,Home_and_Kitchen,My fianc&eacute; loves this chair and so do our children.,10
PASS_002364,KB_02313,REC_183,B003WAOVGY,Home_and_Kitchen,I bought this for my husband for his birthday and he divorced me a few days later mmmm the chair or me I'm not sure!,25
PASS_002365,KB_02314,REC_183,B003WAOVGY,Home_and_Kitchen,"great chair, everyone loves it. I got it for my handicap daughter and she enjoys rocking in it while listening to music.",22
PASS_002366,KB_02315,REC_183,B003WAOVGY,Home_and_Kitchen,"Only complaint I have so far is the lever that locks it into place. Not very easy to unlock and fold the chair down. But if you have no desire to ever fold it up, it should satisfy.",38
PASS_002367,KB_02316,REC_183,B003WAOVGY,Home_and_Kitchen,Bought this for my son for Christmas and we are both very happy. The chair is attractive and sturdy. It is built like a nice piece of furniture and the audio is nice. Absolutely exceeded my expectations.,37
PASS_002368,KB_02317,REC_183,B003WAOVGY,Home_and_Kitchen,"My son loves the chair, he calls it &#34;THE BEST SEAT IN THE HOUSE&#34; We looked at other gaming chairs and they don't come close to the X rocker pro.",30
PASS_002369,KB_02318,REC_183,B003WAOVGY,Home_and_Kitchen,My teenage son would blast anyone sitting nearby as he sprawled on the floor playing his Xbox or other games.,20
PASS_002370,KB_02319,REC_183,B003WAOVGY,Home_and_Kitchen,Can't get it to work.,5
PASS_002371,KB_02320,REC_183,B003WAOVGY,Home_and_Kitchen,My husband said if he could he would by one for every room of the house.,16
PASS_002372,KB_02321,REC_183,B003WAOVGY,Home_and_Kitchen,If I had one complaint it would be the wireless gizmo.,11
PASS_002373,KB_02322,REC_183,B003WAOVGY,Home_and_Kitchen,"great chair, everyone loves it.",5
PASS_002374,KB_02323,REC_183,B003WAOVGY,Home_and_Kitchen,"With the X Rocker Pro gaming chair, he plugs in his earphones (peace and quiet for the rest of the household), experiences all of the special effects vibrations and sounds), and improves his posture too.",35
PASS_002375,KB_02324,REC_183,B003WAOVGY,Home_and_Kitchen,The chair is quite comfy and plush.,7
PASS_002376,KB_02325,REC_183,B003WAOVGY,Home_and_Kitchen,The chair is attractive and sturdy.,6
PASS_002377,KB_02326,REC_183,B003WAOVGY,Home_and_Kitchen,Not very easy to unlock and fold the chair down.,10
PASS_002378,KB_02327,REC_183,B003WAOVGY,Home_and_Kitchen,"This chair is AMAZING. I use it in my gaming room to play video games or enjoy tv comfortably. Arm rests are sturdy, feels great/solid, the speakers sound amazing, and make it enjoyable to watch your tv.Great for middle school aged kids to adults 5ft 10in tallCan hook up to your gaming system or to an MP3 player, laptop, or handheld gaming system (PSP, 3DS, Gameboy)Makes playing COD or BF3 like you're at an IMAX watching Black Hawk Down.The wireless option is confusing but wired setup is easy. Feels like leather and even though I have small dogs they havent been able to scratch yet.This is a great gift for a Gaming-husband/brother/child or even daughter/sister.This is also very good for comfort if you have children who play sitting indian style on the floor or supported by their elbows. It will keep them from injuring themselves or getting fatigued/sore.",148
PASS_002379,KB_02328,REC_184,B00EVC9PQI,Electronics,At first I was skeptic about this tripod because of the price. I've had many tripods throughout the years and I'm very satisfied with this one!! For the price I couldn't believe how well it holds up as I would by another 1!!! This tripod holds my Panasonic Pro AG-DVX100B camera. I'm so glad I didn't waste my money on a $80.00 tripod! !,64
PASS_002380,KB_02329,REC_184,B00EVC9PQI,Electronics,"Come on!! Great product at a great price. Forget Walmart, Target etc. because you won't find anything that comes close to the price for this. I use it for personal use with a DSLR camera so if you have heavy pro equipment you will probably want something heavier. For personal use however, it is perfect",55
PASS_002381,KB_02330,REC_184,B00EVC9PQI,Electronics,"It doesn't feel cheap, but we'll see if the tripod lasts. The tripod includes a nice inexpensive nylon bag. I'd recommend this tripod if you just want a cheap tripod that can go up to almost 6ft. Again, if you want a really good tripod, spend the $50-100. This is more for amateur's (ie me) who just do some simple photography with my phone or point and shoot camera.I do believe this tripod can hold a dslr camera okay.. but if you're gonna spend $600 on a dslr,.. might as well spend more on a good tripod.",97
PASS_002382,KB_02331,REC_184,B00EVC9PQI,Electronics,"I had been shopping locally trying to find a tripod that would not break the bank and was prepared to spend more than four times as much to buy even a used tripod. Not really familiar with Amazon, I took a chance based on the many good reviews this product had received and I will be shopping Amazon more regular.",60
PASS_002383,KB_02332,REC_184,B00EVC9PQI,Electronics,"Very good product, best price, best service.Would recommend this to everyone, whether for personal or professional use. This is one of the best things I bought from Amazon. I am very happy with this tripod. The packing was also very good and timely delivered. If it were possible,would give it one extra star. I would buy this product from the same seller again.",63
PASS_002384,KB_02333,REC_184,B00EVC9PQI,Electronics,"I am reasonably happy with this. I just got it to use with my shooting chronograph.It is great, except a part broke on it the very first time I used it. The base where you attach the camera or chronograph comes apart from the tripod. On the bottom side is a tab that allows you to tighten the screw that holds the camera/chronograph on. The tab is ridiculously cheap and brittle plastic and broke the very first time I touched it, without even applying a tiny bit of force. Now I have to grip the smooth back side of the attachment screw/bolt and tighten by hand, which is a pain.",110
PASS_002385,KB_02334,REC_184,B00EVC9PQI,Electronics,"I'm using one with my little Panasonic Camcorder and the other one with my Fujifilm Finepix DSLR. This tripod will be able to hold cameras much heavier than mine with no problem, I know it can. I would recommend this wonderful tripod to anyone anytime .Even when I raise them all the way to 66 inches, they remained steady and strong! You won't go wrong with this one! BUY IT!",70
PASS_002386,KB_02335,REC_184,B00EVC9PQI,Electronics,"I am really pleased with the tripod as it is far more than what I expected. For the price I paid I was expecting a usable but spindly device which would simply be  adequate. What I got though, was a very sturdy,well-built unit which should serve me indefinitely. The features, including the utility hook and the unexpected carry-bag, all were a delightful surprise. Although a professional photographer may want something more substantial, this tripod should suit the needs of just about anyone and I highly recommend it.",87
PASS_002387,KB_02336,REC_184,B00EVC9PQI,Electronics,"This is an incredible bargain. Very usable, portable, surprisingly sturdy. unit and the price is great. Useful with camera, binoculars or telescope.",22
PASS_002388,KB_02337,REC_184,B00EVC9PQI,Electronics,"It's great. Sturdy, can easily adjust to different heights, and comes with a sturdy carrying case. Would buy again !",20
PASS_002389,KB_02338,REC_184,B00EVC9PQI,Electronics,This tripod holds my Panasonic Pro AG-DVX100B camera.,8
PASS_002390,KB_02339,REC_184,B00EVC9PQI,Electronics,I use it for personal use with a DSLR camera so if you have heavy pro equipment you will probably want something heavier.,23
PASS_002391,KB_02340,REC_184,B00EVC9PQI,Electronics,"This is more for amateur's (ie me) who just do some simple photography with my phone or point and shoot camera.I do believe this tripod can hold a dslr camera okay.. but if you're gonna spend $600 on a dslr,.. might as well spend more on a good tripod.",49
PASS_002392,KB_02341,REC_184,B00EVC9PQI,Electronics,The base where you attach the camera or chronograph comes apart from the tripod.,14
PASS_002393,KB_02342,REC_184,B00EVC9PQI,Electronics,"I would recommend this wonderful tripod to anyone anytime .Even when I raise them all the way to 66 inches, they remained steady and strong!",25
PASS_002394,KB_02343,REC_184,B00EVC9PQI,Electronics,I had been shopping locally trying to find a tripod that would not break the bank and was prepared to spend more than four times as much to buy even a used tripod.,33
PASS_002395,KB_02344,REC_184,B00EVC9PQI,Electronics,On the bottom side is a tab that allows you to tighten the screw that holds the camera/chronograph on.,19
PASS_002396,KB_02345,REC_184,B00EVC9PQI,Electronics,"Very good product, best price, best service.Would recommend this to everyone, whether for personal or professional use.",17
PASS_002397,KB_02346,REC_184,B00EVC9PQI,Electronics,"If it were possible,would give it one extra star.",9
PASS_002398,KB_02347,REC_184,B00EVC9PQI,Electronics,"finally a tripod that is taller than me! for some reason i couldn't find one that was over at least 5 feet for a good price. I love this one. it is awesome, so easy to use. And the nice little built in carrying handle is awesome. The carrying case is nice too. Best self xmas present ever.",58
PASS_002399,KB_02348,REC_185,B0077QHF1C,Electronics,"It does shuffle when you hold down the play button, but each folder only reads 999 files in the shuffle (at least on my SD card), so I had to create 5 folders of 999 files. It does not shuffle across folders. There's no real way for me to test if it's really shuffling all the files in each folder, but it seems pretty random at least. Browsing between folders is a pain, but doable. I wish the remote had a simple 4 direction arrows and OK button in the middle, because figuring out what enter/select/OK is is confusing for each mode (folder/delete mode and play mode).",107
PASS_002400,KB_02349,REC_185,B0077QHF1C,Electronics,"When it works, it is good. You can change the frequency, volume and select the songs.After 8 month, this one doesn't work any more. The display is still bright, and all the buttons &#34;works&#34;. But I can't receive signals by both the FM receiver on my car and my phone. I even try to use my old FM receiver, but failed.It is a good product for the past 8 months.",70
PASS_002401,KB_02350,REC_185,B0077QHF1C,Electronics,I connect the USB pen drive to play the songs. The songs are clear and the MP3 player works absolutely fine. Just that you have to select the right frequenzy. If not the songs will not be clear.I love this product. Worth the money that we pay. When compared to the other MP3 players available in Amazon this one is lots cheaper. Also the seller is very good and prompt. 5 stars for both the Product and the Seller.,79
PASS_002402,KB_02351,REC_185,B0077QHF1C,Electronics,"This FM transmitter/modulator is a great tool with better looks and features than your average overpriced name brand transmitter. Its a bit smaller than it looks in the pictures which is a + to me. As far as the material, the plastic is not the most rugged but it's not easy to break either. The overall sound quality of both songs on the SD card and manual playback via my phone with the provided cable is superb, there is a minimal ammount of static or interference. I didn't test the USB option but I dont see why it would differ from SD card.",103
PASS_002403,KB_02352,REC_185,B0077QHF1C,Electronics,"Does everything I need it to do. Interfaces through USB with i-pod as well but cannot control from i-pod. It treats it as a flash drive and plays random shuffle, which is perfectly fine for me. Charges the ipod simultaneously.",40
PASS_002404,KB_02353,REC_185,B0077QHF1C,Electronics,"This is a decent FM Modulator, for the price. Note that you're buying cheap, and you're not getting anything more than what you pay for.If you get it, do not twist it to desired angle too much. Mine broke, because it is designed with a pencil thin connector neck that breaks very easily!Note also that it does not play ""random"" - it will play only the alphabetical ordering of the way you place music onto the media.I won't buy again.",80
PASS_002405,KB_02354,REC_185,B0077QHF1C,Electronics,"Which was a little hassle for me as I have a manual and it isn't always in the same spot as before. But, those aren't my biggest issues for the remote. Everytime I'd press the play button it would pause playback. I'd press again it would play for a second then pause again. I dunno if I may have had a defective remote, bad sensor readings, or what, but that was my biggest issue. And I only had this type of problem on the play/pause button on it.The unit itself is pretty cool.",93
PASS_002406,KB_02355,REC_185,B0077QHF1C,Electronics,This product is exactly what I wanted I have a car without the auxillary ports in the radio and this little thing is awesome! It charges the device you use to play the music a remote to change channels and has a hook up for an sd card and as long as you are on a station that isn't used with no static the playback is clear and sounds just like it does coming off a cd or the radio itself. Would definitely recommend if you are looking for something to keep from having to replace your radio.,98
PASS_002407,KB_02356,REC_185,B0077QHF1C,Electronics,"I can't find a way to ""random play everything on the SD card"" - only ""random in this folder"" and I can't seem to find a way to navigate ""out of this folder and up one level"". This means I have to copy all my music over, move everything to the root directory and hit random. And that means I'm now not able to play ""just this album"".If I hadn't tossed the packaging I would have returned it, but thankfully my commute is pretty short so I'll live with it; thankfully it was only about a tenner.",97
PASS_002408,KB_02357,REC_185,B0077QHF1C,Electronics,"The other major complaint is, if you do anything wrong, have the unit move in the power socket, or yes, even turn the thing off, it resets everything, and you are back to the first song, played to death.So, does it read and play back via SD and USB? Yes, and actually only has a little bit of sound loss, much like if you had something you recorded at 256kbps and had it play back at 192kpbs. Small, but noticeable loss to some people.I would not recommend this unit to anyone with expectations of ease of use, or comparable level of original recording playback.",104
PASS_002409,KB_02358,REC_185,B0077QHF1C,Electronics,"I wish the remote had a simple 4 direction arrows and OK button in the middle, because figuring out what enter/select/OK is is confusing for each mode (folder/delete mode and play mode).",32
PASS_002410,KB_02359,REC_185,B0077QHF1C,Electronics,"You can change the frequency, volume and select the songs.After 8 month, this one doesn't work any more.",18
PASS_002411,KB_02360,REC_185,B0077QHF1C,Electronics,"The overall sound quality of both songs on the SD card and manual playback via my phone with the provided cable is superb, there is a minimal ammount of static or interference.",32
PASS_002412,KB_02361,REC_185,B0077QHF1C,Electronics,"Small, but noticeable loss to some people.I would not recommend this unit to anyone with expectations of ease of use, or comparable level of original recording playback.",27
PASS_002413,KB_02362,REC_185,B0077QHF1C,Electronics,"Mine broke, because it is designed with a pencil thin connector neck that breaks very easily!Note also that it does not play ""random"" - it will play only the alphabetical ordering of the way you place music onto the media.I won't buy again.",43
PASS_002414,KB_02363,REC_185,B0077QHF1C,Electronics,"I can't find a way to ""random play everything on the SD card"" - only ""random in this folder"" and I can't seem to find a way to navigate ""out of this folder and up one level"".",37
PASS_002415,KB_02364,REC_185,B0077QHF1C,Electronics,"Stick the usb drive(not included, READ description) in my laptop, drag & drop the songs I want, stick it back in player and it's ready to go.",27
PASS_002416,KB_02365,REC_185,B0077QHF1C,Electronics,If not the songs will not be clear.I love this product.,11
PASS_002417,KB_02366,REC_185,B0077QHF1C,Electronics,"I use it mainly with a SD inserted, seems to only pick up 999 of the 1500 songs on the card.",21
PASS_002418,KB_02367,REC_185,B0077QHF1C,Electronics,"I put 490 songs on my SD card and could only hear six on shuffle, the same six over and over, ridiculous!The interference is terrible, guess the FM transmitter is just too weak, always hear static, no channel is clear.",40
PASS_002419,KB_02368,REC_185,B0077QHF1C,Electronics,"This FM Transmitter acts as both an FM transmitter for your MP3 player to radio, as well as acting as an MP3 player in itself. It is basically offers 3 way compatibility with an external source via 1/8"" input jack (i.e. iPod, your phone, or any other MP3 player) or acts as an MP3 player itself by reading an SD card or a flash drive (has a usb input and an input for a standard SD card). The player comes with a very handy remote and if you are using the SD or USB/flash drive you can easily toggle through folders. It has its own volume control, and also emits a fairly powerful signal to reduce static and has a digital selection from 88-108 on the FM dial. Upon shut down and restart it remembers both the frequency and track that you were on. It is easy to use, has a nice display that shows the song, folder (if applicable) and other info.To me, the most important feature of an FM transmitter for playing MP3s in a car is signal strength. There are lots of other quality transmitters available from near the price of this model upwards to 50 dollars",200
PASS_002420,KB_02368,REC_185,B0077QHF1C,Electronics,"strength. There are lots of other quality transmitters available from near the price of this model upwards to 50 dollars and more, however they generally have the same functionality, perhaps maybe a larger display or a flexible extension from the input base (this one doesn't flex but does adjust), but for the expensive ones you are generally paying more for the brand and not the most important things, first being more signal strength (which tops out at a certain level anyway due to FCC regulations) and then being functionality like the SD card and usb options, remote, etc. Again this has all of that for a low price.You'll be hard pressed to find another FM transmitter with this functionality and reliability for ANY cheaper, I've done tons of research and owned several. This is by far the best especially for the value. I use a 16 gig micro san disk SD card inside a standard adapter (I paid 12 dollars for the sandisk on amazon, bulk packaging) which holds A LOT of music and am always adding more from my PC. I can always hookup my iPhone, other MP3 player, or even a flash drive if I want and play",200
PASS_002421,KB_02368,REC_185,B0077QHF1C,Electronics,"PC. I can always hookup my iPhone, other MP3 player, or even a flash drive if I want and play music off of that.FYI the FM transmitter spans the entire dial, so you can use any dead station, not just high or low frequencies.Note on folder navigation: You can organize your SD, USB, or external player via folders, and the unit will intuitively recognize the folders... folder navigation can be tricky at first, but after using the unit for awhile it will be easy - the remote is necessary in the case of using folders.It also has a directional adjuster (beyond just spinning the unit) whose function is based on the location of your 9volt adapter/cigarette jack to adjust the way in which it points so the display is best readable.If you don't have an auxillary jack on your car stereo to accept a device that plays music, BUY THIS. It's by far the best FM transmitter for ten bucks and is practically as intuitive and multi-use as they get.Other reviews claiming this is hard to use must be written by people who completely lack any tech savvy. It is very easy to use.ONLY DRAWBACKS: there is not a ""search""",200
PASS_002422,KB_02368,REC_185,B0077QHF1C,Electronics,"by people who completely lack any tech savvy. It is very easy to use.ONLY DRAWBACKS: there is not a ""search"" option. You can only skip between tracks, not search within them. For people who listen to long podcasts or that this feature is important to, you'll have to find a similar transmitter (there are a lot of them out there, granted this I feel is the best value) and some have the search option.Another small drawback is this is literally an MP3 player... other formats such as MP4s will not read.Some users may also find it somewhat difficult at first to toggle through folders. After using the device, you will get used to its functionality and this will be simple.Also, not a drawback but informational note: there is no separate output jack - the ""output"" is simply the ability to send the sound (from a flash drive, sd card, phone, external mp3 player, or anything that can send sound over a simple audio chord with a 1/8"" plug at one end) over an unused FM station. So, for folks wanting to use the functionality of this as an MP3 player that accepts USB sticks and SD cards but send it",200
PASS_002423,KB_02368,REC_185,B0077QHF1C,Electronics,"to use the functionality of this as an MP3 player that accepts USB sticks and SD cards but send it to your aux jack, it will not work that way, only over an FM station - look for an MP3 player that accepts sd cards if this is your intention then just go directly into your aux jack.UPDATE 4-2014: My first SainSonic lasted me over 2 years. Somehow I lost it, and the biggest deal about that was I had a 16gig SD card in it, almost completely full with music. That's a lot. I was able to retrieve a good deal of it from my PC's old hard drive and my new laptop, so oh well. The new one I purchased is not quite as sturdy as the original. I don't know if quality control has gone down (I'm sure they are unfortunately assembled at a sweat shop in China) or if the new one I got is just an anomaly... That is not to say that it broke, nor to say I'm still not a proponent of this product, but the USB jack for flash drives moves a bit on this one, which could be a problem down",200
PASS_002424,KB_02368,REC_185,B0077QHF1C,Electronics,"product, but the USB jack for flash drives moves a bit on this one, which could be a problem down the road, and the unit's 9volt plug is sensitive on this one... e.g. sometimes I will press a button and the unit will lose connection and therefore power down, and I have to plug it back in and get it plugged in just right to avoid this. I never experienced that with the original unit. Despite that, I'm still happy with it and out of all those other models I tried before this one, including ones that were friend's of mine that I used in their cars and inquired about the price, this little baby is still the best value.",120
PASS_002425,KB_02369,REC_186,B004T6M6Y4,Home_and_Kitchen,"I don't know if it's problem of my oven or something else, I feel the heat transfer of my 2 quart sauce pan with lid is slower comparing with my other pots (with same level of heat from the oven). It takes longer for the water to boil. The lid and the handle become pretty hot, so be careful when you want to move the pan around or lift the lid.",71
PASS_002426,KB_02370,REC_186,B004T6M6Y4,Home_and_Kitchen,"This little pot has everything I was looking for in a sauce pan; good size, even heat distribution, not too heavy, easy to handle and clean, comes with a lid, and the handle has a hole for hanging on my cook rack, perfect!",43
PASS_002427,KB_02371,REC_186,B004T6M6Y4,Home_and_Kitchen,"We have just gotten ourselves a new induction cooktop and had to change our pots and pans as most of them were not induction compatible, so we are going with All-Clad and they work extremely well. Everything is so fast.",40
PASS_002428,KB_02372,REC_186,B004T6M6Y4,Home_and_Kitchen,"I want to up grade my pots and pans and had heard that All Clad was one of the best. The first time I used it (cooked oatmeal) there was a stain when I washed it, so I washed it again, used it again and washed it again all according to the manufacturers recommendation. It cooks well, the lid fits tight and everything else about the pan is fine. Will be looking for other brands as replacement for what I currently own.",82
PASS_002429,KB_02373,REC_186,B004T6M6Y4,Home_and_Kitchen,"I LOVE great quality cookware. Yes, it is expensive, but I wanted to try it, so watched for 1 pan I would use a lot to come down in price. I purchased the 1.5 quart with lid and LOVE it. The ergonomic handle is soooooo nice and comfortable use. The heat is even and makes making sauces a breeze. The stainless steel finish is easy to clean. I want more!! A great purchase.",73
PASS_002430,KB_02374,REC_186,B004T6M6Y4,Home_and_Kitchen,I doubt that I could write any thoughts about All-Clad cookware that is not already known or shared by anyone who has had the pleasure of using this fine cookware. It is both beautiful and functional and heats up quickly and evenly on my commercial grade range. It arrived promptly and well-packed for shipping from this Amazon seller. It washes up very nicely and I've only had to lightly clean it with barkeeper's friend one time. Displays very nicely on my pot rack and cleverly stores the lid on the long handle.,92
PASS_002431,KB_02375,REC_186,B004T6M6Y4,Home_and_Kitchen,"Got this as a Christmas gift for my wife. I know, men shouldn't give appliances, etc. as gifts, but she asked for this. To say the least, she loves it.",30
PASS_002432,KB_02376,REC_186,B004T6M6Y4,Home_and_Kitchen,"Even heat. Got rid of that due to getting rid of the person in the house who had won it.3)  some walmart cheap ($10) stainless steel thing with a glass lid that had very thin sides and resulting poor heat conduction up the sides. Also the handle got really hotI finally got totally fed up with the walmart pan and bought this all clad stainless steel pan. The difference in quality and performance is quite substantial. Of everything I've used, this pan performs the best. The handle stays comfortable to the touch.",92
PASS_002433,KB_02377,REC_186,B004T6M6Y4,Home_and_Kitchen,"Having used mainly single-ply stainless cookware for much of my cooking in the past, it's a luxury to have a heavy-duty saucepan that can handle most any use, from warming up soup to making finicky sauces. The capacity is more than ample for boiling a half pound of pasta and it heats up fast. The three-ply construction helps prevent hot spots so butter doesn't burn before it melts completely, and the flat bottom stays put on the rings without spinning around. The handle stays cool, and the lid fits snugly but can easily be cracked open a bit.",98
PASS_002434,KB_02378,REC_186,B004T6M6Y4,Home_and_Kitchen,"I am a fan of All Clad products,  But what really blew me away was the service. I received my purchase within two hours of ordering it online. I do not know if this is a fluke or a new service by Amazon but I was impressed.",47
PASS_002435,KB_02379,REC_186,B004T6M6Y4,Home_and_Kitchen,"I don't know if it's problem of my oven or something else, I feel the heat transfer of my 2 quart sauce pan with lid is slower comparing with my other pots (with same level of heat from the oven).",40
PASS_002436,KB_02380,REC_186,B004T6M6Y4,Home_and_Kitchen,"The lid and the handle become pretty hot, so be careful when you want to move the pan around or lift the lid.",23
PASS_002437,KB_02381,REC_186,B004T6M6Y4,Home_and_Kitchen,"The handle stays cool, and the lid fits snugly but can easily be cracked open a bit.",17
PASS_002438,KB_02382,REC_186,B004T6M6Y4,Home_and_Kitchen,"It cooks well, the lid fits tight and everything else about the pan is fine.",15
PASS_002439,KB_02383,REC_186,B004T6M6Y4,Home_and_Kitchen,Displays very nicely on my pot rack and cleverly stores the lid on the long handle.,16
PASS_002440,KB_02384,REC_186,B004T6M6Y4,Home_and_Kitchen,"Price may seem high, but try an all clad pan and you'll know why.",14
PASS_002441,KB_02385,REC_186,B004T6M6Y4,Home_and_Kitchen,"I opted to build my own set piecemeal, waiting for good sale prices on individual pots & pans I know I will use.",23
PASS_002442,KB_02386,REC_186,B004T6M6Y4,Home_and_Kitchen,"I know, men shouldn't give appliances, etc.",7
PASS_002443,KB_02387,REC_186,B004T6M6Y4,Home_and_Kitchen,I do not know if this is a fluke or a new service by Amazon but I was impressed.,19
PASS_002444,KB_02388,REC_186,B004T6M6Y4,Home_and_Kitchen,"I bought a second to further expand my collection...it was great as always.I am no one special. I'm just your average guy who really likes to cook and eat. I've gotten very good at it after a lot of practice. And if I can, anyone can. Good cookware can be a huge component of this, and I am about to urge you to spend more money on a set like All-Clad, which I believe is as good as cooking gets. No one likes having his or her food come out burnt on the outside and undercooked on the inside, or one side being more cooked than the other due to burner `hot spotting'. Good quality cookware with a more even heating transfer is one of the easiest ways to avoid this. But ""good quality cookware""...what is that? You can spend under $10 or over $5,000 PER-PIECE...there is a ton of variety and so many different materials it gets confusing fast. So here is what I have learned from my humble experience...When friends see I have a very large collection of All-Clad Cookware, they often ask be who these things are made for? Professional chefs? Rich yuppies? Good ole boys who",200
PASS_002445,KB_02388,REC_186,B004T6M6Y4,Home_and_Kitchen,"All-Clad Cookware, they often ask be who these things are made for? Professional chefs? Rich yuppies? Good ole boys who appreciate a good meal? I would say essentially anyone and everyone. Yes, they are stupid expensive...but think of it this way. If you enjoy cooking and you cook better, chances are you are going to cook for yourself more than eating out. It also presents an opportunity to eat healthier food as well. $1,000 on a set of standard All-Clads, a few niche pots for your favorite food types with a steamer, and a nice cutlery set (Shun or Mosimoto, for example) is something that will last decades where as spending $10 a day on lunch doesn't last long at all, but it sure adds up fast. The durability of these over the models costing to the price is also pretty substantial. The lifetime guarantee is a plus, because this is the set you will have for life. And if you move to a place with a different stove, you can take comfort in knowing that All-Clad cookware excels with gas, electric, induction, side-heat, and open pit cooking. Buy it once, and enjoy it for life.All-Clad makes a variety of",200
PASS_002446,KB_02388,REC_186,B004T6M6Y4,Home_and_Kitchen,"gas, electric, induction, side-heat, and open pit cooking. Buy it once, and enjoy it for life.All-Clad makes a variety of different cookware lines. The standard lines, the Stainless and MC (Master Chef) are the least expensive. The Stainless is what All-Clad is most known for, as it is a timeless and iconic look that has been imitated by many. The Stainless and MC2 are traditional clad, which is a 3-ply construction of aluminum between American-made 18-10 stainless, which is a very beefy steel. You will notice that the most obvious different of the Stainless and MC is that the Stainless has a high-polish outer finish on the cookware and lids, where as the MC is brushed. Having used both, I can say both are very durable and easy to upkeep. They also have higher end models using 5+ ply clad and more cosmetic embellishments. For most users, the Stainless and MC will offer the best blend of value, performance, and durability. Mine are all from the Stainless series.Is a clad cookware set right for you? It's very possible given how versatile they are. It is important to understand clad and its purpose. Clad is literally a compromise of multiple traditional",200
PASS_002447,KB_02388,REC_186,B004T6M6Y4,Home_and_Kitchen,"versatile they are. It is important to understand clad and its purpose. Clad is literally a compromise of multiple traditional pan types because some guy was unhappy with the limitations existing pans and decided to combine multiple elements into a single cookware build. Iron is inexpensive, heats evenly, and is durable...but it is heavy as hell, easily rusts, takes a lot of care (season it), and takes forever to heat up. Aluminum is an amazing heat conductor but weak...aluminum pans dent easily and do not hold up. Stainless is durable but a crappy heat conductor and heats unevenly. Exotic cookware such as enameled iron, carbon steel, carbon fiber, ceramic, and organic materials all have some positives, but weaknesses at the points of either costs, durability, heat conductivity, upkeep, or a combination of the above...and these issues are enough to exclude these from fitting the needs of most people. Additionally, most cookware types are best suited for only one or two of the following cooking types: gas, electric, induction, or open flame.Enter clad, the great compromise. Stainless on the outside, aluminum on the inside (and with All-Clad's higher end models, add copper and multiple cores). The aluminum betters the heat transfer,",200
PASS_002448,KB_02388,REC_186,B004T6M6Y4,Home_and_Kitchen,"on the inside (and with All-Clad's higher end models, add copper and multiple cores). The aluminum betters the heat transfer, and the thick stainless encases the aluminum. Ideally, the stainless is high chromium with nickel to add to the `stainless' abilities of steel. Also, ideally, the stainless is hardened to point to give good impact resistance from things like dents, but is hard enough to resist scratching and warping. When done right, you are left with a pot that heats faster than iron, has the even heat transfer of aluminum, and has the durability of stainless. Not surprisingly, clad has established itself as a staple in a chef's cookware arsenal.What are the biggest downsides? Weight and price, mainly. While not as heavy as iron, the best clad cookware is going to still be pretty heavy...and you will pay well over twice that of iron, if comparing the best iron to the best clad. The cost of making the sandwiched ply layers is a lot more than casting a 1-piece. Also, many people note that the rivets on the handle of All-Clad makes cleaning in the area somewhat difficult...and I agree. However, I do not think this is a downside because",200
PASS_002449,KB_02388,REC_186,B004T6M6Y4,Home_and_Kitchen,"All-Clad makes cleaning in the area somewhat difficult...and I agree. However, I do not think this is a downside because these oversized rivets are what gives structural durability. The rivets are massive and as soon as you pick up a pot and run your finger over them, you will see they are heavy duty. The little extra cleaning effort is worth this level of durability as those rivets will give decades of great usage.There are at least five top-end makers of clad cookware. All-Clad is most certainly one, and probably the best known. You pay a premium for the name, but they are fantastic. Their hardening is perfect, the stainless is durable American 18-10 and it is very corrosion resistant. The thick plates allow the cleaning with a use of an abrasive such as Bar Keeper's Friend. The stainless also responds very well to polishing. As others have noted, after use they will not look 100% new unless you use a high quality wading cloth, but there really is no reason for this. A 30 second clean with Bar Keeper's Friend will make them looking consistently good with minimal effort. If they show a few scratches, who cares?...it's a device",200
PASS_002450,KB_02388,REC_186,B004T6M6Y4,Home_and_Kitchen,"Friend will make them looking consistently good with minimal effort. If they show a few scratches, who cares?...it's a device used to make food, not an art museum display.A lot of people consider anti-stick pans with coatings. I don't like these, and if you spend a lot on cookware, I would advise NOT buying anything that is labeled as non-stick and a coating is what is used to give non-stick properties. Why? Primarily, coatings wear off and leave a pan of little value. You cannot use stainless utensils, you cannot clean them with steel wool or wading cloth, and you cannot clean them with abrasives. If you are thinking about clad, get the stainless surfaces as it will be easier to maintain, last longer, and can withstand incredible abuse. Also, cooking practice makes it easier to reduce sticking with stainless cookware...for example, something like olive oil and slightly lower heat does wonders.So now you must be thinking, ""why the hell did I read this bloody long review?""...if so, I apologize for the length. I hope my experience can help you in your decision. If you do go All-Clad, I promise you that you will not regret it. They are a",200
PASS_002451,KB_02388,REC_186,B004T6M6Y4,Home_and_Kitchen,"in your decision. If you do go All-Clad, I promise you that you will not regret it. They are a great investment.",22
PASS_002452,KB_02389,REC_187,B000Q5APCC,Electronics,"I love this radio. I am not a techy, but can tell you that the reception is very good, and the radio is very easy on batteries. Size and heft are both comfortable for taking room to room or out to the yard.",43
PASS_002453,KB_02390,REC_187,B000Q5APCC,Electronics,"The GS350DL Field Radio by Grundi is receiving signals from great distances, and produces clear voice and music qualities, with no distortion at high volume. It seems lighter than other radios of it's size we have owned. Used it for a month now and  We are very pleased with our purchase!",51
PASS_002454,KB_02391,REC_187,B000Q5APCC,Electronics,"The radio was larger than I expected. So be clear about the size of the radio you want before you order it. When the radio arrived, I put in batteries. It did not work. I then used the AC adapter, pluged it in and turned it on. The radio started to smoke and I pulled the plug. The radio never did work and I have returned it.",67
PASS_002455,KB_02392,REC_187,B000Q5APCC,Electronics,"Bought this radio after storm Sandy. It works very well and receives all local and national signals, and many international signals. It can be powered by the included ac, 4AA battery, or 4D size battery. The best thing about this radio is the speaker-powerful and clear. It looks and feels rugged. I have no complaints about this radio.",58
PASS_002456,KB_02393,REC_187,B000Q5APCC,Electronics,"Grundig is good brand since my childhood time, because of that memory, I bought this radio.Its turn out too big and its size amuse me when i open the package.Sound quality is good and SW receiver also good.Overall, cosmetic, sound and receiver, not favorable as portable product.I have used SONY and many other SW receivers, this is the biggest one.",60
PASS_002457,KB_02394,REC_187,B000Q5APCC,Electronics,"Great radio with many analogs bands to select with a digital display. Best part of this radio (for me) is the dual-battery size compatibility! Operates on 4 D or 4 AA batteries and the AC adapter is included. Built-in clock, alarm and sleep timer. I keep my radio in my home office seem to tote it around more often than not.",61
PASS_002458,KB_02395,REC_187,B000Q5APCC,Electronics,"It has a very nice tone for a portable, although at its size it really doubles as a table radio. Since it is an analog tuning receiver, the frequency will drift a little. Well, my Trans-Oceanic drifted too, so I don't care--that's part of the radio's charm. And the drift is not a lot--a few kHz or 10 MHz (on FM) here or there after it has been set for an hour or so. Now, this is the DL model (deluxe) that is supposed to have a new frequency lock, but it still drifts, as I say, just a bit.",100
PASS_002459,KB_02396,REC_187,B000Q5APCC,Electronics,"This radio is better than I expected when I bought it for $100.00. It has long battery life and allows you to choose AA or D size batteries with the ease of a selector switch. The radio has a 90 minute timer which is useful, but if you want it to stay on indefinitely, the power button needs to be held down for 3 seconds. The only downfall is that the radio tuning control does have a tendency to move, which forces the listener to keep adjusting the radio every so often.",92
PASS_002460,KB_02397,REC_187,B000Q5APCC,Electronics,"With many SW radios to choose from, some prohibitively expensive, there's no wonder that many consumers are left confused about which one is right for them. Costs for a radio can range from $10 to $10,000 depending on the make, model, and features one is looking at. Many radios in the price range of the S350DL are tiny and due to compact size, have terrible sound output as limited by the accompanying small speaker. So is the S350DL a good middle of the road option?That all depends upon what you need, and what you're willing to put up with.",99
PASS_002461,KB_02398,REC_187,B000Q5APCC,Electronics,"I did considerable investigation into the radio prior to purchase. I wanted a ""very good"" radio without having to spend a lot of money. I like the size of the speaker, it projects a full natural sound. The quality of AM is what I had hoped for. I can receive all the stations in the west side of the state with only a need to rotate the radio to maximize the signal. With the analog tuning, I can quickly find the center frequency. Having the fine tuner adjust makes the process easy and with a feeling of quality.",98
PASS_002462,KB_02399,REC_187,B000Q5APCC,Electronics,This radio gets great reception of distant FM stations and the sound quality is great for the size.,18
PASS_002463,KB_02400,REC_187,B000Q5APCC,Electronics,So be clear about the size of the radio you want before you order it.,15
PASS_002464,KB_02401,REC_187,B000Q5APCC,Electronics,Makes a good table radio and the option to use EITHER AA or D size batteries makes a lot of sense.,21
PASS_002465,KB_02402,REC_187,B000Q5APCC,Electronics,"It has a very nice tone for a portable, although at its size it really doubles as a table radio.",20
PASS_002466,KB_02403,REC_187,B000Q5APCC,Electronics,"I'm happy with my purchase, but it doesn't have quite as good of sound quality as I had hoped it would.I love the size of this radio.",27
PASS_002467,KB_02404,REC_187,B000Q5APCC,Electronics,Best part of this radio (for me) is the dual-battery size compatibility!,12
PASS_002468,KB_02405,REC_187,B000Q5APCC,Electronics,It works okbut for the low price you cannot expect a metal counterbalanced tuner and fine tuner.This radio works on AC with supplied transformer or your choice of four AA batteries or 4 D cell batteries.D size batteries will last much longer than the AA batteries.,46
PASS_002469,KB_02406,REC_187,B000Q5APCC,Electronics,chose cause only uses 4 D size batteries.,8
PASS_002470,KB_02407,REC_187,B000Q5APCC,Electronics,The sound is great and actually the size works on the back of a toiletbowl.,15
PASS_002471,KB_02408,REC_187,B000Q5APCC,Electronics,"I purchased this radio to replace a Panasonic RF1100 that I have had since it was new sometime in the 1970's. The 350DL has a lot of useful features and the primary ones for me include the sleep timer, alarm colck and the published claim of good sensitivity. The overall sound quality of this radio is pleasing. The sensitivity compared to cheap radios selling for a lot less is good although not as sensitive as my GE Super Radios models 2 and 3. As I have more sophisticated equipemnt for listening to shortwave, this was not one of my primary objectives for buying this radio although the inclusion of shortwave is a nice plus.The controls are nicely laid out, the instruction manual quite easy to understand to enable you to derive the full enjoyment of all this radio has to offer.The big drawback and dissapointment I found with the 350DL is the tuning control. There is a lot of "" slop "" in the control, not just the knob but from what is behingd the control panel. Another problem with the tuning control is an overabundant "" backlash "" when trying to set the tuning on a station, particularly when",200
PASS_002472,KB_02408,REC_187,B000Q5APCC,Electronics,"the tuning control is an overabundant "" backlash "" when trying to set the tuning on a station, particularly when tuning in shortwave stations. You tune in the station or desired frequency, let go of the tuning knob and you can actually see it change as it moves forward or backward from where you left it. For those desiring to tune around the shortwave bands to see what is there this is a big drawback. I actually wonder how long the tuning control will last on this radio before it falls apart. The entire tuning knob assembly wiggles and wobbles while you turn it. This should not happen, and I feel is a major cause for concern. For the $100 price tag I am not expecting a mil-spec radio by any means but the poorly designed tuning system in this radio gives me no other choice than to down rate it. That is unfortunate too as this radio has many other features so worthwhile.If you are planning on purchasing this radio to use for AM & FM broadcast reception and not change stations too frequently, it's a decent radio. If you plan on tuning to different stations frequently you may",200
PASS_002473,KB_02408,REC_187,B000Q5APCC,Electronics,"not change stations too frequently, it's a decent radio. If you plan on tuning to different stations frequently you may wish to consider looking at other makes and models befoe buying this.I purchsed this radio primarily to use as a bedside clock radio with sleep timer and only occasional tuning. The digital display is not absolutely accurate but for the price it is good enough.",65
PASS_002474,KB_02409,REC_188,B004MKJWJO,Electronics,Just ordered this card which makes 3 total (2 for my brother 1 for my father). My take on this card is that if you want good performance/fps and still have better graphics than the 360 or ps3 and dont care if you max the games graphics out than this card is for you. It takes only 1 6-pin power conenctor and comes with molex adapters so as long as you have a 350watt power supply/psu or higher than your good.My brother used this on his stock 350watt psu which has no 6-pin connector and the card works fine (used the molex adapter).,103
PASS_002475,KB_02410,REC_188,B004MKJWJO,Electronics,"So i ended up getting this on ebay for 32.95 manufacturer refurbished. if you can get one for around that price and have a good Power supply, then this card is awesome. It plays some older games without breaking a sweat, I personally only tested this card on NFS Carbon, where with everything up to the max, and trilinear texture filtering, I got 90FPS @1280x1024. I plan to use the other card I bought in SLi, and i'll update this review when that happens. for now, I'd like to say my other card is an HD7850, and while thats more than twice as good, i still am impressed with this card.For a quick performance chart, overview, thing...MSi kombustor - direct 3D10 for 9800GT, and Direct 3D11 for HD 7850.",129
PASS_002476,KB_02411,REC_188,B004MKJWJO,Electronics,"This card provides a lot of power for the price. I bought 2 of them so I could have SLI. This gives me performance close to my friends 650ti. It comes with a Molex to 6 pin adaptor and a cd with the drivers. the card its self is loud, but that probably because I have it overclocked to 750mhz. Again great card for the price.",66
PASS_002477,KB_02412,REC_188,B004MKJWJO,Electronics,"I wasn't sure that the video cards were what my problem was, but it turned out they were. These replaced 2 Nvidia cards. They were easy to install and they work great!",32
PASS_002478,KB_02413,REC_188,B004MKJWJO,Electronics,"The technician said can't do anything for you because the card is phased out, I stated that I bought it new. He stated that was phased out and the factory warranty and support for that card has ended regardless if its new or not. I do not recommend buying this card because there is no warranty or support anymore, Buy it at your own risk if you can get it to work well for you other wise it is a well made video card from a really good company.",89
PASS_002479,KB_02414,REC_188,B004MKJWJO,Electronics,"If you want to spend a small amount of money, but get something that can still run today's games in 720p at 30-60 FPS on medium settings, this is a card to get. Just keep in mind that it is fairly big and uses a nice chunk of power, but it still fit in my mATX case.As a primarily console gamer that would still like to play some PC exclusives and pick up some Steam sales, this card is perfect. It runs almost everything I throw at it, at least with acceptable performance, and is great value, at least until DX11 becomes a requirement for new games (I haven't run into that yet).",113
PASS_002480,KB_02415,REC_188,B004MKJWJO,Electronics,Can't say anything good because it never worked on my computer. I might have got a bad one but I just could not get it to work on my Win 7 ultimate AMD dual core machine. I tried everything to no avail and it wasn't worth sending it back. The only good thing was it was cheap but I still got less than I paid for. I'd probably try EVGA again sometime though I'll move up the quality ladder a bit next time.,83
PASS_002481,KB_02416,REC_188,B004MKJWJO,Electronics,"This is a good video card, now it is not your high end card but it works great with games.",20
PASS_002482,KB_02417,REC_188,B004MKJWJO,Electronics,"Good card for the cost, Value wise it was worth it, but I'm now looking to upgrade to keep up with today's games.",23
PASS_002483,KB_02418,REC_188,B004MKJWJO,Electronics,I bought this for my sons computer so he would stay off mine he just want a good card to play games this fit the bill with no problems,29
PASS_002484,KB_02419,REC_188,B004MKJWJO,Electronics,It takes only 1 6-pin power conenctor and comes with molex adapters so as long as you have a 350watt power supply/psu or higher than your good.My brother used this on his stock 350watt psu which has no 6-pin connector and the card works fine (used the molex adapter).,49
PASS_002485,KB_02420,REC_188,B004MKJWJO,Electronics,This card provides a lot of power for the price.,10
PASS_002486,KB_02421,REC_188,B004MKJWJO,Electronics,"I do not recommend buying this card because there is no warranty or support anymore, Buy it at your own risk if you can get it to work well for you other wise it is a well made video card from a really good company.",45
PASS_002487,KB_02422,REC_188,B004MKJWJO,Electronics,"if you can get one for around that price and have a good Power supply, then this card is awesome.",20
PASS_002488,KB_02423,REC_188,B004MKJWJO,Electronics,"Just keep in mind that it is fairly big and uses a nice chunk of power, but it still fit in my mATX case.As a primarily console gamer that would still like to play some PC exclusives and pick up some Steam sales, this card is perfect.",47
PASS_002489,KB_02424,REC_188,B004MKJWJO,Electronics,They were easy to install and they work great!,9
PASS_002490,KB_02425,REC_188,B004MKJWJO,Electronics,I might have got a bad one but I just could not get it to work on my Win 7 ultimate AMD dual core machine.,25
PASS_002491,KB_02426,REC_188,B004MKJWJO,Electronics,"the card its self is loud, but that probably because I have it overclocked to 750mhz.",16
PASS_002492,KB_02427,REC_188,B004MKJWJO,Electronics,it may be an old card but its still kicking today and will make an amazing physx card down the road when i get the gtx 680 in april,29
PASS_002493,KB_02428,REC_188,B004MKJWJO,Electronics,get a better card new like a hd7770 for  around 100,11
PASS_002494,KB_02429,REC_188,B004MKJWJO,Electronics,"I recived this card today and installed it right away. i was currently running a 6200LE before. this thing consumers just a little over 105 watts is astounding. iv tested it on some games i have. for example skyrim,mw3,team fortress2 sonic generations and crysis 2, i get an average of 50 frames maxed out @about 1050p on every single game listed.  it may be an old card but its still kicking today and will make an amazing physx card down the road when i get the gtx 680 in april",90
PASS_002495,KB_02430,REC_189,B004MMXB6W,Sports_and_Outdoors,"With a little practice, the Machete can be drawn fast enough with this sheath. For the price, it can't be beat.",21
PASS_002496,KB_02431,REC_189,B004MMXB6W,Sports_and_Outdoors,This is a well made sheath for the price. Machete slides in easily and the strap holds the handle nicely in place.,22
PASS_002497,KB_02432,REC_189,B004MMXB6W,Sports_and_Outdoors,I bought this to go with the machete I got my son for his b-day and couldn't believe the quality of the sheath,23
PASS_002498,KB_02433,REC_189,B004MMXB6W,Sports_and_Outdoors,"Should have read the description better, did not know it was an over the shoulder type of sheath. Great Quality and all just not my style but it keeps my blade safe so it works.",35
PASS_002499,KB_02434,REC_189,B004MMXB6W,Sports_and_Outdoors,Shipped Fast Perfect ShapeOne of the better cold steel sheaths its a over the head sheath you could mod it to go on a belt,25
PASS_002500,KB_02435,REC_189,B004MMXB6W,Sports_and_Outdoors,I do not recomend this sheath the machete itself is very good but this type of sheath is dificult to use and impractical I would suggust just geting a normal belt sheash.,32
PASS_002501,KB_02436,REC_189,B004MMXB6W,Sports_and_Outdoors,"It does exactly what it is supposed to do, which is safely hold the machete. The only thing that keeps me from giving it a full five stars is that there's no way of reversing the sheath. You know, they do still make left-handed people!",45
PASS_002502,KB_02437,REC_189,B004MMXB6W,Sports_and_Outdoors,"I've seen other reviews complaining about this sheath. Its decent black nylon of the quality and type you will see with your average holster or magazine pouch. To put it simply this does the precise job its supposed to do and is reinforced at the point with plastic to prevent piercing. It is equipped with a should harness, but unless you are a REAL BIG dude you are not going to carry a machete sheath on your belt.... especially one with a double handed handle and 21&#34; blade, thats what knives are for.",93
PASS_002503,KB_02438,REC_189,B004MMXB6W,Sports_and_Outdoors,"Very nice piece. Well balanced and comfortable for 2 hands. Wish the blade was a little more firm, less flexible. Possibly that's how the blade is supposed to be but I'm very pleased with my purchase. I do recommend it.",40
PASS_002504,KB_02439,REC_189,B004MMXB6W,Sports_and_Outdoors,"This rates at four stars, because in my opinion it should have come with the machete in the first place.",20
PASS_002505,KB_02440,REC_189,B004MMXB6W,Sports_and_Outdoors,"With a little practice, the Machete can be drawn fast enough with this sheath.",14
PASS_002506,KB_02441,REC_189,B004MMXB6W,Sports_and_Outdoors,This is a well made sheath for the price.,9
PASS_002507,KB_02442,REC_189,B004MMXB6W,Sports_and_Outdoors,"It is equipped with a should harness, but unless you are a REAL BIG dude you are not going to carry a machete sheath on your belt.... especially one with a double handed handle and 21&#34; blade, thats what knives are for.",42
PASS_002508,KB_02443,REC_189,B004MMXB6W,Sports_and_Outdoors,I've seen other reviews complaining about this sheath.,8
PASS_002509,KB_02444,REC_189,B004MMXB6W,Sports_and_Outdoors,The only thing that keeps me from giving it a full five stars is that there's no way of reversing the sheath.,22
PASS_002510,KB_02445,REC_189,B004MMXB6W,Sports_and_Outdoors,"Should have read the description better, did not know it was an over the shoulder type of sheath.",18
PASS_002511,KB_02446,REC_189,B004MMXB6W,Sports_and_Outdoors,"You know, they do still make left-handed people!",8
PASS_002512,KB_02447,REC_190,B002Q0W80W,Electronics,"The unit comes with the dock (which isn't cheap plastic, it's ""pleasantly heavy""), an indoor/outdoor hinged antenna with a metal bracket on the back for sturdy mounting (no screws included that I could find), a headphone-to-RCA cable for connection to your receiver (That I didn't use. I plugged some high-quality computer speakers into the unit and it worked great), a wall-wart, and an instruction manual. Invest in a1-Foot Extension Power Cable, 5-Packif you're going to plug this into a power strip.",81
PASS_002513,KB_02448,REC_190,B002Q0W80W,Electronics,"I bought this Dock and Play Home Kit from Amazon 4 days ago and received it today. Everything was intact and in excellent condition upon arrival. There were no instructions included, but the set-up was too easy; just plug everything into the dock (power cord, speakers and antenna cable). I have an XM Xpress RCi Radio that used to only be in my car; now, I have it rocking my &#34;Man-Cave&#34; in the backyard! The Radio fit into the dock perfectly, and acquiring a signal with the satellite antenna was a cinch, even through the wooden walls of my Man Cave; just have it facing West.",106
PASS_002514,KB_02449,REC_190,B002Q0W80W,Electronics,This product works and I would encourage anyone who wants to listen to XM radio in their home to purchase this product.,22
PASS_002515,KB_02450,REC_190,B002Q0W80W,Electronics,Product is received as intended. Amazon offers at the best price. Too bad XM makes their product so proprietary that you must purchase their over priced accessories.,27
PASS_002516,KB_02451,REC_190,B002Q0W80W,Electronics,"I believe I returned this product because I needed to purchase an additional adaptor to use with it, which at the time I was unwilling to do--so I can't really review it's productivity.",33
PASS_002517,KB_02452,REC_190,B002Q0W80W,Electronics,"This is what it is advertised to be. If you have an XM radio and you need a dock this is it. Cord lengths are correct, everything is included to plug and play. Rock on!",35
PASS_002518,KB_02453,REC_190,B002Q0W80W,Electronics,I am extremely happy with this purchase despite the fact that I had to pay a new $75 transfer fee to XM. But the dock is similar to my old Rhoady XT. Does not take up much space and easy to use.,42
PASS_002519,KB_02454,REC_190,B002Q0W80W,Electronics,"This home kit really works well. Set up was an easy thing, just plug it in. Reception is excellent and the whole experience is just as I had hoped it would be.",32
PASS_002520,KB_02455,REC_190,B002Q0W80W,Electronics,"This product was complete and as ordered but it came in a plain plastic bag with no manual. Its assembly was fairly self-explanatory except for antenna placement. I was able to locate and download a manual online but I don't feel I should have had to.That aside, it was an excellent purchase.",52
PASS_002521,KB_02456,REC_190,B002Q0W80W,Electronics,awesome cheap price product to enjoy xm radio inside the home antenna is long enough can plug it into a system or speakers and puts out awesome sound defiantly worth the money A+ Amazon does it again with the lowest pricing,41
PASS_002522,KB_02457,REC_190,B002Q0W80W,Electronics,"There were no instructions included, but the set-up was too easy; just plug everything into the dock (power cord, speakers and antenna cable).",23
PASS_002523,KB_02458,REC_190,B002Q0W80W,Electronics,"Invest in a1-Foot Extension Power Cable, 5-Packif you're going to plug this into a power strip.",16
PASS_002524,KB_02459,REC_190,B002Q0W80W,Electronics,Too bad XM makes their product so proprietary that you must purchase their over priced accessories.,16
PASS_002525,KB_02460,REC_190,B002Q0W80W,Electronics,"I was able to locate and download a manual online but I don't feel I should have had to.That aside, it was an excellent purchase.",25
PASS_002526,KB_02461,REC_190,B002Q0W80W,Electronics,I am extremely happy with this purchase despite the fact that I had to pay a new $75 transfer fee to XM.,22
PASS_002527,KB_02462,REC_190,B002Q0W80W,Electronics,"Set up was an easy thing, just plug it in.",10
PASS_002528,KB_02463,REC_190,B002Q0W80W,Electronics,"Cord lengths are correct, everything is included to plug and play.",11
PASS_002529,KB_02464,REC_190,B002Q0W80W,Electronics,"The dock works great, setup was easy however, I wish the instructions were a bit more detailed.  I did have to spend time on the phone with Serius to get my radio set up (no reflection on the docking station).  It took several tries before it found the satellite.  I have the car kit too and it is so easy to move the radio from home to the car.",69
PASS_002530,KB_02465,REC_191,B00AU6ED8Y,Sports_and_Outdoors,"I was concerned about break barrel air rifles, but its been a long time since I bought a pellet rifle. I have owned crossman, daisy etc.. and my best was my pump bb rifle that broke and my grandfather replaced the spring.. wow I could shoot holes right through a tin can. This time around I wanted a .22 for small game. Due to govt. overreach there is a shortage of any pistol or rifle ammunition, so getting a .22 pellet rifle had me looking in all the stores.. and then the Umarex shows up as an ad.",98
PASS_002531,KB_02466,REC_191,B00AU6ED8Y,Sports_and_Outdoors,This should be priced at 150-175 in my opinion. I hope my iron sighting issue was just a random defect. This could be a great rifle for the current price. Good luck and thanks for your patience in taking to read my novel sized review. Good hunting,47
PASS_002532,KB_02467,REC_191,B00AU6ED8Y,Sports_and_Outdoors,"The seems to be very sturdy with good fit and finish. My only complaint is that it is huge! I mean Huge!. Of my twenty real guns, this air rifle is the biggest. It wouldnt even fit in my gun safe. It is longer than me remington 870 12 guage with a 28 inch barrel. This being said, It is to big to pack around in the woods comfortably not that I would anyway.",74
PASS_002533,KB_02468,REC_191,B00AU6ED8Y,Sports_and_Outdoors,"I can cock it left or right handed with very little effort. Having said that, it is obviously going to be harder to cock than a rifle making less power. My girlfriend can cock my Gamo Rocket DX without too much effort, but can't quite cock the Octane. I would estimate the Octane to be 20-30% harder to cock than my Nitro Vantage, and 50% harder than the Rocket DX. The bundled scope is probably adequate for most uses. It has an adjustable objective and 3-9x magnification is plenty for hunting and casual target shooting or plinking.",97
PASS_002534,KB_02469,REC_191,B00AU6ED8Y,Sports_and_Outdoors,"Stock is somewhat odd compared to traditional style, I don't care for lock of raised comb as it makes no difference in my shooting results.Trigger is best I have seen in any air rifle owned to date, safety is reversed but not an obstacle at all.Scope is adequate but I would have preferred to buy one separately and eliminate the cost of one supplied with rifle.Iron sights are usable, the rear one has steel components, front could use hood.Rifle is well built, there are no stripped or molested screws typically found on Chines products.Everything works as intended, barrel locks securely and stays firmly locked in place.This is a heavy rifle so don't plan on lugging it around for very long time, cocking effort can be a handful, best shooting is from some sort of rest.Things I have done to it since new:Thrown away ruined and compressed breach O-ring, filed off all sharp edges, cleaned barrel and applied gun bluing to exposed metal.Tightened break barrel screw to get stiffer joint.Replaced breach o-ring with one from Home Depot (#208 O-ring, 10 pack).Reinstalled stock, applied drop of gun oil to vital areas and blue thread lock to all screws.Replaced scope with Center Point",200
PASS_002535,KB_02469,REC_191,B00AU6ED8Y,Sports_and_Outdoors,"stock, applied drop of gun oil to vital areas and blue thread lock to all screws.Replaced scope with Center Point 4-16x40 AO so I can see holes in target at 50 yards.Sanded off sharp edges from stock middle where mold joint allows some overflow and smoothed out rest of it for comfort grip, checkering in front of trigger acted as Velcro, I sanded off sharp points.Rifle is now what it should have been when sold, no regrets here, this is my second Umarex, one with right choice of features and capacity to shoot heavier pellets at more flat trajectory than an average .22 caliber air rifle, according to experts, right choice of pellet can match the energy of .22 caliber any time.The key to this is claimed velocity needed to shoot heavy pellets.I learned over time to subtract between 100 and 200 FPS from factory claimed velocity as they try to out lie each other, therefore, this rifle should be good for 1000 FPS using 14-15 grains lead pellets.Crosman Premier hunting hollow point pellets give me 2"" groups at 50 yards, 1"" groups at 25 yards and 1/4"" groups at 10 yards, all with rest, craws beware.I have 15 and",200
PASS_002536,KB_02469,REC_191,B00AU6ED8Y,Sports_and_Outdoors,"yards, 1"" groups at 25 yards and 1/4"" groups at 10 yards, all with rest, craws beware.I have 15 and 16 grains pellets on the way and will be comparing the results shortly.Only 4 stars because I had to finish the job of making this the best air rifle, for about $200 or less, I ever owned.UPDATE:I successfully shot Eunjin 16.1 grains and H&N; Rabbit Magnum 15.74 grains pellets from this rifle.",72
PASS_002537,KB_02470,REC_191,B00AU6ED8Y,Sports_and_Outdoors,"Researched the Web for a couple of weeks, looking for an air rifle that was accurate, powerful, and price friendly. The Umarex .22 caliber air rifle appeared to be the best &#34;bang&#34; for the buck. I like the rifle very much; it is accurate after you break it in, if you use a heavy weight solid nose pellet. It has plenty of power. A squirrel has no chance against it. And once you get the scope zero'd and the rifle broken in, it will group shots very nicely.",88
PASS_002538,KB_02471,REC_191,B00AU6ED8Y,Sports_and_Outdoors,"It will be the most accurate with heavier pellets and will not go subsonic. Saying this rifle is loud because the pellets break the sound barrier is basically blaming the speed of sound for existing. Shoot heavy pellets and you will not have any problems with noise. My Octane is in .22 caliber and no lead pellets will be breaking the speed of sound from it. In fact, this is my quietest rifle. Probably not much louder than my Red Ryder, though the sound of the pellet's impact is still very pronounced on a solid target.",96
PASS_002539,KB_02472,REC_191,B00AU6ED8Y,Sports_and_Outdoors,"I have never owned an air rifle but recently purchased a Umarex to take care of a ground squirrel problem at my home. This is an extremely powerful weapon and after using it for 2 weeks I am very pleased. First, the cons:1. It is heavy. Your arms will become fatigued if you plan on shooting for any length of time from a standing position.2. It takes quite a bit of strength to cock the break barrel. I'm a middle age male and had to use two arms to cock the barrel by holding it vertically with the rifle butt on the ground.",103
PASS_002540,KB_02473,REC_191,B00AU6ED8Y,Sports_and_Outdoors,"It's happy with a diablo monster to superdomes(22.4gr to 14.5gr), in my case. The Uma has the highest FPS so lighter pellets may go supersonic(and have for me) creating a sharp, loud report.All three become consistent and more predictable regarding noise production during break-in, but variable in the beginning. Gamo is quietest and Benji/Uma tied.I've had to loc-tite the Benji and Uma main screws as they'd loosen with repetitive break barrel cocking and firing. I recommend you do the same.",80
PASS_002541,KB_02474,REC_191,B00AU6ED8Y,Sports_and_Outdoors,"POI is about 2 inches low relative to 10 grain pellets at 35 yards, they are more difficult to load but work fine and accuracy is acceptable considering shots at 35 yards or less.These pellets are slightly oversize and have to be forced into the barrel, this fills grooves and lands of the rifling and contributes to harvesting full power of the piston.I have few more pellets on order, all in 16 grains range, gives me power and energy of .22 in .177 caliber air rifle, wide range of options that are a lot quieter and cheaper than .22 rim fire ammo, if you can find it in the first place.I recently purchased Benjamin Trail NP, break barrel air pistol and shot both of the above mentioned pellets from it without any hesitation or lose of power that would suggest a problem, dead serious combo in 25 yards range for small game hunting, no louder than dropping small crescent wrench from your hand.",163
PASS_002542,KB_02475,REC_191,B00AU6ED8Y,Sports_and_Outdoors,Good luck and thanks for your patience in taking to read my novel sized review.,15
PASS_002543,KB_02476,REC_191,B00AU6ED8Y,Sports_and_Outdoors,My Octane is in .22 caliber and no lead pellets will be breaking the speed of sound from it.,19
PASS_002544,KB_02477,REC_191,B00AU6ED8Y,Sports_and_Outdoors,The Umarex .22 caliber air rifle appeared to be the best &#34;bang&#34; for the buck.,15
PASS_002545,KB_02478,REC_191,B00AU6ED8Y,Sports_and_Outdoors,"This being said, It is to big to pack around in the woods comfortably not that I would anyway.",19
PASS_002546,KB_02479,REC_191,B00AU6ED8Y,Sports_and_Outdoors,I wanted to leave a more descriptive review after my feeling of disappointment was a factor.,16
PASS_002547,KB_02480,REC_191,B00AU6ED8Y,Sports_and_Outdoors,When I saw somebody put the octane and the Benjamin 1500 in the same category I had to laugh.,19
PASS_002548,KB_02481,REC_191,B00AU6ED8Y,Sports_and_Outdoors,"I would estimate the Octane to be 20-30% harder to cock than my Nitro Vantage, and 50% harder than the Rocket DX.",22
PASS_002549,KB_02482,REC_191,B00AU6ED8Y,Sports_and_Outdoors,I had heard good things about Umarex products.,8
PASS_002550,KB_02483,REC_191,B00AU6ED8Y,Sports_and_Outdoors,"My points of reference are the two gas rams named above. All three .22s have more than 1k pellets through them except the uma which is closer to 500, however, I feel I have a good gauge on how it's breaking in.The one liner: I'll be selling or giving away the Benji trail as it, in my case is redundant and less of a fit than the Uma.The Uma is the heaviest and the hardest to cock, while the Gamo is the easiest. The difference is HUGE, but the weights and feeling of sturdiness is commensurate to the difficulty in cocking. The Uma feels like a solid single unit without lateral give when cocking and using; nary a rattle nor wobble. Similar to the Benji, dirty out of the box(dirtier, even) so take your time cleaning it. There's a break-in period with all three of at least 500 to 1k pellets before your groupings will hold consistently. Reserve judgement until the break-in period is complete. My opinion on all three varied throughout the break-in.I'm 5'10 165# and have had no difficulty cocking the Uma(as a counterpoint to another review), but admit it's 5x harder to cock than the Gamo.Probably best",200
PASS_002551,KB_02483,REC_191,B00AU6ED8Y,Sports_and_Outdoors,"difficulty cocking the Uma(as a counterpoint to another review), but admit it's 5x harder to cock than the Gamo.Probably best to use a heavier pellet for the Uma. It's happy with a diablo monster to superdomes(22.4gr to 14.5gr), in my case. The Uma has the highest FPS so lighter pellets may go supersonic(and have for me) creating a sharp, loud report.All three become consistent and more predictable regarding noise production during break-in, but variable in the beginning. Gamo is quietest and Benji/Uma tied.I've had to loc-tite the Benji and Uma main screws as they'd loosen with repetitive break barrel cocking and firing. I recommend you do the same. It makes me nervous to think someone might miss them loosening and cause problems.All three would benefit from scope upgrades. All three have unique trigger feels; none better than the other, in my opinion.The Gamo is amazingly light, consistent and accurate, but less powerful/fps. The Uma is a beast and feels like it's made to last til the end of time. The Benji is more towards the Uma, but less sturdy and accurate for me.***Update after an additional couple of months. The uma has won me over hands down. I did upgrade",200
PASS_002552,KB_02483,REC_191,B00AU6ED8Y,Sports_and_Outdoors,"accurate for me.***Update after an additional couple of months. The uma has won me over hands down. I did upgrade the scope to a UTG; that increases the pleasure of using immensely. But the accuracy after breaking is better than expected., Gamo seems second in accuracy and feeling controlled with the artillery hold. It may be due to weight and a feel of sturdiness that the uma feels so nice from lining up to following it out, but not entirely. The benji is heavy but feels jumpy compared to.25 the dense uma and the light gamo. It seems like the benji put on the weight but forgot to have an equal increase in stability. The uma has a thud to the gas ram that just feels like a bear hug to the chest compared to the benji jumpy cat feel. The benji's good, the uma has you yearning for that feel and sets itself as the benchmark.Maybe I just got lucky and the fit and quality of this piece was just out of the ordinary. I still like the gamo with it's light and quick feel and cocking action. I use it frequently. The benji's a good piece of equipment",200
PASS_002553,KB_02483,REC_191,B00AU6ED8Y,Sports_and_Outdoors,"with it's light and quick feel and cocking action. I use it frequently. The benji's a good piece of equipment and I imagine it's the favorite of the three for someone with different attributes and needs. Also, from what I'm reading, it seems that there is some variability in quality for the same model and brand. In that case customer support would be a key marker to follow prior to purchase.I'm wondering what's next for the gas rams. They've set themselves a pretty high bar for the next round of thumpers. If they get much more powerful, I suppose I'll have to move up to a .25 to gain the Joules/foot-pound energy and not lose the pellet stability associated with the supersonic speeds.",123
PASS_002554,KB_02484,REC_192,B003F8UFC2,Tools_and_Home_Improvement,"The build quality and functionality of these racks are top notch. I use them to rack two SUPs (one 9'2"" and one 10') high in my garage, and they work great. They are very easy to install and the padded arms and arm spacing are perfect for SUPs. I highly recommend this rack to anyone looking to get one or more SUPs off the floor and stored nicely.",68
PASS_002555,KB_02485,REC_192,B003F8UFC2,Tools_and_Home_Improvement,"We mounted this on the back wall in our garage. Before that, we had the standup paddleboards resting against each other with a towel separating them. During Hurricane Sandy our garage was flooded & those paddleboards crashed against each other with one causing a huge gouge in the other one. Perhaps if we'd found this rack before the hurricane, we wouldn't have suffered a damaged board. They are very secure & hold the 2 paddleboards quite nicely. Very good product. And they look nice, too.",85
PASS_002556,KB_02486,REC_192,B003F8UFC2,Tools_and_Home_Improvement,They do what i need them to do. Easy to install and strong. Prettiest thing in my new garage. Good luck,21
PASS_002557,KB_02487,REC_192,B003F8UFC2,Tools_and_Home_Improvement,"These racks are amazing. They were quite difficult to install into our walls/ studs, requiring several Home Depot trips for the right hardware, but they are SO worth it. They hold our two SUP boards, look gorgeous, and are easy to maneuver when getting the boards on and off. Practical, well-built, and attractive. I would recommend these to anyone, especially in regards to quality. THANK YOU!",66
PASS_002558,KB_02488,REC_192,B003F8UFC2,Tools_and_Home_Improvement,These arrived in about 2 days.Easy to install - 4 screws.They work for the two 12' Costco boards I bought.,20
PASS_002559,KB_02489,REC_192,B003F8UFC2,Tools_and_Home_Improvement,"The double rack was delivered promptly. It was easy to install, looks great, and works great. What more can you ask?",21
PASS_002560,KB_02490,REC_192,B003F8UFC2,Tools_and_Home_Improvement,"Nice product, I have a very large investment hanging from it - a Naish Glide and a Bark Competitor. It hold my boards sturdily and securely. I called the vendor with a question and he was extremely courteous and most professional. I looked at many devices to hold my boards, this is the only one in my eyes. Easy to hang, comes with everything you need - even the drill bit. You can't go wrong!",75
PASS_002561,KB_02491,REC_192,B003F8UFC2,Tools_and_Home_Improvement,Mounted two 7ft. surfboards and two 10ft. stand up paddleboards in our garage. Easy to remove boards for use. Padding is ample to protect boards from damage. Solid product!,29
PASS_002562,KB_02492,REC_192,B003F8UFC2,Tools_and_Home_Improvement,"Love these racks! I've got my longboard on top and my 9'8"" SUP paddle surfboad on the bottom rack. They look beautiful mounted on these fine racks. The Surfdogz SUP rack is awesome! Really beautiful hardwood, simple to mount by screwing into studs, nice soft pipe insulation with rubber caps for total protection. I would highly recommend these. I have a 9' ceiling in my garage, so my board would not fit vertically. This makes it very easy to simply lift the board over head and slip into the racks.",90
PASS_002563,KB_02493,REC_192,B003F8UFC2,Tools_and_Home_Improvement,Just what I needed to put my boards up! Installed in my living room to give it a cool surf vibe.,21
PASS_002564,KB_02494,REC_192,B003F8UFC2,Tools_and_Home_Improvement,They are very easy to install and the padded arms and arm spacing are perfect for SUPs.,17
PASS_002565,KB_02495,REC_192,B003F8UFC2,Tools_and_Home_Improvement,stand up paddleboards in our garage.,6
PASS_002566,KB_02496,REC_192,B003F8UFC2,Tools_and_Home_Improvement,What more can you ask?,5
PASS_002567,KB_02497,REC_192,B003F8UFC2,Tools_and_Home_Improvement,We mounted this on the back wall in our garage.,10
PASS_002568,KB_02498,REC_192,B003F8UFC2,Tools_and_Home_Improvement,This rack is super cool looking and very strong.,9
PASS_002569,KB_02499,REC_192,B003F8UFC2,Tools_and_Home_Improvement,This makes it very easy to simply lift the board over head and slip into the racks.,17
PASS_002570,KB_02500,REC_192,B003F8UFC2,Tools_and_Home_Improvement,"They were quite difficult to install into our walls/ studs, requiring several Home Depot trips for the right hardware, but they are SO worth it.",25
PASS_002571,KB_02501,REC_193,B00B2B4OE4,Automotive,"After doing several weeks of searching online to find a good suspension lift for my 2000 Jeep Wrangler, I decided to go with Rough Country. I trust Amazon so I saw several kits at  reasonable prices and decided to purchase from here. A box pops up asking what's the vehicle information ( Style, make, model, year) I entered in my info and this was the kit recommended. I set up an Amazon account went through with purchase and 4 days later I received 3 boxes. I hired a guy to do the install since I have no clue how to piece everything together and he put the fronts on first everything was perfect.",113
PASS_002572,KB_02502,REC_193,B00B2B4OE4,Automotive,This took him and another guy  5 hours to instal the front suspension. He started to open the rear box and sure enough NOT the right parts for this complete kit! The rear end is for a Jeep Cherokee style suspension. I emailed Amazon and a Rough Country as directed to do if something was wrong. I'm now waiting a whole day with my Jeep sitting in a garage half way finished trying to solve this problem. My advice google reviews about the product when people receive it because a few other purchases of a a Rough Country Suspension Kits that were sent to people had the wrong parts shipped to them.,112
PASS_002573,KB_02503,REC_193,B00B2B4OE4,Automotive,The drop pitman arm and the front adjustable track bar should come with the kit. That way you dont have to drill into the bracket. Also the intructions are very vague for people that have never installed a lift. The add a leaf that was sold with it doesnt even level it out. Which shows it wasnt meant for a 4.5inch lift.,62
PASS_002574,KB_02504,REC_193,B00B2B4OE4,Automotive,IT WAS A GREAT LIFT FOR THE MONEY. IT INSTALLED  WITH EASE. IT TOOK ABOUT 7 HOURS START TO FINISH.,20
PASS_002575,KB_02505,REC_193,B00B2B4OE4,Automotive,"I installed this lift on a 2 door 1994 jeep cherokee. Love it , made from good quality but i live by Rough Country built parts. I would and tell all friends that got a great deal for it on amazon. I had no problems putting in the lift.",49
PASS_002576,KB_02506,REC_193,B00B2B4OE4,Automotive,Great lift for the price. Had a little trouble installing the front but overall very happy. And it looks great.,20
PASS_002577,KB_02507,REC_193,B00B2B4OE4,Automotive,Great lift a bit &#34;rough&#34; haha but that fits the name. Overall easy to install. mins track bar mount has to be drilled its a great lift. Rough country customer service is great I called in and they answered all my questions.,42
PASS_002578,KB_02508,REC_193,B00B2B4OE4,Automotive,"After doing several weeks of searching online to find a good suspension lift for my 2000 Jeep Wrangler, I decided to go with Rough Country.",25
PASS_002579,KB_02509,REC_193,B00B2B4OE4,Automotive,mins track bar mount has to be drilled its a great lift.,12
PASS_002580,KB_02510,REC_193,B00B2B4OE4,Automotive,Which shows it wasnt meant for a 4.5inch lift.,9
PASS_002581,KB_02511,REC_193,B00B2B4OE4,Automotive,This took him and another guy  5 hours to instal the front suspension.,13
PASS_002582,KB_02512,REC_193,B00B2B4OE4,Automotive,The rear end is for a Jeep Cherokee style suspension.,10
PASS_002583,KB_02513,REC_193,B00B2B4OE4,Automotive,The drop pitman arm and the front adjustable track bar should come with the kit.,15
PASS_002584,KB_02514,REC_193,B00B2B4OE4,Automotive,The add a leaf that was sold with it doesnt even level it out.,14
PASS_002585,KB_02515,REC_193,B00B2B4OE4,Automotive,That way you dont have to drill into the bracket.,10
PASS_002586,KB_02516,REC_193,B00B2B4OE4,Automotive,Rough country customer service is great I called in and they answered all my questions.,15
PASS_002587,KB_02517,REC_194,B00079EH3U,Sports_and_Outdoors,"For me personally, it doesn't need a back, as It uses your own body for support. I recommend sampling the chair for a few days first to see if it's for you. Most Office Furniture Dealers that have this manufacturer available to them offer this service free of charge. Take it for a test ride prior to buying!",58
PASS_002588,KB_02518,REC_194,B00079EH3U,Sports_and_Outdoors,"I, too, have owned a Swopper chair for five years. I tell anyone who will listen that this is the best thing you can do for your back. Like another reviewer, I can sit in this chair for 10 hours if need be. At this point I would never go back to a conventional chair for work or any other activity that required long hours of focused, seated activity.Case in point, before owning this chair I had begun to have chronic lower back problems and weakness, resulting in several episodes of pulling or straining my back and being laid up for hours or days at a time.",107
PASS_002589,KB_02519,REC_194,B00079EH3U,Sports_and_Outdoors,"When considering buying the Swopper, I hadn't been at all worried about it being a backless chair, because I never lean back in my chairs anyway; it causes too much tailbone pain.So I've tried sitting on the Swopper again, but this time sitting all the way on the back edge, rather than square in the middle/top. No tailbone pain! However, it still cuts into my thighs, but the pressure is relieved by turning the base around and putting the opening at the back and using the base as a foot rest.",91
PASS_002590,KB_02520,REC_194,B00079EH3U,Sports_and_Outdoors,Nothing is worth more than the health of your back.,10
PASS_002591,KB_02521,REC_194,B00079EH3U,Sports_and_Outdoors,"I am convinced (though I can't prove it) that this chair has been instrumental in strengthening my back and preventing further issues; I've been ""pain free"" since owning my Swopper.I have the microsuede seat cover and have never had any fabric slippage problems.",43
PASS_002592,KB_02522,REC_194,B00079EH3U,Sports_and_Outdoors,"this is a good product, especially for those who suffer from lower back pains. Swopper allows the healthiest way of sitting: perching; for those long hours in front of the computer.However, the product is disassembled in the US, the backrest and its fabric cover are missing; every part is then sold separately and by different providers; the total cost to the customer is thus maximized.",65
PASS_002593,KB_02523,REC_194,B00079EH3U,Sports_and_Outdoors,"I have to struggle a bit to keep from sliding off the back, but that just gives my abs more of a workout. I'm going to get one of those tailbone cushions with a cut out and see if that will enable me to sit centered on the Swopper without pain.But that's not going to solve the one other problem with this chair - that it's too high. Even at the lowest setting, my legs won't fit under my keyboard shelf. That's solvable by putting my desk up on blocks, but it's a nuisance to have to do that.",99
PASS_002594,KB_02524,REC_194,B00079EH3U,Sports_and_Outdoors,"I just rotate the seat around so the fabric will work itself the other way. It think it has to do with the seat leaning forward as you sit.With all the news lately about sitting being so bad for you, I think this chair allows just the right amount of movement to offset any stillness in the pelvis.I have sat on it for eight hours straight working on a project and had no problem. This is after years of use though.Would I purchase it again? Absolutely. There are times I miss a back to lean against.",96
PASS_002595,KB_02525,REC_194,B00079EH3U,Sports_and_Outdoors,"I was skeptical about the results of sitting on the swopper before purchase, but I am totally convinced and thrilled that it works. You will never go back to sitting on a regular chair (however expensive) again. Only, get used to sitting on it in stages as the instructions suggest and eventually make it your full-time chair. I liked the chair so much that I now have two, one for work and the other for home use. In fact, I'm sitting on one as I write this review :).",89
PASS_002596,KB_02526,REC_194,B00079EH3U,Sports_and_Outdoors,"It took some getting used to not having a back at first, but after a few days, my back was thanking me! I too have scoliosis, so I constantly struggle with back pain. With this chair my back no longer hurts at the end of the day and I feel like I have more energy. I love love love this chair and recommend it for anyone that suffers from back pain. Now I'll admit, It's not for everyone, as I have a co-worker that is not a big fan of it and says he misses having a back to lean on.",101
PASS_002597,KB_02527,REC_194,B00079EH3U,Sports_and_Outdoors,"However, it still cuts into my thighs, but the pressure is relieved by turning the base around and putting the opening at the back and using the base as a foot rest.",32
PASS_002598,KB_02528,REC_194,B00079EH3U,Sports_and_Outdoors,"Like another reviewer, I can sit in this chair for 10 hours if need be.",15
PASS_002599,KB_02529,REC_194,B00079EH3U,Sports_and_Outdoors,"For me personally, it doesn't need a back, as It uses your own body for support.",16
PASS_002600,KB_02530,REC_194,B00079EH3U,Sports_and_Outdoors,"this is a good product, especially for those who suffer from lower back pains.",14
PASS_002601,KB_02531,REC_194,B00079EH3U,Sports_and_Outdoors,You will never go back to sitting on a regular chair (however expensive) again.,14
PASS_002602,KB_02532,REC_194,B00079EH3U,Sports_and_Outdoors,"When considering buying the Swopper, I hadn't been at all worried about it being a backless chair, because I never lean back in my chairs anyway; it causes too much tailbone pain.So I've tried sitting on the Swopper again, but this time sitting all the way on the back edge, rather than square in the middle/top.",56
PASS_002603,KB_02533,REC_194,B00079EH3U,Sports_and_Outdoors,"Unlike other similarly priced so called ergonomic chairs that have a back support, the lack of one on the swopper actually strengthens the lower back muscles.",26
PASS_002604,KB_02534,REC_194,B00079EH3U,Sports_and_Outdoors,"The stool/chair has been fantastic and like many other reviews say, really does work and cure lower back issues.",19
PASS_002605,KB_02535,REC_194,B00079EH3U,Sports_and_Outdoors,"The pain goes away if lean forward and over-arch my back, but then I just hurt in my back instead.",20
PASS_002606,KB_02536,REC_194,B00079EH3U,Sports_and_Outdoors,"That said, my friend, who has back problems, wasn't really able to get used to it, so it may not work for everyone.I'm not sure if there is a difference in the new chairs compared to when I got mine, but the the chair came completely assembled with the exception of having to place the seat on the base.",59
PASS_002607,KB_02537,REC_194,B00079EH3U,Sports_and_Outdoors,"I purchased the swopper after doing a lot of online research. I could return it for a full refund if I didn't like it to the store I purchased it from. The stool/chair has been fantastic and like many other reviews say, really does work and cure lower back issues. Not only that, it promotes the right posture, movement and active sitting. Unlike other similarly priced so called ergonomic chairs that have a back support, the lack of one on the swopper actually strengthens the lower back muscles. Plush ergonomic chairs with back support just weaken the back. I was skeptical about the results of sitting on the swopper before purchase, but I am totally convinced and thrilled that it works. You will never go back to sitting on a regular chair (however expensive) again. Only, get used to sitting on it in stages as the instructions suggest and eventually make it your full-time chair. I liked the chair so much that I now have two, one for work and the other for home use. In fact, I'm sitting on one as I write this review :). Nothing is worth more than the health of your back.",197
PASS_002608,KB_02538,REC_195,B00EA1T3G2,Home_and_Kitchen,"We purchased enough sets for 12 place settings for everyday use. The quality is excellent with no flaws in any dish or cup. The color was perfect and even on all pieces. The white looks beautiful on the table and I enjoy using it with different colors of linen. I did a lot of research on square style of dishes. We only wanted the dinner plate, coffee cup, side plate and cereal/salad bowl. and by far this was the most economical and met our needs. We have received many compliments from family and guests.",94
PASS_002609,KB_02539,REC_195,B00EA1T3G2,Home_and_Kitchen,"The box arrived in perfect condition, so it was packed in its defective state at the factory---poor business practice to say the least.",23
PASS_002610,KB_02540,REC_195,B00EA1T3G2,Home_and_Kitchen,"My order was received in poor condition. I don't know how to attach photos to this email. I have pictures of the chipped cup and warped plates.The low level of QI with this company is appalling. Instead of assuring me that they would investigate how this came about, they and ( you) insinuate that I am not returning the items in a timely manner-- then repeatedly request I withdraw my negative comments. If this company was more concerned with a quality product than worrying about published negative comments, then we would have something to talk about.",96
PASS_002611,KB_02541,REC_195,B00EA1T3G2,Home_and_Kitchen,"I trust this brand.So this set was almost a no-brainer for me. We don't use the cups in this set, but we've been loving all the other pieces. It is great for mixing up with some of my other round dinnerware.I've found 10 Strawberry Street to be a reliable brand, and I recommend it.",54
PASS_002612,KB_02542,REC_195,B00EA1T3G2,Home_and_Kitchen,I purchased the set for my husband. He wanted plain white and smooth plates. I really like the shape and size of the set.,24
PASS_002613,KB_02543,REC_195,B00EA1T3G2,Home_and_Kitchen,"I collect dishes:  All kinds, from 2 place settings up to 16 place settings. I have so much I'm running out of room. Good thing we have a large old house with plenty of space....  With all the different kinds of dinnerware that I have, I wanted something square-ish to mix things up a bit.10 Strawberry Street does a lot of white. Their designs seem to fit in many places. And they are quality pieces:  They don't chip easily; they don't have flaws in the finish; the undersides are finished nicely; they don't show knife cuts (under normal pressure); the shades of white they use are not too bright.",109
PASS_002614,KB_02544,REC_195,B00EA1T3G2,Home_and_Kitchen,"I bought two of these dinnerware sets as a gift for my son and he says they are perfect. Arrived on time, too!",23
PASS_002615,KB_02545,REC_195,B00EA1T3G2,Home_and_Kitchen,"I bought these dishes to replace our every-day set. They are so awesome! They do very well in the microwave, and the dishwasher, and aren't too clunky. Definitely would recommend.",30
PASS_002616,KB_02546,REC_195,B00EA1T3G2,Home_and_Kitchen,Fully recommend and we are totally satisfied with our purchase! !,11
PASS_002617,KB_02547,REC_195,B00EA1T3G2,Home_and_Kitchen,and by far this was the most economical and met our needs.,12
PASS_002618,KB_02548,REC_195,B00EA1T3G2,Home_and_Kitchen,We purchased enough sets for 12 place settings for everyday use.,11
PASS_002619,KB_02549,REC_195,B00EA1T3G2,Home_and_Kitchen,"We only wanted the dinner plate, coffee cup, side plate and cereal/salad bowl.",13
PASS_002620,KB_02550,REC_195,B00EA1T3G2,Home_and_Kitchen,We have received many compliments from family and guests.,9
PASS_002621,KB_02551,REC_195,B00EA1T3G2,Home_and_Kitchen,"We don't use the cups in this set, but we've been loving all the other pieces.",16
PASS_002622,KB_02552,REC_195,B00EA1T3G2,Home_and_Kitchen,"They do very well in the microwave, and the dishwasher, and aren't too clunky.",14
PASS_002623,KB_02553,REC_195,B00EA1T3G2,Home_and_Kitchen,Their designs seem to fit in many places.,8
PASS_002624,KB_02554,REC_195,B00EA1T3G2,Home_and_Kitchen,The white looks beautiful on the table and I enjoy using it with different colors of linen.,17
PASS_002625,KB_02555,REC_195,B00EA1T3G2,Home_and_Kitchen,The quality is excellent with no flaws in any dish or cup.,12
PASS_002626,KB_02556,REC_195,B00EA1T3G2,Home_and_Kitchen,"I collect dishes:  All kinds, from 2 place settings up to 16 place settings.  I have so much I'm running out of room.  Good thing we have a large old house with plenty of space....  With all the different kinds of dinnerware that I have, I wanted something square-ish to mix things up a bit.10 Strawberry Street does a lot of white.  Their designs seem to fit in many places.  And they are quality pieces:  They don't chip easily; they don't have flaws in the finish; the undersides are finished nicely; they don't show knife cuts (under normal pressure); the shades of white they use are not too bright.  I trust this brand.So this set was almost a no-brainer for me.  We don't use the cups in this set, but we've been loving all the other pieces.  It is great for mixing up with some of my other round dinnerware.I've found 10 Strawberry Street to be a reliable brand, and I recommend it.",163
PASS_002627,KB_02557,REC_196,B004Q3PE30,Sports_and_Outdoors,"Very nice bike for the price. Can't complain, but they could provide better saddles for the bike. The saddle that it ships with is like is very small, i do not mean narrow, because I ride road bikes and the saddles are narrow, but not long enough. Weight is ""OK."" Can't ask much for a $500.00 bike. If you are just buying this for flat surfaces you will be ok. I road some hills with my wife and it is tough because of the bike's weight.Overall I am satisfied.",89
PASS_002628,KB_02558,REC_196,B004Q3PE30,Sports_and_Outdoors,"So far, we've replaced a couple of crank bearings but that can be expected on any ride this far with bearings that aren't sealed (it only cost us 15 bucks for labor and 4 for bearings). The stock tires only lasted 800 miles. The front derailler isn't that great but if you use it right, it will shift properly (by anticipating hills and such). As with any tandem bicycle, the cables for the rear brakes are extra long so they rear brakes need a device that gives it extra pull; we found one for 20 bucks.",96
PASS_002629,KB_02559,REC_196,B004Q3PE30,Sports_and_Outdoors,"Once the upgrades are made, it becomes a long distance cruising machine.After a short test ride, I immediately replaced the BRAKES that came with the bike and would recommend this to everyone. I live in San Francisco, and given the hills we have, I couldn't rely on the factory brakes that came with the bike (mass times velocity gets into some big numbers on tandems!). You'll need a Travel Agent brake pulley for both the front and rear brakes. I installed Avid Single Digit 7 V-brakes which are great value for the money.",93
PASS_002630,KB_02560,REC_196,B004Q3PE30,Sports_and_Outdoors,"Everything works great, shifts smoothly (after lots o' adjustment), brakes good-enough.Read the reviews for the lambo, just ignore comments about the brakes, shifters, flats, broken spokes (those things have been addressed in the giordano)With a few upgrades this would be a very solid bike. As-is, it is great for the beginning tandem crew, weekend cruisers, and couples who need to work on their ""communication"".",64
PASS_002631,KB_02561,REC_196,B004Q3PE30,Sports_and_Outdoors,"Looking for a light inexpensive entry-level tandem. Found the father bike ""lamborghini viaggio"" but didn't purchase quick enough and it disappeared from the web. Do a search for this and you may find more reviews. The second generation ""Giordano Viaggio"" is basically the same bike with a couple changes (brakes).Out-of-the-box:As the UPS truck drove up and a cute young lady-driver stepped out I went to meet her thinking she might needed help with the heavy awkward package.",77
PASS_002632,KB_02562,REC_196,B004Q3PE30,Sports_and_Outdoors,"Lots of aluminum debris and spoke hole punchings came out (the reason many reviewers have trouble with flats). Yes the seat posts are different diameters because the stoker handle bars attach to the narrow post.Adjustment period:Everything must be tuned. Here's what I did, true wheels slightly, adjust seat, bars. Tighten all cables. Adjust both derailleurs range and front position on down-tube. Loosen the idler gear, giving enough slack in the chain. 1 hour riding around my block going through the gears, slamming on the brakes etc.",86
PASS_002633,KB_02563,REC_196,B004Q3PE30,Sports_and_Outdoors,"The 85 psi max is fine for road: smooth (buttery, actually)and can be lowered to 50-55 for smooth gravel hardpack. Overall, it looks like a road bike, but has one foot in the hybrid camp, which is perfect for us. Weight comes in at 42 lbs which is not bad. Has a very solid feel.Pros: aluminum frame is upgrade-worthy as parts wear out, great overall build quality and parts pick for price point, hybrid tires (if hybrid riding anticipated), low-investment threshold into tandem riding, Shimano drivetrainCons: weak (but acceptable, with caution) brakes, bolt (not quick release) on rear axle (front has quick release), long cockpit for captain (5'7"" rider needs shorter stem, seat fully forward), seats good quality, but not cushy enough for stoker, only 2 water bottle cagesBottom line: I would definitely buy again.",135
PASS_002634,KB_02564,REC_196,B004Q3PE30,Sports_and_Outdoors,"I&#8217;ve already gotten my money&#8217;s worth from it from just riding with my 6 yr. old grandson. If my wife gets into it with me then we&#8217;ll probably go crazy on a bike. I hope she does because I got this for her for a Christmas/Anniversary present. OK, enough excitement. Here are some of the upgrades so far just to make it more comfy for a 49 yr. old.o Origin8 Cromo-Lite Combo MTN Fork - 26/29&#34;o Cane Creek 40-Series External Cup Complete for 34mm Head-Tubeo XLC Inverno 29er Front MTB Wheel - 29&#34;, Silvero Geax Evolution Tire 29x1.9 Street Wire Beado Avid BB7 180mm Fr Disc brake (why they didn&#8217;t build this thing with disc brakes is beyond me)o Avid brake handleso  (2) Diamondback BMX Trail Handlebars, Black, 27-1/4 Inch wideo Bar endso (2) hornso SunRace 7-Speed Clamp-on Downtube Shifters (28.6mm Clamp Size) with housing stopo Better seatso Rear rack for nostalgiao Fr and Rear lightso Dual odometerso White cable housingo Rear brake padsAll the above plus a few sundry items to make it all work together and I&#8217;m a little over $400 in upgrades.",185
PASS_002635,KB_02565,REC_196,B004Q3PE30,Sports_and_Outdoors,"To be clear, I do all of my own bicycle repair. I have an extensive set of bicycle tools, many of which are required to disassemble this bicycle. I will note where I used them in my breakdown.Wheels and tires.- Wheels in general. - The wheelset is good enough to get by for a while. Eventually they will be replaced with much better wheels that cost more than the bike itself. I pulled the tires, tubes and rim tape and blew out any aluminum shavings in them. There were some marring marks from the truing machines but nothing of note.",100
PASS_002636,KB_02566,REC_196,B004Q3PE30,Sports_and_Outdoors,"As with other reviews I found the the break shoes needed replacement. I am 5'6"" and may replace the front stem for a shorter one. There is such low demand that you won't find the perfect fit out of the box. I think you fill be hard pressed to find an expensive bike that is better enough to justify their price. What's nice here is you can replace anything with minimal mechanical skills. I have to nice tn mikes I can pick from. Soooo... I consider this bike a solid buy.",91
PASS_002637,KB_02567,REC_196,B004Q3PE30,Sports_and_Outdoors,"I live in San Francisco, and given the hills we have, I couldn't rely on the factory brakes that came with the bike (mass times velocity gets into some big numbers on tandems!).",33
PASS_002638,KB_02568,REC_196,B004Q3PE30,Sports_and_Outdoors,"Has a very solid feel.Pros: aluminum frame is upgrade-worthy as parts wear out, great overall build quality and parts pick for price point, hybrid tires (if hybrid riding anticipated), low-investment threshold into tandem riding, Shimano drivetrainCons: weak (but acceptable, with caution) brakes, bolt (not quick release) on rear axle (front has quick release), long cockpit for captain (5'7"" rider needs shorter stem, seat fully forward), seats good quality, but not cushy enough for stoker, only 2 water bottle cagesBottom line: I would definitely buy again.",85
PASS_002639,KB_02569,REC_196,B004Q3PE30,Sports_and_Outdoors,"Everything works great, shifts smoothly (after lots o' adjustment), brakes good-enough.Read the reviews for the lambo, just ignore comments about the brakes, shifters, flats, broken spokes (those things have been addressed in the giordano)With a few upgrades this would be a very solid bike.",44
PASS_002640,KB_02570,REC_196,B004Q3PE30,Sports_and_Outdoors,"The front derailler isn't that great but if you use it right, it will shift properly (by anticipating hills and such).",21
PASS_002641,KB_02571,REC_196,B004Q3PE30,Sports_and_Outdoors,"The rear wheel is a bolt on axle which annoyingly means adding a wrench to your flat kit.The sync chain uses 40 tooth chainwheels and an idler pulley and ships in need of a half-link;  Sure you can tension it well enough stock, but with that much slack the noise and friction of using an idler is that much worse.",60
PASS_002642,KB_02572,REC_196,B004Q3PE30,Sports_and_Outdoors,"The narrow captains seatpost (25.4 post shimmed for the larger tube) limits your options for alternative stoker stems, but the stock one will accommodate most stokers well enough.",28
PASS_002643,KB_02573,REC_196,B004Q3PE30,Sports_and_Outdoors,"Loosen the idler gear, giving enough slack in the chain.",10
PASS_002644,KB_02574,REC_196,B004Q3PE30,Sports_and_Outdoors,I think you fill be hard pressed to find an expensive bike that is better enough to justify their price.,20
PASS_002645,KB_02575,REC_196,B004Q3PE30,Sports_and_Outdoors,"Found the father bike ""lamborghini viaggio"" but didn't purchase quick enough and it disappeared from the web.",17
PASS_002646,KB_02576,REC_196,B004Q3PE30,Sports_and_Outdoors,"I purchased this bike, or I should say it's ""father"" in August '09 as the Lamborghini Vaggio. A internet search will pull up lots of info on the basic bike. This latest incarnation sports the Shimano 2300 shifter set, and Shimano FD and RD. I can't testify to the Shimano product at this level, but my Lambo came with Microshift shifters which have performed flawlessly.This is an entry level department store quality bike. Real ""bike aficionados"" will tell you this is a piece of C%$@. In point of fact, it does not hold a candle to an entry level product from Trek or one of the other LBS brand bikes. It is, however, a viable choice for the right person who is informed of the pros and cons of the product.I will give you the pros and cons of the Lamborghini. Some will apply as the frame is identical, some may apply as I don't know if they are the same.PROS:* The frame is stiff but comfortable, surprisingly so for an ALU frame. This is due to the long wheel base since it is a tandem. Also, the bike comes with 35 x 700 tires, which smooth out the ride.*",200
PASS_002647,KB_02576,REC_196,B004Q3PE30,Sports_and_Outdoors,"base since it is a tandem. Also, the bike comes with 35 x 700 tires, which smooth out the ride.* The 20 x 16 frame size is a pretty versatile. I have ridden and stoker (6ft) and I have had 10 or 12 yo stoker children ride in the back with the seat all the way down. The stock seat post is too short to raise for me, but a little shopping can find a good long one for $20 or so.* The frame is light compared to a comparable steel frame, but the stock bike is 43 lbs. I don't know where the get the 25 lb shipping weight! I wish!* Cant beat the price - $579CONS:* There is only one frame size.* The sync chain uses an idler gear rather than eccentric bottom bracket found on ""real tandems.""* All components are cheap, entry level. They work ok, even very well, but they will wear out under heavy use.* The bike, like any on-line bike purchase, requires some assembly. If you are not familiar with adjusting brakes, derailers and truing wheels you MUST have this done by a qualified bike mechanic. The bike could be dangerous if not properly",200
PASS_002648,KB_02576,REC_196,B004Q3PE30,Sports_and_Outdoors,"truing wheels you MUST have this done by a qualified bike mechanic. The bike could be dangerous if not properly assembled and adjusted. Read on.* The stock brake pads SUCK big time. Or at least the did on the Lambo. Add to it that the wheels will probably need to be trued and the brakes adjusted before the bike is ridden. The bike is likely DANGEROUS out of the box until these details are tended to. When I first assembled mine and took it for a very cautions spin, I almost could not stop the bike, and I was solo and on the flat and level. With 2 people on a hill, this thing could be deadly. I took the advice of several others and changed out the break pads to Kool Stop MTB pad. After truing the wheels and properly adjusting the brakes, I can stop on a dime on a hill.* My stock rim tape was crappy. I was warned to remove the tires and tubes, clean any aluminum debris from the spoke holes and rims, and put on new high quality rim tape. I didn't and I blew a tube just inflating the tires the first time.",200
PASS_002649,KB_02576,REC_196,B004Q3PE30,Sports_and_Outdoors,"on new high quality rim tape. I didn't and I blew a tube just inflating the tires the first time. YMMV, but assume that the rim tape needs to be changed.* Bearings in the wheels, Bottom bracket, and stem/fork should be checked and repacked if needed.* The bike only has braze-ons for 2 water bottles. In Fla anyway, you need at least 4. I added a 2 bottle seat post holder to the back of the captains seat post. Works great.* For some reason the captain and the stoker have different seat post diameters. Weird. Perhaps that has changed.* The hubs are not QR skewers. You need to carry a small wrench to change a tube.* White looks nice, but it shows dirt and scuffs.In spite of the long list of cons, this can be a good serviceable tandem option for some one who is looking to get into some light road tandem riding. I have about 2,000 miles on the bike and have had my wife and my grandson in the stoker seat. I enjoy riding the bike, even solo. I am very happy with my purchase, and while I dream about someday getting a ""real"" tandem, I still",200
PASS_002650,KB_02576,REC_196,B004Q3PE30,Sports_and_Outdoors,"solo. I am very happy with my purchase, and while I dream about someday getting a ""real"" tandem, I still do not regret my purchase. I have lots of happy miles on the bike. It was a good choice for me.",41
PASS_002651,KB_02577,REC_196,B004Q3PE30,Sports_and_Outdoors,"Looking for a light inexpensive entry-level tandem. Found the father bike ""lamborghini viaggio"" but didn't purchase quick enough and it disappeared from the web. Do a search for this and you may find more reviews. The second generation ""Giordano Viaggio"" is basically the same bike with a couple changes (brakes).Out-of-the-box:As the UPS truck drove up and a cute young lady-driver stepped out I went to meet her thinking she might needed help with the heavy awkward package. Well I was wrong, she strong-armed that box like a pro and when she handed it to me I was shocked at how light the bike was (so far so good). Lucky for me I didn't have a broken spoke like many other reviewers. Everything was packed nicely with little padding and lots of heavy-stock paper wrapping. The bike went together very smoothly, almost everything is Allen wrench bolt tightened except the front axle quick release. I listened to the other reviewers and removed the rims and tires immediately and thoroughly inspected them. Lots of aluminum debris and spoke hole punchings came out (the reason many reviewers have trouble with flats). Yes the seat posts are different diameters because the stoker handle bars",200
PASS_002652,KB_02577,REC_196,B004Q3PE30,Sports_and_Outdoors,"(the reason many reviewers have trouble with flats). Yes the seat posts are different diameters because the stoker handle bars attach to the narrow post.Adjustment period:Everything must be tuned. Here's what I did, true wheels slightly, adjust seat, bars. Tighten all cables. Adjust both derailleurs range and front position on down-tube. Loosen the idler gear, giving enough slack in the chain. 1 hour riding around my block going through the gears, slamming on the brakes etc. Back to the garage to tighten all the cables again from the stretching. You will need to repeat this in a couple weeks.Maiden voyage:After adjusting the bars and seat for my smoking-hot-stoker-wife (5'4""), she and El Capitan (6'0"") went for a 20 mile loop ride. She has very little bike experience, and we only rented a tandem once. With a couple stops and lots of ""communication"" we were able to get in the groove and enjoy the scenery in SF Bay. Everything works great, shifts smoothly (after lots o' adjustment), brakes good-enough.Read the reviews for the lambo, just ignore comments about the brakes, shifters, flats, broken spokes (those things have been addressed in the giordano)With a few upgrades this would be a very solid",200
PASS_002653,KB_02577,REC_196,B004Q3PE30,Sports_and_Outdoors,"flats, broken spokes (those things have been addressed in the giordano)With a few upgrades this would be a very solid bike. As-is, it is great for the beginning tandem crew, weekend cruisers, and couples who need to work on their ""communication"".",41
PASS_002654,KB_02578,REC_197,B00873AO8A,Home_and_Kitchen,"This stainless steel pressure cooker is easy to use and it is safe. The lid locks/unlocks easily. The 2 white rings, 1st for low pressure; and the 2nd, lower one, indicating full pressure, were accurate and reassuring. Fissler included complete instructions. My recipe cooked just right in this beautiful pressure cooker.",51
PASS_002655,KB_02579,REC_197,B00873AO8A,Home_and_Kitchen,"This is my first pressure cooker I have ever had. I had no idea how useful PC's can be. This PC is not as heavy as I thought it would be, so that is a good thing. It is very easy to use. I can make rice in 10 minutes instead of 30. I highly recommend this brand.",58
PASS_002656,KB_02580,REC_197,B00873AO8A,Home_and_Kitchen,The Pressure cooker is well made and works nice. However I did not find it better than much cheaper versions from other companies.,23
PASS_002657,KB_02581,REC_197,B00873AO8A,Home_and_Kitchen,"Some of which now are 18 years old, but still as effective and efficient as pieces recently bought. this Fissler pressure cooker no doubt will out-live me as it's quality is far more than superb. I still am amazed at how quickly it comes up to pressure. For years, I've made chicken broth in my All Clad 12 qt stock pot, cooking it slowly for hours. When I tried out this Vitaquick making this broth, it was done in 45 minutes. I cannot tell you how much more robust the flavor of the broth was.",95
PASS_002658,KB_02582,REC_197,B00873AO8A,Home_and_Kitchen,It was tender and delicious even without adding BBQ sauce. Tested it out boiling water and have also steamed beets. I was reluctant to go the pressure cooker route (I'm a slow foodie) but my family wanted the option of quick meals of beans and rice so there you go. I read the reviews in Cook's Illustrated and after comparing this to the lower priced option decided to go for the Fissler. Really glad I did. It arrived quickly and in great condition.,83
PASS_002659,KB_02583,REC_197,B00873AO8A,Home_and_Kitchen,"It is hard to believe that something that works so quickly, performs so wonderfully. I also have tried other things in this pot, and they too are done quickly and with a wonder full-bodied taste. If you are in the market for a pressure cooker, seriously making the financial investment for an item that is high quality. Also, their customer service department is of the same caliber. You get to speak with a real, live person very quickly without getting carpul tunnel by having to push dozens of buttons on your phone.",92
PASS_002660,KB_02584,REC_197,B00873AO8A,Home_and_Kitchen,"If you are cooking for up to four people, this size is very adequate. Will handle a 3-4 lb. roast and garnishes with no problem. It heats quickly and evenly, holds pressure at a very low burner setting and, when required, quick releases very safely and efficiently. The fine stainless steel makes clean-up easy.If you are cooking for larger groups, I recommend the 8.5 qt. size.In over 50 years of pressure cooking experience, this is the best cooker I have ever used.",82
PASS_002661,KB_02585,REC_197,B00873AO8A,Home_and_Kitchen,"I've been pressure cooking for quite some time and based on the reviews in Cooks Illustrated and here on Amazon wanted to upgrade size and quality. I tried using this pressure cooker and could not get it up to pressure. Everything is fine by all appearances, thanks Amazon members who sent me suggestions on how to fix, but all I can guess is the Euromatic valve will not seat properly containing the steam and forcing up the pressure to full. I tried 5 times and all I ended up with was a lot of steam but the blue pressure indicator never rose to the first line let alone the second.I'm glad I had not yet given away my old pressure cooker.",121
PASS_002662,KB_02586,REC_197,B00873AO8A,Home_and_Kitchen,"I'm so impressed with this cooker. It's really high quality workmanship and it works like a champ. My old jiggler-style pressure cooker blew the gasket once but the main thing is the noise was really unnerving. I didn't like to cook with it so we rarely used it. The Fissler 6 qt is gorgeous, sturdy, and does its job quickly and quietly. We just made the BBQ pulled pork recipe from the included cookbook and it's the best pulled pork we've ever had (and we lived in NC for years).",90
PASS_002663,KB_02587,REC_197,B00873AO8A,Home_and_Kitchen,"I remember my grandmother cooking with a pressure cooker and I was a little afraid of it, but seeing all the new recipes for one, I thought I would try it. I can't say enough about how great it is. Made red beans and andouille in 30 minutes, homemade chicken stock in 30 minutes. I have had so much fun with it and can't wait to try more recipes.",69
PASS_002664,KB_02588,REC_197,B00873AO8A,Home_and_Kitchen,this Fissler pressure cooker no doubt will out-live me as it's quality is far more than superb.,17
PASS_002665,KB_02589,REC_197,B00873AO8A,Home_and_Kitchen,"size.In over 50 years of pressure cooking experience, this is the best cooker I have ever used.",17
PASS_002666,KB_02590,REC_197,B00873AO8A,Home_and_Kitchen,roast and garnishes with no problem.,6
PASS_002667,KB_02591,REC_197,B00873AO8A,Home_and_Kitchen,model and now I can see why it is top-rated.,10
PASS_002668,KB_02592,REC_197,B00873AO8A,Home_and_Kitchen,"You get to speak with a real, live person very quickly without getting carpul tunnel by having to push dozens of buttons on your phone.",25
PASS_002669,KB_02593,REC_197,B00873AO8A,Home_and_Kitchen,Will handle a 3-4 lb.,5
PASS_002670,KB_02594,REC_197,B00873AO8A,Home_and_Kitchen,"When I tried out this Vitaquick making this broth, it was done in 45 minutes.",15
PASS_002671,KB_02595,REC_197,B00873AO8A,Home_and_Kitchen,When I read the Cooks Illustrated review of PCs I was intrigued by the top-rated Fissler Vitaquick.,17
PASS_002672,KB_02596,REC_197,B00873AO8A,Home_and_Kitchen,We just made the BBQ pulled pork recipe from the included cookbook and it's the best pulled pork we've ever had (and we lived in NC for years).,28
PASS_002673,KB_02597,REC_197,B00873AO8A,Home_and_Kitchen,"Used Yukon Golds, filled insert basket with 15 potatoes, 2 cups of alkaline filtered water, brought to pressure with two rings showing for 4 minutes, quick release and the potatoes were PERFECT.",32
PASS_002674,KB_02598,REC_197,B00873AO8A,Home_and_Kitchen,"Fast Potato SaladUsed this to cook potatoes for a summer potato salad. Used Yukon Golds, filled insert basket with 15 potatoes, 2 cups of alkaline filtered water, brought to pressure with two rings showing for 4 minutes, quick release and the potatoes were PERFECT. Cooled them on countertop, peeled and created my potato salad.Quick Green Bean SaladDecided to try a bag of Trader Joe's Haricot Green Beans... 2 cups alkaline water, put them in steamer tray, brought to pressure with two rings for 1 minute, quick release, ice bath, drained, added dressing and refrigerated for 30 minutes.Presto Pressure CookerI also bought the Presto Stainless Steel 6 quart Pressure Cooker, but the Fissler Vitaquick is LIGHT YEARS ahead of traditional pressure cooking.BUY the Fissler, it's well worth the added cost for the ROLLS ROYCE of Pressure Cookers, the Fissler Vitaquick!Read my review and recipes at chezbettayDOTcom.UPDATE: Several people have ask about the right size to purchase. For two people this one is perfect, but I would recommend a larger 8.5 or 10 quart size for the added room. Especially if you want to cook 4 giant artichokes at one time or mashed potatoes for 8 diners. Spend the extra $$ and",200
PASS_002675,KB_02598,REC_197,B00873AO8A,Home_and_Kitchen,"want to cook 4 giant artichokes at one time or mashed potatoes for 8 diners. Spend the extra $$ and buy the larger size, I promise it will be a wise investment!",32
PASS_002676,KB_02599,REC_197,B00873AO8A,Home_and_Kitchen,"I own several Kuhn Rikon pressure cookers which I always thought were the best.  When I read the Cooks Illustrated review of PCs I was intrigued by the top-rated Fissler Vitaquick.  I bought the 6.4 qt. model and now I can see why it is top-rated.  This is one beautiful PC.  And mounting the lid correctly is SO simple.  And the full-size disc bottom is a step up from other PCs.  It heats up fast and it's easy to see the pressure rings.Easy to clean.  I love this cooker.  In fact, I just ordered the smaller 4.2Pressure Pan Set!  Cooking with pressure is a big part of my life and I use my PCs several times in an average week.  This one is a real keeper.",126
PASS_002677,KB_02600,REC_198,B00FORK3R4,Cell_Phones_and_Accessories,It didn't work very well. I needed a case in a hurry so I ordered the Maxboost and like it very much.,22
PASS_002678,KB_02601,REC_198,B00FORK3R4,Cell_Phones_and_Accessories,Buy the Maxboost version of this. It's the same cover but made with much better material. This one isn't very good. There are better options.,25
PASS_002679,KB_02602,REC_198,B00FORK3R4,Cell_Phones_and_Accessories,"It's also worth noting that the kickstand holds the phone up more securely than the Maxboost case: the face of the phone can take a decent amount of force without falling over backwards. HOWEVER, the kickstand on my Nexus 5 version is not as well-made as the S4 version. When I shake the phone it moves and makes a noise...also when I close the kickstand, it likes to make a popping noise a few seconds later...not sure what's wrong but no visible issue...just a bit annoying and I'm not sure if I got a small defect here.",97
PASS_002680,KB_02603,REC_198,B00FORK3R4,Cell_Phones_and_Accessories,"The plastic and rubber protect the entire back and the rim around the entire front sticks up a few millimeters, offering just enough of a guard without looking like a miniature car tire. Same experience with my S4 and Nexus 5 versions.KICKSTAND: I decided with my S4 that a kickstand is a must for me. It's such a simple little design that adds an important functionality...I don't understand why so few popular cases have one. While the Maxboost case I tried with my S4 offered both portrait and horizontal viewing, it also seemed a bit flimsier and more prone to breaking than the i-Blason version.",105
PASS_002681,KB_02604,REC_198,B00FORK3R4,Cell_Phones_and_Accessories,It's a good thing to have but I don't need it or use it.I am happy with my purchase.,19
PASS_002682,KB_02605,REC_198,B00FORK3R4,Cell_Phones_and_Accessories,Product not at all suited for Nexus 5 and its highly flimsy. Very hard to take the phone out of case for use once it is in.,27
PASS_002683,KB_02606,REC_198,B00FORK3R4,Cell_Phones_and_Accessories,its good but the rubber face very close and so there's no ventilation for the phone and so under heavy Use think does get a little warm,27
PASS_002684,KB_02607,REC_198,B00FORK3R4,Cell_Phones_and_Accessories,Looks nice but hard to get off the clip. I use it for work and I really can't use the belt clip.,22
PASS_002685,KB_02608,REC_198,B00FORK3R4,Cell_Phones_and_Accessories,"Very good and practical holder for the Nexus 5. the thing i like about it is its multi-funtional use, not just a belt clip but it also has stand as well",31
PASS_002686,KB_02609,REC_198,B00FORK3R4,Cell_Phones_and_Accessories,only thing I don't like about this holster case is you can only slide the phone in one way.. I can't use the holster and have the faceplate of my screen facing out.,33
PASS_002687,KB_02610,REC_198,B00FORK3R4,Cell_Phones_and_Accessories,"While the Maxboost case I tried with my S4 offered both portrait and horizontal viewing, it also seemed a bit flimsier and more prone to breaking than the i-Blason version.",30
PASS_002688,KB_02611,REC_198,B00FORK3R4,Cell_Phones_and_Accessories,It's also worth noting that the kickstand holds the phone up more securely than the Maxboost case: the face of the phone can take a decent amount of force without falling over backwards.,33
PASS_002689,KB_02612,REC_198,B00FORK3R4,Cell_Phones_and_Accessories,I needed a case in a hurry so I ordered the Maxboost and like it very much.,17
PASS_002690,KB_02613,REC_198,B00FORK3R4,Cell_Phones_and_Accessories,Buy the Maxboost version of this.,6
PASS_002691,KB_02614,REC_198,B00FORK3R4,Cell_Phones_and_Accessories,You can tell the hard plastic portion was well designed to be strong and stiff while minimizing material.I knocked off a star because there are a few areas that could use improvement.,32
PASS_002692,KB_02615,REC_198,B00FORK3R4,Cell_Phones_and_Accessories,You can physically force it into the plastic belt clip case if you try real hard (soft case wants to wrinkle & move) but pulling it back out if you want to use it is very difficult and the blue & black parts want to pull apart.,47
PASS_002693,KB_02616,REC_198,B00FORK3R4,Cell_Phones_and_Accessories,"When you take your phone and use the kickstand to watch videos on landscape mode, the volume controls are the bottom!",21
PASS_002694,KB_02617,REC_198,B00FORK3R4,Cell_Phones_and_Accessories,"Use of it on your belt protects the face of my N5 as well as when you put the phone (out of its holster) face down,  the screen is cm's away from touching anything,  thus its engineering seems to have thought of everything.Well done i-Blason.Made of durable rubber and what seems to be a new strong flexible plastic.",58
PASS_002695,KB_02618,REC_198,B00FORK3R4,Cell_Phones_and_Accessories,To clarify the the clip does work to some degree but it's such a pain to get my phone out of the clip I don't use it.,27
PASS_002696,KB_02619,REC_198,B00FORK3R4,Cell_Phones_and_Accessories,"[Nov/21/2013] SEE UPDATES AT THE BOTTOMI used this exact same case on my AT&T; Samsung Galaxy S4 and really liked it. As soon as I ordered my Nexus 5, I immediately searched for this case and ordered it. It arrived about a week after my Nexus 5 and I'm going to explain how it's different/the same as my S4 version.LOOKS/FEEL: I really didn't want my phone to end up looking like a large version of my girlfriend's Otterbox'd behemoth...and since the S4 and Nexus 5 are both fairly large phones to begin with, I didn't want it to add too much size...and I must say I am still quite happy with the results. This case adds a nice soft rubber feel to the phone...albeit a bit lacking in ""gripiness""...without adding much bulk. It feels good in my hand and I don't notice much of a size difference from ""naked"". The back is a bit sporty and rugged while on the front you merely see a protective rubber border that's not very intrusive at all. The cutouts are well done and professional. Nearly identical product to the S4 version...but for some reason, side by side, the Nexus 5 looks and feels",200
PASS_002697,KB_02619,REC_198,B00FORK3R4,Cell_Phones_and_Accessories,"professional. Nearly identical product to the S4 version...but for some reason, side by side, the Nexus 5 looks and feels better in my hand than the S4 version.BUTTONS: ...THANK YOU (again)! I am so glad to continue using a case with this kind of extended button design. Some cases I've used in the past had cutouts, making the buttons recessed and more difficult to press. This case puts little rubber buttons on top of the actual buttons and they stick out from the case slightly...pressing them is almost perfect! Sometimes this kind of design can be done poorly and result in problems but my initial thoughts are that it's perfect (again). Same experience with my S4 and Nexus 5 versions.PROTECTION: I'm quite confident that this i-Blason case will save my phone from any reasonable damage if dropped. The plastic and rubber protect the entire back and the rim around the entire front sticks up a few millimeters, offering just enough of a guard without looking like a miniature car tire. Same experience with my S4 and Nexus 5 versions.KICKSTAND: I decided with my S4 that a kickstand is a must for me. It's such a simple little design that adds",200
PASS_002698,KB_02619,REC_198,B00FORK3R4,Cell_Phones_and_Accessories,"decided with my S4 that a kickstand is a must for me. It's such a simple little design that adds an important functionality...I don't understand why so few popular cases have one. While the Maxboost case I tried with my S4 offered both portrait and horizontal viewing, it also seemed a bit flimsier and more prone to breaking than the i-Blason version. At first I pulled out the kickstand and thought: ""uh oh, it's not clicking into place"". I had read some reviews that this was a problem...but I quickly realized that it takes TWO STEPS to fully open it. First you pull the kickstand out with your pointer finger's nail...then you grab the smaller lever below it with your thumb & pointer finger, pulling it out until it snaps into place. I actually trimmed my nails to do the S4 review and while it wasn't quite as easy without much fingernail, it was still fairly effortless (same on S4 and Nexus 5). It's also worth noting that the kickstand holds the phone up more securely than the Maxboost case: the face of the phone can take a decent amount of force without falling over backwards. HOWEVER, the kickstand on",200
PASS_002699,KB_02619,REC_198,B00FORK3R4,Cell_Phones_and_Accessories,"the face of the phone can take a decent amount of force without falling over backwards. HOWEVER, the kickstand on my Nexus 5 version is not as well-made as the S4 version. When I shake the phone it moves and makes a noise...also when I close the kickstand, it likes to make a popping noise a few seconds later...not sure what's wrong but no visible issue...just a bit annoying and I'm not sure if I got a small defect here. Now I have noticed that the kickstand is not fitting all the way back into the case...it sticks out a few millimeters...I guess it's a defect. I have contacted the seller to see about an exchange.HOLSTER: I am definitely amused by the fact that they designed the holster with a kickstand but the S4 could only go screen down into it...and they didn't manage to fix this big mistake on the Nexus 5 version...oh well...I never used the holster anyways. I did try it out and felt that it worked properly...held the device securely...and functioned as I would expect. I watched the Youtube video (see my comment/reply to this review) and it showed me that the proper way to use",200
PASS_002700,KB_02619,REC_198,B00FORK3R4,Cell_Phones_and_Accessories,"watched the Youtube video (see my comment/reply to this review) and it showed me that the proper way to use the holster was with the clip facing down so that the ""bottom"" part of the holster would hold the phone in (against gravity, etc.) and the phone face down/top down in it. You can then easily remove it using two fingers hooked over the top of the phone. Same experience with my S4 and Nexus 5 versions.INSTALLATION: Watch the 2 minute video first and after that it takes less than a minute to have the case on, snug, and done. Not even the slightest problem or annoyance here. Same experience with my S4 and Nexus 5 versions.OTHER: My only minor complaint with the S4 version, which I read in another person's review, is that the holster and accompanying raised rubber design effects were placed only in the center of the phone. They've done the exact same with the Nexus 5 version. As a result, it's not entirely stable when laid down on a flat surface. If you press the screen, especially on the top or the bottom, it will wobble a decent amount. They could have easily added a few",200
PASS_002701,KB_02619,REC_198,B00FORK3R4,Cell_Phones_and_Accessories,"especially on the top or the bottom, it will wobble a decent amount. They could have easily added a few small design effects on the corners, raised evenly with the center, to create a completely stable/level surface. I'd take half a star off for this if I could. Same experience with my S4 and Nexus 5 versions.OVERALL: For $10, I am very satisfied. It's still a solid case, good protection, kickstand, and not huge and clunky. I am disappointed about the kickstand defect and might seek an exchange to try and get it fixed...but otherwise it's the same experience. I'll raise this review to 4 stars if I get a replacement with a more-snug kickstand...but that fifth star is going to require solving the wobbly problem above (OTHER) and the repeated and silly waste of a kickstand on the holster.UPDATE 1: i-Blason already shipped me a replacement after I sent them a kind email and a picture of the defect. I will update this post as soon as I receive it, hopefully in the next few days. I'm really loving the way this case feels...it feels better in my hand than my S4 case for some reason...not sure why exactly.",200
PASS_002702,KB_02619,REC_198,B00FORK3R4,Cell_Phones_and_Accessories,"the way this case feels...it feels better in my hand than my S4 case for some reason...not sure why exactly. If the kickstand issue is fixed, it will be a very solid 4 star case that I would recommend to anyone. I still hope they will fix my two above complaints to get to 5-star status!UPDATE 2: Added several pictures to the Amazon.com customer images page for this product, some showing the kickstand issue and other real-life pictures from all angles.UPDATE 3: The replacement came and the kickstand issue is somewhat mitigated. While the kickstand still doesn't fit perfectly, this new one seems to be tighter and does not wobble and make the creaky noises as much...so I don't really mind it. Not perfect, but no longer a real annoyance. I will update this review if it becomes an issue again.",141
PASS_002703,KB_02620,REC_199,B004I4FRZW,Sports_and_Outdoors,"Hey all,Recently I decided to join my local golf club and become a member, one of the main reasons besides saving $ was to be able to walk the course; only members have that access. I got my push cart today, it was easy to put together, the design was excellent. the two rear wheels just pop into place, and the front wheel has a single pin with butterfly nut. my golf bag fits perfectly, its actually a little larger that I thought it would be. It rolls very well with my bag on there, the wheels are large, and while they are plastic, I anticipate no issues on the course with them.",113
PASS_002704,KB_02621,REC_199,B004I4FRZW,Sports_and_Outdoors,"This cart was a surprise 60th birthday present for my husband. Boy was he surprised too! He said he loves it because it is sturdy and the wheels roll well. It is also light weight and easy to store in his car trunk. The golf bag is strapped to the cart and doesn't slip off. Handle is very comfortable and cart is easy to turn and doesn't tip. The only thing he said it is missing is a cup holder for his &#34;swing juice&#34;. Otherwise, it was an awesome purchase, arrived early, easy to assemble.",95
PASS_002705,KB_02622,REC_199,B004I4FRZW,Sports_and_Outdoors,"Good, solid cart that handles large bags. Wheels are excellent. Runs and pushes smoothly. Folds quickly and easily and fits nicely into the truck. My only complaint, along with most push carts, is the flimsy Score Card holder. No cup holder or umbrella holder.",44
PASS_002706,KB_02623,REC_199,B004I4FRZW,Sports_and_Outdoors,The cart arrived in good condtion and was easy to assemble. I have not used the cart yet to fully determine its use and durability.,25
PASS_002707,KB_02624,REC_199,B004I4FRZW,Sports_and_Outdoors,Have been looking for a cart but did not want to spend $150+ for what I wanted. This was 1/2 the price and just as good as the more expensive carts I looked at. Great buy.,36
PASS_002708,KB_02625,REC_199,B004I4FRZW,Sports_and_Outdoors,I have taken this push cart for golf few times so far I have had no problem with it the only drawback is it has no brakes but that I knew when I placed order for this cart however I can still enjoy using this cart without brakes,48
PASS_002709,KB_02626,REC_199,B004I4FRZW,Sports_and_Outdoors,"but really, as long as this cart lasts at least a year, it will have paid for itself many times over. It also folds up rather nicely, and fits in a small space in my closet.Very happy with this purchase, glad I decided to try it.hope to see you on the links!Hit em long and straight.",56
PASS_002710,KB_02627,REC_199,B004I4FRZW,Sports_and_Outdoors,"I have used the cart tree times. It is easy to push and balances well. I have friends with the 200 type and it compares well except for the lack of brakes. Dollar for Dollar it seems a very good buy. On mine the right wheel makes a noise as it goes around, but I can live with it.",59
PASS_002711,KB_02628,REC_199,B004I4FRZW,Sports_and_Outdoors,"This is the second cart I have purchased from this seller and it was delivered two days before the anticipated date. The first one I purchased was for me and I've been happily using it for a year or so. The second one I purchased as a gift for a golf buddy and he is happy with it also. It only takes about two minutes to put it together, it is sturdy and it collapses to an easily portable size. Can't say enough about this golf cart - by far the best I've ever had and I've been playing golf for forty years.",103
PASS_002712,KB_02629,REC_199,B004I4FRZW,Sports_and_Outdoors,"I ordered this cart two weeks ago and received a product with the same SKU but a very different cart. The top design was different, the wheels were cheaper looking without chrome centers and most importantly, the front wheel no longer could be retracted for storage. You had to manually remove the front wheel! No good. The company kindly provided a call tag, refunded my money, changed the image on Amazon and put a warning in their description. All good - BUT they left the 14 excellent reviews! So just know that the descriptions by customers are for their old model and not this cart.",105
PASS_002713,KB_02630,REC_199,B004I4FRZW,Sports_and_Outdoors,"my golf bag fits perfectly, its actually a little larger that I thought it would be.",16
PASS_002714,KB_02631,REC_199,B004I4FRZW,Sports_and_Outdoors,"It rolls very well with my bag on there, the wheels are large, and while they are plastic, I anticipate no issues on the course with them.",27
PASS_002715,KB_02632,REC_199,B004I4FRZW,Sports_and_Outdoors,The golf bag is strapped to the cart and doesn't slip off.,12
PASS_002716,KB_02633,REC_199,B004I4FRZW,Sports_and_Outdoors,"Good, solid cart that handles large bags.",7
PASS_002717,KB_02634,REC_199,B004I4FRZW,Sports_and_Outdoors,This is the second cart I have purchased from this seller and it was delivered two days before the anticipated date.,21
PASS_002718,KB_02635,REC_199,B004I4FRZW,Sports_and_Outdoors,The price I paid was fantastic at $60.00 a cart plus free shipping.It has enhanced our golfing experience.,18
PASS_002719,KB_02636,REC_199,B004I4FRZW,Sports_and_Outdoors,"I got my push cart today, it was easy to put together, the design was excellent.",16
PASS_002720,KB_02637,REC_199,B004I4FRZW,Sports_and_Outdoors,Have been looking for a cart but did not want to spend $150+ for what I wanted.,17
PASS_002721,KB_02638,REC_199,B004I4FRZW,Sports_and_Outdoors,I ordered this cart two weeks ago and received a product with the same SKU but a very different cart.,20
PASS_002722,KB_02639,REC_200,B006AVLS22,Tools_and_Home_Improvement,"I really like this Bottle with a great filter system. I was so impressed I bought one for each member of my family. Hunting, fishing or camping and the zoo is the best. It is also the only filter that I know of in the world with its complete cleaning water system.",52
PASS_002723,KB_02640,REC_200,B006AVLS22,Tools_and_Home_Improvement,"having a child going to college in Japan and with their ongoing nuclear power plant problems, one can never be too safe when the reports of not to worry, everything's under control and there is no risk to the public is pure bs this product gives me have a chance of sleeping at night knowing that at least the water is safer to drink than if drunk straight from the tap. it also filters similarly to the non radiological filter but not to as fine a degree as the regular filter.i would recommend this to anyone to use your daily water bottle replacement.",103
PASS_002724,KB_02641,REC_200,B006AVLS22,Tools_and_Home_Improvement,Little miss leading or maby I read it wrong but it's actually a filter you hook up to a sink or hose thus there needs to be either running water or a powered pump to properly filter. It's not like I thought to where you can just stick it in a river and fill it up! However if this thing does exactly what it claims to do it's one of the best filters you can buy supposedly. Filters all kinds of radiation chorine germs bacteria dirt so sounds good to me wonder if it works?,95
PASS_002725,KB_02642,REC_200,B006AVLS22,Tools_and_Home_Improvement,I work for a Japanese company and travel to Japan. This fits neatly in the luggage and is easy to use.,21
PASS_002726,KB_02643,REC_200,B006AVLS22,Tools_and_Home_Improvement,Good rating and I'm happy with the bottle. I would buy more. I have recommended this bottle to many people.,20
PASS_002727,KB_02644,REC_200,B006AVLS22,Tools_and_Home_Improvement,It is also the only filter that I know of in the world with its complete cleaning water system.,19
PASS_002728,KB_02645,REC_200,B006AVLS22,Tools_and_Home_Improvement,However if this thing does exactly what it claims to do it's one of the best filters you can buy supposedly.,21
PASS_002729,KB_02646,REC_200,B006AVLS22,Tools_and_Home_Improvement,it also filters similarly to the non radiological filter but not to as fine a degree as the regular filter.i would recommend this to anyone to use your daily water bottle replacement.,32
PASS_002730,KB_02647,REC_200,B006AVLS22,Tools_and_Home_Improvement,I was so impressed I bought one for each member of my family.,13
PASS_002731,KB_02648,REC_200,B006AVLS22,Tools_and_Home_Improvement,"having a child going to college in Japan and with their ongoing nuclear power plant problems, one can never be too safe when the reports of not to worry, everything's under control and there is no risk to the public is pure bs this product gives me have a chance of sleeping at night knowing that at least the water is safer to drink than if drunk straight from the tap.",71
PASS_002732,KB_02649,REC_200,B006AVLS22,Tools_and_Home_Improvement,This fits neatly in the luggage and is easy to use.,11
PASS_002733,KB_02650,REC_200,B006AVLS22,Tools_and_Home_Improvement,Little miss leading or maby I read it wrong but it's actually a filter you hook up to a sink or hose thus there needs to be either running water or a powered pump to properly filter.,37
PASS_002734,KB_02651,REC_200,B006AVLS22,Tools_and_Home_Improvement,It's not like I thought to where you can just stick it in a river and fill it up!,19
PASS_002735,KB_02652,REC_200,B006AVLS22,Tools_and_Home_Improvement,I work for a Japanese company and travel to Japan.,10
