golden_id,record_id,asin,category,q_bucket,question_type,pipeline,k,question,gold_answer,evidence_doc_id,is_answerable,retrieved_doc_ids,retrieved_context,retrieval_ms
G_001,REC_001,B003HV3WN6,Automotive,medium,descriptive,bm25,1,Does this work on 12 and 24 volts system,[UNANSWERABLE],,0,"[""KB_00001""]","[""I work in the automotive field and my coworkers turned me onto this tool. It's great and amazon has it at the best price anywhere.""]",1.7031249954015948
G_002,REC_002,B0000E2PBX,Health_and_Personal_Care,long,descriptive,bm25,1,"The ball completely blocks air from passing by to get to my lungs, is this supposed to happen? Are you supposed to get NO air when inhaling? The instructions state ""inhale...until you feel your lungs are full"" but that doesn't happen with the ball completely blocking all air from passing into your mouth. thanks.",[UNANSWERABLE],,0,"[""KB_00020""]","[""This item is worth the price. I had a sever bought of bronchitis and it has taken me forever to get my breath back . This item really gives your lungs a workout. I'm already starting to see some improvement.""]",6.7205830055172555
G_003,REC_003,B004XMVZVY,Toys_and_Games,medium,descriptive,bm25,1,How many are in the pack??,There is only 1 in a pack.,KB_00030,1,"[""KB_00026""]","[""We bought this to replace a previous Nerf Howler that had finally worn out. We bring this on vacation with us to the beach everytime we go. Not sure if it is meant for the water, but it seems to work great in the ocean or a lake. It is much smaller than a football and small children can throw it easily and far. Also works well in the wind and much easier to control than a frisbee on a crowded beach.""]",0.8963330037659034
G_004,REC_004,B0010WP46M,Electronics,long,descriptive,bm25,1,"Does the power adaptor work with international voltages? Basically want to know if the power adaptor will work overseas as well (220 V), and what the power output of that adaptor is (for eg. 5V DC at 500 ma?).",Yes. It supports 100V-240V,KB_00032,1,"[""KB_00032""]","[""I spent a great deal of time on Amazon's website to look for digital photo frames. My requirements, were crisp picture, 7 inch screen, international power supply (110-220V), MP3 music playing during picture slideshow and below $70 USD. The Axion-9702 does it all. It came in a nice box (good gift), quality of product was great, and most important good decent pictures. The product is made in China but show me one that is not.""]",4.774291999638081
G_005,REC_005,B0012YKLSE,Home_and_Kitchen,medium,descriptive,bm25,1,What are the measurements for this item?,[UNANSWERABLE],,0,"[""KB_00041""]","[""I should have read the reviews.This product does not do a very good job of protecting your sink because the silverware easily falls between the slots and this item is very flimsy.""]",0.9832499999902211
G_006,REC_006,B004OFOT72,Sports_and_Outdoors,long,descriptive,bm25,1,hi does anyone know if it will take a scope and could you hunt bull frogs with it if you wanted to,"The crossbow comes with a scope of its own, and if sighted in properly you could probably hit a bull frog",KB_00060,1,"[""KB_00051""]","[""Also, the firing mechanism jammed. So, even if you could get the string back to load it, the firing mechanism is jammed and won't take it. My son was devastated. Looking for a new one now.""]",2.766083001915831
G_007,REC_007,B005XUNG5I,Health_and_Personal_Care,short,descriptive,bm25,1,what is the power source?,"Batteries, but I found it to be weak.",KB_00064,1,"[""KB_00062""]","[""Needs more power I find the engine does not have enough grunt for my liking.""]",0.726833997759968
G_008,REC_008,B002LAS5TU,Home_and_Kitchen,long,descriptive,bm25,1,"Does the lids fit on the pans also? For example, does the large pot lid fit on the large pan?",The largest ps. Is the only one that a lid doesn't fit. This is a great set for the money,KB_00072,1,"[""KB_00072""]","[""I love these pans. The fry pans do not come with lids, but most lids are interchangeable for these pans. Nothing sticks to them! They are very easy to wash. They heat evenly. I have ordered more. This seller also gets the product out quickly.""]",2.5279580004280433
G_009,REC_009,B00AR1A7ZU,Pet_Supplies,long,descriptive,bm25,1,How big is the part that actually goes in the tank? I'm trying to figure out if it will fit in my (very small) sump.,[UNANSWERABLE],,0,"[""KB_00089""]","[""I love this thing. It came off highly rated from others and I see why. I started out putting a little water in the tank every few days, now I just keep a bucket filled up and this keeps my tank at the exact right height. I also put kalkwasser in the bucket so it drips it in to help with calcium, magnesium and PH. Hasn't failed.""]",3.1292920029954985
G_010,REC_010,B000GU3KHO,Automotive,long,descriptive,bm25,1,I have a Harley Dyna Switchback with windshield and saddle bags.  Is the XL the right size for me?,[UNANSWERABLE],,0,"[""KB_00091""]","[""Comes with a neat holding bag that it wraps up into relatively easily. A size XL fits my '94 Honda CB1000 without a windshield perfectly.""]",2.3788749967934564
G_011,REC_011,B008URGSWO,Home_and_Kitchen,long,descriptive,bm25,1,"how thick is it, really?  some say 1/2"", some say 2"", 2-1/2"".  does it flatten out?  comparing it to the extra plush, extra thick pad, what would one?","Mine is just shy of a full 2 inches at the plushest points. Mine has not flattened out. All my shoulder pain is gone. My wife no longer has back pain. I didn't want to spend this much but now that I have it, I consider every dime spent well worth it.",KB_00093,1,"[""KB_00097""]","[""I was searching for just a mattress pad to protect our new Tempur Pedic mattress. Was not necessarily needing extra padding or softness, but when I read the reviews on this mattress pad and saw how much buyers loved it, I thought I would try it. It is everything the other reviewers say, the company is top notch, shipped to my hands in 2 days! And it is wonderful to lay on!""]",3.4999999988940544
G_012,REC_012,B000ST0184,Toys_and_Games,medium,descriptive,bm25,1,how can I make it wireless for my win 8.1 PC?,"Interesting question. I don't think there is a direct or easy way to do this. The tankstick is basically a big keyboard. Each button/joystick direction is a keyboard button. Knowing this, it would require some type of modification to convert it to a wireless keyboard. It sounds like a project worth attempting. Sorry, I probably didn't help at all.",KB_00102,1,"[""KB_00103""]","[""Here is my Day 1 Review. I opened this thing up and wow, it is impressive. My only knock on it was that it wasn't calibrated perfectly. The IT guys told me how to do it (which was actually fun knowing how it works, and DOESN'T VOID THE WARRANTY!) and now it works like a breeze. I will keep you posted how I like it as I move on!UPDATE: This thing is absolutely awesome!""]",1.5185419979388826
G_013,REC_013,B0013ODWSO,Sports_and_Outdoors,long,descriptive,bm25,1,Does the white scooter have the same specs as the micro black one?,[UNANSWERABLE],,0,"[""KB_00114""]","[""bought for a 30+ year old woman, who now gets to scooter along qwith her two kids. Love the whole Micro family.""]",1.5984170022420585
G_014,REC_014,B005F79BYE,Home_and_Kitchen,long,descriptive,bm25,1,Does this offer the option of shelving instead of hanging clothes inside the doors?,[UNANSWERABLE],,0,"[""KB_00123""]","[""I was impressed with the easy to follow instructions and labeled pieces....I was thinking for the first few hours of assembly, I am going to write a GREAT review on this thing! Then I got to the doors. I still gave this a high rating because I have just never tried to install hinged doors before so maybe it's mostly user error...Still even after I learned some lessons with the first door, the second wasn't much easier. The hinges had to be adjusted A LOT.""]",1.7323749998467974
G_015,REC_015,B00ATDT83I,Cell_Phones_and_Accessories,long,descriptive,bm25,1,Hello. I'd like to know if this cell phone works properly in Venezuela for DIGITEL.,[UNANSWERABLE],,0,"[""KB_00132""]","[""excellent choise in this cell phone and great colour too. i recomend it. no more to say. . . . . . . .""]",2.0072920015081763
G_016,REC_016,B00394NT20,Health_and_Personal_Care,short,descriptive,bm25,1,Is there a warranty?,[UNANSWERABLE],,0,"[""KB_00147""]","[""We needed a sitting stool in our shower. This one does very well, but it's a little large for our small shower.""]",0.603374995989725
G_017,REC_017,B0056FL4FY,Beauty,long,descriptive,bm25,1,"does not say if its an american or ueropean plug and ive ordered this before and got a ueropean plug, provide necessary info",[UNANSWERABLE],,0,"[""KB_00154""]","[""I thought this would be a good starter drill for my nail business until I could afford a good one. It only worked a couple of times and then just stopped. I could not get it to work again even though I wiggled the cord and tightened the plug prongs. I would say to spend a little more and get a better product.""]",2.857499996025581
G_018,REC_018,B00154MGXY,Home_and_Kitchen,long,descriptive,bm25,1,Is this item 35.43 inches at the very top or the body of the unit?,[UNANSWERABLE],,0,"[""KB_00162""]","[""My wife ordered it, It was about two inches to big at the top, becuase of the molding,So it didn't work for what we needed.""]",1.9637500008684583
G_019,REC_019,B000LQ5XW8,Musical_Instruments,long,descriptive,bm25,1,"What does ""INTO 1 x 4 OHMS OR 2 x 8 OHMS"" mean?",On a 4 OHM output amp. You use one 4 Ohm speaker or two 8 OHM speakers. Example: One 8 OHM speaker + One 8 OHM speaker = 4 OHMs.,KB_00174,1,"[""KB_00172""]","[""Well worth $250.I already bought a used one for $150 which is still working well.Now I have 2.One for the 4 x 10 and one for the 1 x 18,Great sounding amp.Simple to use,no gimmicky EQ..Only 1 small gripe:No mute switch.Well worth buying.Will get another.""]",1.5042090017232113
G_020,REC_020,B00C9KUVWQ,Electronics,long,descriptive,bm25,1,"Hi, I need an extra one for a different room. The picture looks like the one I need, however it only shows the cable to the computer. Does it come with the other cable that goes to the power plug in? Also, what does the info on the back of the adapter say as far as model and or power numbers-is it 19V 3.42A/50-60Hz 2.0A? Thank you.",[UNANSWERABLE],,0,"[""KB_00181""]","[""It does what it says and works for the Q550. Matches the original equipment Power Adapter. Not much else to say.""]",8.249083999544382
G_021,REC_021,B00E7O357A,Electronics,long,descriptive,bm25,1,"hi, i have a skoda fabia II and i need to know if this radio is compatible with the sensor parking from factory",[UNANSWERABLE],,0,"[""KB_00186""]","[""Radio antenna is weak and constantly loose signal. And the worst thing I see is that you have to turn off the stereo manually when turning of the car, otherwise it would continue on and could drain your battery. I gave it 4 stars cause the price and multiple functions compared with the factory one. The customer service responded immediately to answer my questions. Didn't try to install other features beside the basic functions of the unit.""]",2.651666996825952
G_022,REC_022,B0002D4QBE,Health_and_Personal_Care,short,descriptive,bm25,1,what are the dimensions?,[UNANSWERABLE],,0,"[""KB_00200""]","[""the shower stool was just what we need for my husband that has cancer and can't stand in the shower. The steam makes him sick and the stool is perfect""]",0.57412499882048
G_023,REC_023,B0056XU5XS,Health_and_Personal_Care,long,descriptive,bm25,1,Why don't any of the photos show the nutritional label so that you can read this important information?,"ITa pretty simple. 3000mg l-leucine, 2000mg l-valine, 1000mg l-isoleucine, the 3 bcaa's. Serving size is 8",KB_00209,1,"[""KB_00213""]","[""You can buy the powder versions for a cheaper price per serving but for capsules, this is the best deal compared to all other bcaa's capsules on Amazon. Don't be fooled by price per serving. Look at the bcaa grams per serving. I compared every single capsule version of bcaa on amazon and this works out to the best deal.""]",2.2532080038217828
G_024,REC_024,B005MQRAXM,Baby,long,descriptive,bm25,1,"how is the seat fabric?  we have a britax, and my son sweats so much when in it.",[UNANSWERABLE],,0,"[""KB_00216""]","[""This knob works perfectly as it is intended. It is a good replacement part and has held up very well""]",2.17500000144355
G_025,REC_025,B007W69P7E,Automotive,long,descriptive,bm25,1,"It sounds like this will fit a 2013 4Runner, but does it void the warranty?  It shouldn't, as it's a Toyota part.  Also what is the HP increase?",Your warranty will be fine. Helps breath a bit better. Will add some motor noise as well. I saw maybe a mile increase at most.,KB_00218,1,"[""KB_00219""]","[""This is a great looking piece, but the instructions are less than sensible and give sometimes no indication of what to do with wires and clamps. These could have been written a lot better, as the last line reads &#34; If engine light remains on, go to your Toyota dealer for service!&#34;  Not cool  :-(""]",3.4661250028875656
G_026,REC_026,B005G59WP8,Musical_Instruments,long,descriptive,bm25,1,Is the brain capable of reproducing different stick velocities (Dynamics) or is the same volume produced no matter how hard you hit pads?,it's pretty close to a reptilian brain that is inexpensive. The volume is pretty much the same no matter how hard you hit it. If you're looking for that kind of dynamic velocity you really need a more expensive kit or at least replace the brain with a better one.,KB_00224,1,"[""KB_00221""]","[""The kick pedal and pad are all-in-one, which is very convenient. All of the pads are very responsive so you do not have to hit them very hard. My wife says she cannot hear the pads when I play with headphones.Sounds &#8211; The &#8220;acoustic kit&#8221; sounds fine through my Altec Lansing computer speakers and subwoofer when playing solo or jamming with band at low volumes.""]",2.6778750034281984
G_027,REC_027,B0043D68YW,Health_and_Personal_Care,medium,descriptive,bm25,1,Do they have Aloe Vera on them?,[UNANSWERABLE],,0,"[""KB_00231""]","[""works well for travelling. single packs are convienient. not cheap like a lot of the reviews said. thay are disposable so what do they expect?""]",0.9619579941499978
G_028,REC_028,B004VTGD9I,Patio_Lawn_and_Garden,long,descriptive,bm25,1,"What is the height of the basket? (Yes, I see the dimensions in the description, but it may not be accurate). Thanks,",[UNANSWERABLE],,0,"[""KB_00240""]","[""Our last basket was busted and broken. We couldn't find a local shop with our size basket. I was thrilled to find it at Amazon. It fits perfectly and is doing a great job of skimming out the leaves that fall in the pool.""]",2.6194999954896048
G_029,REC_029,B0084LO7C4,Toys_and_Games,long,descriptive,bm25,1,I want to know if the eyes are stiched or buttons.  Buttons would not be safe for a newborn or baby under 3,buttons,KB_00242,1,"[""KB_00242""]","[""Great doll with nice features. This is a large Raggedy Ann doll I am using in my babys room as decor. With glass button eyes is will not be a good play doll until she is 3+ years old.""]",2.6927500002784654
G_030,REC_030,B00ISJO0BA,Electronics,medium,descriptive,bm25,1,Is it possible to apply WMN450M to UN55H7150?,Yes,KB_00257,1,"[""KB_00252""]","[""Great product. Easy to install. My only negative comment would be on the instructions as they are mostly graphic without written instructions. Just take a few minutes or as much as you need to study them and apply the condition that most suit your needs.I installed it in less than 1 hour including 10 minutes to study the graphic instructions. If you are a handy person it should be a walk in the park. I recommend this product highly!""]",1.073958002962172
G_031,REC_031,B0015H7924,Electronics,medium,descriptive,bm25,1,if they fit my toyota 4 runner 2006,[UNANSWERABLE],,0,"[""KB_00263""]","[""las compre para una Samuray toyota del 88 y quedaron excelentes. son la medida y se ven muy bien. recomiendo esta marca""]",1.053792002494447
G_032,REC_032,B00GTAJB78,Beauty,long,descriptive,bm25,1,"Why is this so thin? Like other brands I have used, products with hyaluranic acid and vit E should be a little viscous.","I find this product quite good. It's not viscous but has some oil base that allows you to use just 6 drops for you whole face. I put a small amount of the drops on my cheek bones, forehead & chin. Gently rub it in & then apply my moisturizer. My skin looks great!",KB_00276,1,"[""KB_00271""]","[""I would definitely read up about this before going over board with miracle products like Vitamin C, they always have drawbacks.Overall, I would certainly recommend the product! I've tried making my own Vitamin C serum using hylauronic acid and dissolving food-grade Vitamin C powder in it but that alone did not give me the same results as this serum. The Vitamin E and Ferulic acid must be what make the difference!""]",2.825458999723196
G_033,REC_033,B0011FY9AU,Health_and_Personal_Care,long,descriptive,bm25,1,Inositol makes this unusable by many people -- inositol causes cramps and stomach bloating. Why is it in the product?,[UNANSWERABLE],,0,"[""KB_00283""]","[""Prior to puchasing this product, I read the reviews of others. Some said it caused stomach problems. I discounted this assertion, and decided to try it for myself. Sure enough, after taking the product,I did suffer from stomach problems. I am not giving up on the product, but need to give it further tests.""]",2.1960000012768432
G_034,REC_034,B009WX60N2,Electronics,short,descriptive,bm25,1,where is the scan button,[UNANSWERABLE],,0,"[""KB_00299""]","[""Also as you scan you do not have to keep the mouse in the same position (in other words you can turn the mouse as you scan so you can pretty much scan in any direction and do not have to worry about keeping the mouse so straight). It is not a replacement for a flat bed scanner, but will scan in a larger area then most standard flat bed scanners. Hope that helps someone make a decision.""]",0.6866670009912923
G_035,REC_035,B007XVYSZW,Toys_and_Games,medium,descriptive,bm25,1,what is size of this toy?,[UNANSWERABLE],,0,"[""KB_00302""]","[""This toy looks cool and is pretty std size, not too small as I thought from pictures. My son's favourite things in the world are cars and dinos..like most other boys... THis toy combines both of it... I recommend this to anyone age around 3-5. And price is pretty good too. I got it for about $15.""]",0.8120420025079511
G_036,REC_036,B000FZP2XA,Toys_and_Games,long,descriptive,bm25,1,I see that this comes with furniture but does it come with any dolls?,"No, it does not..... Sold separately",KB_00312,1,"[""KB_00311""]","[""If I had it to do over, I might splurge for the \""Terrace\"" model, BUT this dollhouse is well-constructed and a good value since it comes with furniture. Our only complaint is that the upper rooms with the slanted ceilings don't really have much room for maneuvering dolls and furniture. Easy to assemble.""]",1.7161669966299087
G_037,REC_037,B005MZ4A7C,Beauty,medium,descriptive,bm25,1,"When it's time to remove makeup & sealant, what do you use?",[UNANSWERABLE],,0,"[""KB_00324""]","[""I like to do a lot of elaborate makeup, even in my day-to-day, but I usually don't have time or space to carry the makeup around with me to do touch ups. Even with the aid of setting powder and primer, my makeup usually ends up coming off after several hours.I originally bought Ben Nye's Final Seal to use for my Hallowe'en makeup this year, but I've been using it on some of my other looks before then to get used to the product.""]",1.5581670013489202
G_038,REC_038,B000FED594,Health_and_Personal_Care,medium,descriptive,bm25,1,are they 100% cotton?? or is there some polyester??,"As others have stated, there is a cotton quilted side that is absorbant and the other side (pink) is waterproof. I've washed them a lot as I use them as potty pads for my dog and they hold up well in the washer and dryer. I just love the fact they're saving me money each time I use them.",KB_00335,1,"[""KB_00335""]","[""Sofnit 300 under pads are made with great quality cotton,  they are commonly used in hospitals due tho their quality and durability. I purchased them for my relative, the cotton it is not irritant to the delicate skin and it is very resistant.""]",1.1429579972173087
G_039,REC_039,B0027IVMWI,Toys_and_Games,long,descriptive,bm25,1,What is the general age group this is for? I have a 6 year old nephew. thanks.,I think six is a great age for this toy. It's not full size so older kids would be disappointed. The flags are small but the goal is a decent size.,KB_00343,1,"[""KB_00341""]","[""I purchased this item, but then realized my 11 & 9 year olds were a bit too old for it. Passed it along to my 4-year old nephew who loves it!""]",2.1784159980597906
G_040,REC_040,B004MDM6LC,Health_and_Personal_Care,medium,descriptive,bm25,1,i want to know a size of the bags,They are standard size grocery bags,KB_00351,1,"[""KB_00354""]","[""I was very glad that I found these but was very disappointed with how thin the bags are. I need the bags to be a little thicker and  larger.""]",1.2256670015631244
G_041,REC_041,B005I5DJU0,Electronics,medium,descriptive,bm25,1,What are the brackets made of?,Basically a hard plastic which is very fragile!,KB_00366,1,"[""KB_00361""]","[""It needs 2 side brackets  to hold the iPad in place. My iPad is now broken- not functional. Terrible product.""]",0.8822919990052469
G_042,REC_042,B00DUVTPH0,Home_and_Kitchen,medium,descriptive,bm25,1,is the pump metal or plastic?,"Plastic. The spout occasionally pops off. I've never had one do that before, however, I use mine for hand soap rather than lotion. I don't believe I would buy another one like it. Hope that helps you.",KB_00371,1,"[""KB_00371""]","[""I purchased two of the same style pumps from InterDesign. The first, which is identical to this but ceramic and metal, came as advertised. This pump is advertised a metal, but the only metal part is the pump spring. Everything else is commodity grade plastic. It probably cost less than $1 to import from overseas.They should either ship a real metal container or drop the price to $2.99where it belongs for this item.Shame on InterDesign for their mis-leading advertising!""]",0.851790995511692
G_043,REC_043,B0057BUTUI,Home_and_Kitchen,medium,descriptive,bm25,1,Are the lids on these a dark blue or a smoky gray/black?,They are like a medium blue. I was actually hoping they were gray/black but the blue still looks pretty.,KB_00377,1,"[""KB_00384""]","[""These cannisters are gorgeous. I'm using them to hold pet treats, so they are just the right size. The largest one might be a tad small if you were to use it as a cookie jar, but the jars are so pretty, I'd find a way to make it work. The seal with the lids on is very tight. While not recommended, you could probably lift the cannisters by their lids and not have the cannister fall off.""]",1.696125000307802
G_044,REC_044,B0014CMQEQ,Pet_Supplies,long,descriptive,bm25,1,My cat keeping peeing over the side. How can I train him to hit the target? Or install higher sides?,"I'm not sure... if you can figure out how to install a higher side on the inside of the litter box (maybe some thin plastic and some e6000 glue), that would be the solution... but if it's not a feasible alternative, maybe this is a bad litter box for your cat. Which is too bad, because we STILL love it. :) I hope you find a solution!!!",KB_00396,1,"[""KB_00394""]","[""This is such a great product! Easy, inexpensive, and simple. The pad and pellets are great at handling urine and the smell. Clean-up is a breeze. However, there is no support for the poop. Pellets don't control odor or hide it. So if the poop is not scooped right away, the poop smell takes over the house. Only if I can train the cat to only pee in this and poop in the other box.""]",2.5351660005981103
G_045,REC_045,B007H7G6IE,Cell_Phones_and_Accessories,long,descriptive,bm25,1,"works on HSDPA 850/900/1900/2100 frequencies 1900, I might say the detailed specifications, is a processed snagdragon s3 or s4. thanks?",[UNANSWERABLE],,0,"[""KB_00399""]","[""I ordered this phone on May 24, 2012. It just arrived.No where in the description did it say I would be sent a Tmobile Branded phone that is unlocked. In my opinion, the description is a bit misleading.1. The phone is blue/gradient, not black.2. It was basically a Tmobile phone that is unlocked.The worse part, I'm unable to get the phone working on ATT network.""]",2.851124998414889
G_046,REC_046,B001D4BZ56,Patio_Lawn_and_Garden,long,descriptive,bm25,1,Should you use this product right away once you mix the can of it with a gallon of water?    I noticed crystals in my container  when I was done.,if you let it sit overnight it will crystallize on the bottom of the jug you mix it in. If you heat up the solution it will dissolve the crystals. I mixed up a can into a gallon milk jug. I have stored it for a time and when ready to use it again just put the jug into a pot of hot water and it will dissolve it back to useful liquid. You need to mix the solution with a long stick that reaches the bottom as you warm it to dissolve the solids.,KB_00409,1,"[""KB_00407""]","[""After 2-3 days, I have not seen a single one, and it has been about three weeks now. I am convinced.What I learned:1. When you mix the salt into water, heat up the water first (but do not use a cooking pot if you put the boron salt in it) so it is hot to touch (but not boiling). This will dissolve the solution quickly. Cold water could take hours, or not at all.2.""]",3.875249996781349
G_047,REC_047,B007QVWMAC,Toys_and_Games,long,descriptive,bm25,1,"can they be filled by an bicycle air pump or at a gas station or do they require their own unique pump and if so, where can I purchase it?",You can not use a bike pump or gas station pump. You need a pump that will blow up a air matress. You can purchase them at job lot for ten bucks or on amazon,KB_00420,1,"[""KB_00423""]","[""We recently purchased a house right on the river and bought these tubes for summer floating. They are FANTASTIC! Theyer big and very comfortable! (I'm 5'1 and my husband is 6'3 and the tubes fit both of us very well) The head rest has a seperate air chamber so you can inflate it to your comfort level (or not inflate it at all if you wish). The Two cup holders are a nice touch.""]",3.6603330008802004
G_048,REC_048,B000CFQM4G,Automotive,medium,descriptive,bm25,1,Does the gauge have an auto dim feature?,"It does have an auto dim feature. The sensor is the little hole under ""14"" and above the LCD display (you can actually see it in the product picture). I have this and can confirm that the auto-dim does work.",KB_00427,1,"[""KB_00427""]","[""Bought to tune my built WRX. Don't make mods to a car without retuning, and don't retune without a wideband! Multiple color gauge faces and rings for installation. I did not permanently install mine. Wired in for tuning and then removed. Works amazingly well. Easy to read in all light conditions, the auto dim feature was nice. Very detailed install instructions included make installation a breeze.""]",1.165125002444256
G_049,REC_049,B007ZZQHSW,Sports_and_Outdoors,long,descriptive,bm25,1,"Is this item bigger/heavier than this one: Spec-Ops Brand Recon-Wrap Multi-Season, Multi-Mode Head Gear (Woodland Digital)","I don't own the specific one you linked, but all of the Recon Wraps that I've owned have been the same. The closest any of them have been to being ""bigger"" is the multicam one I got on Amazon is longer than the ones that were issued or that I bought on base. But the longer ones mention it in their description generally so it shouldn't be a surprise.",KB_00440,1,"[""KB_00438""]","[""This is lightweight multi-mode multi- use head gear. Keeps head cool on hot days, cannot say about warmth in cool weather since its August in the south. Stores in the space of a handkerchief.""]",2.6577500029816292
G_050,REC_050,B005ONMFAQ,Cell_Phones_and_Accessories,medium,descriptive,bm25,1,Is this a hard plastic case or a flexible rubber case?,It is more of a plastic case. I wouldn't reccomend getting it unless you really need a cheap phone cover and have no other options.,KB_00451,1,"[""KB_00452""]","[""I had a hard time finding a case for my Sprint Samsung Galaxy S2 phone, so I was excited to find this case. It touted low profile, perfect fit, and rubberized black hard case. I must say that I was impressed with the perfect fit that was easily snapped on. When I read that it was a rubberized case I expected there to be rubber on the inside to minimize shock if dropped. However, there was no rubber.""]",1.368208002531901
G_051,REC_051,B000EMDB3C,Home_and_Kitchen,long,descriptive,bm25,1,Do both sides brew at the same time or do they have separate timers? Does it even have delayed brewing timers?,Both brew at the same time unless you have it set for only brewing one cup. There is no timer for delayed brewing. It works very well this way for my purposes.,KB_00464,1,"[""KB_00457""]","[""The idea was intriguing but not exactly what we hoped. You don't have the option of brewing on one side or the other. If it's one cup then it's on the left. You can't brew the right side alone. It does drip on both sides even if you only brewed one cup. It works well enough and it was better than messing with our Keurig (very sad for Keurig) but not our 'forever' maker.""]",2.470207997248508
G_052,REC_052,B00G11D5JA,Cell_Phones_and_Accessories,medium,descriptive,bm25,1,How to install this screen protector?,[UNANSWERABLE],,0,"[""KB_00469""]","[""This screen protector is top notch! It truly does what it says with the anti glare and it is fabulous.""]",0.8327079995069653
G_053,REC_053,B003NRHAH8,Electronics,medium,descriptive,bm25,1,Will this work on my Sony Nex 7?,Yes,KB_00477,1,"[""KB_00477""]","[""This is a nice and compact lens which I enjoy using on my NEX 7. Unfortunately, its sharpness is somewhat lacking especially when placed in more challenging situations (eg. low light street). I wish Sony will put out a better version of this lens - based on the photos I have seen... 3 stars is about right.""]",1.0787079954752699
G_054,REC_054,B006FJCLI4,Sports_and_Outdoors,long,descriptive,bm25,1,"I want to use this phone in Europe, and do not intend to use it in US with T-Mobile.  Can I get an unlocked version of this phone?",This phone can be unlocked with a 4 digit code and you can get those online at unlock codes dot com or you can find them from T-Mobile. eather way you can use this phone if you do get that. Thanks for asking.,KB_00487,1,"[""KB_00491""]","[""My husband and I  have had a T-Mobile phone plan for ~10 years, so do all my grown children. We talk to each other using the free T-Mobile to T-Mobile plan. Anyway, another phone broke, instead of renewing a contract every time a new phone is needed, we buy one from Amazon. Works well for us, we appreciate the ability to buy one when we need one.""]",3.599083000153769
G_055,REC_055,B005KP1E14,Toys_and_Games,medium,descriptive,bm25,1,What is the difference between this helicopter and the MCX RTF,"If you are interested at all in advancing your skills and learning to fly bigger RC helicopters, get the MCX or better yet the MCX2. These are 4 channel helis and the controls will be correct on the transmitter. The Scout is 3 channel and the controls will not teach you how to fly an RC helicopter correctly.",KB_00499,1,"[""KB_00497""]","[""This is my first RC Helicopter. The guy at the local hobby shop suggested this heli over a larger one (27\"" from nose to tail) that was about the same price. The difference is that this is a \""hobby\"" heli and not a \""toy\"" heli. The difference is that \""toy\"" heli's do not have replaceable parts, should you crash one too many times. \""Hobby\"" heli's have fully replaceable parts.""]",1.3805829948978499
G_056,REC_056,B007TGMJ4S,Pet_Supplies,medium,descriptive,bm25,1,what are the dimen of this product? holong and wide is it,[UNANSWERABLE],,0,"[""KB_00507""]","[""Now as for the product itself. It pretty much does what it says. It causes certain things under it to glow. I knocked off one star because the instructions in the package did not seem to match the item. Description on web site and the packaging indicate blue LEDs which is what it has. The instructions however, indicate blue and white LEDs with a 3 way switch for OFF, Blue and white light or just Blue light. The instructions in the package are incorrect.""]",1.5090000015334226
G_057,REC_057,B004WMP03E,Home_and_Kitchen,medium,descriptive,bm25,1,How thick is the Stainless Steel Measuring cups? Some are quite thin.,You're right--these are thin.,KB_00518,1,"[""KB_00523""]","[""GARBAGE and NOT Stainless Steel! The measuring cups rusted immediately in areas inside and on the bottom. They feel cheap. I am returning.""]",1.4645830015069805
G_058,REC_058,B003L14UCO,Office_Products,long,descriptive,bm25,1,"What is the capacity?  For example, Brother's cartridge says it'll print 2600 sheets at 5% coverage.","2600, give or take a couple hundred. Remember that this is 5% coverage. I get about 1800 to 1900 with full text pages. About four reams of paper.",KB_00530,1,"[""KB_00527""]","[""I bought this cartridge as a back up when my Brother cartridge ran out of ink. Today, it ran out of ink, 5 months after I purchased it. The installation went smoothly but there is background black type on the page. I am still within the 6 month period. The background printing stopped after several sheets were printed. It is ok now.""]",2.147749997675419
G_059,REC_059,B000BKY63G,Tools_and_Home_Improvement,long,descriptive,bm25,1,can I purchase extra rail clamps for other tools such as a drill press or scroll saw?,Yes the part number is PM-7002 available on Amazon.com,KB_00541,1,"[""KB_00539""]","[""I started out looking for a sturdy mitre saw table and ended up with a versatile power tool stand that helped me gain needed space in my workshop. With the quick interchangeablilty of power tools, I was able to eliminated permanent stands and tables dedicated to individual power tools. I now stow table top grinders, scroll saws, sanders, etc. away then quickly and securely mount them on the PM7000 when needed. Changing tools takes about 20 seconds.""]",2.078124998661224
G_060,REC_060,B002HRET4M,Patio_Lawn_and_Garden,long,descriptive,bm25,1,"Just installed the Baracuda, it continuously gets stuck on the pool ladder. I followed the instructions is there someting we can do to fix this?","I am saying this based on my experience, I had control valve set more suction to baracuda than skimmer. Once I changed set up to be neutral for sharing suction power between baracuda and skimmer, it started behaving the way it should. I hope this resolve your problem",KB_00552,1,"[""KB_00546""]","[""I never review products much but felt I needed to on this. We just installed a 28' Doughboy, I was very excited to try this automatic pool cleaner. My complaints are as follows:  After many hours of being in the pool it missed several spots, it goes over and over the same spots continuously and also the vacuum gets stuck around the skimmer area where it's plugged in due to getting tangled around the hose.""]",3.0502500012516975
G_061,REC_061,B001KW0BE2,Home_and_Kitchen,long,descriptive,bm25,1,"Will it remain stable if the cardboard backing is not put on? I have beautiful wood paneling on my wall, and I would like it to be visible through it.",I highly doubt it. The backing actually stabilizes the overall frame.,KB_00557,1,"[""KB_00556""]","[""This piece holds lots of media. Remember this isn't wood but hi-compressed cardboard with a thin backing. I fastened my unit to a closet wall. In order to do this, I made a custom shelf with support brackets and reinforced the inside top of the frame to anchor it to the wall. I trimmed about 2 1/2 inches off the base plate and used it to reinforce the top. I ended up with several extra shelves.""]",3.700084002048243
G_062,REC_062,B002KJSD8K,Beauty,medium,descriptive,bm25,1,what type of smell does it have,It is a very light not unpleasant smell that dissipates quickly. It is not floral at all.,KB_00574,1,"[""KB_00566""]","[""I think this works well. Doesn't smell great but also doesn't bother me. I bought one for my mom too.""]",0.9602499994798563
G_063,REC_063,B001RTL5L6,Sports_and_Outdoors,medium,descriptive,bm25,1,How do you turn off/on and is there an auto shut off?,There is a little black button to push for on and off and setting what mode you want them in.  They will automatically shut off after about 5 minutes if the wheels are not in motion.,KB_00584,1,"[""KB_00577""]","[""difficult to set up on bike, hard to turn on and off, lights not bright enough, very small screws.Would try something different""]",1.7061670005205087
G_064,REC_064,B0018B15FE,Health_and_Personal_Care,long,descriptive,bm25,1,"Using Charlie's without cleaning the machine? has anyone used this soap in a laundromat or apartment building machine where it's nearly impossible to clean the machine?I've heard great reviews of this soap, but I don't really control my washing machine environment as much as I'd like to, since I don't have my own machines - if the soap's going to suck in this environment, I'd rather know ahead of time and not buy it.",[UNANSWERABLE],,0,"[""KB_00593""]","[""I purchased Charlie's Soap Powder after the interior of my 6-month-old, front-loading LG washing machine was smelling like mildew, and no matter how much &#34;washing machine cleaner&#34; I used, the smell was not going away.""]",9.56058299925644
G_065,REC_065,B002HDYD88,Home_and_Kitchen,long,descriptive,bm25,1,"Anyone using them on carpet? How stable are they? If you were to just sit your speakers on them (without any tac) , would that be ok?",They come with metal spikes for the bottom of the stand. These extend down into the carpet and create a pretty stable platform. Mine have nothing attaching the speaker to the stand (just gravity) and they are plenty stable on carpet.,KB_00597,1,"[""KB_00599""]","[""The speakers are a bit heavy and we wanted to be sure the top shelf was secure.the quality for the price would lead me to recommend these stands to anyone wanting to put their speakers at the perfect height and have them be secure.""]",3.2111250038724393
G_066,REC_066,B00165XQWW,Electronics,long,descriptive,bm25,1,Is it light weight? I have the Logitech M325 and I love everything about it except that it's a little heavier than I'd like since I'm a gamer.,The answer is that it is lightweight and easy to use.  I'm currently using only the 450 with my laptop.,KB_00612,1,"[""KB_00609""]","[""What can i really say about this mouse except that i love it to death, got it for use in playing the MMORPG - Perfect World on my home computer cabled logitech kept getting snagged. This mouse work great the reciever is so small i can plug it in the front usb port and forget that it is even there since it does not stick out and hurt any thing at all.""]",3.710375000082422
G_067,REC_067,B007J3FAJ2,Toys_and_Games,medium,descriptive,bm25,1,where to get replacement balls for Fisher-Price Cruise and Groove Ballapalooza?,[UNANSWERABLE],,0,"[""KB_00616""]","[""I uploaded a photo that compared the balls for this toy with some of their other similar toys.I couldn't find replacement balls for the Ballapalooza on the Fisher-Price website but I called their customer service department a couple of weeks ago and was able to get a replacement set for the newly released Fisher-Price Ballcano. Fisher-Price service has a great reputation.The price is a bit high but if this toy lasts as long as my other toys from Fisher Price, it's absolutely worth it.""]",1.556499999423977
G_068,REC_068,B001ELX290,Health_and_Personal_Care,medium,descriptive,bm25,1,what is the active ingredient that inhibits hair growth in this product?,This isn't a hair inhibitor. It stops ingrown hairs.,KB_00626,1,"[""KB_00627""]","[""This product rocks, and does what it say it will do. It makes a huge difference in the amount of irritation and ingrown hairs one gets after various hair removal endeavors and is equally good on Men and Women, You wont be disappointed with this product.""]",1.6462499988847412
G_069,REC_069,B0066FET1Y,Grocery_and_Gourmet_Food,short,descriptive,bm25,1,what are the ingredients,[UNANSWERABLE],,0,"[""KB_00642""]","[""But there was a problem, because the consistency was too rough for the delicate coffee filter. So I grinded the powder to make it finer. I brewed again and the result was so amazing! I could not believe it is not \""real\"" coffee! I was so excited, so I brewed a couple of more cups. Since the ingredients are very healthy and it is organic, I thought, so much coffee cannot do any harm.""]",0.6495419947896153
G_070,REC_070,B0057R27YI,Electronics,long,descriptive,bm25,1,Will this lens work with a Rebel Xsi?  my telephoto lens was dropped so I am looking for something else to purchase.,"I am not positive but think it will. When I purchased the adaptor to fit it to my Rebel T3, it listed a lot of other canon cameras that it also fit. If all canon cameras can fit the same lenses, then the adaptor would do the same. It's been a fun lens, does take some extra moments when focusing.",KB_00647,1,"[""KB_00649""]","[""The item arrived on time and the packaging was okay, but not great. Nevertheless, the lens worked as advertised. When ordering this lens make sure to note which camera the adapter mounting ring is for as there are more than one being listed on Amazon.com. This is as stated in the ad a manual zoom and focus telephoto lens. If you want an auto focus and zoom lens (wouldn't we all) you will have to pay a lot more than the asking price for this lens.""]",2.743584002018906
G_071,REC_071,B00021LQ0U,Home_and_Kitchen,long,descriptive,bm25,1,Would like it to hold my favorite Lysol wipes. What is the measurement from handle to edge? The picture shows a roll of paper towels so it looks wide.,"I just measured the one I purchased, and if you are measuring from edge of handle to inside edge it is about 5 1/4 inches (that is the area across where the paper towel roll is), I just put a jumbo Clorox canister in and fits nicely, I was surprised when I got this as it is a work horse, not one of those flimsy plastic totes, you will not have any problem putting your Lysol wipes in this as it is large. Since it is very sturdy it is heavier and not bendable.  I have one under my kitchen sink full of all the items I use regularly so I don't have to hunt, just pull the tote out and ready to go. I am very pleased with the quality of the tote that I plan to get another one for my work tools, hope this helps you.",KB_00654,1,"[""KB_00654""]","[""I was trying to keep cleaning gear at each bathroom and in the kitchen, but found that I was always missing one thing or running out of paper towels in one room, etc. So I thought I would buy a caddy and keep cleaning items in it to carry to each room instead. This caddy is large enough to hold all my spray bottles, a roll of paper towel, cloths, Mr. Clean Eraser, etc. and it fits under the sink in my master bath.""]",3.403208000236191
G_072,REC_072,B002HKCEAA,Toys_and_Games,long,descriptive,bm25,1,What should I do to stop the propellers from falling off the rods? The rotation causes them to come right off.,Call the manufacturer they are real great with help.734-502-8796.,KB_00667,1,"[""KB_00672""]","[""Look for replacement propellers in the box. There aren't any. Wait until next day (because, y'know, Christmas) to call hobby stores all over the place looking for replacement propellers. Finally find an open store 40 minutes away. Make the round trip to get them.9. Install replacement propeller and battery. Turn on boat.10. Insert (included) batteries into remote control. Notice that remote control neither lights up nor controls the boat. Turn off boat. Remove batteries from remote control.""]",2.5571660007699393
G_073,REC_073,B001GCU0TW,Health_and_Personal_Care,medium,descriptive,bm25,1,what are all ingredients? i am looking for no aspirin. thank you!,"Alka-Seltzer ""Heartburn"" contains no aspirin. It is formulated to treat only heartburn (indigestion). Active ingredients are anhydrous citric acid and sodium bicarbonate, both antacids. The package it comes in is very similar in appearance to the Alka-Seltzer package which does have tablets containing aspirin. You have to look carefully. They both have ""Lemon Lime"" on the front cover.",KB_00682,1,"[""KB_00674""]","[""No aspirin need I say more! It makes a difference if you take other medications. Wife sends me looking for this everywhere ! She takes a lot of meds and they have some in them already,!""]",1.5495000043301843
G_074,REC_074,B0093HHGD0,Home_and_Kitchen,long,descriptive,bm25,1,Did it shrink in size after you washed and dried it?  I'm afraid it might be too small for my queen bed if it shrinks any.,"The first time I washed the quilt I hung it out to dry and then the second time I actually put it in the dryer cause I was in a hurry. I didn't see a change in sizing. At the time I was using it on a twin sized bed before I bought the full that I have now. When I made the bed after putting it in the dryer the quilt hung the same length on both sides that it had before washing. It didn't change at all. I have had this quilt now for about 6-7 months and I am still very satisfied with it. I'm also pretty sure that the tag might say preshrunk but I'm not sure, I'd have to look, but mine didn't change in size at all after washing and drying. Hope this helps!",KB_00686,1,"[""KB_00684""]","[""This quilt is so pretty and warm. I love it. It is aslo a great size for my queen bed.""]",3.384167001058813
G_075,REC_075,B008KEJ1LM,Health_and_Personal_Care,short,descriptive,bm25,1,ease of comb removal,the comb removal is very easy to remove and put back on. So far this product has been great and is a great buy.,KB_00698,1,"[""KB_00694""]","[""I have been using this clipper on my face, head, back, and a few other places. It is working well for me. The fact that it is cordless is a huge advantage. It is also light weight and comfortable to hold. The adjustable comb works exactly as it should: it determines how close to the skin the clipper will clip. Panasonic designed this clipper to be waterproof. Waterproof is good, if only for ease in cleaning.""]",0.6159999975352548
G_076,REC_076,B0047YVIEC,Electronics,medium,descriptive,bm25,1,Will this battery work with a Linux OS?,[UNANSWERABLE],,0,"[""KB_00708""]","[""At the time of this review we&#8217;ve had the battery about two months.It arrived quickly and was well packaged in a bag inside a padded retail box. After skimming over the minimal instruction and warranty documents, I shut down the computer and swapped it with the old battery. Fit, finish, and latches are all good and it snapped right into place. On boot-up the computer didn't seem to notice anything was out of place and went right to work charging the new battery.""]",1.136416001827456
G_077,REC_077,B0045JSO32,Electronics,long,descriptive,bm25,1,"Can you run a single monitor with this?  Basically, I have a DMS59 card and a standard VGA monitor.  Just want to use the card and the monitor.","Yes, you can. You don't have to use 2 monitors. For the card or cable to work properly",KB_00721,1,"[""KB_00714""]","[""Be aware the VGA's are both female so if you have male ports to plug in with it will work perfectly.. I have a monitor with a built in VGA outlet to plug into this adapter and it works perfectly. No issues of any sort.The OTHER display i have is another story. It was also a Dell monitor but it did NOT have cables with it at all. So I basically cannot use this until i get a VGA extension cord AND a male to female adapter.""]",3.762375003134366
G_078,REC_078,B00IYQXZFO,Home_and_Kitchen,medium,descriptive,bm25,1,what is the eer rating of unit..,[UNANSWERABLE],,0,"[""KB_00724""]","[""Other than the holding aspect, installation was simple.I was over at my dad's house yesterday, and saw one of his window air conditioners. I don't know the BTU rating of that, but it looked HUGE compared to this compact Frigidaire model.I like the simple, no-BS controls on this unit.""]",1.0565410048002377
G_079,REC_079,B00IAHRIUA,Cell_Phones_and_Accessories,medium,descriptive,bm25,1,Does this come with the little stand?,[UNANSWERABLE],,0,"[""KB_00735""]","[""This is a great little product the size a quarter. I was taking pics within 60 second of opening it.""]",1.1210419979761355
G_080,REC_080,B002N0MZLM,Health_and_Personal_Care,medium,descriptive,bm25,1,Does the 1 oz. bottle include a dropper?,[UNANSWERABLE],,0,"[""KB_00746""]","[""Tea tree oil has so many great uses & this one from NOW is a wonderful oil! Love the dropper-top, great 2 ounce size, super fast shipping with Prime! Thanks Amazon!""]",1.1616249976214021
G_081,REC_081,B006ZPCQBA,Cell_Phones_and_Accessories,medium,descriptive,bm25,1,Is there WIFI hotspot capability with this LG cell phone?,[UNANSWERABLE],,0,"[""KB_00753""]","[""Rooting can theoretically open you up to malware, since it grants access to the system files. However the benefits likely outweigh the risks, as you'd be able to use the Marquee as a WiFi hotspot under your unlimited data plan with Boost.WiFi TetheringThere are several apps out there that claim to add WiFi tethering capability to cell phones without rooting your phone. I intend to explore those options, and will post an update here, if any of those apps pan out.""]",1.362334005534649
G_082,REC_082,B000EDNCJO,Health_and_Personal_Care,long,descriptive,bm25,1,These just arrived but they look used... Is the blade supposed to come clean?,[UNANSWERABLE],,0,"[""KB_00763""]","[""Great clippers. I have been a barber for I've 16 years and have used this in the past. After trying different clippers I always come back to the designer clippers. These clippers are just an all around great machine.""]",1.7947500018635765
G_083,REC_083,B0032536QK,Pet_Supplies,long,descriptive,bm25,1,"Is 24-30"" bright enough for 29 gallon long tank with dwarf baby tears as carpet plants?",No. This light only works for low light plants. Dwarf baby tears need a much brighter light than this one.,KB_00776,1,"[""KB_00773""]","[""I'm growing anubas, cabomba and dwarf tears in my 10 gallon. The dwarf tears are a bit slow to carpet, but the cabomba and anubas are growing pretty quickly. The blue night light is a nice touch.""]",2.111750000040047
G_084,REC_084,B00822VUSY,Cell_Phones_and_Accessories,long,descriptive,bm25,1,"It says that there is an Anti-Fingerprint Screen Protector Comes Pre-Installed, what if i wanted to change the installed screen protector? Can i do it",Yes you can,KB_00783,1,"[""KB_00784""]","[""Everything you need, screen, tool kit, instructions, and the screen has a pre-installed anti-glare screen protector on it to boot.""]",3.3317500056000426
G_085,REC_085,B007HIQD5Y,Health_and_Personal_Care,long,descriptive,bm25,1,What's the difference between this product and an electric blanket?  Which is better to keep an older person warm?,This is an exceptional product! Originally I was looking for a large heating pad for my Mom when this product came up in the Amazon search. Mom is 88 and suffers with arthritis and is always cold. The wrap exceeded what I had hoped to purchase. It is the perfect size to wrap around her shoulders as her upper body and the softness of the material is wonderful. The three heat settings gives her a choice to warm her up quick and then lower setting to maintain the heat. Mom's hands are always cold. The Wrap is long enough to cover her hands. She likes that the best. Because of her arthritis in her hands she has trouble holding the Wrap closed. To fix this I sewed a pocket into the corners of the Wrap that hers hands slip into. It works very well and Mom is very very happy with the results. The Wrap doesn't work as well as a electric blanket but I was looking for a should wrap. Thank you!,KB_00793,1,"[""KB_00793""]","[""My mother wanted an electric blanket but my dad is always too warm. This product was a nice choice to keep her warm without being so big it covered the whole bed.""]",2.4743329995544627
G_086,REC_086,B004QIPKNY,Electronics,long,descriptive,bm25,1,Do you need an outlet adapter to operate this in the US ?,"No, this is made to be used in the US. It has a standard US cord and works in the US outlets. It plays all the different region DVDs, including region 1 (US and Canada).",KB_00811,1,"[""KB_00810""]","[""This DVD player does not play a lot of American DVDs. If you live in the US, DO NOT BUY THIS!! !""]",1.5490000005229376
G_087,REC_087,B002AEOY42,Home_and_Kitchen,medium,descriptive,bm25,1,what are the dimensions of this trash can?,[UNANSWERABLE],,0,"[""KB_00816""]","[""This can rocks - very sturdy feeling and not too small for my bathroom. Not sure what reviewers are putting in their bathroom trash. . .""]",1.1224999980186112
G_088,REC_088,B005J31O6M,Electronics,short,yesno,bm25,1,will this fit a c655-s5504?,"Its been a while since I installed this, but if your computer has a 4 prong plug, it should connect to the power connector just fine. I had a little trouble getting it in the connector case slot to get the case closed, but it finally went. Watch the You Tube video on power connector repair for this model, although he removes the connector from the board a little quick to see, it is not hard to replace. Just make sure to look at the orientation of the pins and polarization fins when you take the old one off. I saved my student $60 with the repair!",KB_00826,1,"[""KB_00826""]","[""Installed in Toshiba Satellite C655. Distance between power adapter connector and choke in wire was shorter than OEM piece. I had to cut a notch in the hinge bracket to make it fit. Even with modification it was a very tight fit. Item was delivered in a timely manner.""]",0.9012080045067705
G_089,REC_089,B008VH8TW0,Health_and_Personal_Care,medium,yesno,bm25,1,does it fit with Tens Handheld device?,Fits perfectly and works very well! Highly recommended.,KB_00834,1,"[""KB_00833""]","[""These work great. They fit right along the lower back where I have a lot of pain. They seem to be holding up for quite some time, too. Highly recommend if you use a Tens Unit and you need something for low back area that stays put well.""]",0.9954579945770092
G_090,REC_090,B0015ADLOQ,Electronics,long,yesno,bm25,1,"if one unit is mounted inside front door, will it be heard by door bell ringer?","These units are intercoms where where you push a button and call and talk to the other unit. There is also a monitor feature, which would drain the batteries quickly so if using this feature opt for a DC converter (extra purchase but possible). In the monitor phase, if I understand you correctly,  you could set up one unit near the doorbell ringer to project the sounds to the second unit. As an alternative David, explore a second doorbell ringer which would ring along with the first and place it where you would have placed the intercom. If there is attic access or a ranch home with an unfinished basement the second ringer should be easily installed.",KB_00843,1,"[""KB_00843""]","[""Can't change channel on one unit. Monitor button doesn't work on second unit. Both powered by AC adapters. Unable to use.""]",1.9922909996239468
G_091,REC_091,B006KXDWJC,Beauty,short,yesno,bm25,1,"is this a ""tingly"" lotion?",[UNANSWERABLE],,0,"[""KB_00857""]","["". I did try a different lotion and my face didn't tingle at all. Just a little weird but I'd still recommend this lotion.""]",0.7897920004324988
G_092,REC_092,B003GBNKCU,Toys_and_Games,short,yesno,bm25,1,is he full silicone,[UNANSWERABLE],,0,"[""KB_00864""]","[""Welcome home baby doll is the third Ashton Drake doll I have ordered for my daughter and he is the most real looking of the three. My daughter was very happy with him, although he looked a little different than the picture on line. One thing we noticed was the corner of the eyelash coming off, but my daughter loved him so much I could not send him back!""]",0.5806659974041395
G_093,REC_093,B008BCQP80,Automotive,long,yesno,bm25,1,"For the passenger side mirror, is the main (larger) mirror flat or convex.",[UNANSWERABLE],,0,"[""KB_00870""]","[""Very nice quality product! Easy to install- watched a youtube video on removing the door panel before hand which was very helpful.""]",1.5729169972473755
G_094,REC_094,B0000E2E9S,Health_and_Personal_Care,medium,yesno,bm25,1,can i wear this bace for volleyball?,"Yes, this is appropriate for volleyball. Most of the girls on my daughter's team wear this brace or something similar.",KB_00875,1,"[""KB_00872""]","[""I bought the Active Ankle T2 guards for my daughter who plays high school volleyball. They are supportive while still allowing maximum flexibility and movement. The coaches recommend that all the girls wear these - and they work.""]",0.9099169983528554
G_095,REC_095,B00HD7IX7K,Electronics,medium,yesno,bm25,1,is it free shipping to Singapore?,[UNANSWERABLE],,0,"[""KB_00889""]","[""It is inexcusable to have the keyboard/trackpad not centered to the display.Lenovo, I hope you fix this in W540 v2.""]",0.8413329996983521
G_096,REC_096,B008G0QB18,Home_and_Kitchen,medium,yesno,bm25,1,does it work on induction cooktops?,[UNANSWERABLE],,0,"[""KB_00899""]","[""I just ordered this cookware, after seeing an infomercial, and I learned to throw away my former silverstone cookware once it becomes scratched. So far, I like it fine. It looks and feels nice and durable, yet is light-weight (as opposed to my iron cookware favorites, which cook great but are heavy to lift). This is a better \""non-stick\"" than the traditional non-stick software. You do have to \""season\"" it before first use, which is easy.""]",0.8442920006928034
G_097,REC_097,B0002AHQWS,Toys_and_Games,long,yesno,bm25,1,"I'm thinking on this for my 7 & 9 year old grandsons, do I need anything extra?",[UNANSWERABLE],,0,"[""KB_00904""]","[""Both my 7 and 9 year old daughters just love this kit! Would recommend this to all age levels. !""]",2.0561250057653524
G_098,REC_098,B00AM7M40U,Toys_and_Games,short,yesno,bm25,1,does this come assembled?,No but it's easy to put together,KB_00914,1,"[""KB_00911""]","[""I am very pleased with my purchase, this car rocks! It is stylish and comes with equipped with lights, beats, and an MP3 player to play your own music. My niece will play with this for years to come, the remote control option is perfect for little kids to young to drive on their own. She LOVES playing in this car. I would definitely recommend this product. Also, the battery last much longer that indicated.""]",0.5978749977657571
G_099,REC_099,B00C2P6VUY,Toys_and_Games,long,yesno,bm25,1,can we ride it on the road ? in a cul-de-sac I mean .,No,KB_00915,1,"[""KB_00917""]","[""Kids love it!! Does everything box states it should :)  Best little ride on pony we could find that was made in the USA! !""]",1.7785830059438013
G_100,REC_100,B002VWK0OG,Health_and_Personal_Care,medium,yesno,bm25,1,can this be used over the toilet?,[UNANSWERABLE],,0,"[""KB_00925""]","[""where the frame that holds the bucket and braces the seat used to be welded, it is now held on by two bolts.b. the toilet seat on the 2009 model, was heavier and appeared to be molded providing stability and comfort.""]",0.9984579955926165
G_101,REC_101,B00149HIMY,Sports_and_Outdoors,medium,yesno,bm25,1,is this ball made in china?,[UNANSWERABLE],,0,"[""KB_00936""]","[""I purchased the wave ball yesterday for a low price of $25. This ball is truly amazing for all players. The composite cover is very comfortable to handle and the grooves in the ball make ball handling second nature. Also, the ridges greatly enhance shooting ability. When I played with it yesterday I made almost all of my shots. Shooting with this ball just feels right. It comes off the hands so smoothly and has a perfect amount of backspin.""]",0.8163750026142225
G_102,REC_102,B002I5NO1C,Patio_Lawn_and_Garden,short,yesno,bm25,1,will it deter raccoons?,"I have to say ""Yes"". We were having a problem until I put my extension hanger up. They have given up!",KB_00946,1,"[""KB_00950""]","[""This thing is necessary at our house. It is a lot bigger and heavier than we expected and so we haven't yet put it up. We have to find a strong enough fencepost to hold it! It seems very well made and looks like it will do exactly what we need it to do (mostly to deter squirrels from the bird feeder).""]",0.5917500020586886
G_103,REC_103,B009L1SDL2,Home_and_Kitchen,medium,yesno,bm25,1,is it worth the price for k-cups use only,"I need to modify my review, bc since then, I've had intermittent problems with it spitting and spewing water. Further, the coffee tastes different, almost burnt, sometimes; different from my Mr. Coffee at home. (I use this cheap one at work.)   I would advise against the purchase. Go with Mr. Coffee or Keurig.",KB_00955,1,"[""KB_00960""]","[""This more than met my expectations!! I can use regular coffee or the K-Cups. It is very much worth it!""]",1.2718750003841706
G_104,REC_104,B009D3Y0M4,Toys_and_Games,short,yesno,bm25,1,is this helicopter durable,Its durable as long as you dont crash it! It has no cushioning if lands hard the legs that hold the runners will crack.,KB_00967,1,"[""KB_00966""]","[""i have had the helicopter for over a month and it is definatley fun to fly once you get the hang of it it controls nicely... as far as the other reviews go i dont go thru batteries any where near what they are saying i have rechargable aas that i charge at night and i go prob 2 days on them now the helicopter itself yes you charge it alot but its a lil helicopter so cant handle a heavy batt.""]",0.6311250035651028
G_105,REC_105,B000OYJ9AO,Beauty,short,yesno,bm25,1,is it good for face?,Yes,KB_00983,1,"[""KB_00977""]","[""i got this and am not crazy about the scent since i am a guy. But what i want to know is if this is ok for face lotion. I dont want it breaking me out either. It seems like a good product so far i just prefer unscented and i want to use it on my face but dont want to breakout.""]",0.7410420002997853
G_106,REC_106,B008OHZ1XW,Home_and_Kitchen,long,yesno,bm25,1,WHat if I drop this bad boy into a 5 gallon glass container...will the scoby eventually grow to the size of the giant container?,The baby scoby will take the size of whatever container the mother scoby is placed in. I have a 2.5gal container and the new baby scoby that was formed was huge. I can only imagine how large it will become in the 5gal container!,KB_00991,1,"[""KB_00987""]","[""I've purchased 3 scoby's so far and this one is by far the best! The scoby is thick and healthy and comes with enough buch to make a gallon with.The order was shipped the day after I placed my order and was sent via 2 day air. The packaging was great. I was a little worried at first as I live in Arizona so my mailbox can get pretty hot but the scoby was just fine.""]",2.980500001285691
G_107,REC_107,B00CYFEUVE,Toys_and_Games,medium,yesno,bm25,1,can I to change the FURBYS lenguage from english to spanish??... thanks,No,KB_00995,1,"[""KB_00995""]","[""is soo  boring i love the colors is soft but easy to stain and it is to noisy and only talk in furbish , their lenguage , no in english , no in spanish bore now i dont used""]",1.4963330031605437
G_108,REC_108,B002CZ07HC,Tools_and_Home_Improvement,long,yesno,bm25,1,will this fixture cast a lot of shadows/ patterns of the sphere on the wall and floor?,"I notice the shadows on the ceiling more than anything. However, the wall the fixture is in front of is windows with blinds, and they're not very reflective. Also, I have the fixture over my dining table, so not a lot of light hits the floor.",KB_01008,1,"[""KB_01006""]","[""This fixture is gorgeous and puts out a lot of light. It's also about 50% of the price of similar designer fixtures. It loses a star for lack of clear directions (it's a one page poorly labeled diagram that doesn't even tell you the base style of the bulbs) and because there should be more length to the chain. The chain wasn't long enough to swag the fixture a few feet a way and have it hang 36&#34; over our table.""]",2.1091250018798746
G_109,REC_109,B00ANUCV2M,Pet_Supplies,long,yesno,bm25,1,"When spraying this in the yard, will it destroy any plants, flowers or Palm trees?  I live in Florida.  Thanks","Hi Kat, we sprayed Cedarcide all over our yard, covering our lawn, trees and plants. Not one thing was damaged. This product is made with cedar oil from cedar trees. We have pets and did not want to use perstcides. The container lasts a long time too. We still have left from last summer.",KB_01015,1,"[""KB_01023""]","[""I have been using this product for 5 years. It is THE BEST product for controlling fleas, etc., in the yard on the market today. I apply it once in the spring and there are no fleas or ticks in my yard all year long, not to mention other critters I do not want. It allows my pet to roam the yard at will with no worries. And it is totally harmless to humans and pets. Fantastic product.""]",2.351582996197976
G_110,REC_110,B007KENYUW,Patio_Lawn_and_Garden,medium,yesno,bm25,1,do I have to pay state sales tax on this,[UNANSWERABLE],,0,"[""KB_01027""]","[""So far I think going with Toro was a great decision. This trimmer did a wonderful job and we did a lot of trimming this year and it got a real workout. This cut really well on smaller growth. I did not use it for anything major because that would just tax it too much but for the most part it trimmed everything like a hot knife through butter. It is also a little smaller than the B&D which made it wasier for a short person to handle.""]",1.2834160006605089
G_111,REC_111,B003YKDGNQ,Health_and_Personal_Care,short,yesno,bm25,1,does this haveshellfish,[UNANSWERABLE],,0,"[""KB_01035""]","[""so my mom drinks this juice everyday. It does seem to help her a little the only downer is getting the juice open. I mean they make it had for even me to open imagine people with arthritis! that's the biggest complain I have though....""]",0.48183299804804847
G_112,REC_112,B00AOCSFYC,Cell_Phones_and_Accessories,medium,yesno,bm25,1,does it work with a droid maxx?,I have a Samsung note 3 so l believe that it will fit the Droid Marx . A good investment,KB_01045,1,"[""KB_01046""]","[""This is a very good car-dock, I use it for mt Driod Maxx. It's a little clunky to mount the phone into because of the charging wire. I would have liked a Motorola dock specifically designed for my Droid Maxx, but as far as an aftermarket dock goes it works well.""]",0.920292004593648
G_113,REC_113,B000JJHMT4,Home_and_Kitchen,medium,yesno,bm25,1,is this pan steel (induction ready)?,I think it is aluminum so it would not be induction ready.,KB_01055,1,"[""KB_01055""]","[""I cannot overemphasize the toxic oder this pan gives off, filling the house with the obnoxious fumes for hours. Because it's not stainless steel, whatever it is made of is just horrible. It sort of smells like the non-stick coating being burned, but it's the outside of the pan, not the inside.I tried this three times thinking the odor would wear off, and it didn't. It just went in the trash.""]",0.7852909984649159
G_114,REC_114,B001TY5D6C,Pet_Supplies,long,yesno,bm25,1,has anyone had an issue with a gel like build up on the pump?  it looks like a clear-white goo.  hard to clean out of pump. i keep unit clean!!,"Yes. This isn't a flaw with he product itself though. I believe it's just household dust,hair,etc that builds up in the water and then gets clogged in the pump. I clean mine once a week and I've found it easiest to just pull the cap off of the end and give it a good rinse. It's nasty stuff but I'll take it for how much my cat enjoys his fountain!!",KB_01065,1,"[""KB_01065""]","[""Added comments:Do you have pump problems? I have the answer, I started having problems with the pump not working, follow these 3 steps if you have the same problem.#1. Take the cover off the pump where the water enters and clean the vents, mine were solid goo which didn't allow flow.#2. Every time I turn it off to clean the fountain, it will not restart. Just take a toothpick with the same cover off and flick the white rotor to kick start it.""]",3.6040830018464476
G_115,REC_115,B000E8ZJGS,Health_and_Personal_Care,medium,yesno,bm25,1,does it have that nasty protein shake taste and after taste,"well to be honest with you it depends what flavor , some of the isopure flavors have that taste at the end. i will recommend you , chocolate, mango peach or banana cream . but also take in consideration regardless the flavor this protein actually works !",KB_01080,1,"[""KB_01080""]","[""Cookies and Cream taste pretty nasty don't get it. If you want a really great flavor that you look forward to taste every time, then get Dutch Chocolate.""]",1.366917000268586
G_116,REC_116,B0009UBS2K,Toys_and_Games,long,yesno,bm25,1,does this toy include mistress death and thanos and the face mask of mistress death? thanks,Yes. It does include her and the mask. Plus a hand with the glove and without. One of the best sets you can buy.,KB_01085,1,"[""KB_01085""]","[""i've enjoyed collecting this series and Thanos is my newest addition. he's large and nicely detailed and his dimensions are on the money. he comes with mistress death(who he loves and worships) and she comes with a removable mask that makes her look like a young girl. Thanos also comes with an add-on infinity gauntlet(those who know thanos need no explanation. ONE(1) gripe though....his color.""]",1.8874999950639904
G_117,REC_117,B005MKCEDE,Clothing_Shoes_and_Jewelry,medium,yesno,bm25,1,is this the size to order for women size 11,"No, search for women's, specifically.",KB_01097,1,"[""KB_01095""]","[""I have used these many times and they work very nicely! They stretch width and length. I haven't had any problems with them and recommend them. I wear a size 8 and decided to order the size 9-11. Glad I did because they fit perfectly!""]",1.2732499963021837
G_118,REC_118,B001N7AFSG,Electronics,long,yesno,bm25,1,does the free keyboard cover come in the same color as the case?,"As a 2 fingered typist I discarded the cover since made it a bit hard to see the keys in low light. If memory serves it was of a pliable rubbery material, translucent and of the same color as the cover. Seemed to fit the keyboard layout perfectly.",KB_01107,1,"[""KB_01105""]","[""I love this case. The red color is great, and it was easy to put on the computer. Itkeeps the computer protected and well ventilated so that it does not overheat, whichis very important. I only wish the keyboard cover had come with it, as I ordered oneto match the red and it has never come in.""]",1.586624995979946
G_119,REC_119,B00DSAAYM8,Tools_and_Home_Improvement,long,yesno,bm25,1,"The add mention that the shelves are made of steel but the picture shows what appears to be particle board shelves, are the particle boards included?",The steel is the frame of the shelves. The particle board is included. The shelves don't feel stable until you get it all together. Then it feels like a rock.,KB_01116,1,"[""KB_01118""]","[""(2) The shelves are flimsy particle board,  ugly, easily broken, and marginally adequate for heavy loads. They are also too thin to fill the 1/2&#34; recess they sit in,  leaving an annoying lip.""]",3.1896669970592484
G_120,REC_120,B00GYJZER0,Home_and_Kitchen,medium,yesno,bm25,1,"When filled with cold beverages, does the exterior sweat?",No the exterior is always dry and room temp. I drink iced coffee often and it keeps it cold and my hands dry. Love this mug especially for the price.,KB_01127,1,"[""KB_01125""]","[""We were sick of the modern breaking plastic cup, and our kids are really good at breaking glassware.I purchased 4 different stainless cups (some double-walled, some not)  and these are our favorites. Filled it with hot coffee, stayed cool to the touch! I'm not expecting it to sweat with cold drinks this summer.Sturdy. Appears hygienic. Inexpensive relative to others.We will need to soak/clean the tops.""]",1.2659589992836118
G_121,REC_121,B009X0UJRM,Sports_and_Outdoors,medium,descriptive,bm25,1,Will it fit the samick Polaris,"Not sure about the Samick. Even though this is a good rest, the brushes ware off so fast. In one day of shooting about 50 arrows I noticed the bristles were worn. Once the bristles on one wares off more than the other your shots may be off.",KB_01137,1,"[""KB_01136""]","[""This was a good rest for the price, I shoot beeman ics hunters at 9.3gpi and they fit fine, it didn't get 5 stars due to its plastic construction, but lets be realistic its not a 100 dollar ripcord or such so don't expect it to be. It is great for the cost.""]",0.8750830020289868
G_122,REC_122,B0035A3JUK,Toys_and_Games,short,descriptive,bm25,1,Are these dishwasher safe?,[UNANSWERABLE],,0,"[""KB_01171""]","[""These caddies are definitely small...""]",0.6291249956120737
G_123,REC_123,B00C1Y1CY6,Toys_and_Games,long,descriptive,bm25,1,"How thick are the wires? im going to be using these on a Hubsan Spy Hawk, should i get a different type?",[UNANSWERABLE],,0,"[""KB_01178""]","[""Great product, longer wires than needed but still light enough I'll just bunch 'em up... Works awesome off a channel from the RX!""]",2.7129170048283413
G_124,REC_124,B0057RI3KK,Health_and_Personal_Care,medium,descriptive,bm25,1,What strain of bifidobacterium infantis does this product use?,[UNANSWERABLE],,0,"[""KB_01194""]","[""This product works better than Align for me and is much more reasonably priced.""]",1.2513749970821664
G_125,REC_125,B003YGVDDU,Electronics,medium,descriptive,bm25,1,Will it work with Kindle Fire?,If Kindle fire has a usb port then most likely it will.,KB_01207,1,"[""KB_01204""]","[""It fits where I need it. The keys seem to work well and it feels fine. No problems so far.""]",0.8883749978849664
G_126,REC_126,B00CNBGUJE,Toys_and_Games,medium,descriptive,bm25,1,Does it adapt to going into the water?,"No. It is just for ""land"" play.",KB_01224,1,"[""KB_01224""]","[""my kid likes it. she makes for 2.5hours and she wants Dolphin Cruiser into water but she failed.she likes none the less.""]",1.126249997469131
G_127,REC_127,B0019KATWY,Home_and_Kitchen,long,descriptive,bm25,1,"Has anyone else had the blade/metal stain (black) from sitting on water(min-hour)? Only had a few days, seems rust coming on... suggestions? Normal?",Never leave any knife in water. Wash and dry them immediately after use.,KB_01265,1,"[""KB_01254""]","[""I'd recommend you never put it in a dishwasher or you will rust the blade and split the handle.""]",3.17995799559867
G_128,REC_128,B00IVJ1M7M,Video_Games,medium,descriptive,bm25,1,Will this work with Pokemon Omega Ruby and Alpha Sapphire?,[UNANSWERABLE],,0,"[""KB_01270""]","[""Works great best action replay yet for the 3ds. I use it for mh3u and pokemon yx and I'm glad I picked this up.""]",1.2914159960928373
G_129,REC_129,B0015IQLVS,Health_and_Personal_Care,medium,descriptive,bm25,1,"What do you mean by ""not meant to be support""?",[UNANSWERABLE],,0,"[""KB_01290""]","[""I bought this cane--which is made by Harvy Surgical Supply--to help maintain my balance. Overall, it is well constructed, sturdy, light in weight, and very nicely finished. The \""soft touch\"" handle is aptly named. It is not soft in the sense of padded, but rather its satin finish has a comfortably tactile component that is very appealing. The shape of the handle is effective and easy to grasp. The adjustable length is favorable--I'm 6-4 and there is still some length left after being made long enough for me.""]",1.320666997344233
G_130,REC_130,B001D1EMOA,Patio_Lawn_and_Garden,short,descriptive,bm25,1,What are the inside dimensions?,[UNANSWERABLE],,0,"[""KB_01310""]","[""Keeps the contents inside dry.""]",0.7240409977384843
G_131,REC_131,B00DTHC1TE,Home_and_Kitchen,short,descriptive,bm25,1,Is it washable?,[UNANSWERABLE],,0,"[""KB_01327""]","[""This is a cool lunch box but it has a lot of crevices for food to get stuck in. It comes home kind of gross from kindergarten :)""]",0.51254199934192
G_132,REC_132,B002J8LMVC,Automotive,long,descriptive,bm25,1,What do you think of the Schumacher PSJ-1812 DSR ProSeries? Amazon lumps ALL 4 units under one set of user reviews.,It got me started right up this winter when my battery was drained to only 9.7 amps because I have a power drain from my auto start and alarm system.So I'd say it's a pretty good model!Best of LuckJJ,KB_01344,1,"[""KB_01345""]","[""Schumacher PSJ-1812 DSR ProSeries 1800 Peak Amps Jump Starter Works Wonderfully!""]",2.724333004152868
G_133,REC_133,B008HYVG6I,Tools_and_Home_Improvement,long,descriptive,bm25,1,Does his set come with a tri-wing bit for removing the battery screws on a MacBook Pro?.,Not sure what size the MacBook Pro takes but the kit does contain tri-wing bit,KB_01363,1,"[""KB_01365""]","[""I had to replace my battery in my MacBook Pro (15&#34; unibody), which now requires a special screw driver to remove the Y screws.""]",2.2587499988730997
G_134,REC_134,B00HX27AM4,Health_and_Personal_Care,medium,descriptive,bm25,1,Will this work on black people? I am medium brown complexion,"The Flash & Go uses Pulsed Light Technology and therefore is not suitable for use on dark skin tones. It is equally unsuitable for use on light hair colours for the same reason. Pulsed Light works through absorption and reflection of light, the light will be absorbed by the darkly pigmented hair, heat up and ultimately destroy the root. The skin should be pale and therefore reflects the light of the treatment protecting it from absorbing the light emitted. It is for this reason dark skin is not suitable as it will result in the skin absorbing the light instead and is also why the light hair colours will reflect the light thus not heating the root sufficiently to damage it.",KB_01375,1,"[""KB_01391""]","[""I am light to medium skin tone with black hair.""]",1.4635000043199398
G_135,REC_135,B00EB8KOYO,Home_and_Kitchen,long,descriptive,bm25,1,Does it have the one touch 30 second button when you press the start button once?,No it doesn't.,KB_01396,1,"[""KB_01405""]","[""Pros:Nice looksCompactHeats well and appropriate for its power rating.Cons:Does not have a button to just press and start ( like a preset 30-sec button) which is usually present in all microwave ovens and very convenient.""]",2.0780830018338747
G_136,REC_136,B005VTUT7Y,Home_and_Kitchen,medium,descriptive,bm25,1,This filter DOES fit perfectly in Panasonic canister MC-CG902.,"I have used the foam filters in other vacuums. I don't know if it is exactly the same size, but they can be cut to size. I hope that helps",KB_01415,1,"[""KB_01425""]","[""The filter is a perfect fit for my Kenmore canister vacuum cleaner.""]",1.296541995543521
G_137,REC_137,B00D07HKKS,Patio_Lawn_and_Garden,short,descriptive,bm25,1,Is the table collapsible?,[UNANSWERABLE],,0,"[""KB_01445""]","[""The table is a bit heavy and is the only part that requires assembly, which is easiest with two people.""]",0.636582997685764
G_138,REC_138,B000FN7UWS,Sports_and_Outdoors,medium,descriptive,bm25,1,what are the measurements of the 12-oz klean kanteen water bottle?,"My 27 oz measurements are 10.5 inches from the bottom to top of spout, and 2.5 inches wide at the base...so approximately half of the first measurement 5.5 inches? So that would be 5.5X2.5.",KB_01472,1,"[""KB_01465""]","[""The Klean Kanteen 12 oz.""]",1.5735419947304763
G_139,REC_139,B000F4H5UE,Health_and_Personal_Care,medium,descriptive,bm25,1,Does this contain any man made/refined ingredients or is it all natural?,[UNANSWERABLE],,0,"[""KB_01486""]","[""I love this product because it doesn't contain any alfalfa sprouts.""]",1.7146669997600839
G_140,REC_140,B00266A4FM,Office_Products,long,descriptive,bm25,1,"I have a 1966 Sears Citation 2 manual and a Bradford manual, both with 2"" spools. Do you know if this ribbon will work for either or both machines?",[UNANSWERABLE],,0,"[""KB_01498""]","[""I am an avid collector of vintage manual typewriters and always need new ribbons for my finds. This universal ribbon fits many old style typewriters perfectly. Good cloth ribbon and seems to last quite some time.""]",3.266500003519468
G_141,REC_141,B005OPKXG2,Home_and_Kitchen,long,descriptive,bm25,1,What kind of closure does this bag have? Is it a zipper? Snap?,Top Zipper,KB_01520,1,"[""KB_01518""]","[""So, this one stays upright really nicely. The design is very cute and wipes down easily if need be, but there is a bit of fraying already happening.I think the main problem with this bag is that the lining is sewed in wrong or poorly. It's hard to explain. The top of the bag is like 4&#34; wide, but the lining is sewn right into the zipper in the middle of the bag, so you lose space at the top of the bag because the lining doesn't extend out to those two inches on either side of the zipper.""]",1.5949999942677096
G_142,REC_142,B0092KJEB0,Cell_Phones_and_Accessories,medium,descriptive,bm25,1,Does this cell phone work with Micro SIM or standard SIM cards?,[UNANSWERABLE],,0,"[""KB_01548""]","[""This cell phone for what it cost, works just great. Dual sim, I got it just to text and get text from my gf in the Philippines. And I can also with the use of At&T; Go Phone Sim I can call unlimited here in the States locally and long distance if I want. And also keep in touch with my gf. I love this dual sim phone. It does what supposed too. For the money, you cannot beat this phone. And its nice that's its unlocked also.That way you can use any sim you want too in it.""]",1.4442090032389387
G_143,REC_143,B00002N9QW,Tools_and_Home_Improvement,long,descriptive,bm25,1,"What are the dimensions between bolts?  My current knocker is 5 inch center to center on the bolts.  Thank you, Lonnie",[UNANSWERABLE],,0,"[""KB_01556""]","[""Finally replaced the door knocker on our front door (after 5 years of having the former owner's name on the previous one). Measured the space between the screws (didn't want further holes in the door), and searched on that measurement -- found this knocker! It arrived quickly, and fit perfectly. Had it engraved, and it looks great.""]",2.499750000424683
G_144,REC_144,B00075M1T6,Health_and_Personal_Care,short,descriptive,bm25,1,Does it have 220 volt,"No, unfortunately.",KB_01576,1,"[""KB_01576""]","[""Beware...it supports only 110v sockets. Now I have to buy 220 to 110v step down converter which cost more than this pad. Don't understand we it can be done 220/110 like other electronics. Remote control on it is quite bulky to accommodate converter.""]",0.7220830011647195
G_145,REC_145,B00008URR8,Home_and_Kitchen,medium,descriptive,bm25,1,Does this work on medium pile carpet?,[UNANSWERABLE],,0,"[""KB_01605""]","[""Suction works well enough to get the job done on my heavy cut pile carpet.""]",0.9130409962381236
G_146,REC_146,B0007W2EPK,Sports_and_Outdoors,long,descriptive,bm25,1,"Hi, My friend asked me to order a squat pad for him. I just wonder how it goes in? Does it have a velcro? Can anyone tell me about this please?","There is a slit that runs in the middle of the pad you put around the bar, it has velcro running along this slit so it secures good.",KB_01625,1,"[""KB_01616""]","[""It fits my bar just barely. It is a tight fit. The velcro and other materials seem to be glued on, and so I have to wonder how long this pad will last. It is inexpensive though.""]",3.7092909988132305
G_147,REC_147,B00365E5HU,Baby,long,descriptive,bm25,1,Does anyone know if the the bottom is interchangeable with a Dr. Browns bottle?,[UNANSWERABLE],,0,"[""KB_01646""]","[""I used a Dr. Browns bottle brush to clean the spout when we ran into an issue.""]",1.7038329970091581
G_148,REC_148,B0006TYH2M,Patio_Lawn_and_Garden,long,descriptive,bm25,1,what size of bee guard fits this feeder?  I have purchased Item 384 and they are too small for the feeder!,"I don't understand the question. The feeder itself retards bees, and the little water moat keeps ants at bay pretty well, although some reviewers mentioned needing an additional ant guard.",KB_01676,1,"[""KB_01656""]","[""With the proper hanging setup, this hummer feeder is as good as it gets. Having tried several variations of hummingbird feeder designs, I was pleasantly surprised with this feeder. It is easy to clean and fill, and the birds come to it like crazy. While there is a small &#34;ant guard&#34; water reservoir built into the feeder, my ants are particularly persistent. So I purchased a larger reservoir to go between the large hook, that attaches my feeder to my deck rail, and the feeder hook from which the feeder hangs.""]",2.50574999517994
G_149,REC_149,B007ON1IZC,Patio_Lawn_and_Garden,long,descriptive,bm25,1,How well does the plastic thatching  hold up to high heat and sun?  We live in Las Vegas and the sun is pretty brutal.,"I have had mine for a couple of years now and I live in South Florida. It has held up much better than I expected in the sun, rain & wind. I would not hesitate to purchase one again when mine finally dies.",KB_01683,1,"[""KB_01677""]","[""I have been wanting one since last year and over the cold,harsh winter I treated myself and bought it. I put it up on Easter and enjoyed every minute of sitting under it. Love the thatch blowing in the wind and it is the perfect height. Does a good job of blocking the sun. Just a note:the thatch is made of a plastic type material-- but it still looks and feels great.""]",2.9770830005872995
G_150,REC_150,B000PD0BNI,Toys_and_Games,medium,yesno,bm25,1,could I use these for frosting?,"Getting the frosting in the bottle would be the only trick, but it's totally possible. Since you can cut the tips at any thickness you could certainly use these for frosting!!",KB_01701,1,"[""KB_01711""]","[""I use these to apply an oil scalp treatment.""]",0.8475409995298833
G_151,REC_151,B002B5OW7Y,Sports_and_Outdoors,medium,yesno,bm25,1,the picture shows coyote tan. is that the correct color?,[UNANSWERABLE],,0,"[""KB_01722""]","[""This was a good product for the price, it looks awesome with the shotgun! The only small issue is that the strap pinches a little if your not wearing layers, the top part of the strap. If you want your shotgun to slide out smoothly you need to take your sidesaddle off. All in all it is a great scabbard! I would recommend this to a friend!""]",1.2884579991805367
G_152,REC_152,B00C2DFYX6,Electronics,long,yesno,bm25,1,could any one give a discription of the lighting? brightness/key glow/backlght ect. it would be a big help,"This keyboard has lights only on the edges of the board, I personally bought it so I could see keys in the dark but was disappointed to find that the keys had no lights, the glow is bright, it looks nice, but not practical in any way",KB_01738,1,"[""KB_01738""]","[""(Closest you can get in a rubber dome)Cons:-Does not illuminate the individual keys,  it just makes it look cool by lighting up the sides etc.-In my keyboard, not my friends, the spring in the space bar made an irritating noise after some time. This wasn't that big of a deal and I actually fixed it incredibly easily. The two ways I discovered to fix it was to either re-position the springs and tighten the screws on the bottom or to just take the springs out because it works the exact same.Overall great keyboard and the best rubber dome keyboard I've ever used.""]",2.507375000277534
G_153,REC_153,B00894AQJO,Electronics,medium,yesno,bm25,1,does the antenna come in the box?,what antenna? only the netgear and power cord come in the box.,KB_01759,1,"[""KB_01767""]","[""the box comes with adapter and wire cord.""]",0.985500002570916
G_154,REC_154,B002WJUFRU,Tools_and_Home_Improvement,long,yesno,bm25,1,The drill on charger was mistakenty plugged to a 220V socket. is the drill still usable by just replacing the charger?,[UNANSWERABLE],,0,"[""KB_01776""]","[""So, after 10 years the NiMH batteries for my 18volt drill up and died on me. I had one of the large kits (flashlight, circular saw, recip saw, drill), and was not thrilled about replacing everything. I was also not thrilled about buying more nickel batteries- I wanted the lithium-ion.But. A single battery with a charger was $129. Two batteries with no charger was $159. Or I could buy two batteries and a charger for $179, and get a new drill for free.""]",2.661500002432149
G_155,REC_155,B0042E8CGE,Automotive,medium,yesno,bm25,1,are the vinyl windows charcoal tinted,[UNANSWERABLE],,0,"[""KB_01806""]","[""Our car looks wonderful and has that &#34;new car smell.&#34; IIt has the added advantage of tinted windows that the original didn't.""]",0.7652500062249601
G_156,REC_156,B005ODJ888,Electronics,medium,yesno,bm25,1,"will this work with a Fotodiox Pro Softbox, 32"" x 48""???","Yes, just use the rods that come with the softbox and use this bracket instead of the included bracket.",KB_01816,1,"[""KB_01826""]","[""I purchased this to go with the softbox below:Fotodiox Pro Softbox soft box, 32\""x48\"" (32x48 in) with Speedring Speed ring for Alien Bees Alienbees Strobe LightIt ended up working perfectly (mostly).""]",1.2782499979948625
G_157,REC_157,B003O6JKLC,Video_Games,short,yesno,bm25,1,does it come with games,No,KB_01849,1,"[""KB_01847""]","[""One thing to remember is that this does not come with a hard drive, so i was not able to save my games onto it, something i like to do so i'm not putting unessesary wear on the disc drive and laser.""]",0.6751670007361099
G_158,REC_158,B00AW6XYLE,Toys_and_Games,medium,yesno,bm25,1,is this toy ok for a 4 year old kid,yes absolutely. its a big toy. my 5 year old nephew has it as well and he loves it,KB_01861,1,"[""KB_01857""]","[""We bought this for our 4 year old son! He loves it best toy ever! Its a bit bigger than it appears as the feet are not attached! Make sure you put in fresh batteries as well!""]",1.1951670021517202
G_159,REC_159,B00286DAV0,Patio_Lawn_and_Garden,medium,yesno,bm25,1,will this filter fit the pentair ccp320 units?,I placed these filters in my Pentair Clean and Clear Plus 320.....they fit perfectly. It appears some people have had to modify them a bit to fit but I had no problem with the fit.,KB_01877,1,"[""KB_01887""]","[""We have a Pentair CCP320, these fit perfectly.""]",0.9772089979378507
G_160,REC_160,B0023MHZLA,Sports_and_Outdoors,medium,yesno,bm25,1,will an ar 15 with a 30 round magazine work in this,"A 30 rounder will not work, but I used a 20 round straight mag with my AR-15 to dial it in and it worked well.",KB_01902,1,"[""KB_01910""]","[""-Yes I'd recommend.The only issue is firing an AR 10 or 15 styled weapon, where the center bar interferes with magazines (10-rd AR-10, 30-rd AR-15).""]",1.445375004550442
G_161,REC_161,B006T4EO8U,Health_and_Personal_Care,medium,descriptive,bm25,1,what are the outside dimensions? need to fit in a small pocket,[UNANSWERABLE],,0,"[""KB_01924""]","[""Drain holes are a pitfall - if your braces go in wet (which of course they do), the case leaks water into your pocket or onto your desk.""]",1.4462079998338595
G_162,REC_162,B00283RXUC,Toys_and_Games,long,descriptive,bm25,1,can you take them off once they are on and do they fit on the champ RTF,"Absolutely they are removable and can be switched back to the landing gear wheels with just a couple of screws! But as for the champ, I believe it would be way too small to carry these pontoons even if you were able to modify them to fit....even the mini supercub is incapable of actual sustained flight with the added size and weight of floats this big in my experience. They are awesome for the supercub which they are designed for!",KB_01935,1,"[""KB_01932""]","[""These floats are a blast, they are priced better on amazon than any where else online i have searched . I do suggest using the stearable rudder for these. The rudder makes water taxing and take off way easier you can purchase them on hobbyzone for 15 dollars happy flying!""]",2.0467920039664023
G_163,REC_163,B00342TOX0,Toys_and_Games,medium,descriptive,bm25,1,What is the packaged weight of this product?,[UNANSWERABLE],,0,"[""KB_01961""]","[""I ordered this for my 2 years old son. I expected the product be little bit bigger as for the price. Anyhow the product dimension was 23*23*23 according to the description. I think they include the wires too for measuring height. So according to the picture, I can see that there are two long wires make the product height 23 inches. But my product has all the wire are small and the make the product height 18 inches.So they should change the product description as 23*23*18.""]",1.0486249957466498
G_164,REC_164,B002CQUFYG,Health_and_Personal_Care,long,descriptive,bm25,1,what is the country of origin of the product and the manufacturer who produces it from the raw material please,It doesn't say what country of origin. It is distributed by Cosco. Here is their 800 # for any questions about the product. 1-800-428-8048.,KB_01982,1,"[""KB_01984""]","[""I bought this for my son who is leaving the country for two years.""]",2.354290998482611
G_165,REC_165,B00339C3FA,Sports_and_Outdoors,long,descriptive,bm25,1,About the door openings. I plan to put this on my deck which is 12 x 18. It looks like the doors are on the 12 foot side.  Can they be switched?,The canopy is a hexagon---each side is the same dimension. The doors can be put on any two opposite walls of the canopy.,KB_01994,1,"[""KB_02002""]","[""Since the canopy screen door panels are almost exactly the same size as our standard french doors, I have rigged screening between the house and the canopy so that we can leave the doors open and the canopy screen unzipped when it is installed on the deck.I also sprayed the canopy with UV protectant, to help extend its useful life.""]",3.683875002025161
G_166,REC_166,B007X47SCY,Electronics,medium,descriptive,bm25,1,Does it come with factory warranty?,I can only speak to the camera and lenses I registered them with Nikon,KB_02012,1,"[""KB_02022""]","[""Shipment was on time and packaged well, everything in retail boxes with warranty cards and manuals.""]",0.7928330014692619
G_167,REC_167,B002XE0HPY,Pet_Supplies,long,descriptive,bm25,1,what are the measurement of the carrying bag? I need get this in a suitcase to take overseas. Need to know how long and how wide the suitcase must be?,[UNANSWERABLE],,0,"[""KB_02029""]","[""I'm  a pet sitter and I bought this for my dogs to play with in the yard. I like how everything breaks down and stores in the bag. I can take anywhere easily. The hurdles are easy to assemble and the height is adjustable. The tunnel and jumping ring are fun for the dogs to play with. The square that the dogs are supposed to sit and stay in, I thought that was a little silly. I prefer a platform but I guess the flat one is good for beginners. It's a nice kit and my clients liked it enough to consider buying one for their dogs as well.""]",3.6042919964529574
G_168,REC_168,B0097BU1AM,Toys_and_Games,medium,descriptive,bm25,1,Is this the classic one the bigger one,This one adjusts to the height of the child.,KB_02053,1,"[""KB_02048""]","[""I bought one grandchild an Ezyroller, and then had to buy one for each of the other seven, too. Kids love them, they're fairly safe, and it's fun to watch the wild races the kids have at the park.""]",1.1149590063723736
G_169,REC_169,B0028XZFE8,Home_and_Kitchen,medium,descriptive,bm25,1,how wide is the bowl of the spoon?,Not wide. It's the size of an espresso spoon. I'd estimate about 2/3 the size of a standard teaspoon. My small kids love them.,KB_02073,1,"[""KB_02077""]","[""The spoon edge is a bit sharp but not terrible.""]",1.084374998754356
G_170,REC_170,B000JWSDWG,Home_and_Kitchen,long,descriptive,bm25,1,"What can I do to soften the fabric.  After washing, the sheets are very rough.",[UNANSWERABLE],,0,"[""KB_02086""]","[""Having spent $70-$120 in the past for 600+ thread count sheet sets these seemed to be a bargain. When I received them they had a rich color, two pillow cases, and pockets deep enough for my 18\"" mattress. However, most note worthy was the rather coarse texture of the set. After repeated washings not only did the color fade slightly but, they have yet to get any softer. That said some may still have a use for such a set. I do believe this set to be more durable than its lower thread count rivals which cost about the same.""]",1.9253749997005798
G_171,REC_171,B00858I4M0,Electronics,medium,descriptive,bm25,1,Where are they manufactured or made?,[UNANSWERABLE],,0,"[""KB_02096""]","[""I have tried these features on apple products and all of them work. Overall I am happy with the purchase I made. I would suggest you pick up a pair as soon as possible; especially when they are going for about $80 USD.""]",0.8750830020289868
G_172,REC_172,B000BGM2XG,Sports_and_Outdoors,long,descriptive,bm25,1,What do you know about the valterra rp800 rocket hand pump? How does it work?,[UNANSWERABLE],,0,"[""KB_02116""]","[""I purchased this hand pump for my little sink at work. The one that originally came with the sink died within a year or so. I have only had this new one for a month or so and so far it's ok. It's not as good as I was hoping, but it will do for now.""]",1.9397080031922087
G_173,REC_173,B0006HJSJQ,Toys_and_Games,long,descriptive,bm25,1,"Does this soldering kit come with the solder? If not what type of solder do I need to buy? To make my self clear, I'm looking to know if this come with solder? Not a soldering gun.","This did not come with solder. Any good rosin cored solder will work, I prefer thinner solders around .5mm.",KB_02136,1,"[""KB_02137""]","[""I purchased this kit  for a rainy day project. The kit had all the required pieces to do the project besides the solder and iron of  course. I am new to soldering and electronics so it took me a couple hours to finish the project but when I finished the signals worked perfectly. No complaints here.""]",4.802791998372413
G_174,REC_174,B00418487I,Home_and_Kitchen,long,descriptive,bm25,1,Does anyone knows why the system fails to dispense even after the refresh kit was replace?,"From my own unsatisfactory experience with the 3-chamber version of this product, I believe that shortly after the warranty expires the seals begin to fail so that the required pressure is not maintained. When the seals failed on all three of the chambers in my unit and the manufacturer failed to stand behind the product, I had no other option but to throw it away.",KB_02159,1,"[""KB_02163""]","[""I highly recommend this for anyone, even someone like myself who knows very little about wine.""]",2.0638749992940575
G_175,REC_175,B00A4EUUO8,Tools_and_Home_Improvement,short,descriptive,bm25,1,light switch,"Without context on this question, I'll provide two answers that might be useful.First, if you have a bulb plugged into a socket that is controlled from a traditional lightswitch, yes this will work, because the bulb will turn on with a default color and brightness when it receives power from an unpowered state.  For instance, if I used the app to turn the bulb ""soft-off"", I can walk over, switch the power off (the bulb is still off, obviously, without power), and then switch it back on and the bulb will light in a default lighting mode.  But if I want to control the brightness or the color, I have to use the Hue app for that.A second question we see a lot is using other ""smart switches"" such as the WeMo to control.  See my response to another related question:  http://www.amazon.com/Phillips-turned-Bridge-without-interference/forum/Fx33N39JCWVV0ZF/Tx1MTU9F16K1IOV/1/ref=cm_cd_ql_tlc_al?_encoding=UTF8&asin;=B00BSN8DN4",KB_02177,1,"[""KB_02190""]","[""They turn on and off with a light switch and even have a very pleasant warm light.""]",0.37466699723154306
G_176,REC_176,B002V8UYRI,Toys_and_Games,short,descriptive,bm25,1,Carolina american doll,[UNANSWERABLE],,0,"[""KB_02207""]","[""This was such nice quality, and  was easy for my 4 yr old  to put on the American Girl doll, it fit perfect for an American Girl Doll""]",0.4959579964634031
G_177,REC_177,B00CRZXSGE,Toys_and_Games,medium,descriptive,bm25,1,Is there a Kindle Fire app for this?,No sadly there is not a kindle app for it.  what I have done is downloaded some apps on their kindle fire that you can use the pencil instead of them using their finger or a stylus and it works good.  I wish leapfrog would make it compatible with android system.,KB_02216,1,"[""KB_02226""]","[""), you can still use this for other tablets including Kindle Fire and Microsoft Surface.There are many (free) drawing and coloring apps available for other platforms (Android, Kindle, Windows, etc.)""]",1.133667006797623
G_178,REC_178,B007JV701U,Patio_Lawn_and_Garden,long,descriptive,bm25,1,"Will this carb work on a Briggs 18 hp  twin cly.If not, what does?","I'm pretty sure this one will not work on the 18hp I used mine on a Sears Craftsman with  6 hp Briggs. I would suggest going to the Briggs and Stratton site and see what carb they say. You will need your engine number, they have information on where to find your number.",KB_02239,1,"[""KB_02239""]","[""Ordered this after my 6 HP Briggs and Stratton stopped working on my push Snapper. Tried rebuilding the carb but sometimes its best to just replace the whole thing. The part was exactly as described, original Briggs and Stratton. Replaced it and it cranked on the first pull and has been running like a champ ever since.""]",2.0440419975784607
G_179,REC_179,B004NHQX48,Toys_and_Games,long,descriptive,bm25,1,"Is everything that is pictured included of just the plates, napkins, cups and tablecloth?","Everything! Balloons, crepe streamers, candles, plates, napkins and cups. Was a great package and a great price",KB_02261,1,"[""KB_02255""]","[""I thought I was just getting 16 dinner plates, 16 cake plates, and 16 cups and napkins. I in addition recieved everything pictured. the yelow silverware. The invitations, the balloons,the table cloth, streams, and string were also included. What a great deal.""]",1.7876249985420145
G_180,REC_180,B00006FXHQ,Electronics,medium,descriptive,bm25,1,how is this camera for low light (soccer game),Friend the camera records very well in low light day. At night you have to putting on an extra lamp for darkness. and where artificial light very well ... records It is an excellent camera.,KB_02284,1,"[""KB_02287""]","[""The picture quality is excellent, camera works extremely well in various low-light situations.""]",1.1358330011717044
G_181,REC_181,B0050SXFKE,Video_Games,medium,descriptive,bm25,1,This game has subtitles in Spanish?,"Unfortunately, it doesn't...just English as default language.",KB_02294,1,"[""KB_02294""]","[""i really like the game and everything about but on my box art it has Spanish and other language i was scared if i bought was in that but it wasnt so that good and i was little bum cause the free mission i couldnt download cause its expired just letting know""]",0.8116669996525161
G_182,REC_182,B002FP4SQ0,Patio_Lawn_and_Garden,medium,descriptive,bm25,1,how far can the transmitter be away from the controller,[UNANSWERABLE],,0,"[""KB_02309""]","[""After purchasing the unit that has a range of 1000 meters, I found buried in their literature that the 'remote is designed for residential and small commercial sites. Large projects such as cemeteries aand golf courses will require a long-range remote.' Also the remote receiver is not to be installed outside. Pretty worthless for a HOA controller that I wanted to control remotely from up to a block away.""]",1.2277499990887009
G_183,REC_183,B002QIYQ5E,Health_and_Personal_Care,long,descriptive,bm25,1,In the video how does the magnifying glass get grey paper with black lines to show as black paper with white lines?,"I think maybe that is a display issue with your monitor or the photos taken because there is no option to change colors, only a light to illuminate what you are magnifying.",KB_02333,1,"[""KB_02338""]","[""You get several lines in view at one time.""]",2.5740839992067777
G_184,REC_184,B007W2ZDX8,Electronics,medium,descriptive,bm25,1,What wall mount do you recommend for this?,[UNANSWERABLE],,0,"[""KB_02359""]","[""This one had the back plastic cracked, but I still was able to wall mount and it worked.""]",1.0651670017978176
G_185,REC_185,B00E1U2UBC,Office_Products,long,descriptive,bm25,1,"I don't understand what this phrase means: ""...you can choose or PORT your phone number."" Thank you!","""Choose"" means to get a new telephone number.  ""Port"" means to switch (keep) your current telephone number to the new service.",KB_02386,1,"[""KB_02371""]","[""I am a simple person and don't need caller ID or VOICE MAIL but if it comes with the package I'll take it and it does. I don't use it but it is there. Caller ID means nothing to me. If the phone rings I answer it, if I can and feel like it. If it is someone I don't want to talk to I hang up. Life is simple for me and so is Basic Talk. Get it you'll like it.""]",2.114124996296596
G_186,REC_186,B0040X4PRW,Electronics,medium,descriptive,bm25,1,should i buy this or th f 4 version,"You might have noticed the huge disparity in price. Although the 300 f/4L IS is a decent lens, I would not get it. It is an old lens with first generation IS. I don't like how it works with the 1.4x converter; the image quality it not very good with the extender. So this makes it a 300mm lens and that's it.  I think a better option would be the very nice and capable 70-300mm f/4-5.6L IS lens. If you need more than 300mm or you need the shallow depth of field provided by a f/2.8 aperture, then the EF 300mm f/2.8L IS II has no match.  It is super sharp, can be used with both converters with no IQ degradation and is light weight relative to the other big lenses. It also is very fast to focus and has the latestest generation of IS.  If you have the extra funds, the 300 IS II is a true beauty to behold...a luxury for sure while also being a powerful tool.",KB_02393,1,"[""KB_02400""]","[""This review will focus on a specific question; should current owners of the EF 300mm f/2.8 IS L &#34;upgrade&#34; to the mark ii version?The short answer is &#34;no&#34;.""]",1.0570000013103709
G_187,REC_187,B00BMU4NSM,Health_and_Personal_Care,medium,descriptive,bm25,1,Is the top slippery/slick to sit on?,"It is a very smooth surface, which makes it slick when wet. However, I don't see anyone sliding off, because its surface is slightly concave. I drilled a small hole in the center to allow it to drain. I actually appreciate the smooth surface--I feel more confident that it isn't growing any microorganisms between cleanings.",KB_02412,1,"[""KB_02411""]","[""DO NOT BUY! I was looking for an Alluminum shower seat (because they don't rust). This is the only one that didn't look like a handicap version. It took forever to receive it and to top it off- it's worthless!! The seat is curved so it always forms a gross puddle of water. Not fun to sit on. If you forget to dump the water, it will stay there and get more and more disgusting. Plus, it's barely big enough to sit on and you can't put anything on it because of the curved seat.Whoever designed this POS- you are an IDIOT.""]",1.0167500004172325
G_188,REC_188,B00B2OS85W,Sports_and_Outdoors,long,descriptive,bm25,1,would this bag be good to house a 3 foot chain and mini u lock or be too bulky?,"A three foot chain likely wouldn't fit. I use it to stash a tool kit, car keys and some cash when I ride bike trails. It is a nice size that doesn't interfere with standard car bike carriers.",KB_02435,1,"[""KB_02445""]","[""It holds an Arbus mini lock, a mini bicycle tool, and a small wallet.""]",2.2187499998835847
G_189,REC_189,B003GZQ15Y,Home_and_Kitchen,long,descriptive,bm25,1,"The electrical requirements state that a 115 volt (103.5 min, 126.5 max) 60 Hrtz, AC only, 15 amp fused electrical supply is required. On its own circuit. Is this true or would it be ok to use a standard household socket with ground?",[UNANSWERABLE],,0,"[""KB_02456""]","[""The ac unit was dropped off on my doorstep damaged. It looks like it was dropped from a few feet off of the ground. The box was unusable to send back the ac unit. This thing weighs 90 lbs. You cannot use a typical box to send this back. I spent a couple hours with support and they recommended I use a rope or paper to hold the box together. They offered me a 20% refund instead of me sending it back. I asked for an advance exchange. They send me one and I use its box to send my busted POS back.""]",5.094957996334415
G_190,REC_190,B00BJ90LC8,Toys_and_Games,long,yesno,bm25,1,can these be used in a swimming pool? my sister wants a glowstick pool party.,Yes!!! And it looks beautiful! We've done it three times. Just make sure to keep the connectors out of the pool or you'll find them for days afterwards. :),KB_02472,1,"[""KB_02472""]","[""I bought these to take to a night time pool party where we turned out the lights and lit up a bunch of glow sticks. Glow stick pool parties are the most fun you'll ever have in a pool!""]",1.788791996659711
G_191,REC_191,B009L946II,Electronics,medium,yesno,bm25,1,can this card worck whith p5kc motherboard?,It should because it's backwards compatible both 1.0 and 2.0.,KB_02510,1,"[""KB_02503""]","[""When I do I'll update this post.Unless a Gigabyte support comes through I'm going to have to return two of these cards.I'm sad about that as I haven't really had trouble with Nvidia before.I'm using Windows 7 64-bit, 8GB RAM, GA-P35C-DS3R motherboard.Sorry, but I can't recommend this card to anyone.Fwiw my system was completely stable when it had an older Nvidia card (nv 218) in it - and an older 6800GS card.""]",0.8977500037872232
G_192,REC_192,B00BCT14EE,Patio_Lawn_and_Garden,medium,yesno,bm25,1,does it fit the charbroil gas and charcoal combo grill,[UNANSWERABLE],,0,"[""KB_02522""]","[""This grill cover however meets both criteria where it fits my 86&#34; Members Mark grill well and doesn't cost well over $150 like many other grill covers in this size.The Fit:It's easy to take this cover on and off, where it doesn't snag on the corners of the grill and tear like the previous 86&#34; Grill cover I purchased for this same grill.""]",1.2768750020768493
G_193,REC_193,B00FIG39RC,Electronics,long,yesno,bm25,1,Does this work if my charging port is damaged (will not charge at all)?,As long as you have the newer version of the tablet it will work even if your charging port is busted on your tablet. Your tablet is not plugged in to this devise at all it is essentially a holding base and charges wirelessly.,KB_02535,1,"[""KB_02550""]","[""I recently purchased a Nexus 7 tablet to replace a Motorola Xoom I use as an alarm clock as well as to browse the web, read books and magazines and surf news sites. Because the device is my primary alarm, the Xoom had always been on a dock on the bedside table.One challenge with the Nexus is the location of the charging port (on the side when in landscape orientation) is the lack of landscape docks. Enter the KiDiGi Wireless Charging Dock. I hoped this device would also solve one of my biggest gripes about the Xoom dock...it was a pain to get docked. Enough of a pain that I barely undocked it at all so it was soon relegated to just being an overpriced alarm clock.When I got the KiDiGi dock, I was very impressed with the quality of the device. It has some good heft so it will not slide around when docking and undocking. It's matte black plastic looks and feels nice. Best of all, since it is wireless, there are no docking connectors. Simply sit the device on the dock to charge it and take it off to use it. Truly effortless docking and undocking. By""]",1.7472920008003712
G_194,REC_194,B000LRBSFI,Tools_and_Home_Improvement,medium,yesno,bm25,1,can i stack all 4 vertically?,"Yes, that is how I have mine, but it is in a corner. I am not sure how sturdy it would be completely free standing.",KB_02552,1,"[""KB_02561""]","[""I stacked them vertically, so that I have 4 shelves.""]",0.78524999844376
G_195,REC_195,B005E39NS8,Automotive,long,yesno,bm25,1,"bought one for my 07 silverado, will not turn on when i put it into ignition after getting it cut and following instructions.  what is wrong?????","The same thing happened to me. The key was cut wrong (Sorry Ace Hardware, and they did it FREE). I went to Lowe's, they had a better machine and the re-cut key worked as advertised.",KB_02577,1,"[""KB_02586""]","[""I did not have an original key so I had to put it in the ignition turn it on, wait 10 min.""]",3.185749999829568
G_196,REC_196,B004CFDJ2A,Electronics,long,yesno,bm25,1,will this work with a MAC book air?? I don't want to damage my air,[UNANSWERABLE],,0,"[""KB_02593""]","[""This product did not work. I didn't even get it to work ONE time. There is a difference between a product being CHEAP, and a product being cheaply made. There's nothing wrong with getting a less costly item if you don't expect too much from it and you obviously don't want to spend too much. HOWEVER, a cheaply made item is not worth the time and hassle. Amazon was very good about accepting the refund, and crediting my account (though I haven't seen the credit yet, but I trust them).""]",1.8124170019291341
G_197,REC_197,B00029X1O6,Electronics,medium,yesno,bm25,1,will this fit 2000 jeep wrangler?,"YES, you will need to trim off a couple of the tabs but it fits and looks great.  >tc",KB_02615,1,"[""KB_02614""]","[""Item implemented easely in my jeep wrangler tj 2001 and suits well my single din new radioPerfect item for thejob""]",0.7496670004911721
G_198,REC_198,B000NMJWZO,Grocery_and_Gourmet_Food,long,yesno,bm25,1,is Pamelas baking & pancake mix a 4lb. bag or 3 bags equaling 4 lbs,"As packaged - the ""option"" I always purchase is 3-4 lb bags. Lasts a good while and worth every penny!",KB_02638,1,"[""KB_02643""]","[""This is a wonderful find and brings back baking for gluten sensitve folks!Pamela's Ultimate Baking and Pancake Mix, 4-Pound Bags (Pack of 3)""]",1.5915830008452758
G_199,REC_199,B0052EC160,Tools_and_Home_Improvement,medium,yesno,bm25,1,can this dimmer switch be used with dimmable LED bulbs?,"Yes the dimmer will work, but you have to check the LED bulbs carefully. I have found dimmable bulbs like the CREE line of LEDs to work just fine. Other ""dimmable LEDs"" have not worked very well. Some Phillips and FEIT bulbs would blink rapidly or hum loudly.",KB_02660,1,"[""KB_02654""]","[""i got this after installing a Lutron TG-600PH-WH Toggler 600W Preset Dimmer WhiteLutron TGCL-153PH-WH Toggler CFL/LED Single-Pole/3-Way Toggle Dimmer, White for some dimmeable cfl i have this works graet why peaple give it bad reating is that thay dont see the dieal on the switch that you have to set for the right porformentens of dimmable cfl lights and at the same time this can be used with incedansent and haglagen light bulbs to so i thing you shoud get this dimmer switch""]",1.1785829992732033
G_200,REC_200,B000BVC6G4,Tools_and_Home_Improvement,long,yesno,bm25,1,"hi, can i interface it  my chevy volt homelink garage opener with aleco ac2700 gate opener by using this interface?","It is possible, but you will want to check with Chamberlain first to see if it requires a repeater kit. In 2007 they introduced a new security scheme, and Homelink provided compatible equipment, but not all car manufacturers started using it right away. In fact, as late as 2011 some car makers were still using the old Homelink technology that would not work with the new Chamberlain stuff ""out of the box"". So you will want to confirm with both Chamberlain and Chevrolet if your year and model car will be able to transmit the new codes. If not, there is an add-on repeater that will receive your Homelink signal and translate it to the new Chamberlain security codes, but it is about $50 retail itself. However, this unit IS what you would be looking for to attach to your gate opener to receive signals from your Homelink or a remote. Sorry I can't give a more definitive answer, but there are a lot of variables. May be better to buy one locally that you can return easily if you cannot get your Homelink to work with it.",KB_02675,1,"[""KB_02683""]","[""Used it for my gate opener, which wasn't Homelink compatible.""]",2.283291003550403
