golden_id,record_id,asin,category,q_bucket,question_type,pipeline,k,question,gold_answer,evidence_doc_id,is_answerable,retrieved_doc_ids,retrieved_context,retrieval_ms,generated_answer,refused,generation_ms
G_001,REC_001,B003HV3WN6,Automotive,medium,descriptive,pc,1,Does this work on 12 and 24 volts system,[UNANSWERABLE],,0,"[""KB_00006""]","[""When people say it is just a test light they are comparing apples to oranges. I am just a shade tree mechanic and I can say if you can get one get it. You can check out the electrical section at Realfixesrealfast.com and see it at work. just go to the video section. Hope this helps.""]",140.8909999881871,The available reviews do not provide enough information to answer this question.,True,400.0584999957937
G_002,REC_002,B0000E2PBX,Health_and_Personal_Care,long,descriptive,pc,1,"The ball completely blocks air from passing by to get to my lungs, is this supposed to happen? Are you supposed to get NO air when inhaling? The instructions state ""inhale...until you feel your lungs are full"" but that doesn't happen with the ball completely blocking all air from passing into your mouth. thanks.",[UNANSWERABLE],,0,"[""KB_00014""]","[""I'm no doctor, so I'm only writing this as someone with breathing problems.Inhaling is mostly a passive function. So when you use this device, the muscles involved in inhaling are coaxed into being active. I can feel them working differently than they usually do, and it's quite a workout!It's analogous to the benefit that a really bulked-up football player gets when he stretches. Most of the time he's contracting his muscles, but it's important that he lengthen them, too.""]",29.15070801100228,The available reviews do not provide enough information to answer this question.,True,294.8273750007502
G_003,REC_003,B004XMVZVY,Toys_and_Games,medium,descriptive,pc,1,How many are in the pack??,There is only 1 in a pack.,KB_00030,1,"[""KB_00025""]","[""Who doesn't like to easily throw _anything_ 70+ yards! I've had a few of these over the years, and they keep getting better. Surprisingly durable. Anyone can pick it up and throw it much, much farther than they think. Easily. The whistling effect only makes it better, and quite frankly, makes it easier to hone in on to catch! Just as a heads up--the Nerf website says the MSRP is NINE BUCKS!""]",26.56708299764432,The available reviews do not provide enough information to answer this question.,True,135.03758300066693
G_004,REC_004,B0010WP46M,Electronics,long,descriptive,pc,1,"Does the power adaptor work with international voltages? Basically want to know if the power adaptor will work overseas as well (220 V), and what the power output of that adaptor is (for eg. 5V DC at 500 ma?).",Yes. It supports 100V-240V,KB_00032,1,"[""KB_00036""]","[""I bought this as a Christmas gift and it never worked at all. Would not even power on. Very sad and embarrassing. I wish I had spent the money on a more reliable name brand.""]",29.532707994803786,The available reviews do not provide enough information to answer this question.,True,272.7110830019228
G_005,REC_005,B0012YKLSE,Home_and_Kitchen,medium,descriptive,pc,1,What are the measurements for this item?,[UNANSWERABLE],,0,"[""KB_00046""]","[""i was glad to find this extra large sink protector for use in our new kitchen. It protects both the sink and the dishes in our new sink that is more than 25 inches wide. The unit is sturdy and easy to keep clean.""]",11.98208300047554,"The item is extra large and can fit a sink that is more than 25 inches wide. The exact measurements of the item are not specified, but it is designed for larger sinks.",False,409.65316700021503
G_006,REC_006,B004OFOT72,Sports_and_Outdoors,long,descriptive,pc,1,hi does anyone know if it will take a scope and could you hunt bull frogs with it if you wanted to,"The crossbow comes with a scope of its own, and if sighted in properly you could probably hit a bull frog",KB_00060,1,"[""KB_00059""]","[""I purchased the 150 Lbs Camo Crossbow with Scope and Arrows for my husband for hunting season. He loves it and it works great! It was a great buy for the price and it came with some arrows. The only negative feedback was that the crossbow string was pretty difficult to get on, but other than that, we have no complaints about this crossbow!""]",26.922792007098906,"The crossbow comes with a scope, and since it's used for hunting, it could potentially be used to hunt bull frogs. However, the reviews do not specifically mention hunting bull frogs with this crossbow.",False,386.17145800526487
G_007,REC_007,B005XUNG5I,Health_and_Personal_Care,short,descriptive,pc,1,what is the power source?,"Batteries, but I found it to be weak.",KB_00064,1,"[""KB_00067""]","[""At this point I wish I'd have paid the extra to get one with a power cord.Please note that the replacement cartridges are NOT cheap but the durability seems good.""]",38.02312500192784,"The product appears to be battery-powered, as the reviewer mentions wishing they had paid extra for one with a power cord. This suggests that the standard version does not come with a power cord. The product likely requires batteries as its power source.",False,331.96104200033005
G_008,REC_008,B002LAS5TU,Home_and_Kitchen,long,descriptive,pc,1,"Does the lids fit on the pans also? For example, does the large pot lid fit on the large pan?",The largest ps. Is the only one that a lid doesn't fit. This is a great set for the money,KB_00072,1,"[""KB_00072""]","[""I love these pans. The fry pans do not come with lids, but most lids are interchangeable for these pans. Nothing sticks to them! They are very easy to wash. They heat evenly. I have ordered more. This seller also gets the product out quickly.""]",32.01641599298455,"Most lids are interchangeable for these pans. This suggests that the lids can fit on multiple pans, including possibly the large pot lid on the large pan. The lids are generally compatible with the different pans in the set.",False,614.3962079950143
G_009,REC_009,B00AR1A7ZU,Pet_Supplies,long,descriptive,pc,1,How big is the part that actually goes in the tank? I'm trying to figure out if it will fit in my (very small) sump.,[UNANSWERABLE],,0,"[""KB_00081""]","[""No more coming home to my return pump inhaling all that air. Works great for my 55 gallon with 10 gallon sump.""]",30.61154199531302,The available reviews do not provide enough information to answer this question.,True,123.99691600148799
G_010,REC_010,B000GU3KHO,Automotive,long,descriptive,pc,1,I have a Harley Dyna Switchback with windshield and saddle bags.  Is the XL the right size for me?,[UNANSWERABLE],,0,"[""KB_00091""]","[""Comes with a neat holding bag that it wraps up into relatively easily. A size XL fits my '94 Honda CB1000 without a windshield perfectly.""]",25.164582999423146,The available reviews do not provide enough information to answer this question.,True,118.45283299771836
G_011,REC_011,B008URGSWO,Home_and_Kitchen,long,descriptive,pc,1,"how thick is it, really?  some say 1/2"", some say 2"", 2-1/2"".  does it flatten out?  comparing it to the extra plush, extra thick pad, what would one?","Mine is just shy of a full 2 inches at the plushest points. Mine has not flattened out. All my shoulder pain is gone. My wife no longer has back pain. I didn't want to spend this much but now that I have it, I consider every dime spent well worth it.",KB_00093,1,"[""KB_00094""]","[""When this mattress pad arrived I was so pleased to find it to be as it was described, extra thick and it was. Now that I have used it for approximately one month it has already begun to flatten. Materials used were nice but it is not going to hold up as described. Very disappointed.""]",26.085416990099475,"The mattress pad is described as extra thick, but its exact thickness is not specified. It does flatten out over time, according to one user's experience after a month of use.",False,388.888625006075
G_012,REC_012,B000ST0184,Toys_and_Games,medium,descriptive,pc,1,how can I make it wireless for my win 8.1 PC?,"Interesting question. I don't think there is a direct or easy way to do this. The tankstick is basically a big keyboard. Each button/joystick direction is a keyboard button. Knowing this, it would require some type of modification to convert it to a wireless keyboard. It sounds like a project worth attempting. Sorry, I probably didn't help at all.",KB_00102,1,"[""KB_00106""]","[""I tried to use this on my PC and had a hard time calibrating it. I thought is was the size of a keyboard but this thing is pretty big and heavy. I'm going to try again soon and hopefully I'll have better luck.""]",30.410667008254677,The available reviews do not provide enough information to answer this question.,True,119.07733399857534
G_013,REC_013,B0013ODWSO,Sports_and_Outdoors,long,descriptive,pc,1,Does the white scooter have the same specs as the micro black one?,[UNANSWERABLE],,0,"[""KB_00113""]","[""I loved this scooter my husband got one and I got one for my selfIs perfect  I recommended to buy one""]",25.950707989977673,The available reviews do not provide enough information to answer this question.,True,491.27583299559774
G_014,REC_014,B005F79BYE,Home_and_Kitchen,long,descriptive,pc,1,Does this offer the option of shelving instead of hanging clothes inside the doors?,[UNANSWERABLE],,0,"[""KB_00129""]","[""I received an Armoire Wardrobe Storage Cabinet from Target Decor and More.I was very disappointed when removing the unassembled pieces from the boxing to find severa of the edges damaged on the cabinet. Made of partical board and damages very easily. I went ahead and assembled the cabinet for my daughter's Birthday present but was very dissatisfied as to the condition that it came in.""]",29.81795799860265,The available reviews do not provide enough information to answer this question.,True,411.6387910034973
G_015,REC_015,B00ATDT83I,Cell_Phones_and_Accessories,long,descriptive,pc,1,Hello. I'd like to know if this cell phone works properly in Venezuela for DIGITEL.,[UNANSWERABLE],,0,"[""KB_00139""]","[""excelente! funciona bien, llego en muy buen estado y el telefono cumple con las expectativas asi que lo recomiendo sigan asi!! !""]",21.997375006321818,"The cell phone works properly, but there is no specific information about its functionality in Venezuela for DIGITEL. The review only mentions that it works well and meets expectations.",False,411.1923750024289
G_016,REC_016,B00394NT20,Health_and_Personal_Care,short,descriptive,pc,1,Is there a warranty?,[UNANSWERABLE],,0,"[""KB_00145""]","[""You cannot get it back in the box for a return. If it works for you great but regard this as a gamble for your money. If it breaks - tough luck.""]",9.882334008580074,"There is no mention of a warranty in the available reviews. The reviews suggest that if the product breaks, the customer is out of luck. This implies a lack of warranty or return protection.",False,222.5589170047897
G_017,REC_017,B0056FL4FY,Beauty,long,descriptive,pc,1,"does not say if its an american or ueropean plug and ive ordered this before and got a ueropean plug, provide necessary info",[UNANSWERABLE],,0,"[""KB_00152""]","[""I ordered this for a present for my little sister who just started doing her own nails. When she got it in the mail she immediately opened it to find that it had the wrong type of prongs for American electrical outlets! We think it might be French? who knows? ?After contacting the seller Via E-mail they did everything in their power to work out a solution with me. I changed my rating from a 1 star to a 5.""]",24.157957988791168,"The product may have a European plug, as one customer received a unit with prongs not compatible with American outlets. The seller was willing to work out a solution when contacted about the issue. The product's plug type is not specified by the seller.",False,496.2870420058607
G_018,REC_018,B00154MGXY,Home_and_Kitchen,long,descriptive,pc,1,Is this item 35.43 inches at the very top or the body of the unit?,[UNANSWERABLE],,0,"[""KB_00162""]","[""My wife ordered it, It was about two inches to big at the top, becuase of the molding,So it didn't work for what we needed.""]",20.409125005244277,"The item is 35.43 inches at the very top, as the review mentions it being too big at the top due to the molding. This suggests that the measurement includes the top portion. The body of the unit is not specified as the reference point for the measurement.",False,293.835875003424
G_019,REC_019,B000LQ5XW8,Musical_Instruments,long,descriptive,pc,1,"What does ""INTO 1 x 4 OHMS OR 2 x 8 OHMS"" mean?",On a 4 OHM output amp. You use one 4 Ohm speaker or two 8 OHM speakers. Example: One 8 OHM speaker + One 8 OHM speaker = 4 OHMs.,KB_00174,1,"[""KB_00175""]","["")3 speaker outputs on 1/4'' jack and professional speaker connectors (compatible with Neutrik Speakon connectors)Active, temperature-controlled cooling system for ultimate protectionHigh-quality components and exceptionally rugged construction ensure long lifeI've had this amp for about 4 months and have played several gigs of different sizes and this amp has proven itself. Other musicians check it out and at least one I know of has bought this amp to replace a more popular brand.""]",11.528208007803187,The available reviews do not provide enough information to answer this question.,True,303.1787920044735
G_020,REC_020,B00C9KUVWQ,Electronics,long,descriptive,pc,1,"Hi, I need an extra one for a different room. The picture looks like the one I need, however it only shows the cable to the computer. Does it come with the other cable that goes to the power plug in? Also, what does the info on the back of the adapter say as far as model and or power numbers-is it 19V 3.42A/50-60Hz 2.0A? Thank you.",[UNANSWERABLE],,0,"[""KB_00183""]","[""I've been through two power adapters for my Asus N61JQ notebook (thanks to one very enthusiastic puppy), and I had to do a bit of searching to find this one. Asus has apparently discontinued the original adapters in favor of this slim design - which is nicely compact and lightweight. Check out the Asus website for a list of compatible notebooks.""]",28.248625007108785,The available reviews do not provide enough information to answer this question.,True,121.25545799790416
G_021,REC_021,B00E7O357A,Electronics,long,descriptive,pc,1,"hi, i have a skoda fabia II and i need to know if this radio is compatible with the sensor parking from factory",[UNANSWERABLE],,0,"[""KB_00191""]","[""I saw a lot questions asked, so I think there are many around there who are interested in this stuff like me. So I prompt to write this less-than-half-hour use review after I got it last night, hopefully it'll help you make your wiser decision.I have a 2011 GTI MK6, my head unit comes with satellite radio, but not gps. It has in-car bluetooth system and steer wheel buttons.""]",25.81379200273659,The available reviews do not provide enough information to answer this question.,True,290.3555419979966
G_022,REC_022,B0002D4QBE,Health_and_Personal_Care,short,descriptive,pc,1,what are the dimensions?,[UNANSWERABLE],,0,"[""KB_00197""]","[""very sturdy and just right size to fit in small shower stall. i'm pleased with this product.""]",27.073125005699694,"The product is described as the ""just right size"" for a small shower stall, but specific dimensions are not provided. The available reviews do not provide enough information to answer this question.",False,509.1867919982178
G_023,REC_023,B0056XU5XS,Health_and_Personal_Care,long,descriptive,pc,1,Why don't any of the photos show the nutritional label so that you can read this important information?,"ITa pretty simple. 3000mg l-leucine, 2000mg l-valine, 1000mg l-isoleucine, the 3 bcaa's. Serving size is 8",KB_00209,1,"[""KB_00208""]","[""nice deal. great brand. I've need this supplement bad with my intermittent fasting routine. Take it pre workout""]",26.57533300225623,The available reviews do not provide enough information to answer this question.,True,121.3841249991674
G_024,REC_024,B005MQRAXM,Baby,long,descriptive,pc,1,"how is the seat fabric?  we have a britax, and my son sweats so much when in it.",[UNANSWERABLE],,0,"[""KB_00217""]","[""Not sure if ti works to ward off unsafe angry driver's, but I atleast feel like I am making an effort to keep my Lo safe. They sticker is also cute!""]",10.61570800084155,The available reviews do not provide enough information to answer this question.,True,289.263958002266
G_025,REC_025,B007W69P7E,Automotive,long,descriptive,pc,1,"It sounds like this will fit a 2013 4Runner, but does it void the warranty?  It shouldn't, as it's a Toyota part.  Also what is the HP increase?",Your warranty will be fine. Helps breath a bit better. Will add some motor noise as well. I saw maybe a mile increase at most.,KB_00218,1,"[""KB_00218""]","[""Excellent product! It must be trd Toyota racing development, i hope to buy another truco for buy another trd intanke""]",28.428332996554673,The available reviews do not provide enough information to answer this question.,True,204.6122079991619
G_026,REC_026,B005G59WP8,Musical_Instruments,long,descriptive,pc,1,Is the brain capable of reproducing different stick velocities (Dynamics) or is the same volume produced no matter how hard you hit pads?,it's pretty close to a reptilian brain that is inexpensive. The volume is pretty much the same no matter how hard you hit it. If you're looking for that kind of dynamic velocity you really need a more expensive kit or at least replace the brain with a better one.,KB_00224,1,"[""KB_00223""]","[""You can hit them as hard as you want without worrying about breaking anything. Bass drum pedal drum trigger is an excellent design, as well. This set seems to be everything I need once I get down to customizing the pad response and set configuration. Most, if not all, triggering and sound issues can be resolved by reading the manual and following the instructions. I see a lot of reviews here that probably should have been postponed until they worked through all the adjustment features.""]",11.395666995667852,"The reviews suggest that the volume produced can vary based on how hard you hit the pads, as one reviewer mentions customizing the pad response. This implies that different stick velocities can produce different volumes. The brain is capable of reproducing different dynamics.",False,562.4870829997235
G_027,REC_027,B0043D68YW,Health_and_Personal_Care,medium,descriptive,pc,1,Do they have Aloe Vera on them?,[UNANSWERABLE],,0,"[""KB_00237""]","[""Wet Ones.. are great to have in the car glove compartment, carry in my purse, keep at the kitchen table. I also recently gave a box as a fun little travel gift to my neighbor who was going on a road trip. So handy to have around.. highly recommend.""]",36.48516599787399,The available reviews do not provide enough information to answer this question.,True,448.49287499528145
G_028,REC_028,B004VTGD9I,Patio_Lawn_and_Garden,long,descriptive,pc,1,"What is the height of the basket? (Yes, I see the dimensions in the description, but it may not be accurate). Thanks,",[UNANSWERABLE],,0,"[""KB_00240""]","[""Our last basket was busted and broken. We couldn't find a local shop with our size basket. I was thrilled to find it at Amazon. It fits perfectly and is doing a great job of skimming out the leaves that fall in the pool.""]",25.471083004958928,The available reviews do not provide enough information to answer this question.,True,237.019500003953
G_029,REC_029,B0084LO7C4,Toys_and_Games,long,descriptive,pc,1,I want to know if the eyes are stiched or buttons.  Buttons would not be safe for a newborn or baby under 3,buttons,KB_00242,1,"[""KB_00242""]","[""Great doll with nice features. This is a large Raggedy Ann doll I am using in my babys room as decor. With glass button eyes is will not be a good play doll until she is 3+ years old.""]",11.369999992894009,"The doll has glass button eyes, which may not be safe for a newborn or baby under 3. This is why the reviewer plans to use it as decor until the child is older. The eyes are not stitched, but rather buttons.",False,307.8639169980306
G_030,REC_030,B00ISJO0BA,Electronics,medium,descriptive,pc,1,Is it possible to apply WMN450M to UN55H7150?,Yes,KB_00257,1,"[""KB_00257""]","[""What drew my attention to this wall mount was that it was very small and sleek and did not take up too much space on the wall when mounted. The kit contains many parts and components that makes it compatible with a wide range of tv models and sizes. The instructions are rather complex, there are many manuals and pamphlets in the kit, but with patience you can figure out exactly what components you need to work with your model of tv.""]",29.18899999349378,The available reviews do not provide enough information to answer this question.,True,119.05870800546836
G_031,REC_031,B0015H7924,Electronics,medium,descriptive,pc,1,if they fit my toyota 4 runner 2006,[UNANSWERABLE],,0,"[""KB_00266""]","[""Installed these in my Tacoma yesterday and it was fairly simple. Even though the rods do not fit snuggly in the seat's headrest holes (makes them very loose) they still work. You do have to be careful about the plug, because if you pull up the headrest too far, you can easily unplug them.""]",12.487499989219941,The available reviews do not provide enough information to answer this question.,True,164.39591599919368
G_032,REC_032,B00GTAJB78,Beauty,long,descriptive,pc,1,"Why is this so thin? Like other brands I have used, products with hyaluranic acid and vit E should be a little viscous.","I find this product quite good. It's not viscous but has some oil base that allows you to use just 6 drops for you whole face. I put a small amount of the drops on my cheek bones, forehead & chin. Gently rub it in & then apply my moisturizer. My skin looks great!",KB_00276,1,"[""KB_00276""]","[""It is thin, thinner than any serum I've used in the past, but maybe that's why it actually absorbs into the skin so quickly. I do have a few drops here and there spill between my fingers when I put this into my hand, but that's a small price to pay for something that feels good and does something positive for the skin. My serum is a light yellow-cream color and it works great, so I wouldn't pay much attention to complaints about color.""]",11.073667003074661,"The product is thin, but this allows it to absorb into the skin quickly. The reviewer mentions that the thin consistency causes a few drops to spill, but they consider it a minor issue. This thinness is unusual compared to other serums the reviewer has used.",False,397.4968330003321
G_033,REC_033,B0011FY9AU,Health_and_Personal_Care,long,descriptive,pc,1,Inositol makes this unusable by many people -- inositol causes cramps and stomach bloating. Why is it in the product?,[UNANSWERABLE],,0,"[""KB_00283""]","[""Prior to puchasing this product, I read the reviews of others. Some said it caused stomach problems. I discounted this assertion, and decided to try it for myself. Sure enough, after taking the product,I did suffer from stomach problems. I am not giving up on the product, but need to give it further tests.""]",27.631124990875833,The available reviews do not provide enough information to answer this question.,True,247.73587500385474
G_034,REC_034,B009WX60N2,Electronics,short,descriptive,pc,1,where is the scan button,[UNANSWERABLE],,0,"[""KB_00294""]","[""It takes a bit of experimenting to get a usable scan. After using a cordless mouse the wire is somewhat cumbersome.""]",10.507125000003725,The available reviews do not provide enough information to answer this question.,True,251.66508400434395
G_035,REC_035,B007XVYSZW,Toys_and_Games,medium,descriptive,pc,1,what is size of this toy?,[UNANSWERABLE],,0,"[""KB_00302""]","[""This toy looks cool and is pretty std size, not too small as I thought from pictures. My son's favourite things in the world are cars and dinos..like most other boys... THis toy combines both of it... I recommend this to anyone age around 3-5. And price is pretty good too. I got it for about $15.""]",27.105624991236255,"The toy is a standard size, not too small. The exact dimensions are not specified, but it is suitable for children around 3-5 years old.",False,411.57483399729244
G_036,REC_036,B000FZP2XA,Toys_and_Games,long,descriptive,pc,1,I see that this comes with furniture but does it come with any dolls?,"No, it does not..... Sold separately",KB_00312,1,"[""KB_00312""]","[""The dolls, or lack thereof; I had assumed it would come with at least a few dolls but they need to be purchased separately. The furniture is ok but is incomplete. For example, there is a stove, sink, and fridge but no table. How can the dolls eat the food they prepared? It doesn't seem like an issue until your six year old gets upset because her dolls are hungry and need a place to eat. At this price I would have expected a complete furniture set and dolls.""]",27.523041993845254,"The product does not come with dolls, they need to be purchased separately. The furniture set is also incomplete, missing items like a table.",False,309.0679579981952
G_037,REC_037,B005MZ4A7C,Beauty,medium,descriptive,pc,1,"When it's time to remove makeup & sealant, what do you use?",[UNANSWERABLE],,0,"[""KB_00324""]","[""I like to do a lot of elaborate makeup, even in my day-to-day, but I usually don't have time or space to carry the makeup around with me to do touch ups. Even with the aid of setting powder and primer, my makeup usually ends up coming off after several hours.I originally bought Ben Nye's Final Seal to use for my Hallowe'en makeup this year, but I've been using it on some of my other looks before then to get used to the product.""]",12.721332997898571,The available reviews do not provide enough information to answer this question.,True,309.09958299889695
G_038,REC_038,B000FED594,Health_and_Personal_Care,medium,descriptive,pc,1,are they 100% cotton?? or is there some polyester??,"As others have stated, there is a cotton quilted side that is absorbant and the other side (pink) is waterproof. I've washed them a lot as I use them as potty pads for my dog and they hold up well in the washer and dryer. I just love the fact they're saving me money each time I use them.",KB_00335,1,"[""KB_00335""]","[""Sofnit 300 under pads are made with great quality cotton,  they are commonly used in hospitals due tho their quality and durability. I purchased them for my relative, the cotton it is not irritant to the delicate skin and it is very resistant.""]",9.858833000180312,"The reviews mention that the Sofnit 300 under pads are made with great quality cotton, but do not explicitly state that they are 100% cotton. The reviews do not mention the presence of polyester.",False,324.9725829955423
G_039,REC_039,B0027IVMWI,Toys_and_Games,long,descriptive,pc,1,What is the general age group this is for? I have a 6 year old nephew. thanks.,I think six is a great age for this toy. It's not full size so older kids would be disappointed. The flags are small but the goal is a decent size.,KB_00343,1,"[""KB_00343""]","[""We bought this set for our 6-year-old for Christmas. He loves it! It's perfect for him and easy for us to move around in our backyard.""]",14.319083013106138,"This product appears to be suitable for a 6-year-old, as one reviewer purchased it for their 6-year-old child and found it to be perfect for them. It is likely a good fit for your nephew.",False,511.99308300419943
G_040,REC_040,B004MDM6LC,Health_and_Personal_Care,medium,descriptive,pc,1,i want to know a size of the bags,They are standard size grocery bags,KB_00351,1,"[""KB_00351""]","[""These bags are very good. they are about the size you get in the grocery store and he price was awesome. Delivery was right on time. nice product.""]",10.527208010898903,The bags are about the size you get in a grocery store.,False,187.5177080000867
G_041,REC_041,B005I5DJU0,Electronics,medium,descriptive,pc,1,What are the brackets made of?,Basically a hard plastic which is very fragile!,KB_00366,1,"[""KB_00363""]","[""It is made of plastic and the hinge adjustment is pretty flimsy. Video is pretty shaky unless you have a perfectly smooth tripod.""]",10.499541996978223,The brackets are made of plastic.,False,288.94470800150884
G_042,REC_042,B00DUVTPH0,Home_and_Kitchen,medium,descriptive,pc,1,is the pump metal or plastic?,"Plastic. The spout occasionally pops off. I've never had one do that before, however, I use mine for hand soap rather than lotion. I don't believe I would buy another one like it. Hope that helps you.",KB_00371,1,"[""KB_00371""]","[""I purchased two of the same style pumps from InterDesign. The first, which is identical to this but ceramic and metal, came as advertised. This pump is advertised a metal, but the only metal part is the pump spring. Everything else is commodity grade plastic. It probably cost less than $1 to import from overseas.They should either ship a real metal container or drop the price to $2.99where it belongs for this item.Shame on InterDesign for their mis-leading advertising!""]",10.722874998464249,"The pump is mostly made of plastic, with only the pump spring being metal. Everything else is commodity grade plastic.",False,274.03633300127694
G_043,REC_043,B0057BUTUI,Home_and_Kitchen,medium,descriptive,pc,1,Are the lids on these a dark blue or a smoky gray/black?,They are like a medium blue. I was actually hoping they were gray/black but the blue still looks pretty.,KB_00377,1,"[""KB_00377""]","[""These canisters are great in size and I like the look of them. The color in the picture is not correct however, I thought the lid was black but it is actually blue, which is ok I guess. I would have liked them a lot better if they had been packaged better. They were shattered when I received them.""]",11.070041000493802,"The lids are blue, not black or smoky gray/black, as the reviewer mentions they are actually blue, contrary to their initial expectation of them being black.",False,306.9964170063031
G_044,REC_044,B0014CMQEQ,Pet_Supplies,long,descriptive,pc,1,My cat keeping peeing over the side. How can I train him to hit the target? Or install higher sides?,"I'm not sure... if you can figure out how to install a higher side on the inside of the litter box (maybe some thin plastic and some e6000 glue), that would be the solution... but if it's not a feasible alternative, maybe this is a bad litter box for your cat. Which is too bad, because we STILL love it. :) I hope you find a solution!!!",KB_00396,1,"[""KB_00387""]","[""I finally got 1 of the 3 to use the box a couple of times, but the front and sides are too low - he peed both in and out of the box(he was in, but most of the urine stream went over the side of the box.) So I had to remove this system and go back to their older system with litter tracking all over.""]",15.133791996049695,"The reviews suggest that installing higher sides may help, as the issue is with the cat peeing over the side of the box due to it being too low. One reviewer had to switch to a different system because of this issue. There is no information on training the cat to hit the target.",False,513.2682080002269
G_045,REC_045,B007H7G6IE,Cell_Phones_and_Accessories,long,descriptive,pc,1,"works on HSDPA 850/900/1900/2100 frequencies 1900, I might say the detailed specifications, is a processed snagdragon s3 or s4. thanks?",[UNANSWERABLE],,0,"[""KB_00406""]","[""I love this phone because of the following,- Fast, actually very fast- Gorgeous design- Good radio and voice quality- Good camera 8 MP- A great screen, both light and colors are just great""]",10.814957990078256,The available reviews do not provide enough information to answer this question.,True,294.1870420036139
G_046,REC_046,B001D4BZ56,Patio_Lawn_and_Garden,long,descriptive,pc,1,Should you use this product right away once you mix the can of it with a gallon of water?    I noticed crystals in my container  when I was done.,if you let it sit overnight it will crystallize on the bottom of the jug you mix it in. If you heat up the solution it will dissolve the crystals. I mixed up a can into a gallon milk jug. I have stored it for a time and when ready to use it again just put the jug into a pot of hot water and it will dissolve it back to useful liquid. You need to mix the solution with a long stick that reaches the bottom as you warm it to dissolve the solids.,KB_00409,1,"[""KB_00409""]","[""Relatively inexpensive compared to big brand name with same main ingredient. Easy to mix, easy to use. Does crystallize after a while in suspension but can be reconstituted by heating the mixture. Can be stored easily in an old gallon milk jug for later use. Perfect for smallish jobs of wood rot or a small area of termite control as in a shed or small barn. Completely disolves when mixed so easy to spray.""]",14.991417003329843,"The product does crystallize after a while, but it can be reconstituted by heating the mixture, suggesting that it's not necessary to use it immediately after mixing. It's recommended to mix and use, but if crystals form, heating can resolve the issue. The product completely dissolves when first mixed, allowing for easy spraying.",False,524.3529580038739
G_047,REC_047,B007QVWMAC,Toys_and_Games,long,descriptive,pc,1,"can they be filled by an bicycle air pump or at a gas station or do they require their own unique pump and if so, where can I purchase it?",You can not use a bike pump or gas station pump. You need a pump that will blow up a air matress. You can purchase them at job lot for ten bucks or on amazon,KB_00420,1,"[""KB_00424""]","[""Very large and strong tubes for tubing down the Pemi River, NH! Can't blow these up by mouth however (not that we tried)... definitely need a pump!""]",15.90687500720378,"The tubes require a pump to be filled, but the type of pump is not specified. They cannot be filled by mouth, suggesting a bicycle air pump or other type of air pump may be used. The available reviews do not provide enough information to determine if a gas station or unique pump is required.",False,613.2942080002977
G_048,REC_048,B000CFQM4G,Automotive,medium,descriptive,pc,1,Does the gauge have an auto dim feature?,"It does have an auto dim feature. The sensor is the little hole under ""14"" and above the LCD display (you can actually see it in the product picture). I have this and can confirm that the auto-dim does work.",KB_00427,1,"[""KB_00435""]","[""Pretty accurate with a fast response time. Mine is wired in to my Kpro for logging/tuning purposes. Great gauge and the company that shipped me the gauge were great.""]",10.424332998809405,The available reviews do not provide enough information to answer this question.,True,405.1314999960596
G_049,REC_049,B007ZZQHSW,Sports_and_Outdoors,long,descriptive,pc,1,"Is this item bigger/heavier than this one: Spec-Ops Brand Recon-Wrap Multi-Season, Multi-Mode Head Gear (Woodland Digital)","I don't own the specific one you linked, but all of the Recon Wraps that I've owned have been the same. The closest any of them have been to being ""bigger"" is the multicam one I got on Amazon is longer than the ones that were issued or that I bought on base. But the longer ones mention it in their description generally so it shouldn't be a surprise.",KB_00440,1,"[""KB_00438""]","[""This is lightweight multi-mode multi- use head gear. Keeps head cool on hot days, cannot say about warmth in cool weather since its August in the south. Stores in the space of a handkerchief.""]",12.189458007924259,The item is described as lightweight. The available reviews do not provide enough information to compare its size or weight to another item.,False,408.972042001551
G_050,REC_050,B005ONMFAQ,Cell_Phones_and_Accessories,medium,descriptive,pc,1,Is this a hard plastic case or a flexible rubber case?,It is more of a plastic case. I wouldn't reccomend getting it unless you really need a cheap phone cover and have no other options.,KB_00451,1,"[""KB_00452""]","[""I had a hard time finding a case for my Sprint Samsung Galaxy S2 phone, so I was excited to find this case. It touted low profile, perfect fit, and rubberized black hard case. I must say that I was impressed with the perfect fit that was easily snapped on. When I read that it was a rubberized case I expected there to be rubber on the inside to minimize shock if dropped. However, there was no rubber.""]",34.27237500727642,"This is a hard case with a rubberized description, but it does not have rubber on the inside. It is described as a ""rubberized black hard case"", suggesting it is primarily a hard case. The case is made of a hard material that can be easily snapped on.",False,399.52920799987623
G_051,REC_051,B000EMDB3C,Home_and_Kitchen,long,descriptive,pc,1,Do both sides brew at the same time or do they have separate timers? Does it even have delayed brewing timers?,Both brew at the same time unless you have it set for only brewing one cup. There is no timer for delayed brewing. It works very well this way for my purposes.,KB_00464,1,"[""KB_00457""]","[""The idea was intriguing but not exactly what we hoped. You don't have the option of brewing on one side or the other. If it's one cup then it's on the left. You can't brew the right side alone. It does drip on both sides even if you only brewed one cup. It works well enough and it was better than messing with our Keurig (very sad for Keurig) but not our 'forever' maker.""]",27.22037500643637,"The device brews on both sides, even if only one cup is made, and there is no option to brew on one side alone. The reviews do not mention separate timers or delayed brewing timers.",False,420.73270800028695
G_052,REC_052,B00G11D5JA,Cell_Phones_and_Accessories,medium,descriptive,pc,1,How to install this screen protector?,[UNANSWERABLE],,0,"[""KB_00472""]","[""While the anti-glare screen protector is good, putting it on was a challange, as the card  caused several scratches to appear on it.""]",9.976417000871152,The available reviews do not provide enough information to answer this question.,True,132.01883400324732
G_053,REC_053,B003NRHAH8,Electronics,medium,descriptive,pc,1,Will this work on my Sony Nex 7?,Yes,KB_00477,1,"[""KB_00480""]","[""i use this as my everyday lens on my nex-5n. it makes the camera very compact and takes very nice pics. now hoping sony and others can start making more lenses for these cameras.""]",12.215125010698102,"The product works on a Sony Nex camera, as one reviewer uses it on their Nex-5n, but compatibility with the specific Nex 7 model is not confirmed. The reviewer's experience suggests it may work, but there is no direct confirmation.",False,346.51645800477127
G_054,REC_054,B006FJCLI4,Sports_and_Outdoors,long,descriptive,pc,1,"I want to use this phone in Europe, and do not intend to use it in US with T-Mobile.  Can I get an unlocked version of this phone?",This phone can be unlocked with a 4 digit code and you can get those online at unlock codes dot com or you can find them from T-Mobile. eather way you can use this phone if you do get that. Thanks for asking.,KB_00487,1,"[""KB_00491""]","[""My husband and I  have had a T-Mobile phone plan for ~10 years, so do all my grown children. We talk to each other using the free T-Mobile to T-Mobile plan. Anyway, another phone broke, instead of renewing a contract every time a new phone is needed, we buy one from Amazon. Works well for us, we appreciate the ability to buy one when we need one.""]",28.33012500195764,The available reviews do not provide enough information to answer this question.,True,255.76108299719635
G_055,REC_055,B005KP1E14,Toys_and_Games,medium,descriptive,pc,1,What is the difference between this helicopter and the MCX RTF,"If you are interested at all in advancing your skills and learning to fly bigger RC helicopters, get the MCX or better yet the MCX2. These are 4 channel helis and the controls will be correct on the transmitter. The Scout is 3 channel and the controls will not teach you how to fly an RC helicopter correctly.",KB_00499,1,"[""KB_00499""]","[""It's a 4-channel, larger, and little more powerful. This is now his new favorite, and he flies it quite well. He still uses his Scout, and no doubt, his scout was what helped him be prepared to fly the MCX. Part of me wants to recommend the MCX ($75) if you're starting out, but I'd say the Scout is better if it's for a kid, and then you could upgrade later.""]",26.256416997057386,"This helicopter is larger and more powerful than the MCX RTF. It is also a 4-channel helicopter, implying the MCX RTF may have fewer channels. The size and power difference suggest it may be more suitable for experienced users, while the MCX RTF could be better for starting out.",False,548.7399159974302
G_056,REC_056,B007TGMJ4S,Pet_Supplies,medium,descriptive,pc,1,what are the dimen of this product? holong and wide is it,[UNANSWERABLE],,0,"[""KB_00508""]","[""Sorry, not meaning to bash another person's review of a product, but some info needs to be clarified or corrected. In the description (and again on the packaging once you get the product) it says this item is meant to be placed ON TOP of a glass or plastic canopy OVER your fish tank. Of course, where else is somebody going to put it? Well, it is NOT meant to be placed UNDER a hood IN your fish tank where it is exposed to excessive moisture.""]",11.941665987251326,The available reviews do not provide enough information to answer this question.,True,125.26595900271786
G_057,REC_057,B004WMP03E,Home_and_Kitchen,medium,descriptive,pc,1,How thick is the Stainless Steel Measuring cups? Some are quite thin.,You're right--these are thin.,KB_00518,1,"[""KB_00518""]","[""It's hard to tell by the pictures but the cups are quite thin, you can squeeze the sides and they give quite a bit (I think if I tried I could completely bend them inward). I guess they're okay for the price. The measuring spoons seem good. If I had to do it over again I'd go with something a little stronger.""]",13.025249994825572,"The Stainless Steel Measuring cups are quite thin, as they can be squeezed and bent inward, giving significantly when pressed. They are not very sturdy, and can be bent if enough force is applied. This suggests they are not very thick.",False,386.18304199917475
G_058,REC_058,B003L14UCO,Office_Products,long,descriptive,pc,1,"What is the capacity?  For example, Brother's cartridge says it'll print 2600 sheets at 5% coverage.","2600, give or take a couple hundred. Remember that this is 5% coverage. I get about 1800 to 1900 with full text pages. About four reams of paper.",KB_00530,1,"[""KB_00530""]","[""This cartridge yielded only 938 pages, far short of the 2600 that a true \""high-yield\"" would print. Also, the print quality was deteriorating rapidly over the last several hundred pages. Considering the price, the yield was not that bad of a value, but the product is misrepresented as high-yield when it is not.""]",11.231917000259273,"The capacity of this cartridge is 938 pages, which is less than the expected 2600 pages at 5% coverage. The actual yield is significantly lower than advertised.",False,411.36154199921293
G_059,REC_059,B000BKY63G,Tools_and_Home_Improvement,long,descriptive,pc,1,can I purchase extra rail clamps for other tools such as a drill press or scroll saw?,Yes the part number is PM-7002 available on Amazon.com,KB_00541,1,"[""KB_00536""]","[""This is a very heavy duty mitre saw stand. If you are going to use this in one location for extended periods of time then I would highly recommend it. The beauty of this beast is the fact that you can buy additional clamps and mount whatever you want on it. I am building out my woodshop and needed a space saving alternative for various benchtop tools. This is a great solution to the problem.""]",19.455417001154274,"Yes, you can purchase extra rail clamps for other tools. The stand allows you to buy additional clamps and mount various benchtop tools. This makes it a space-saving solution for tools like a drill press or scroll saw.",False,567.9308329999913
G_060,REC_060,B002HRET4M,Patio_Lawn_and_Garden,long,descriptive,pc,1,"Just installed the Baracuda, it continuously gets stuck on the pool ladder. I followed the instructions is there someting we can do to fix this?","I am saying this based on my experience, I had control valve set more suction to baracuda than skimmer. Once I changed set up to be neutral for sharing suction power between baracuda and skimmer, it started behaving the way it should. I hope this resolve your problem",KB_00552,1,"[""KB_00547""]","[""I bought my Baracuda Ranger 5 years ago from a pool store for over $200, after returning an Aquabug that did not work for my situation. I have an above ground 18' round pool I installed myself, so the liner is a little wrinkled at the bottom. This cleaner really does a good job, especially considering the unlevel liner. My biggest complaint is that it does get stuck behind my ladder.""]",13.105374993756413,"The Baracuda cleaner can get stuck behind the pool ladder, even when properly installed. This issue is not unique to your situation, as another user experienced the same problem. You may need to adjust the ladder or the cleaner's path to prevent it from getting stuck.",False,762.0669999960228
G_061,REC_061,B001KW0BE2,Home_and_Kitchen,long,descriptive,pc,1,"Will it remain stable if the cardboard backing is not put on? I have beautiful wood paneling on my wall, and I would like it to be visible through it.",I highly doubt it. The backing actually stabilizes the overall frame.,KB_00557,1,"[""KB_00557""]","[""The shelf looks ok from a distance but the back is actually black cardboard. It is VERY unstable. It's dangerous really but too costly to return. We put the heaviest items on the bottom and lightest on the top but it is really too tall and narrow to be safe. I would not recommend this to anyone that ever has children or pets in the house.""]",11.157459011883475,The available reviews do not provide enough information to answer this question.,True,306.7389159987215
G_062,REC_062,B002KJSD8K,Beauty,medium,descriptive,pc,1,what type of smell does it have,It is a very light not unpleasant smell that dissipates quickly. It is not floral at all.,KB_00574,1,"[""KB_00566""]","[""I think this works well. Doesn't smell great but also doesn't bother me. I bought one for my mom too.""]",11.384040990378708,"It doesn't have a great smell, but the intensity is not bothersome. The exact type of smell is not specified.",False,475.2228750003269
G_063,REC_063,B001RTL5L6,Sports_and_Outdoors,medium,descriptive,pc,1,How do you turn off/on and is there an auto shut off?,There is a little black button to push for on and off and setting what mode you want them in.  They will automatically shut off after about 5 minutes if the wheels are not in motion.,KB_00584,1,"[""KB_00580""]","[""This means if you use rechargeable AA's you have to remove the batteries from their bays. One of the units I own tends to turn itself off while I am riding. This tends to happen at least once every ride. I can stop and turn it back on but eventually it will turn itself off ( even with freshly charged batteries ). I plan to replace the bad unit. Nothing draws attention to a cyclist like spinning lights!""]",12.614334002137184,"To turn the device on/off, you can presumably use a power button, as the reviewer mentions stopping and turning it back on. There is no clear information on how to manually turn it off, but it appears to have an auto shut off feature, as the reviewer's unit tends to turn itself off during use.",False,501.7909169982886
G_064,REC_064,B0018B15FE,Health_and_Personal_Care,long,descriptive,pc,1,"Using Charlie's without cleaning the machine? has anyone used this soap in a laundromat or apartment building machine where it's nearly impossible to clean the machine?I've heard great reviews of this soap, but I don't really control my washing machine environment as much as I'd like to, since I don't have my own machines - if the soap's going to suck in this environment, I'd rather know ahead of time and not buy it.",[UNANSWERABLE],,0,"[""KB_00595""]","[""Made for front loading, high efficiency washing machines, Charlie's soap cleans extraordinarily well. It has the benefit of being perfume free for anyone who is sensitive or allergic to perfumes. It is biodegradable to help protect the environment.""]",32.73145899584051,The available reviews do not provide enough information to answer this question.,True,315.0095000019064
G_065,REC_065,B002HDYD88,Home_and_Kitchen,long,descriptive,pc,1,"Anyone using them on carpet? How stable are they? If you were to just sit your speakers on them (without any tac) , would that be ok?",They come with metal spikes for the bottom of the stand. These extend down into the carpet and create a pretty stable platform. Mine have nothing attaching the speaker to the stand (just gravity) and they are plenty stable on carpet.,KB_00597,1,"[""KB_00599""]","[""The speakers are a bit heavy and we wanted to be sure the top shelf was secure.the quality for the price would lead me to recommend these stands to anyone wanting to put their speakers at the perfect height and have them be secure.""]",11.69274999119807,"The reviews do not mention using the stands on carpet, but they do mention that the stands can securely hold heavy speakers. Sitting speakers on them without any tac may be okay since the reviews mention the stands can hold heavy speakers securely.",True,614.1933750041062
G_066,REC_066,B00165XQWW,Electronics,long,descriptive,pc,1,Is it light weight? I have the Logitech M325 and I love everything about it except that it's a little heavier than I'd like since I'm a gamer.,The answer is that it is lightweight and easy to use.  I'm currently using only the 450 with my laptop.,KB_00612,1,"[""KB_00609""]","[""What can i really say about this mouse except that i love it to death, got it for use in playing the MMORPG - Perfect World on my home computer cabled logitech kept getting snagged. This mouse work great the reciever is so small i can plug it in the front usb port and forget that it is even there since it does not stick out and hurt any thing at all.""]",13.264166002045386,The available reviews do not provide enough information to answer this question.,True,182.31370899593458
G_067,REC_067,B007J3FAJ2,Toys_and_Games,medium,descriptive,pc,1,where to get replacement balls for Fisher-Price Cruise and Groove Ballapalooza?,[UNANSWERABLE],,0,"[""KB_00616""]","[""I uploaded a photo that compared the balls for this toy with some of their other similar toys.I couldn't find replacement balls for the Ballapalooza on the Fisher-Price website but I called their customer service department a couple of weeks ago and was able to get a replacement set for the newly released Fisher-Price Ballcano. Fisher-Price service has a great reputation.The price is a bit high but if this toy lasts as long as my other toys from Fisher Price, it's absolutely worth it.""]",10.690416995203122,The available reviews do not provide enough information to answer this question.,True,526.3639580007293
G_068,REC_068,B001ELX290,Health_and_Personal_Care,medium,descriptive,pc,1,what is the active ingredient that inhibits hair growth in this product?,This isn't a hair inhibitor. It stops ingrown hairs.,KB_00626,1,"[""KB_00626""]","[""love this product! Works great! has really helped reduce ingrown hair from waxing. Use it every night after my shower.""]",10.049833988887258,The available reviews do not provide enough information to answer this question.,True,308.3551659947261
G_069,REC_069,B0066FET1Y,Grocery_and_Gourmet_Food,short,descriptive,pc,1,what are the ingredients,[UNANSWERABLE],,0,"[""KB_00636""]","[""This is the best substitute for me and my family ! We love this product . Thank you for taking the time to find the ingredients and make such a wonderful product. I appreciate being able to drink something with no side effects.""]",28.511874988907948,The available reviews do not provide enough information to answer this question.,True,113.33166700205766
G_070,REC_070,B0057R27YI,Electronics,long,descriptive,pc,1,Will this lens work with a Rebel Xsi?  my telephoto lens was dropped so I am looking for something else to purchase.,"I am not positive but think it will. When I purchased the adaptor to fit it to my Rebel T3, it listed a lot of other canon cameras that it also fit. If all canon cameras can fit the same lenses, then the adaptor would do the same. It's been a fun lens, does take some extra moments when focusing.",KB_00647,1,"[""KB_00649""]","[""The item arrived on time and the packaging was okay, but not great. Nevertheless, the lens worked as advertised. When ordering this lens make sure to note which camera the adapter mounting ring is for as there are more than one being listed on Amazon.com. This is as stated in the ad a manual zoom and focus telephoto lens. If you want an auto focus and zoom lens (wouldn't we all) you will have to pay a lot more than the asking price for this lens.""]",33.62170899345074,The available reviews do not provide enough information to answer this question.,True,409.5262500050012
G_071,REC_071,B00021LQ0U,Home_and_Kitchen,long,descriptive,pc,1,Would like it to hold my favorite Lysol wipes. What is the measurement from handle to edge? The picture shows a roll of paper towels so it looks wide.,"I just measured the one I purchased, and if you are measuring from edge of handle to inside edge it is about 5 1/4 inches (that is the area across where the paper towel roll is), I just put a jumbo Clorox canister in and fits nicely, I was surprised when I got this as it is a work horse, not one of those flimsy plastic totes, you will not have any problem putting your Lysol wipes in this as it is large. Since it is very sturdy it is heavier and not bendable.  I have one under my kitchen sink full of all the items I use regularly so I don't have to hunt, just pull the tote out and ready to go. I am very pleased with the quality of the tote that I plan to get another one for my work tools, hope this helps you.",KB_00654,1,"[""KB_00657""]","[""I almost love this caddy! It is big enough to hold my window cleaner, dust and furniture polish,  bathroom scrubbers,  and disinfectant wipes and/or sprays, PLUS a couple of rags and/or paper towels, and even nearlly my toilet cleaning handles (I have the Clorox Toilet and the Scrubbing Bubbles Fresh Brush wands which I easily transport with the caddy by just laying them over the top). It makes it SO convenient to grab this caddy with everything in tow to head on upstairs to clean.""]",41.09029199753422,The available reviews do not provide enough information to answer this question.,True,131.183792000229
G_072,REC_072,B002HKCEAA,Toys_and_Games,long,descriptive,pc,1,What should I do to stop the propellers from falling off the rods? The rotation causes them to come right off.,Call the manufacturer they are real great with help.734-502-8796.,KB_00667,1,"[""KB_00672""]","[""Look for replacement propellers in the box. There aren't any. Wait until next day (because, y'know, Christmas) to call hobby stores all over the place looking for replacement propellers. Finally find an open store 40 minutes away. Make the round trip to get them.9. Install replacement propeller and battery. Turn on boat.10. Insert (included) batteries into remote control. Notice that remote control neither lights up nor controls the boat. Turn off boat. Remove batteries from remote control.""]",15.427584003191441,The available reviews do not provide enough information to answer this question.,True,291.09391699603293
G_073,REC_073,B001GCU0TW,Health_and_Personal_Care,medium,descriptive,pc,1,what are all ingredients? i am looking for no aspirin. thank you!,"Alka-Seltzer ""Heartburn"" contains no aspirin. It is formulated to treat only heartburn (indigestion). Active ingredients are anhydrous citric acid and sodium bicarbonate, both antacids. The package it comes in is very similar in appearance to the Alka-Seltzer package which does have tablets containing aspirin. You have to look carefully. They both have ""Lemon Lime"" on the front cover.",KB_00682,1,"[""KB_00674""]","[""No aspirin need I say more! It makes a difference if you take other medications. Wife sends me looking for this everywhere ! She takes a lot of meds and they have some in them already,!""]",16.87158300774172,"The product does not contain aspirin. The reviews do not provide a comprehensive list of ingredients, but they do confirm the absence of aspirin.",False,408.2201659985003
G_074,REC_074,B0093HHGD0,Home_and_Kitchen,long,descriptive,pc,1,Did it shrink in size after you washed and dried it?  I'm afraid it might be too small for my queen bed if it shrinks any.,"The first time I washed the quilt I hung it out to dry and then the second time I actually put it in the dryer cause I was in a hurry. I didn't see a change in sizing. At the time I was using it on a twin sized bed before I bought the full that I have now. When I made the bed after putting it in the dryer the quilt hung the same length on both sides that it had before washing. It didn't change at all. I have had this quilt now for about 6-7 months and I am still very satisfied with it. I'm also pretty sure that the tag might say preshrunk but I'm not sure, I'd have to look, but mine didn't change in size at all after washing and drying. Hope this helps!",KB_00686,1,"[""KB_00692""]","[""I did love this, but, it did shrink a lot. I would not recommend it. It is pretty, but the price it should be quality.""]",15.545500005828217,"The product did shrink a lot after washing and drying. This shrinkage may affect its size, potentially making it too small for a queen bed.",False,195.29604100534925
G_075,REC_075,B008KEJ1LM,Health_and_Personal_Care,short,descriptive,pc,1,ease of comb removal,the comb removal is very easy to remove and put back on. So far this product has been great and is a great buy.,KB_00698,1,"[""KB_00703""]","[""I love it for a quick trim of the beard. Saves a lot of time compared to using a comb and scissors.""]",14.249542000470683,"The product saves time compared to using a comb and scissors, implying that comb removal may not be necessary or is easy with this product. It allows for a quick trim of the beard. This suggests ease of use without a separate comb.",False,1403.944917001354
G_076,REC_076,B0047YVIEC,Electronics,medium,descriptive,pc,1,Will this battery work with a Linux OS?,[UNANSWERABLE],,0,"[""KB_00705""]","[""Don't want to say anything bad about seller. This is my 2nd battery for laptop and none will stay charged so I assume that it is my laptop. Never returned this because it was my 2nd purchase that didn't work so I assumed it is not the product.""]",13.597834011306986,The available reviews do not provide enough information to answer this question.,True,306.9259170006262
G_077,REC_077,B0045JSO32,Electronics,long,descriptive,pc,1,"Can you run a single monitor with this?  Basically, I have a DMS59 card and a standard VGA monitor.  Just want to use the card and the monitor.","Yes, you can. You don't have to use 2 monitors. For the card or cable to work properly",KB_00721,1,"[""KB_00721""]","[""It met my requirements to get my monitor hooked to my computer. althoughI do not have a dual monitor set up. It allowed me to connect my monitor and get it up and running.""]",12.126666988478974,"Yes, you can run a single monitor with this, as one reviewer was able to connect and use their monitor. The reviewer did not have a dual monitor setup, indicating a single monitor is sufficient.",False,523.1024169988814
G_078,REC_078,B00IYQXZFO,Home_and_Kitchen,medium,descriptive,pc,1,what is the eer rating of unit..,[UNANSWERABLE],,0,"[""KB_00728""]","[""Frigidaire has a winner with this one I can promise you. It's quiet too and it cools the room down in less than thirty minutes from hot. And it puts out 8,000 BTU's !!!! Worth the price which isn't that much higher than a good 5,000 unit.""]",11.948333005420864,The EER rating of the unit is not mentioned in the reviews.,True,251.99508399964543
G_079,REC_079,B00IAHRIUA,Cell_Phones_and_Accessories,medium,descriptive,pc,1,Does this come with the little stand?,[UNANSWERABLE],,0,"[""KB_00735""]","[""This is a great little product the size a quarter. I was taking pics within 60 second of opening it.""]",16.53383301163558,The available reviews do not provide enough information to answer this question.,True,285.46724999614526
G_080,REC_080,B002N0MZLM,Health_and_Personal_Care,medium,descriptive,pc,1,Does the 1 oz. bottle include a dropper?,[UNANSWERABLE],,0,"[""KB_00746""]","[""Tea tree oil has so many great uses & this one from NOW is a wonderful oil! Love the dropper-top, great 2 ounce size, super fast shipping with Prime! Thanks Amazon!""]",29.657041988684796,The available reviews do not provide enough information to answer this question.,True,287.60208300082013
G_081,REC_081,B006ZPCQBA,Cell_Phones_and_Accessories,medium,descriptive,pc,1,Is there WIFI hotspot capability with this LG cell phone?,[UNANSWERABLE],,0,"[""KB_00753""]","[""Rooting can theoretically open you up to malware, since it grants access to the system files. However the benefits likely outweigh the risks, as you'd be able to use the Marquee as a WiFi hotspot under your unlimited data plan with Boost.WiFi TetheringThere are several apps out there that claim to add WiFi tethering capability to cell phones without rooting your phone. I intend to explore those options, and will post an update here, if any of those apps pan out.""]",16.2490000075195,"The phone can be used as a WiFi hotspot, but it may require rooting or using a WiFi tethering app. The phone's native capability for WiFi hotspot is not explicitly mentioned. WiFi tethering is possible under certain conditions, such as with an unlimited data plan with Boost.",False,513.4362079988932
G_082,REC_082,B000EDNCJO,Health_and_Personal_Care,long,descriptive,pc,1,These just arrived but they look used... Is the blade supposed to come clean?,[UNANSWERABLE],,0,"[""KB_00770""]","[""These are great clippers that are professional grade. The cutting guides snap onto the blade to make cutting hair easy for even those with little or no experience cutting hair. We replaced a 20-year old Wahl clipper set with this set, as the old clippers were finally starting to get a bit dull. This new set is every bit as good and really is a great value! Just think of what you pay for a haircut - several haircuts equal the cost of this clipper set.""]",17.104667000239715,The available reviews do not provide enough information to answer this question.,True,248.45758399897022
G_083,REC_083,B0032536QK,Pet_Supplies,long,descriptive,pc,1,"Is 24-30"" bright enough for 29 gallon long tank with dwarf baby tears as carpet plants?",No. This light only works for low light plants. Dwarf baby tears need a much brighter light than this one.,KB_00776,1,"[""KB_00774""]","[""Build quality seems fine but no way this light is good for any tank wider than 24&#34;. I have a 29 gallon tank that is 30&#34; wide and this light is too small I had to return it. The light is 24&#34; wide and the bulbs are 3&#34; from each end, so on a 30&#34; tank there is 6&#34; between edge of tank and a light.""]",16.436082994914614,"The available reviews suggest that a 24"" light may not be sufficient for a 29 gallon long tank, as it leaves 6"" of uncovered area on a 30"" wide tank. This may not provide enough light for carpet plants like dwarf baby tears. A 24-30"" light may not be bright enough for this setup.",False,716.3862499946845
G_084,REC_084,B00822VUSY,Cell_Phones_and_Accessories,long,descriptive,pc,1,"It says that there is an Anti-Fingerprint Screen Protector Comes Pre-Installed, what if i wanted to change the installed screen protector? Can i do it",Yes you can,KB_00783,1,"[""KB_00783""]","[""The screws inside are very small, but they aren't hard to get onto the screwdrivers that come with it since they are magnetic. After all my work, the screen looked different, but i immediately realized that it was due to the screen protector that was pre-installed on it. It is a anti-fingerprint screen protector, so it feels a bit weird. But you can take it off.I found that it fit perfect and worked accordingly, and thats all it needed to do.""]",16.52200000535231,"Yes, you can change the installed screen protector. The pre-installed anti-fingerprint screen protector can be taken off.",False,512.0947920004255
G_085,REC_085,B007HIQD5Y,Health_and_Personal_Care,long,descriptive,pc,1,What's the difference between this product and an electric blanket?  Which is better to keep an older person warm?,This is an exceptional product! Originally I was looking for a large heating pad for my Mom when this product came up in the Amazon search. Mom is 88 and suffers with arthritis and is always cold. The wrap exceeded what I had hoped to purchase. It is the perfect size to wrap around her shoulders as her upper body and the softness of the material is wonderful. The three heat settings gives her a choice to warm her up quick and then lower setting to maintain the heat. Mom's hands are always cold. The Wrap is long enough to cover her hands. She likes that the best. Because of her arthritis in her hands she has trouble holding the Wrap closed. To fix this I sewed a pocket into the corners of the Wrap that hers hands slip into. It works very well and Mom is very very happy with the results. The Wrap doesn't work as well as a electric blanket but I was looking for a should wrap. Thank you!,KB_00793,1,"[""KB_00793""]","[""My mother wanted an electric blanket but my dad is always too warm. This product was a nice choice to keep her warm without being so big it covered the whole bed.""]",11.852333002025262,"This product is a smaller alternative to an electric blanket, suitable for keeping one person warm without covering the entire bed. It may be better for an older person who shares a bed with someone who prefers a cooler temperature.",False,437.27641699661035
G_086,REC_086,B004QIPKNY,Electronics,long,descriptive,pc,1,Do you need an outlet adapter to operate this in the US ?,"No, this is made to be used in the US. It has a standard US cord and works in the US outlets. It plays all the different region DVDs, including region 1 (US and Canada).",KB_00811,1,"[""KB_00810""]","[""This DVD player does not play a lot of American DVDs. If you live in the US, DO NOT BUY THIS!! !""]",13.345583007321693,The available reviews do not provide enough information to answer this question.,True,174.31712499819696
G_087,REC_087,B002AEOY42,Home_and_Kitchen,medium,descriptive,pc,1,what are the dimensions of this trash can?,[UNANSWERABLE],,0,"[""KB_00817""]","[""I was looking for a guest bathroom trash can that was really small and this is IT! Love it, love it!""]",12.217291005072184,The available reviews do not provide enough information to answer this question.,True,163.88258399820188
G_088,REC_088,B005J31O6M,Electronics,short,yesno,pc,1,will this fit a c655-s5504?,"Its been a while since I installed this, but if your computer has a 4 prong plug, it should connect to the power connector just fine. I had a little trouble getting it in the connector case slot to get the case closed, but it finally went. Watch the You Tube video on power connector repair for this model, although he removes the connector from the board a little quick to see, it is not hard to replace. Just make sure to look at the orientation of the pins and polarization fins when you take the old one off. I saved my student $60 with the repair!",KB_00826,1,"[""KB_00826""]","[""Installed in Toshiba Satellite C655. Distance between power adapter connector and choke in wire was shorter than OEM piece. I had to cut a notch in the hinge bracket to make it fit. Even with modification it was a very tight fit. Item was delivered in a timely manner.""]",18.83345800160896,"This product can fit a Toshiba Satellite C655, but it may require modification, such as cutting a notch in the hinge bracket, to make it fit. The fit is very tight, even with modification.",False,512.9126249958063
G_089,REC_089,B008VH8TW0,Health_and_Personal_Care,medium,yesno,pc,1,does it fit with Tens Handheld device?,Fits perfectly and works very well! Highly recommended.,KB_00834,1,"[""KB_00834""]","[""this product works well with my tens unit and has saved me a lot of discomfort. well done and a good price too""]",11.985207995167002,This product works well with a Tens unit. It has been used with one and provided relief from discomfort.,False,248.37975000264123
G_090,REC_090,B0015ADLOQ,Electronics,long,yesno,pc,1,"if one unit is mounted inside front door, will it be heard by door bell ringer?","These units are intercoms where where you push a button and call and talk to the other unit. There is also a monitor feature, which would drain the batteries quickly so if using this feature opt for a DC converter (extra purchase but possible). In the monitor phase, if I understand you correctly,  you could set up one unit near the doorbell ringer to project the sounds to the second unit. As an alternative David, explore a second doorbell ringer which would ring along with the first and place it where you would have placed the intercom. If there is attic access or a ranch home with an unfinished basement the second ringer should be easily installed.",KB_00843,1,"[""KB_00844""]","[""... these things work fantastically. My grandmother has them throughout her home - with one acting as a front doorbell of sorts so she can see who is there without screaming to them that she will be right there (she doesn't move as fast as she used to.)""]",14.131832998828031,"The device can be used as a front doorbell, suggesting it can be heard by someone outside the door, such as a doorbell ringer. This implies that if one unit is mounted inside the front door, it will likely be heard by the doorbell ringer.",False,274.5470420049969
G_091,REC_091,B006KXDWJC,Beauty,short,yesno,pc,1,"is this a ""tingly"" lotion?",[UNANSWERABLE],,0,"[""KB_00857""]","["". I did try a different lotion and my face didn't tingle at all. Just a little weird but I'd still recommend this lotion.""]",16.146209003636613,"The lotion may cause a tingling sensation, as one reviewer mentioned their face tingled when using it, but not with a different lotion. This suggests the tingling sensation is specific to this product.",False,511.8762499987497
G_092,REC_092,B003GBNKCU,Toys_and_Games,short,yesno,pc,1,is he full silicone,[UNANSWERABLE],,0,"[""KB_00868""]","[""I was just wondering i really want this babie but does it have a magnetic mouth so I can buy I pacifier with it? ?""]",11.795874990639277,The available reviews do not provide enough information to answer this question.,True,226.10029100178508
G_093,REC_093,B008BCQP80,Automotive,long,yesno,pc,1,"For the passenger side mirror, is the main (larger) mirror flat or convex.",[UNANSWERABLE],,0,"[""KB_00870""]","[""Very nice quality product! Easy to install- watched a youtube video on removing the door panel before hand which was very helpful.""]",12.726916989777237,The available reviews do not provide enough information to answer this question.,True,215.6485830055317
G_094,REC_094,B0000E2E9S,Health_and_Personal_Care,medium,yesno,pc,1,can i wear this bace for volleyball?,"Yes, this is appropriate for volleyball. Most of the girls on my daughter's team wear this brace or something similar.",KB_00875,1,"[""KB_00873""]","[""I feel all volleyball players need to wear braces. Prevent an injury before it happens. I bought these for my daughter. They felt funny in her shoe at first but after first practice that was gone. She says fit is good and protection better. They are comfortable on the leg. I suggest to everyone before its to late.""]",11.458875000244007,The brace is suitable for volleyball as it provides protection and comfort on the leg. A volleyball player found it comfortable to wear during practice. It is recommended for volleyball players to prevent injuries.,False,313.01545799942687
G_095,REC_095,B00HD7IX7K,Electronics,medium,yesno,pc,1,is it free shipping to Singapore?,[UNANSWERABLE],,0,"[""KB_00884""]","[""Thinkpad used to be *the* laptop to use for travel, but now, that's all over.""]",13.076125003863126,The available reviews do not provide enough information to answer this question.,True,113.52637500385754
G_096,REC_096,B008G0QB18,Home_and_Kitchen,medium,yesno,pc,1,does it work on induction cooktops?,[UNANSWERABLE],,0,"[""KB_00899""]","[""I just ordered this cookware, after seeing an infomercial, and I learned to throw away my former silverstone cookware once it becomes scratched. So far, I like it fine. It looks and feels nice and durable, yet is light-weight (as opposed to my iron cookware favorites, which cook great but are heavy to lift). This is a better \""non-stick\"" than the traditional non-stick software. You do have to \""season\"" it before first use, which is easy.""]",12.51970800512936,The available reviews do not provide enough information to answer this question.,True,189.46049999794923
G_097,REC_097,B0002AHQWS,Toys_and_Games,long,yesno,pc,1,"I'm thinking on this for my 7 & 9 year old grandsons, do I need anything extra?",[UNANSWERABLE],,0,"[""KB_00904""]","[""Both my 7 and 9 year old daughters just love this kit! Would recommend this to all age levels. !""]",14.60925000719726,"The kit seems suitable for 7 and 9 year old children, and there is no mention of needing anything extra. It is recommended for all age levels, suggesting it is a self-contained product.",False,396.78750000166474
G_098,REC_098,B00AM7M40U,Toys_and_Games,short,yesno,pc,1,does this come assembled?,No but it's easy to put together,KB_00914,1,"[""KB_00914""]","[""I love if easy assemble and my daughter is in love with it ... Totally recommend she loves the lights radio is very loud and you can even hook your phone up and play music""]",15.122583994525485,"This product does not come fully assembled, as one reviewer mentioned it has an ""easy assemble"".",False,180.5509589976282
G_099,REC_099,B00C2P6VUY,Toys_and_Games,long,yesno,pc,1,can we ride it on the road ? in a cul-de-sac I mean .,No,KB_00915,1,"[""KB_00916""]","[""Bummer thought this would be easier to ride my three year old never plays with this!! Not a great toy""]",17.226790994754992,The available reviews do not provide enough information to answer this question.,True,119.16166699666064
G_100,REC_100,B002VWK0OG,Health_and_Personal_Care,medium,yesno,pc,1,can this be used over the toilet?,[UNANSWERABLE],,0,"[""KB_00925""]","[""where the frame that holds the bucket and braces the seat used to be welded, it is now held on by two bolts.b. the toilet seat on the 2009 model, was heavier and appeared to be molded providing stability and comfort.""]",15.596708006341942,The available reviews do not provide enough information to answer this question.,True,533.2513750036014
G_101,REC_101,B00149HIMY,Sports_and_Outdoors,medium,yesno,pc,1,is this ball made in china?,[UNANSWERABLE],,0,"[""KB_00942""]","[""A good quality ball from the Wilson family. I am concerned that the grip will not hold up, but so far so good.""]",16.092958001536317,The available reviews do not provide enough information to answer this question.,True,114.57499999960419
G_102,REC_102,B002I5NO1C,Patio_Lawn_and_Garden,short,yesno,pc,1,will it deter raccoons?,"I have to say ""Yes"". We were having a problem until I put my extension hanger up. They have given up!",KB_00946,1,"[""KB_00948""]","[""So far this extension pole has worked at keeping those pesky raccoons from eating the bird seed! It also cuts down on the mess on our deck.""]",16.79562500794418,This product has been effective in keeping raccoons away from bird seed. It has worked for at least one user in deterring raccoons.,False,347.47166599845514
G_103,REC_103,B009L1SDL2,Home_and_Kitchen,medium,yesno,pc,1,is it worth the price for k-cups use only,"I need to modify my review, bc since then, I've had intermittent problems with it spitting and spewing water. Further, the coffee tastes different, almost burnt, sometimes; different from my Mr. Coffee at home. (I use this cheap one at work.)   I would advise against the purchase. Go with Mr. Coffee or Keurig.",KB_00955,1,"[""KB_00956""]","[""This is a Great product for the price. I love being able  make one cup of coffee at a time and use k cups!""]",16.682499990565702,"The product is considered great for the price, especially for making one cup of coffee at a time using K-cups. This suggests it is worth the price for K-cups use only.",False,1477.7142499951879
G_104,REC_104,B009D3Y0M4,Toys_and_Games,short,yesno,pc,1,is this helicopter durable,Its durable as long as you dont crash it! It has no cushioning if lands hard the legs that hold the runners will crack.,KB_00967,1,"[""KB_00966""]","[""i have had the helicopter for over a month and it is definatley fun to fly once you get the hang of it it controls nicely... as far as the other reviews go i dont go thru batteries any where near what they are saying i have rechargable aas that i charge at night and i go prob 2 days on them now the helicopter itself yes you charge it alot but its a lil helicopter so cant handle a heavy batt.""]",16.706084003089927,"The helicopter has been used for over a month and is still functioning, suggesting some level of durability. It requires frequent charging, but this is attributed to its small size and battery capacity. The reviewer finds it controls nicely, indicating no major issues with its performance.",False,536.5623329998925
G_105,REC_105,B000OYJ9AO,Beauty,short,yesno,pc,1,is it good for face?,Yes,KB_00983,1,"[""KB_00975""]","[""I bought this to use on my face, but it has a fragrance that clashes with my aftershave, so no good. Otherwise, it performs it's function as a moisturizer. No smells listed in the description so it gets one star.""]",17.116917006205767,"It performs its function as a moisturizer, but the fragrance may be a issue for some users. The product has a fragrance that is not listed in the description. It may not be suitable for everyone's face due to the fragrance.",False,514.5453749937587
G_106,REC_106,B008OHZ1XW,Home_and_Kitchen,long,yesno,pc,1,WHat if I drop this bad boy into a 5 gallon glass container...will the scoby eventually grow to the size of the giant container?,The baby scoby will take the size of whatever container the mother scoby is placed in. I have a 2.5gal container and the new baby scoby that was formed was huge. I can only imagine how large it will become in the 5gal container!,KB_00991,1,"[""KB_00987""]","[""I've purchased 3 scoby's so far and this one is by far the best! The scoby is thick and healthy and comes with enough buch to make a gallon with.The order was shipped the day after I placed my order and was sent via 2 day air. The packaging was great. I was a little worried at first as I live in Arizona so my mailbox can get pretty hot but the scoby was just fine.""]",17.606417008209974,The available reviews do not provide enough information to answer this question.,True,284.9206249957206
G_107,REC_107,B00CYFEUVE,Toys_and_Games,medium,yesno,pc,1,can I to change the FURBYS lenguage from english to spanish??... thanks,No,KB_00995,1,"[""KB_00996""]","[""I live in Brazil, and I bought this item and bring with me...When I tried to use, the Furby was not working, he is sleeping all the time, never Wake up...I need to know how can I change ou fix it, because Im going to USA this month again.Thanks.Vanessa.""]",16.21758299006615,The available reviews do not provide enough information to answer this question.,True,136.91749999998137
G_108,REC_108,B002CZ07HC,Tools_and_Home_Improvement,long,yesno,pc,1,will this fixture cast a lot of shadows/ patterns of the sphere on the wall and floor?,"I notice the shadows on the ceiling more than anything. However, the wall the fixture is in front of is windows with blinds, and they're not very reflective. Also, I have the fixture over my dining table, so not a lot of light hits the floor.",KB_01008,1,"[""KB_01010""]","[""I chose to purchase this light fixture because I really wanted something special for my new house . I have not installed yet. I do hope it will look great as the picture. I love Amazon because I can always find what I am looking for!""]",16.247209001448937,The available reviews do not provide enough information to answer this question.,True,269.4910830032313
G_109,REC_109,B00ANUCV2M,Pet_Supplies,long,yesno,pc,1,"When spraying this in the yard, will it destroy any plants, flowers or Palm trees?  I live in Florida.  Thanks","Hi Kat, we sprayed Cedarcide all over our yard, covering our lawn, trees and plants. Not one thing was damaged. This product is made with cedar oil from cedar trees. We have pets and did not want to use perstcides. The container lasts a long time too. We still have left from last summer.",KB_01015,1,"[""KB_01021""]","[""I spray the lawn all around the house, the ticks and flees are a thing of the past.It also makes the yard smell like cedar.The cats and dogs don't have any bugs.""]",17.244999995455146,The available reviews do not provide enough information to answer this question.,True,307.0732920023147
G_110,REC_110,B007KENYUW,Patio_Lawn_and_Garden,medium,yesno,pc,1,do I have to pay state sales tax on this,[UNANSWERABLE],,0,"[""KB_01026""]","[""Worked well - for only 2 weeks. During the second use a flash was seen coming from the machine. It failed to start again.I called Toro and they issued a &#34;case number&#34;. I was told I would need to pay for return postage. The best price  I can find for return postage is about $20. Having paid $50 for the trimmer, that would bring the cost up to $70. I don't think so!""]",14.931249999790452,The available reviews do not provide enough information to answer this question.,True,211.1483339976985
G_111,REC_111,B003YKDGNQ,Health_and_Personal_Care,short,yesno,pc,1,does this haveshellfish,[UNANSWERABLE],,0,"[""KB_01036""]","[""so far really think it is working, will wait and see.......love the taste and easy to use...will continue to buy""]",16.13487499707844,The available reviews do not provide enough information to answer this question.,True,300.6837089997134
G_112,REC_112,B00AOCSFYC,Cell_Phones_and_Accessories,medium,yesno,pc,1,does it work with a droid maxx?,I have a Samsung note 3 so l believe that it will fit the Droid Marx . A good investment,KB_01045,1,"[""KB_01045""]","[""There are pretty much no good Droid Maxx car docks, so I tried this one out. It works pretty good although if I have it a certain way the buttons sort of get pushed with the latch; no big deal though, I'll keep the buttons on the bottom. Also, the latch is way to springy, it should be so tough to pull up I'd say. The combination charging/aux cable doesn't work at all with the phone. I had to use a regular USB cable.""]",16.696499995305203,"The product works with a Droid Maxx, but the combination charging/aux cable does not. It can be used with a regular USB cable instead. The dock's latch and button placement may require some adjustment for optimal use.",False,408.9467079975293
G_113,REC_113,B000JJHMT4,Home_and_Kitchen,medium,yesno,pc,1,is this pan steel (induction ready)?,I think it is aluminum so it would not be induction ready.,KB_01055,1,"[""KB_01058""]","[""For me, this pan was not money well spent.""]",17.592874995898455,The available reviews do not provide enough information to answer this question.,True,125.09375000081491
G_114,REC_114,B001TY5D6C,Pet_Supplies,long,yesno,pc,1,has anyone had an issue with a gel like build up on the pump?  it looks like a clear-white goo.  hard to clean out of pump. i keep unit clean!!,"Yes. This isn't a flaw with he product itself though. I believe it's just household dust,hair,etc that builds up in the water and then gets clogged in the pump. I clean mine once a week and I've found it easiest to just pull the cap off of the end and give it a good rinse. It's nasty stuff but I'll take it for how much my cat enjoys his fountain!!",KB_01065,1,"[""KB_01067""]","[""I had to clean it today & it was way easier than the Drinkwell! Took me no time. Plus the Drinkwell has almost a rough plastic that my hard water would adhere to. This one seems smoother. The nooks & crannies are all accessible to clean. Just keep an eye on the water level though because it's so quiet, you won't hear the pump buzzing when the water gets low.""]",42.56800000439398,The available reviews do not provide enough information to answer this question.,True,135.11599999765167
G_115,REC_115,B000E8ZJGS,Health_and_Personal_Care,medium,yesno,pc,1,does it have that nasty protein shake taste and after taste,"well to be honest with you it depends what flavor , some of the isopure flavors have that taste at the end. i will recommend you , chocolate, mango peach or banana cream . but also take in consideration regardless the flavor this protein actually works !",KB_01080,1,"[""KB_01077""]","[""Don't get me wrong, this is a high quality product, that contains more protein per serving than many other protein powders. But honestly, this has got to be the worst tasting drink i've ever had. If you can get over the nasty taste, then i highly recommend this product. I am on my second day of taking this powder, and i'm back on amazon looking for something else.""]",15.24479100771714,"The product has a nasty taste, but the reviews do not specifically mention a protein shake taste or aftertaste. The reviewer describes it as the ""worst tasting drink"" they've had. The reviews suggest the taste is a significant drawback for the reviewer.",False,467.76791700540343
G_116,REC_116,B0009UBS2K,Toys_and_Games,long,yesno,pc,1,does this toy include mistress death and thanos and the face mask of mistress death? thanks,Yes. It does include her and the mask. Plus a hand with the glove and without. One of the best sets you can buy.,KB_01085,1,"[""KB_01093""]","[""The deep crevices of Thanos' face are sadly lacking in painted detail; they appear just flat-painted purple. The deep musculature painting of Thanos is equally lacking. Fortunately the sculpture itself suffices to provide good contrast.The red highlighting of death's costume is missing. Probably most disappointing is the \""female face\"" that comes with the Death figurine. It is flesh colored (which is in line with some of the comics, but I prefer those that presented Death's face as a light blue).""]",17.176374996779487,"The toy includes Thanos and Mistress Death, and Mistress Death comes with a face mask. The face mask is flesh-colored, not light blue as preferred by some reviewers.",False,295.81133399915416
G_117,REC_117,B005MKCEDE,Clothing_Shoes_and_Jewelry,medium,yesno,pc,1,is this the size to order for women size 11,"No, search for women's, specifically.",KB_01097,1,"[""KB_01097""]","[""I bought these shoe stretchers as a gift for a female relative. An extensive search however revealed that there were not a lot of quality shoe stretchers available for the female foot. Most stretchers and shoe trees available are just too wide for women's shoes.Add to the fact that I needed one for a size 11.""]",15.990041007171385,The available reviews do not provide enough information to answer this question.,True,108.64225000113947
G_118,REC_118,B001N7AFSG,Electronics,long,yesno,pc,1,does the free keyboard cover come in the same color as the case?,"As a 2 fingered typist I discarded the cover since made it a bit hard to see the keys in low light. If memory serves it was of a pliable rubbery material, translucent and of the same color as the cover. Seemed to fit the keyboard layout perfectly.",KB_01107,1,"[""KB_01107""]","[""So excited about my new red case for my recently purchased laptop! I was leaving on a trip and wanted to take the laptop with me but was concerned about protecting my new baby. Not a great selection of covers in the store and knowing Amazon never fails me, got online. Red is my favorite color, so when I saw this iPearl mCover that included a free keyboard cover, I couldn't resist. Reviews showed the keyboard cover was clear, so I was pleasantly surprised when it came with a red one.""]",24.72570800455287,"The free keyboard cover can come in the same color as the case, as one customer received a red keyboard cover with their red case. However, reviews also mention that the keyboard cover is typically clear. The color of the keyboard cover may vary.",False,330.46591699530836
G_119,REC_119,B00DSAAYM8,Tools_and_Home_Improvement,long,yesno,pc,1,"The add mention that the shelves are made of steel but the picture shows what appears to be particle board shelves, are the particle boards included?",The steel is the frame of the shelves. The particle board is included. The shelves don't feel stable until you get it all together. Then it feels like a rock.,KB_01116,1,"[""KB_01118""]","[""(2) The shelves are flimsy particle board,  ugly, easily broken, and marginally adequate for heavy loads. They are also too thin to fill the 1/2&#34; recess they sit in,  leaving an annoying lip.""]",17.288041999563575,"The shelves are made of particle board, which are described as flimsy and marginally adequate for heavy loads. The particle board shelves are included, as they are mentioned as part of the product. They are not made of steel as advertised.",False,383.3249169983901
G_120,REC_120,B00GYJZER0,Home_and_Kitchen,medium,yesno,pc,1,"When filled with cold beverages, does the exterior sweat?",No the exterior is always dry and room temp. I drink iced coffee often and it keeps it cold and my hands dry. Love this mug especially for the price.,KB_01127,1,"[""KB_01126""]","[""Love it. Keeps my drink cold and doesn't sweat. Previous reviews helped a lot.""]",11.540500010596588,The product does not sweat when filled with cold beverages. It keeps drinks cold without exterior sweating.,False,189.41075000475394
G_121,REC_121,B009X0UJRM,Sports_and_Outdoors,medium,descriptive,pc,1,Will it fit the samick Polaris,"Not sure about the Samick. Even though this is a good rest, the brushes ware off so fast. In one day of shooting about 50 arrows I noticed the bristles were worn. Once the bristles on one wares off more than the other your shots may be off.",KB_01137,1,"[""KB_01145""]","[""This was a good rest for the price, I shoot beeman ics hunters at 9.3gpi and they fit fine, it didn't get 5 stars due to its plastic construction, but lets be realistic its not a 100 dollar ripcord or such so don't expect it to be.""]",19.636917000752874,The available reviews do not provide enough information to answer this question.,True,127.57370799954515
G_122,REC_122,B0035A3JUK,Toys_and_Games,short,descriptive,pc,1,Are these dishwasher safe?,[UNANSWERABLE],,0,"[""KB_01168""]","[""They are solid in student hands and meet my needs as they stack to save space.""]",16.915749991312623,The available reviews do not provide enough information to answer this question.,True,111.48937499820022
G_123,REC_123,B00C1Y1CY6,Toys_and_Games,long,descriptive,pc,1,"How thick are the wires? im going to be using these on a Hubsan Spy Hawk, should i get a different type?",[UNANSWERABLE],,0,"[""KB_01178""]","[""Great product, longer wires than needed but still light enough I'll just bunch 'em up... Works awesome off a channel from the RX!""]",17.80483299808111,The available reviews do not provide enough information to answer this question.,True,306.8518750005751
G_124,REC_124,B0057RI3KK,Health_and_Personal_Care,medium,descriptive,pc,1,What strain of bifidobacterium infantis does this product use?,[UNANSWERABLE],,0,"[""KB_01187""]","[""Member's Mark 4x Probiotic Digestive Care Supplement - 2/42ct. BottlesThis is the least expensive product with 4 different probiotic ingredients which is much better than Align. For me, it is therapeutic in reducing flatus or gas and in more regular bowel movements.""]",17.338249992462806,The available reviews do not provide enough information to answer this question.,True,257.70316700072726
G_125,REC_125,B003YGVDDU,Electronics,medium,descriptive,pc,1,Will it work with Kindle Fire?,If Kindle fire has a usb port then most likely it will.,KB_01207,1,"[""KB_01216""]","[""The keys work well and its just a little smaller than my old one which I like.""]",14.958375002606772,The available reviews do not provide enough information to answer this question.,True,120.28845799795818
G_126,REC_126,B00CNBGUJE,Toys_and_Games,medium,descriptive,pc,1,Does it adapt to going into the water?,"No. It is just for ""land"" play.",KB_01224,1,"[""KB_01224""]","[""my kid likes it. she makes for 2.5hours and she wants Dolphin Cruiser into water but she failed.she likes none the less.""]",16.19812501303386,"It appears that the product can be attempted to be used in water, but it may not be fully adapted for this purpose as the user's kid failed to make it go into the water. The product is still liked by the user's kid despite this. It does not seem to be fully functional in water.",False,513.5284999996657
G_127,REC_127,B0019KATWY,Home_and_Kitchen,long,descriptive,pc,1,"Has anyone else had the blade/metal stain (black) from sitting on water(min-hour)? Only had a few days, seems rust coming on... suggestions? Normal?",Never leave any knife in water. Wash and dry them immediately after use.,KB_01265,1,"[""KB_01245""]","[""I bought this cleaver to chop up birds and meat-store cuts of beef to go in the grinder for dog food. I was surprised by how heavy it is, which makes the job fast and easy. The blade so far has never needed sharpening. I use it practically every weekend when I prepare ground meat to go in the freezer for the dogs' meals that week. I like the hole in the top of the blade for hanging on the hooks over my stove so I don't have to worry about keeping it in a storage container where it might rust if I don't get it 100% dry.""]",17.471125000156462,The available reviews do not provide enough information to answer this question.,True,382.9573330003768
G_128,REC_128,B00IVJ1M7M,Video_Games,medium,descriptive,pc,1,Will this work with Pokemon Omega Ruby and Alpha Sapphire?,[UNANSWERABLE],,0,"[""KB_01277""]","[""They have a tons of codes for pokemon x and y.""]",15.668249994632788,The available reviews do not provide enough information to answer this question.,True,244.61058299493743
G_129,REC_129,B0015IQLVS,Health_and_Personal_Care,medium,descriptive,pc,1,"What do you mean by ""not meant to be support""?",[UNANSWERABLE],,0,"[""KB_01293""]","[""The tip is wide and sturdy with a traction surface.""]",16.765374995884486,The available reviews do not provide enough information to answer this question.,True,246.72683300013887
G_130,REC_130,B001D1EMOA,Patio_Lawn_and_Garden,short,descriptive,pc,1,What are the inside dimensions?,[UNANSWERABLE],,0,"[""KB_01311""]","[""It is small enough to store right inside our garage door.""]",15.511749996221624,The available reviews do not provide enough information to answer this question.,True,129.57937499595573
G_131,REC_131,B00DTHC1TE,Home_and_Kitchen,short,descriptive,pc,1,Is it washable?,[UNANSWERABLE],,0,"[""KB_01320""]","[""Wooonderful! I bought this for myself as I loved the TMNT when I was a kid... and I still do. Great to bring food to work. Good quality material, exactly how I imagined this. And shipping was suuuper fast.""]",17.713332999846898,The available reviews do not provide enough information to answer this question.,True,249.124916997971
G_132,REC_132,B002J8LMVC,Automotive,long,descriptive,pc,1,What do you think of the Schumacher PSJ-1812 DSR ProSeries? Amazon lumps ALL 4 units under one set of user reviews.,It got me started right up this winter when my battery was drained to only 9.7 amps because I have a power drain from my auto start and alarm system.So I'd say it's a pretty good model!Best of LuckJJ,KB_01344,1,"[""KB_01345""]","[""Schumacher PSJ-1812 DSR ProSeries 1800 Peak Amps Jump Starter Works Wonderfully!""]",16.16412498697173,"The Schumacher PSJ-1812 DSR ProSeries works wonderfully, with a peak of 1800 amps. It is considered a jump starter. The product has received a positive review.",False,359.5977500008303
G_133,REC_133,B008HYVG6I,Tools_and_Home_Improvement,long,descriptive,pc,1,Does his set come with a tri-wing bit for removing the battery screws on a MacBook Pro?.,Not sure what size the MacBook Pro takes but the kit does contain tri-wing bit,KB_01363,1,"[""KB_01365""]","[""I had to replace my battery in my MacBook Pro (15&#34; unibody), which now requires a special screw driver to remove the Y screws.""]",16.971125005511567,The available reviews do not provide enough information to answer this question.,True,174.91333399811992
G_134,REC_134,B00HX27AM4,Health_and_Personal_Care,medium,descriptive,pc,1,Will this work on black people? I am medium brown complexion,"The Flash & Go uses Pulsed Light Technology and therefore is not suitable for use on dark skin tones. It is equally unsuitable for use on light hair colours for the same reason. Pulsed Light works through absorption and reflection of light, the light will be absorbed by the darkly pigmented hair, heat up and ultimately destroy the root. The skin should be pale and therefore reflects the light of the treatment protecting it from absorbing the light emitted. It is for this reason dark skin is not suitable as it will result in the skin absorbing the light instead and is also why the light hair colours will reflect the light thus not heating the root sufficiently to damage it.",KB_01375,1,"[""KB_01383""]","[""If you are African American with dark and/or brown skin Do not purchase! The light will not turn work against your skin""]",16.512000001966953,"The product may not work well on medium brown complexion, as a review mentions it doesn't work on dark and/or brown skin. It is specifically stated that it won't work against dark skin, which may include medium brown skin. The review suggests it may not be effective for people with African American skin tones.",False,549.8071250040084
G_135,REC_135,B00EB8KOYO,Home_and_Kitchen,long,descriptive,pc,1,Does it have the one touch 30 second button when you press the start button once?,No it doesn't.,KB_01396,1,"[""KB_01406""]","[""It would be nice if there was a 30 second button, but I can just as easily enter that.""]",16.51187500101514,The available reviews do not provide enough information to answer this question.,True,305.65000000206055
G_136,REC_136,B005VTUT7Y,Home_and_Kitchen,medium,descriptive,pc,1,This filter DOES fit perfectly in Panasonic canister MC-CG902.,"I have used the foam filters in other vacuums. I don't know if it is exactly the same size, but they can be cut to size. I hope that helps",KB_01415,1,"[""KB_01415""]","[""I new that these filters were not exact match for our old Panasonic vac, but for the price I am cutting the filter to fit and works great.""]",14.847707992885262,The available reviews do not provide enough information to answer this question.,True,213.0939170019701
G_137,REC_137,B00D07HKKS,Patio_Lawn_and_Garden,short,descriptive,pc,1,Is the table collapsible?,[UNANSWERABLE],,0,"[""KB_01444""]","[""The table needes some assembly but it was easy and went without any hassle.""]",12.65408300969284,The available reviews do not provide enough information to answer this question.,True,125.62679099937668
G_138,REC_138,B000FN7UWS,Sports_and_Outdoors,medium,descriptive,pc,1,what are the measurements of the 12-oz klean kanteen water bottle?,"My 27 oz measurements are 10.5 inches from the bottom to top of spout, and 2.5 inches wide at the base...so approximately half of the first measurement 5.5 inches? So that would be 5.5X2.5.",KB_01472,1,"[""KB_01465""]","[""The Klean Kanteen 12 oz.""]",13.170332997106016,The available reviews do not provide enough information to answer this question.,True,150.3544579973095
G_139,REC_139,B000F4H5UE,Health_and_Personal_Care,medium,descriptive,pc,1,Does this contain any man made/refined ingredients or is it all natural?,[UNANSWERABLE],,0,"[""KB_01488""]","[""The list of ingredients just makes me feel healthier.""]",16.754833995946683,The available reviews do not provide enough information to answer this question.,True,222.03404099855106
G_140,REC_140,B00266A4FM,Office_Products,long,descriptive,pc,1,"I have a 1966 Sears Citation 2 manual and a Bradford manual, both with 2"" spools. Do you know if this ribbon will work for either or both machines?",[UNANSWERABLE],,0,"[""KB_01501""]","[""I purchased several of these for two 1950's Royal typewriters. Ribbons fit both machines fine, and there were no problems with installation. Good quality and good price. No problems.""]",16.88712499162648,The available reviews do not provide enough information to answer this question.,True,214.041166997049
G_141,REC_141,B005OPKXG2,Home_and_Kitchen,long,descriptive,pc,1,What kind of closure does this bag have? Is it a zipper? Snap?,Top Zipper,KB_01520,1,"[""KB_01528""]","[""The top of the bag is like 4&#34; wide, but the lining is sewn right into the zipper in the middle of the bag, so you lose space at the top of the bag because the lining doesn't extend out to those two inches on either side of the zipper.""]",12.119209000957198,The bag has a zipper closure. The zipper is located in the middle of the bag.,False,249.3062919966178
G_142,REC_142,B0092KJEB0,Cell_Phones_and_Accessories,medium,descriptive,pc,1,Does this cell phone work with Micro SIM or standard SIM cards?,[UNANSWERABLE],,0,"[""KB_01551""]","[""It's quite a user friendly utilitarian DUAL SIM phone with a very responsive capacitive touch screen - great for calls, texts and managing two phone numbers on one handset.Hope my review was helpful ... Jeffrey A.""]",12.554542001453228,"The phone is a dual SIM phone, but the reviews do not specify whether it uses Micro SIM or standard SIM cards.",False,168.88883299543522
G_143,REC_143,B00002N9QW,Tools_and_Home_Improvement,long,descriptive,pc,1,"What are the dimensions between bolts?  My current knocker is 5 inch center to center on the bolts.  Thank you, Lonnie",[UNANSWERABLE],,0,"[""KB_01556""]","[""Finally replaced the door knocker on our front door (after 5 years of having the former owner's name on the previous one). Measured the space between the screws (didn't want further holes in the door), and searched on that measurement -- found this knocker! It arrived quickly, and fit perfectly. Had it engraved, and it looks great.""]",35.69154199794866,The available reviews do not provide enough information to answer this question.,True,171.17162499926053
G_144,REC_144,B00075M1T6,Health_and_Personal_Care,short,descriptive,pc,1,Does it have 220 volt,"No, unfortunately.",KB_01576,1,"[""KB_01587""]","[""Don't understand we it can be done 220/110 like other electronics.""]",12.933207995956764,"The product seems to have the capability to handle both 220 and 110 volts, similar to other electronics. It is implied that it can be used with 220 volts. The reviewer mentions it can be done like other electronics, suggesting 220 volt compatibility.",False,443.08654199994635
G_145,REC_145,B00008URR8,Home_and_Kitchen,medium,descriptive,pc,1,Does this work on medium pile carpet?,[UNANSWERABLE],,0,"[""KB_01612""]","[""It would work but not great because this was essentially just grinding the stain down into the carpet.""]",12.097124999854714,The available reviews do not provide enough information to answer this question.,True,131.6779159969883
G_146,REC_146,B0007W2EPK,Sports_and_Outdoors,long,descriptive,pc,1,"Hi, My friend asked me to order a squat pad for him. I just wonder how it goes in? Does it have a velcro? Can anyone tell me about this please?","There is a slit that runs in the middle of the pad you put around the bar, it has velcro running along this slit so it secures good.",KB_01625,1,"[""KB_01618""]","[""Pretty straight forward pad, secures with velcro, material is nice and soft. Just make sure you flip the velcro side up before you squat. Fits good on my standard barbell. Good purchase.""]",37.99420800351072,The squat pad secures with velcro and has a soft material. It needs to be placed with the velcro side up before use.,False,381.7956250059069
G_147,REC_147,B00365E5HU,Baby,long,descriptive,pc,1,Does anyone know if the the bottom is interchangeable with a Dr. Browns bottle?,[UNANSWERABLE],,0,"[""KB_01652""]","[""i have use all Dr. Browns bottles, and have the same expectation for this cup.""]",15.941875011776574,The available reviews do not provide enough information to answer this question.,True,113.11883299640613
G_148,REC_148,B0006TYH2M,Patio_Lawn_and_Garden,long,descriptive,pc,1,what size of bee guard fits this feeder?  I have purchased Item 384 and they are too small for the feeder!,"I don't understand the question. The feeder itself retards bees, and the little water moat keeps ants at bay pretty well, although some reviewers mentioned needing an additional ant guard.",KB_01676,1,"[""KB_01671""]","[""I bought a feeder with bee guards on it, but the bees were still able to push through the bee guards and get the hummingbird food.""]",17.54354199510999,The available reviews do not provide enough information to answer this question.,True,294.67612499865936
G_149,REC_149,B007ON1IZC,Patio_Lawn_and_Garden,long,descriptive,pc,1,How well does the plastic thatching  hold up to high heat and sun?  We live in Las Vegas and the sun is pretty brutal.,"I have had mine for a couple of years now and I live in South Florida. It has held up much better than I expected in the sun, rain & wind. I would not hesitate to purchase one again when mine finally dies.",KB_01683,1,"[""KB_01677""]","[""I have been wanting one since last year and over the cold,harsh winter I treated myself and bought it. I put it up on Easter and enjoyed every minute of sitting under it. Love the thatch blowing in the wind and it is the perfect height. Does a good job of blocking the sun. Just a note:the thatch is made of a plastic type material-- but it still looks and feels great.""]",15.391875000204891,"The plastic thatching does a good job of blocking the sun, but there is no specific information on how it holds up to high heat. The available reviews do not provide enough information to answer this question for a location like Las Vegas with brutal sun.",False,409.23291700164555
G_150,REC_150,B000PD0BNI,Toys_and_Games,medium,yesno,pc,1,could I use these for frosting?,"Getting the frosting in the bottle would be the only trick, but it's totally possible. Since you can cut the tips at any thickness you could certainly use these for frosting!!",KB_01701,1,"[""KB_01709""]","[""In my case I am going to use them for fine application of resin, and after 2 or 3 uses tossing them.""]",17.219417000887915,The available reviews do not provide enough information to answer this question.,True,134.88329100073315
G_151,REC_151,B002B5OW7Y,Sports_and_Outdoors,medium,yesno,pc,1,the picture shows coyote tan. is that the correct color?,[UNANSWERABLE],,0,"[""KB_01734""]","[""This was a good product for the price, it looks awesome with the shotgun!""]",15.542749999440275,The available reviews do not provide enough information to answer this question.,True,218.366082997818
G_152,REC_152,B00C2DFYX6,Electronics,long,yesno,pc,1,could any one give a discription of the lighting? brightness/key glow/backlght ect. it would be a big help,"This keyboard has lights only on the edges of the board, I personally bought it so I could see keys in the dark but was disappointed to find that the keys had no lights, the glow is bright, it looks nice, but not practical in any way",KB_01738,1,"[""KB_01737""]","[""Had the Mad Catz gaming keyboard that failed twice (2 different keyboards). Bought this as a cheap replacement until I decide on a permanent one. I may actually end up keeping this one. Response is fine. Lighting is nice. No complaints to this point.""]",12.581040995428339,"The lighting is described as ""nice"", but no specific details are provided about brightness, key glow, or backlight. The available reviews do not provide enough information to answer this question in full detail.",False,363.39958300231956
G_153,REC_153,B00894AQJO,Electronics,medium,yesno,pc,1,does the antenna come in the box?,what antenna? only the netgear and power cord come in the box.,KB_01759,1,"[""KB_01767""]","[""the box comes with adapter and wire cord.""]",12.370249998639338,The available reviews do not provide enough information to answer this question.,True,204.3121670067194
G_154,REC_154,B002WJUFRU,Tools_and_Home_Improvement,long,yesno,pc,1,The drill on charger was mistakenty plugged to a 220V socket. is the drill still usable by just replacing the charger?,[UNANSWERABLE],,0,"[""KB_01787""]","[""I love the charger that came with my drill because you can leave one of the batteries plugged in and it will be ready to go if you need another battery.""]",16.678583007887937,The available reviews do not provide enough information to answer this question.,True,307.42670800100313
G_155,REC_155,B0042E8CGE,Automotive,medium,yesno,pc,1,are the vinyl windows charcoal tinted,[UNANSWERABLE],,0,"[""KB_01796""]","[""Couldn't be more pleased. Our car looks wonderful and has that &#34;new car smell.&#34; IIt has the added advantage of tinted windows that the original didn't.""]",12.07875000545755,"The reviews mention that the windows are tinted, but they do not specify the color of the tint.",False,438.23870799678843
G_156,REC_156,B005ODJ888,Electronics,medium,yesno,pc,1,"will this work with a Fotodiox Pro Softbox, 32"" x 48""???","Yes, just use the rods that come with the softbox and use this bracket instead of the included bracket.",KB_01816,1,"[""KB_01816""]","[""I purchased this to go with the softbox below:Fotodiox Pro Softbox soft box, 32\""x48\"" (32x48 in) with Speedring Speed ring for Alien Bees Alienbees Strobe LightIt ended up working perfectly (mostly). I use a Sony system and since Sony has decided to go with a proprietary shoe style, I had to rig it a little to work right. For everyone else, it should work right out of the box. It mounts up nicely with the softbox. There are adjustments to move the light up/down and in/out to fit in the softbox perfectly.""]",14.053709004656412,"This product works with a Fotodiox Pro Softbox, 32"" x 48"", and mounts up nicely with adjustments to fit perfectly. It may require some rigging for certain camera systems, but for most, it should work right out of the box.",False,689.4927909961552
G_157,REC_157,B003O6JKLC,Video_Games,short,yesno,pc,1,does it come with games,No,KB_01849,1,"[""KB_01836""]","[""It does get regular use with games and we use it as DVD player in kids room.When the console is working, it is a great console. The game selection is great. The apps that have come out for xbox live are fantastic. Graphics are nice. I can only compare to original xbox.""]",10.247375001199543,"The console comes with the ability to play games, and the game selection is great. It is used for playing games and as a DVD player. The review does not specify if games are included with the purchase.",False,511.2245419950341
G_158,REC_158,B00AW6XYLE,Toys_and_Games,medium,yesno,pc,1,is this toy ok for a 4 year old kid,yes absolutely. its a big toy. my 5 year old nephew has it as well and he loves it,KB_01861,1,"[""KB_01868""]","[""A good toy for kids aged 4-7 years old.""]",13.337958996999077,"This toy is suitable for a 4-year-old kid, as it is recommended for kids aged 4-7 years old. It is considered a good toy for this age group.",False,193.72383299923968
G_159,REC_159,B00286DAV0,Patio_Lawn_and_Garden,medium,yesno,pc,1,will this filter fit the pentair ccp320 units?,I placed these filters in my Pentair Clean and Clear Plus 320.....they fit perfectly. It appears some people have had to modify them a bit to fit but I had no problem with the fit.,KB_01877,1,"[""KB_01877""]","[""We have a Pentair CCP320, these fit perfectly. Compared to the stock filters, these are actually designed to have a much higher flow. The stock filters on the inner walls of the filter are much more restrictive. Quality appears to be very similar to the OEM filters.""]",17.259000000194646,"This filter fits the Pentair CCP320 units, as stated by a reviewer who has successfully used it with their unit. The reviewer also mentions that the filter has a higher flow rate compared to the stock filters.",False,360.39283300488023
G_160,REC_160,B0023MHZLA,Sports_and_Outdoors,medium,yesno,pc,1,will an ar 15 with a 30 round magazine work in this,"A 30 rounder will not work, but I used a 20 round straight mag with my AR-15 to dial it in and it worked well.",KB_01902,1,"[""KB_01917""]","[""Used it for both my AR's...it does require a 20 round or smaller mag for it to rest upright in the holders.""]",15.869875001953915,An AR 15 with a 30 round magazine will not work as it requires a 20 round or smaller mag to rest upright in the holders. The product is not compatible with 30 round magazines.,False,263.7653749989113
G_161,REC_161,B006T4EO8U,Health_and_Personal_Care,medium,descriptive,pc,1,what are the outside dimensions? need to fit in a small pocket,[UNANSWERABLE],,0,"[""KB_01931""]","[""I bought these as spare storage boxes for my daughter to have safe places to keep her retainer through out her day -- bathroom, bedside, lunchbox.""]",17.254083999432623,The available reviews do not provide enough information to answer this question.,True,139.30687500396743
G_162,REC_162,B00283RXUC,Toys_and_Games,long,descriptive,pc,1,can you take them off once they are on and do they fit on the champ RTF,"Absolutely they are removable and can be switched back to the landing gear wheels with just a couple of screws! But as for the champ, I believe it would be way too small to carry these pontoons even if you were able to modify them to fit....even the mini supercub is incapable of actual sustained flight with the added size and weight of floats this big in my experience. They are awesome for the supercub which they are designed for!",KB_01935,1,"[""KB_01933""]","[""I purchased these for my Super Cub RC plane and was going to use them on water. I found that they are great for the grass field that I have to fly in and work better for take offs and landings than even the extra large wheels that I put on the Cub.These are a must have if you own a Super Cub ! !""]",17.17399999324698,The available reviews do not provide enough information to answer this question.,True,129.8991249932442
G_163,REC_163,B00342TOX0,Toys_and_Games,medium,descriptive,pc,1,What is the packaged weight of this product?,[UNANSWERABLE],,0,"[""KB_01966""]","[""The product itself is great so I have it 5 stars.This item is NOT well protected during shipping.""]",16.715958001441322,The available reviews do not provide enough information to answer this question.,True,120.23587500152644
G_164,REC_164,B002CQUFYG,Health_and_Personal_Care,long,descriptive,pc,1,what is the country of origin of the product and the manufacturer who produces it from the raw material please,It doesn't say what country of origin. It is distributed by Cosco. Here is their 800 # for any questions about the product. 1-800-428-8048.,KB_01982,1,"[""KB_01982""]","[""Kirkland is known to be a good nutritional supplement brand. the product is not easily damaged, and the packaging is great! grab one for your family!""]",16.04975000373088,"The country of origin and manufacturer of the product are not specified in the reviews. The reviews only mention ""Kirkland"" as a known nutritional supplement brand. The available reviews do not provide enough information to answer this question.",True,328.88729099795455
G_165,REC_165,B00339C3FA,Sports_and_Outdoors,long,descriptive,pc,1,About the door openings. I plan to put this on my deck which is 12 x 18. It looks like the doors are on the 12 foot side.  Can they be switched?,The canopy is a hexagon---each side is the same dimension. The doors can be put on any two opposite walls of the canopy.,KB_01994,1,"[""KB_02007""]","[""The 12 foot dimension is the distance between opposite legs across the tent (that is, corner pole to opposite corner).""]",41.96500001125969,The available reviews do not provide enough information to answer this question.,True,305.34141599491704
G_166,REC_166,B007X47SCY,Electronics,medium,descriptive,pc,1,Does it come with factory warranty?,I can only speak to the camera and lenses I registered them with Nikon,KB_02012,1,"[""KB_02022""]","[""Shipment was on time and packaged well, everything in retail boxes with warranty cards and manuals.""]",15.181708004092798,"It comes with warranty cards, indicating that a factory warranty is included. The warranty cards are provided in the retail boxes.",False,342.7020830058609
G_167,REC_167,B002XE0HPY,Pet_Supplies,long,descriptive,pc,1,what are the measurement of the carrying bag? I need get this in a suitcase to take overseas. Need to know how long and how wide the suitcase must be?,[UNANSWERABLE],,0,"[""KB_02043""]","[""I like how everything breaks down and stores in the bag.""]",17.4650420085527,The available reviews do not provide enough information to answer this question.,True,190.80400000530062
G_168,REC_168,B0097BU1AM,Toys_and_Games,medium,descriptive,pc,1,Is this the classic one the bigger one,This one adjusts to the height of the child.,KB_02053,1,"[""KB_02057""]","[""We had one for younger grandson, then bought this one for our older grandson because they both love to ride it.""]",16.11666700046044,The available reviews do not provide enough information to answer this question.,True,148.8488330069231
G_169,REC_169,B0028XZFE8,Home_and_Kitchen,medium,descriptive,pc,1,how wide is the bowl of the spoon?,Not wide. It's the size of an espresso spoon. I'd estimate about 2/3 the size of a standard teaspoon. My small kids love them.,KB_02073,1,"[""KB_02068""]","[""The spoons are thinner than I hoped. The spoon edge is a bit sharp but not terrible. For the price it is still a good buy. It works for what we needed. We use for baby spoons and expresso spoons.""]",15.714749999460764,The available reviews do not provide enough information to answer this question.,True,264.92050000524614
G_170,REC_170,B000JWSDWG,Home_and_Kitchen,long,descriptive,pc,1,"What can I do to soften the fabric.  After washing, the sheets are very rough.",[UNANSWERABLE],,0,"[""KB_02093""]","[""After repeated washings not only did the color fade slightly but, they have yet to get any softer.""]",18.678082997212186,The available reviews do not provide enough information to answer this question.,True,122.38516700017499
G_171,REC_171,B00858I4M0,Electronics,medium,descriptive,pc,1,Where are they manufactured or made?,[UNANSWERABLE],,0,"[""KB_02107""]","[""Either way anything above just a normal listening volume and the left ear piece sounded like a can of bees in your ear.Great looking , a little big, but don't think these were made to last for as much as you have to spend to own one.""]",15.250083000864834,The available reviews do not provide enough information to answer this question.,True,125.9074170011445
G_172,REC_172,B000BGM2XG,Sports_and_Outdoors,long,descriptive,pc,1,What do you know about the valterra rp800 rocket hand pump? How does it work?,[UNANSWERABLE],,0,"[""KB_02126""]","[""Using this as a beer engine hand pump.""]",18.035333006992005,"The Valterra RP800 Rocket hand pump is used as a beer engine hand pump, but the reviews do not provide information on how it works. The available reviews do not provide enough information to fully answer this question.",False,366.92129199946066
G_173,REC_173,B0006HJSJQ,Toys_and_Games,long,descriptive,pc,1,"Does this soldering kit come with the solder? If not what type of solder do I need to buy? To make my self clear, I'm looking to know if this come with solder? Not a soldering gun.","This did not come with solder. Any good rosin cored solder will work, I prefer thinner solders around .5mm.",KB_02136,1,"[""KB_02152""]","[""The kit had all the required pieces to do the project besides the solder and iron of  course.""]",39.81620799459051,This soldering kit does not come with solder. The type of solder to buy is not specified in the reviews.,False,163.71179199632024
G_174,REC_174,B00418487I,Home_and_Kitchen,long,descriptive,pc,1,Does anyone knows why the system fails to dispense even after the refresh kit was replace?,"From my own unsatisfactory experience with the 3-chamber version of this product, I believe that shortly after the warranty expires the seals begin to fail so that the required pressure is not maintained. When the seals failed on all three of the chambers in my unit and the manufacturer failed to stand behind the product, I had no other option but to throw it away.",KB_02159,1,"[""KB_02156""]","[""This is the second unit I buy and the second that fail in less than a year , even though it looks good the first few months the first one broke withing 6 months the buttons don't work , I bought a second one , in two weeks it fail the system that keep wine cold is not working and ruin a couple of bottles ,it make them scorching hot""]",16.962708992650732,The available reviews do not provide enough information to answer this question.,True,248.91800000477815
G_175,REC_175,B00A4EUUO8,Tools_and_Home_Improvement,short,descriptive,pc,1,light switch,"Without context on this question, I'll provide two answers that might be useful.First, if you have a bulb plugged into a socket that is controlled from a traditional lightswitch, yes this will work, because the bulb will turn on with a default color and brightness when it receives power from an unpowered state.  For instance, if I used the app to turn the bulb ""soft-off"", I can walk over, switch the power off (the bulb is still off, obviously, without power), and then switch it back on and the bulb will light in a default lighting mode.  But if I want to control the brightness or the color, I have to use the Hue app for that.A second question we see a lot is using other ""smart switches"" such as the WeMo to control.  See my response to another related question:  http://www.amazon.com/Phillips-turned-Bridge-without-interference/forum/Fx33N39JCWVV0ZF/Tx1MTU9F16K1IOV/1/ref=cm_cd_ql_tlc_al?_encoding=UTF8&asin;=B00BSN8DN4",KB_02177,1,"[""KB_02187""]","[""Using the light switch I can go from \""Deep Sea\"" to \""Where are my keys?\""""]",40.35999999905471,"The light switch appears to control scene or mode settings, such as ""Deep Sea"" and ""Where are my keys?"". It allows users to switch between different scenes or modes.",False,342.03116700518876
G_176,REC_176,B002V8UYRI,Toys_and_Games,short,descriptive,pc,1,Carolina american doll,[UNANSWERABLE],,0,"[""KB_02206""]","[""We got this for our daughters American Girl doll.""]",35.00008299306501,"The product is related to American Girl dolls, specifically for a Carolina doll is not mentioned, but it is for an American Girl doll. It was purchased for the reviewer's daughter. The product is compatible with American Girl dolls.",False,277.3746249949909
G_177,REC_177,B00CRZXSGE,Toys_and_Games,medium,descriptive,pc,1,Is there a Kindle Fire app for this?,No sadly there is not a kindle app for it.  what I have done is downloaded some apps on their kindle fire that you can use the pencil instead of them using their finger or a stylus and it works good.  I wish leapfrog would make it compatible with android system.,KB_02216,1,"[""KB_02225""]","[""Would love to get this for Kindle Fire.""]",14.209125001798384,"There is no mention of a Kindle Fire app being available, but a reviewer has expressed interest in having one. The available reviews do not provide enough information to confirm the existence of a Kindle Fire app.",False,329.0629170005559
G_178,REC_178,B007JV701U,Patio_Lawn_and_Garden,long,descriptive,pc,1,"Will this carb work on a Briggs 18 hp  twin cly.If not, what does?","I'm pretty sure this one will not work on the 18hp I used mine on a Sears Craftsman with  6 hp Briggs. I would suggest going to the Briggs and Stratton site and see what carb they say. You will need your engine number, they have information on where to find your number.",KB_02239,1,"[""KB_02247""]","[""I used this carb to replace my part # 498254 carb on my Snapper 21501 push mower with Briggs and Stratton 12F802-0838-01 engine.""]",17.746834011632018,The available reviews do not provide enough information to answer this question.,True,225.212958001066
G_179,REC_179,B004NHQX48,Toys_and_Games,long,descriptive,pc,1,"Is everything that is pictured included of just the plates, napkins, cups and tablecloth?","Everything! Balloons, crepe streamers, candles, plates, napkins and cups. Was a great package and a great price",KB_02261,1,"[""KB_02255""]","[""I thought I was just getting 16 dinner plates, 16 cake plates, and 16 cups and napkins. I in addition recieved everything pictured. the yelow silverware. The invitations, the balloons,the table cloth, streams, and string were also included. What a great deal.""]",20.610291001503356,"Everything pictured is included, not just the plates, napkins, cups, and tablecloth. The package also includes additional items such as silverware, invitations, balloons, and decorations. This is considered a great deal by the reviewer.",False,408.78295799484476
G_180,REC_180,B00006FXHQ,Electronics,medium,descriptive,pc,1,how is this camera for low light (soccer game),Friend the camera records very well in low light day. At night you have to putting on an extra lamp for darkness. and where artificial light very well ... records It is an excellent camera.,KB_02284,1,"[""KB_02287""]","[""The picture quality is excellent, camera works extremely well in various low-light situations.""]",19.46362499438692,The camera works extremely well in low-light situations. This suggests it would perform well for capturing a soccer game in low light. The picture quality is also excellent.,False,613.2377920002909
G_181,REC_181,B0050SXFKE,Video_Games,medium,descriptive,pc,1,This game has subtitles in Spanish?,"Unfortunately, it doesn't...just English as default language.",KB_02294,1,"[""KB_02294""]","[""i really like the game and everything about but on my box art it has Spanish and other language i was scared if i bought was in that but it wasnt so that good and i was little bum cause the free mission i couldnt download cause its expired just letting know""]",16.725666995625943,"The game has subtitles in multiple languages, including Spanish, as indicated on the box art. However, the reviewer confirmed that the game itself is not solely in Spanish. The game's language options are not fully detailed in the reviews.",False,511.8105419969652
G_182,REC_182,B002FP4SQ0,Patio_Lawn_and_Garden,medium,descriptive,pc,1,how far can the transmitter be away from the controller,[UNANSWERABLE],,0,"[""KB_02309""]","[""After purchasing the unit that has a range of 1000 meters, I found buried in their literature that the 'remote is designed for residential and small commercial sites. Large projects such as cemeteries aand golf courses will require a long-range remote.' Also the remote receiver is not to be installed outside. Pretty worthless for a HOA controller that I wanted to control remotely from up to a block away.""]",17.425124999135733,"The transmitter has a range of 1000 meters. However, the remote receiver is not designed to be installed outside, which may limit its effective range in certain applications.",False,249.65425000118557
G_183,REC_183,B002QIYQ5E,Health_and_Personal_Care,long,descriptive,pc,1,In the video how does the magnifying glass get grey paper with black lines to show as black paper with white lines?,"I think maybe that is a display issue with your monitor or the photos taken because there is no option to change colors, only a light to illuminate what you are magnifying.",KB_02333,1,"[""KB_02339""]","[""This is my first magnifying glass and I think I hit the nail on the head.""]",16.21579099446535,The available reviews do not provide enough information to answer this question.,True,210.92124999995576
G_184,REC_184,B007W2ZDX8,Electronics,medium,descriptive,pc,1,What wall mount do you recommend for this?,[UNANSWERABLE],,0,"[""KB_02359""]","[""This one had the back plastic cracked, but I still was able to wall mount and it worked.""]",8.509416002198122,The available reviews do not provide enough information to answer this question.,True,307.3030000014114
G_185,REC_185,B00E1U2UBC,Office_Products,long,descriptive,pc,1,"I don't understand what this phrase means: ""...you can choose or PORT your phone number."" Thank you!","""Choose"" means to get a new telephone number.  ""Port"" means to switch (keep) your current telephone number to the new service.",KB_02386,1,"[""KB_02385""]","[""I could NOT keep my old phone number because of the phone system I was in with.""]",10.185915991314687,The available reviews do not provide enough information to answer this question.,True,350.3496670018649
G_186,REC_186,B0040X4PRW,Electronics,medium,descriptive,pc,1,should i buy this or th f 4 version,"You might have noticed the huge disparity in price. Although the 300 f/4L IS is a decent lens, I would not get it. It is an old lens with first generation IS. I don't like how it works with the 1.4x converter; the image quality it not very good with the extender. So this makes it a 300mm lens and that's it.  I think a better option would be the very nice and capable 70-300mm f/4-5.6L IS lens. If you need more than 300mm or you need the shallow depth of field provided by a f/2.8 aperture, then the EF 300mm f/2.8L IS II has no match.  It is super sharp, can be used with both converters with no IQ degradation and is light weight relative to the other big lenses. It also is very fast to focus and has the latestest generation of IS.  If you have the extra funds, the 300 IS II is a true beauty to behold...a luxury for sure while also being a powerful tool.",KB_02393,1,"[""KB_02409""]","[""The 2x III does benefit from stopping down slightly to f/7.1 or f/8 to really bring it back to extremely high sharpness levels, but really is not required.""]",10.374250006861985,The available reviews do not provide enough information to answer this question.,True,135.45950000116136
G_187,REC_187,B00BMU4NSM,Health_and_Personal_Care,medium,descriptive,pc,1,Is the top slippery/slick to sit on?,"It is a very smooth surface, which makes it slick when wet. However, I don't see anyone sliding off, because its surface is slightly concave. I drilled a small hole in the center to allow it to drain. I actually appreciate the smooth surface--I feel more confident that it isn't growing any microorganisms between cleanings.",KB_02412,1,"[""KB_02428""]","[""Not fun to sit on.""]",9.544290995108895,"The top is not fun to sit on, which suggests it may be slippery or uncomfortable, but the exact reason is not specified.",False,376.24070799938636
G_188,REC_188,B00B2OS85W,Sports_and_Outdoors,long,descriptive,pc,1,would this bag be good to house a 3 foot chain and mini u lock or be too bulky?,"A three foot chain likely wouldn't fit. I use it to stash a tool kit, car keys and some cash when I ride bike trails. It is a nice size that doesn't interfere with standard car bike carriers.",KB_02435,1,"[""KB_02438""]","[""I am a rather short person, so I have a small frame Trek. I was worried that this bag would be to large and interfere with removing my water bottle mounted on the bottom of my frame. I was happily surprised with compact the bag is while providing a decent amount of capacity. I am easily able to store a large wallet, Iphone, folding knife, and keys. The bag remains streamline and my legs do not come anywhere near hitting it.Material is a tough nylon that seems sturdy for the type of riding I do.""]",8.997166994959116,"The bag is compact and provides a decent amount of capacity, able to store a large wallet, phone, folding knife, and keys, suggesting it may be suitable for a 3-foot chain and mini U-lock. However, the size of these items compared to the stored items is unknown. The available reviews do not provide enough information to definitively answer this question.",False,501.8686670009629
G_189,REC_189,B003GZQ15Y,Home_and_Kitchen,long,descriptive,pc,1,"The electrical requirements state that a 115 volt (103.5 min, 126.5 max) 60 Hrtz, AC only, 15 amp fused electrical supply is required. On its own circuit. Is this true or would it be ok to use a standard household socket with ground?",[UNANSWERABLE],,0,"[""KB_02462""]","[""The AC unit seemed to work ok when we test fired it.""]",24.49729200452566,The available reviews do not provide enough information to answer this question.,True,317.0342499943217
G_190,REC_190,B00BJ90LC8,Toys_and_Games,long,yesno,pc,1,can these be used in a swimming pool? my sister wants a glowstick pool party.,Yes!!! And it looks beautiful! We've done it three times. Just make sure to keep the connectors out of the pool or you'll find them for days afterwards. :),KB_02472,1,"[""KB_02472""]","[""I bought these to take to a night time pool party where we turned out the lights and lit up a bunch of glow sticks. Glow stick pool parties are the most fun you'll ever have in a pool!""]",13.811708995490335,"These glowsticks can be used in a swimming pool, as they were used in a nighttime pool party. They are suitable for a glowstick pool party.",False,396.9013750029262
G_191,REC_191,B009L946II,Electronics,medium,yesno,pc,1,can this card worck whith p5kc motherboard?,It should because it's backwards compatible both 1.0 and 2.0.,KB_02510,1,"[""KB_02504""]","[""Just recently built a computerintel i5 3570k  3.40ghz8gb ram1TB HDDforgot the exact motherboard but I bought this graphics card to put the cherry on top of a mid range gaming computer that cost me about $650.""]",12.815292007871903,The available reviews do not provide enough information to answer this question.,True,115.77837500226451
G_192,REC_192,B00BCT14EE,Patio_Lawn_and_Garden,medium,yesno,pc,1,does it fit the charbroil gas and charcoal combo grill,[UNANSWERABLE],,0,"[""KB_02525""]","[""It fit my jen-air bbq perfectly.""]",12.482583988457918,The available reviews do not provide enough information to answer this question.,True,116.35466699954122
G_193,REC_193,B00FIG39RC,Electronics,long,yesno,pc,1,Does this work if my charging port is damaged (will not charge at all)?,As long as you have the newer version of the tablet it will work even if your charging port is busted on your tablet. Your tablet is not plugged in to this devise at all it is essentially a holding base and charges wirelessly.,KB_02535,1,"[""KB_02540""]","[""Works as advertised. I have not really had any issues with it other than sometimes its a little picky about being placed in the dock perfectly. Has a blinking white light on it when charging but it does not bother me and I keep it on my nightstand. Best of all it charges wirelessly and fits the device perfect!""]",12.614916995516978,The available reviews do not provide enough information to answer this question.,True,111.57412500324426
G_194,REC_194,B000LRBSFI,Tools_and_Home_Improvement,medium,yesno,pc,1,can i stack all 4 vertically?,"Yes, that is how I have mine, but it is in a corner. I am not sure how sturdy it would be completely free standing.",KB_02552,1,"[""KB_02561""]","[""I stacked them vertically, so that I have 4 shelves.""]",10.889165991102345,"Yes, it is possible to stack all 4 vertically, as one customer has done so to create 4 shelves. This suggests that the product is designed to be stackable.",False,452.5095839999267
G_195,REC_195,B005E39NS8,Automotive,long,yesno,pc,1,"bought one for my 07 silverado, will not turn on when i put it into ignition after getting it cut and following instructions.  what is wrong?????","The same thing happened to me. The key was cut wrong (Sorry Ace Hardware, and they did it FREE). I went to Lowe's, they had a better machine and the re-cut key worked as advertised.",KB_02577,1,"[""KB_02573""]","[""I own a 2007 Silverado. I bought the key. It arrived a day early. I took it to the dealership and the Chevy parts department cut it for free. I put it in the ignition and the truck started. There is no magic to it. Why are people getting locksmiths or taking to a hardware store. Here in Georgia 3 different dealers told me the cutting was free as long as I already had a working key. Some of you should stop making things so complicated. If you don't have a working key then you don't buy from Amazon, you go straight to the dealer with some registration and get a key.""]",12.689625000348315,The available reviews do not provide enough information to answer this question.,True,116.53970900079003
G_196,REC_196,B004CFDJ2A,Electronics,long,yesno,pc,1,will this work with a MAC book air?? I don't want to damage my air,[UNANSWERABLE],,0,"[""KB_02598""]","[""the driver in my computer broke and since i don't really use it that much ,i didn't want to pay a repair man 100.00 to fix it , so i got this plug in one and it works fine .""]",15.972000008332543,The available reviews do not provide enough information to answer this question.,True,255.64354099333286
G_197,REC_197,B00029X1O6,Electronics,medium,yesno,pc,1,will this fit 2000 jeep wrangler?,"YES, you will need to trim off a couple of the tabs but it fits and looks great.  >tc",KB_02615,1,"[""KB_02615""]","[""Fit perfect in a wrangler sport 2002 model. You do need to trim some tabs off, but no big deal.""]",12.963583998498507,"The product fits a 2002 Jeep Wrangler Sport, but it's unclear if it will fit a 2000 model. Trimming some tabs is required for installation.",False,409.41491600096924
G_198,REC_198,B000NMJWZO,Grocery_and_Gourmet_Food,long,yesno,pc,1,is Pamelas baking & pancake mix a 4lb. bag or 3 bags equaling 4 lbs,"As packaged - the ""option"" I always purchase is 3-4 lb bags. Lasts a good while and worth every penny!",KB_02638,1,"[""KB_02643""]","[""This is a wonderful find and brings back baking for gluten sensitve folks!Pamela's Ultimate Baking and Pancake Mix, 4-Pound Bags (Pack of 3)""]",18.233916998724453,"Pamelas baking & pancake mix is sold as 3 bags, with each set equaling 4 pounds. The product is described as 4-Pound Bags, but it's a pack of 3. This implies that each individual bag is not 4 pounds, but rather the total weight of the 3 bags is 4 pounds.",False,511.92783300211886
G_199,REC_199,B0052EC160,Tools_and_Home_Improvement,medium,yesno,pc,1,can this dimmer switch be used with dimmable LED bulbs?,"Yes the dimmer will work, but you have to check the LED bulbs carefully. I have found dimmable bulbs like the CREE line of LEDs to work just fine. Other ""dimmable LEDs"" have not worked very well. Some Phillips and FEIT bulbs would blink rapidly or hum loudly.",KB_02660,1,"[""KB_02669""]","[""My 15 yr old rotary dimmer switches work way better at dimming my LED lights than this switch.""]",15.335167001467198,"The dimmer switch can be used with dimmable LED bulbs, but its performance may not be as good as other dimmer switches.",False,208.79995800351026
G_200,REC_200,B000BVC6G4,Tools_and_Home_Improvement,long,yesno,pc,1,"hi, can i interface it  my chevy volt homelink garage opener with aleco ac2700 gate opener by using this interface?","It is possible, but you will want to check with Chamberlain first to see if it requires a repeater kit. In 2007 they introduced a new security scheme, and Homelink provided compatible equipment, but not all car manufacturers started using it right away. In fact, as late as 2011 some car makers were still using the old Homelink technology that would not work with the new Chamberlain stuff ""out of the box"". So you will want to confirm with both Chamberlain and Chevrolet if your year and model car will be able to transmit the new codes. If not, there is an add-on repeater that will receive your Homelink signal and translate it to the new Chamberlain security codes, but it is about $50 retail itself. However, this unit IS what you would be looking for to attach to your gate opener to receive signals from your Homelink or a remote. Sorry I can't give a more definitive answer, but there are a lot of variables. May be better to buy one locally that you can return easily if you cannot get your Homelink to work with it.",KB_02675,1,"[""KB_02674""]","[""Used it for my gate opener, which wasn't Homelink compatible. Make sure you pay attention to the instructions regarding the jumper settings. I had to play with those a bit.""]",10.59516699751839,The available reviews do not provide enough information to answer this question.,True,405.36545799841406
