golden_id,record_id,asin,category,q_bucket,question_type,pipeline,k,question,gold_answer,evidence_doc_id,is_answerable,retrieved_doc_ids,retrieved_context,retrieval_ms,generated_answer,refused,generation_ms
G_001,REC_001,B00E7LVBCE,Electronics,medium,descriptive,pc,3,My computer is DVI-I.  This monitor is DVI-D.  Is it compatible?,[UNANSWERABLE],,1,"[""KB_00001"", ""KB_00003"", ""KB_00005""]","[""Excellent. I wanted a monitor to connect to my laptop. I am enjoying with my new dell monitor good.It has both VGA and DVI options. Would have given 5 rating if the VGA cable was of good quality. Its of very poor quality."", ""This item arrived on time as promised. I unpacked the monitor, connected it to the computer, turned it on and it began to work correctly without any problems. I will buy another one if I need in the future."", ""I bought this monitor because of its low price and thought I had gotten a good deal at the time. I should have payed more attention to the reviews. It was hard to look at for any length of time and it could not be seen from a angle. Disappointing at best although I now have a monitor to go with my old computer when I sell it.""]",142.33233395498246,The available reviews do not provide enough information to answer this question.,True,376.5248340787366
G_002,REC_002,B008N7CCJY,Electronics,medium,descriptive,pc,3,Can I use this for my android tablet in the car,"Dear Ann I do not own a tablet,however the purpose of this transmitter is to broadcast a signal thru your car stereo from outside devices, when you carstereo does not have an 3.5mm cable port this is a substitute.So if you are planing to play music thru your tablet ( AND ) if your tablet has a ear phone jack then yes it should work",KB_00016,1,"[""KB_00015"", ""KB_00012"", ""KB_00014""]","[""I just got this for my wife's car so we could listen to music from our phones. We used to use a tape deck adapter but the tape deck in her car just stopped working, so I got this."", ""I use this in my car all of the time when I'm waiting in my car for someone or when I am driving. I love it a lot I definitely recommend!"", ""This transmitter works great . . I love it . I can now use my phone in the car . The only couple of problems is that of course there's a little bit of static depending where your at but over all a great product""]",31.964124995283782,The available reviews do not provide enough information to answer this question.,True,313.41375003103167
G_003,REC_003,B008VGQ4VO,Electronics,long,descriptive,pc,3,"Can anyone provide the cord length? My CPU is under my desk, and most earbuds only provide about 4', which is too short.",[UNANSWERABLE],,1,"[""KB_00021"", ""KB_00023"", ""KB_00027""]","[""the sound is great if u are not moving. good for desk work or laying in bed listening to music. the cords DO make a noise when u move them. when i called klipsch to ask about the noise they said they never heard of that before. i doubt that but will be returning them more than likely. also they short out easily if ur ears get sweaty."", ""Comfortable earbuds but there's already a short the sound and I'd say I've had these about a month. Not too happy about that."", ""I recently bought these here and in my opinion....the new flat cord was a terrible idea....I had a pair before these with the round cord and they were great until they developed a short of course....unless you only listen motionless these new one's are worthless....the cord noise is so bad it's ridicules...why they would want to lose good customers like myself is a mystery to me...but they have....""]",34.87466601654887,The available reviews do not provide enough information to answer this question.,True,379.778541973792
G_004,REC_004,B00C53831I,Electronics,medium,descriptive,pc,3,Will These Work In My Dell Optiplex GX 620sff?,"Yes, they should work on your Dell Optiplex 620. I have a desktop of that vintage and these modules worked on mine. Here's a suggestion: Go to Crucial.com and take advantage of their memory scanner-----this will verify the kind of memory modules your computer needs-----this doesn't commit you to buying theirs.",KB_00033,1,"[""KB_00033"", ""KB_00031"", ""KB_00036""]","[""One needs to be careful in buying memory modules without the advice of the makers of these modules. If you know the exact nomenclature of the description (by a little research) of the modules you need, then it is safe to purchase same. These modules were just what I needed to expand the memory on my Dell desktop computer. Easy to install and ran my memory stress tests with no errors. A good buy at a bargain price."", ""The memory was a perfect fit for my Dell desktop computers and I had no problem with installing the memory myself. I received my purchase ahead of time and you can not beat the price."", ""i ordered two matching sticks and got two different ones. according to CPU-Z one stick is PC2-5300 and the other is PC2-6400 both made by MELCO. although the 6400 stick will revert back to 5300 it kinda makes you wonder how this could happen. you get what you pay for i guess.""]",24.539000005461276,"These memory modules worked in the reviewers' Dell desktop computers, but the specific model GX 620sff is not mentioned. The available reviews suggest they may be compatible with Dell desktops, but do not provide confirmation for this exact model.",False,578.8240000838414
G_005,REC_005,B006YVFGAS,Electronics,medium,descriptive,pc,3,Would I need to still buy a converter box for this antenna?,"Depends on your display monitor or TV. It needs to have a tuner built in to the display to go without a converter box. If it's an old heavy box CRT TV you will probably need a converter box. If it's a newer LCD TV than you probably don't. In a nutshell, your monitor or TV needs to be able to receive ATSC signals.",KB_00041,1,"[""KB_00041"", ""KB_00049"", ""KB_00042""]","[""I was a little worried that this antenna would be a waste of money, but I was wrong. After years of pixelation and moving my old rabbit ears around to try to get stations, I wanted to try something better. I have this going in to a digital converter box as I still have a tube TV. After messing around with the placement, I get more channels than before and I no longer have to worry about if where I sit in the room will affect my reception. Very good antenna!"", ""Sometimes the cables not working too great so I switch to this Antenna and get all the channels I need, never miss a show"", ""power, and with a new converter box scan I was able to somewhat pick up WTMV and its 2 sub-channels, 29-1, 29-2, and 29-3. It was VERY scrambled, and then I tried messing around with the placement of the antenna, and subsequent converter box scans couldn't pick that station up anymore.""]",22.048083948902786,"It appears that some users still need a converter box to use with this antenna, especially if they have an older TV. The antenna seems to work in conjunction with a digital converter box to receive channels.",False,527.2709579439834
G_006,REC_006,B00CGW74YU,Electronics,long,descriptive,pc,3,It appears to be an elastic band around the middle part of the lens. OUESTION: will this band interfere with the lens when  auto focusing?,[UNANSWERABLE],,1,"[""KB_00053"", ""KB_00060"", ""KB_00054""]","[""I love this product. The band fits great around the lens. No more worrying where to put the lens cap!"", ""I just received the lens caps earlier this week and put them to good use immediately. These lens caps fit my lenses very well, as they will on any 58 mm lens. While I am not going to use the elastic band, I believe I will try to use the cords that come without the elastic. This seems a better fit for my needs.I will definitely recommend this product to a friend . . . but not an enemy."", ""Many similar elastic band retainers have bee criticized for falling off various lens caps and that may be the result of insufficient pressure when installing them.""]",10.300082969479263,The available reviews do not provide enough information to answer this question.,True,372.3988749552518
G_007,REC_007,B004HW6F9M,Electronics,medium,descriptive,pc,3,Do you need an amp for it?,Yes you do need an amp for it. I suggest pairing it with a pioneer digital amp. I have 2 of these In my TDI golf 2013 and they save so much space but have higher decibel readings then some of the extensive setups my friends have installed so far.,KB_00061,1,"[""KB_00061"", ""KB_00066"", ""KB_00069""]","[""i read all the reviews before i bought this and didnt see many bad ones. but i had to hear for myself. all i can say is holy crap. this thing is so small and sounds so huge. i have it in a 07 saturn vue running it with a pyramid 1000watt artic amp. if you need space and huuuuge sound buy this. buy it now!!!!!!!! !"", ""I was looking for a sub for my 2000 mustang ragtop to give me some bass when the top was down. Almost spent 600.00  plus at an electronics store, they said I would need a special setup to get bass. I read the reviews on this sub with the boss R1100M. Bought it, installed it, exceeded my expectations. Great sounding bass on the highway with the top down. The adjustable bass control that comes with the amp works great to adjust the sub to different music."", ""If you are look for a compact sub/box, this is the unit you need. I am not a person that likes a high amount of bass. This unit has enough bass anybody needs.""]",30.10508301667869,"The reviews suggest that an amp is needed, as one reviewer used a Pyramid 1000watt artic amp and another used a Boss R1100M amp. The adjustable bass control on the amp was also mentioned as a useful feature.",False,491.3699170574546
G_008,REC_008,B00CAN8ETE,Electronics,medium,descriptive,pc,3,Has any one tried this with any car stereo 30-pin adapters?,It works with most 30 pin adapters. There are a get radios however that will not use the same protocol and do not work with the NAXA,KB_00072,1,"[""KB_00076"", ""KB_00074"", ""KB_00072""]","[""This thing never connected to any of my docks or with my car's 30pin cable. I sent it back and ordered the ViseeO Tune2Air WMA1000 which is more expensive, but works perfectly with every device I have and connects instantly in my car for A2DP Stereo Bluetooth music. Do yourself a favor and spend the extra money to get the ViseeO."", ""If I could, give this negative stars, I would. Not only did it not work (it just got super hot), when I plugged my iPod back in there was now a thumping noise, and it would no longer charge the iPod. I have one of those USA Spec adapters that hooks into my stereo. So while I was able to return the NAXA, I'm out $100 for the iPod adapter that I now have to replace. Super pissed about this thing."", ""I tried this in 2 different cars. My friend has a BMW, not sure model, and used an aftermarket converter to hook up his iphone. It works on his, but the controls don't work. Having the phone hooked up allowed for you to skip tracks, etc. That no longer works. So if you are looking for that functionality be warned, it May not work. But it still connects and works fine.I also installed one in my wifes car, honda accord. Same thing.""]",21.20575006119907,"Yes, reviewers have tried this with car stereo 30-pin adapters, but experienced issues with connectivity and functionality. One reviewer's device did not connect to their car's 30-pin cable, while another's worked but with limited functionality.",False,522.2430829890072
G_009,REC_009,B0013V3CQY,Electronics,long,descriptive,pc,3,Can this be connected to a laptop anyway to record if so what do I need if not what will I need to get,"Yes, mine is hooked up to a lap top via an EasyCAP DC60 - USB 2.0 Audio/video Creator Capture High-quality Analog Video and I use a software video capture program to record to the hard drive, however its tedious and I reccomend getting aZmodo PKD-DK4216-500GB H.264 Internet & 3G Phone Accessible 4-Channel DVR with 4 Night Vision Cameras and 500 GB HD for about 100 bucks more for easy recording of surveillance video.",KB_00086,1,"[""KB_00086"", ""KB_00082"", ""KB_00085""]","[""It views everything in a black and white picture, but does still have a picture whereas most cameras would just show black.3) The camera can and will record if and only if you hook it up to a VCR, DVD recorder, or some other recording device that works with AV cables."", ""The LCD even has an option to scroll back and forth between the two.Cons:1) To record you do need to hook it up to a recording device. Sadly it does not record on its own which does limit it's helpfulness a bit.2) Sometimes when viewed on a larger TV, the screen can be a bit snowy. However it has never gotten nearly bad enough for me that I couldn't see what was going on outside.3)The camera does need to be sheltered when used outside."", ""I love this little security camera. I bought it back in 2011 for $50 off Amazon.com from a seller. I mainly bought this to catch my sister&#8217;s ex boyfriend that stalks her constantly. I have yet to catch him, but I have caught many other crazy things outside with this camera. I attached it to my DVD recorder, so I can record for up to several hours non stop and catch anything I might miss.""]",20.86879196576774,"This camera can be connected to a recording device such as a VCR or DVD recorder to record, using AV cables. It cannot record on its own or directly to a laptop. To record, you will need a separate recording device that works with AV cables.",False,567.0414579799399
G_010,REC_010,B004JKBVBY,Electronics,long,descriptive,pc,3,Polaroid GL10 PC Driver Does anyone know if Polaroid has issued a printer driver for PC (Win 7) to allow printing on the GL10?I have emailed the Polaroid Customer Contact with no reply.The product instructions say to contact poloriod.com for the software.  I can't find it on that site.Thanks.,"You have to go to, http://www.polaroid.com/en/greylabel and drag the large gray slider bar at the bottom of the page about half way to the right. There you will find links to the Android App, Mac, 32bit and 64bit Windows versions.",KB_00091,1,"[""KB_00096"", ""KB_00097"", ""KB_00091""]","[""The first printer I got was DOA. Would not power up or connect no matter what I did. No help files, FAQ, drivers, anything really on Polaroid's page. So, I used Amazon's great return policy and just ordered a new one. 2nd one worked fine. But the instructions say \""get the GL10 application\"". OK, where? I had to do some searching to find how to get to the link. Just bad support/design, in my opinion."", ""I just received this today. I'm glad I checked it out before giving it to my husband. The printer would not connect to the computer. After waiting 25 minutes on hold with Polaroid they just told me to return it. Also, it's nearly impossible to find the link for the computer software on the website. Don't bother looking for any instructions online either. To connect to the computer you need a USB to USB cable. This is not supplied and they are hard to find."", ""Before noticing the button, I had sent and resent the file multiple times thinking it wasn't working.It took two weeks to find the mythical software on the Polaroid site that allows you to print from your computer. You have to go to polaroid dot com /en/greylabel  That's where you find the software for your PC and android smartphones. If you don't have a cable to print from the computer, one is not supplied. It's a standard cable so I probably have one somewhere.""]",32.02766599133611,"The Polaroid GL10 printer driver for PC can be found on the Polaroid website at polaroid.com/en/greylabel. A USB to USB cable is required to connect the printer to the computer, but it is not supplied.",False,502.3432499729097
G_011,REC_011,B00CVK49LI,Electronics,medium,descriptive,pc,3,How can I order this case in Italy? Help me please.,[UNANSWERABLE],,0,"[""KB_00101"", ""KB_00107"", ""KB_00102""]","[""Great product! The color and contrast of the case looks really nice and it fits on the laptop well. The case snaps onto the laptop sides, the bottom one seems to be more sturdier though. Would definitely buy another one if I ever needed it (or maybe a different color). Very happy with the product."", ""Fits my Dell Inspiron 15z Touch Ultrabook like a glove. Snapped right on and looks quite nice. It is see-through, but it looks kind of cool that way."", ""I give up the second cover that was supposed to fit y Dell. Both were junk and they both would Not stay on my laptop.""]",26.290209032595158,The available reviews do not provide enough information to answer this question.,True,404.9844170222059
G_012,REC_012,B0045ZZKOM,Electronics,medium,descriptive,pc,3,Will this work with a D3200??,[UNANSWERABLE],,0,"[""KB_00115"", ""KB_00111"", ""KB_00110""]","[""Makes my pictures looks great. I have D7000 and fits perfectly and plus the kits great... so you dont need to buy anything else cuz it's included. Easy to use too, i'm a newbie in this ... quite easy to figure it out, if not.. it's always google it to find the answer."", ""I ordered the flash kit for my Nikon D3100. I was tasked with taking pictures at my school's graduation ceremony and I felt that the built-in flash wouldn't be enough. The flashed work as advertized and the rechargeable batteries held up through the whole ceremony. Everyone was happy with the pictures and I am glad I bought the kit."", ""I am very satisfied with my Nikon Speedlight SB-700. I have not used all of the accessories yet, but those that I have used work just fine. I look forward to future use of these products.""]",27.370374999009073,The available reviews do not provide enough information to answer this question.,True,269.569999887608
G_013,REC_013,B007KMFXZ8,Electronics,medium,descriptive,pc,3,how to add a new genre,[UNANSWERABLE],,0,"[""KB_00122"", ""KB_00119"", ""KB_00121""]","[""No resume, which means if you stop in the middle of a recording and then go back to watch you have to find where you left off. Like taking a bookmark feature out of a book, ridiculous. But typically, new improved isn't always improved. And we lose the ability to rename a recording. That made no sense."", ""You can still personalize favorite channels and the interface for doing that is great since it is clear to see what the channel is that you are selecting. You have to set up favorite channels for each Joey though.Transferring content from an external hard drive was easy and as before, you can add an external hard drive for additional recording storage. There are some apps available (which run through your internet). We connected to the internet via WiFi using the provided antenna."", ""The guide data was instantly available in my guide. What would make a great box even better would be some minor tweaks I am sure that are software driven. Please allow more folders and sub folders. Add some of the more mainstream apps like Netflix, Amazon Prime and many of the other great apps found on a Roku box. Web surfing would be cool but might simply be a novelty, if you add the YouTube app and some others you would probably cover the bulk of what people are surfing.""]",27.966124936938286,The available reviews do not provide enough information to answer this question.,True,281.04045893996954
G_014,REC_014,B00009R95W,Electronics,long,descriptive,pc,3,Difference between Hoya 58CIR or Hoya HMC ? Trying to decide between the regular Hoya Circular Polaraizing Filter or the HMC. Does the more expensive HMC give that much better results to justify the price?,"Yes it does.  I would never consider using a non-multi-coated filter on a digital camera.  The reason is simple.  The sensor has a flat glass protecting it (called a low-pass filter - LPF).  Some light will bounce off the LPF and head out the lens.  Since lens elements are multi-coated and curved, very little light will reflect back to the sensor.  But since the front filter IS flat, you can get a lot of light bouncing back.  If you use a non-coated, or single-coated filter, you get a lot of light reflected back into the sensor.  This shows up as a loss of contrast (veiling flair) or as ghosts and hot spots.  Multi-coated filters are designed to reduce this effect, but cannot eliminate it.  This is a real problem when you shoot into a light source.When shooing into a light, ANY filter will degrade the image.  Multi-coated filters are much better, though.",KB_00132,0,"[""KB_00130"", ""KB_00129"", ""KB_00131""]","[""I have used both a cheap no-name circ-polarizer but it is was not even worth the shipping price. The threads on the knock off were rough and the adjustment ring difficult to turn. The Hoya is of a much higher quality. It adjusts with ease and threads onto your lens very smoothly. The filter is clean with zero imperfections. Highly recommended.The only improvement I would like to see is a mark on the adjustment filter for reference."", ""This is a very good circular polarizer it not the newest one that the Hoya NTX But it still very good for the price can not beat it."", ""Excellent circular polarizer filter by Hoya. I'm using this for anOlympus PEN E-P1 12.3 MP Micro Four Thirds Interchangeable Lens Digital Camera with 14-42mm f/3.5-5.6 Zuiko Digital Zoom Lens (Silver Body/Black Lens)camera. The filter does what it is supposed to, cut back reflections, improve tonality of blue-green and give an extra punch to outdoor photographs.""]",27.996416087262332,The available reviews do not provide enough information to answer this question.,True,258.81895795464516
G_015,REC_015,B008A4H67I,Electronics,long,descriptive,pc,3,"Is this compatible with the new dell inspiron 11 3000 series, the 2-in-1?",[UNANSWERABLE],,0,"[""KB_00136"", ""KB_00138"", ""KB_00134""]","[""This is sturdy, easy to use and a pretty color. You will need a tiny Philip's screwdriver to set your combination but after that it is really a good accessory to have if you use your laptop in public. No one wants to have to pack everything up and lose that prime spot in Starbuck's with the wide table and outlet just to go to the bathroom. It's a great deal."", ""My toddler loves my laptop. If I turn my head away for a second, he's already figured how to pop keys off. So in order to protect my computer, I ordered this security cable. (It's really very long, so I made sure to wrap it tight to keep my toddler safe, too. )I can easily lock my laptop to its desk and not worry about it being damaged. It allows for a four-digit combination, which is useful on the road."", ""works great and very easy to use. I much prefer this type rather than the ones with keys. I highly recommend.""]",23.63583305850625,The available reviews do not provide enough information to answer this question.,True,237.04933398403227
G_016,REC_016,B004R7A9NU,Electronics,medium,yesno,pc,3,does it work for ipad 4,Yes it does indeed! I have the ipad 4 and its fits it perfectly,KB_00148,1,"[""KB_00148"", ""KB_00147"", ""KB_00140""]","[""I have an iPad 4 and this case fits perfect. Nice looking at a reasonable price. Very happy with this case."", ""This is a nice looking Ipad 4 case. I love it. It does its job protecting the cover. Highly recommended."", ""The sleep / awake funtion on this case does not work for the new iPad. So, 1 star for using this with the iPad 3 but 4 stars for using it with the iPad 2 (sleep awake works for the older model). Unfortunately, I bought it for the iPad 3!! I was hesitant to purchase a case before the iPad 3 was released for just this reason, but I bought from this seller because they specifically said it would work with the new iPad. Bummer.""]",9.94841696228832,"The case works for iPad 4, as reviewers have mentioned it fits perfectly and does its job protecting the cover. It is specifically designed for iPad 4, according to the reviewers' experiences.",False,362.53791709896177
G_017,REC_017,B002PWHOYG,Electronics,medium,yesno,pc,3,will it position for a vertical shot?,Absolutely. The ball flips the camera on its side.,KB_00149,1,"[""KB_00149"", ""KB_00153"", ""KB_00152""]","[""It took me a little while to get a good operating process down when using the head but I am now able to use it with ease. The head does a good job of holding my Canon 40D in place when in the vertical position. I have a Manfrotto tripod that has a center column that can be place in a horizontal position and have have put my camera in this configuration looking down on an object I was photographing."", ""I set up the tripod, head and camera; leveled everything and got ready for a shot; oops, I was pointed a few inches to the left of where I wanted to be; I simply loosened the panning knob and panned to the right until my subject was framed the way I wanted. I think with the 496RC2, I would have rotated the ball head and risked having everything go out of level."", ""This is a really nice head. It has multiple adjustments and each one can be tighten individually giving you the ability to position the camera just about any way you want. If you are going to pan from side to side you will have no problems, but if you plan to pan up and down the ability will be somewhat limited. My guess is that you can go up to about 10 o'clock very easily but 10 to 12 will be a bit more of a challenge.""]",10.554917040280998,"The head can hold a camera in place when in the vertical position. It allows for multiple adjustments to position the camera as desired, but panning up and down may be somewhat limited.",False,352.0988749805838
G_018,REC_018,B003L75CUC,Electronics,medium,yesno,pc,3,I've got a nikond90 qith a 18-200 lens (72mm) will it fit?,"Yes, it'll fit.",KB_00167,0,"[""KB_00161"", ""KB_00165"", ""KB_00162""]","[""The case fit by Nikon d7100 camera and was water tight. The problem is that in order to adjust the focus or distance, you have to remove the front cover...which defeats the purpose of it being water tight!. Basically it became a waterproof storage case rather than actually taking pictures with it"", ""Overall I like this bag it serves its purpose however you have to be conscious of where the lense is pointing. If you do not pay attention you will end up with a black shadow/ring around your pictures from taking a picture of the bag."", ""This bag was extremely good at keeping my camera dry, even up to 20 ft under water. Also, it floats, or atleast, it was determined to float for me. Which is great, because if you accidentally let it go, atleast you can get it back.The only bad points about the bag is that it's very large (but if I upgrade my camera, I'll be able to use it for that one), it's nearly impossible to zoom the lens under water through the finger grips.""]",31.82754199951887,The available reviews do not provide enough information to answer this question.,True,138.38362507522106
G_019,REC_019,B000GPHQWO,Electronics,medium,descriptive,pc,3,Does this lens fit on a Canon EOS Rebel T3i?,"I am positive that it will fit on Canon EOS Rebel T3i. This camera uses Canon EF Lenses. And this Sigma lens was designed with the same mount as the Canon's EF mounts. Just make sure you buy the one for Canon, and you should be fine.",KB_00170,1,"[""KB_00185"", ""KB_00186"", ""KB_00184""]","[""I used the lens on a Canon 7D."", ""Canon does not make an equivalent lens, even if I was willing to pay twice for an 'L' lens."", ""I've been using the Sigma 105mm and 50mm macro primes on my Canon full frame bodies so I decided to pick this lens up for my Nikon D300 to give me a 105mm equiv lens for that system.In a nutshell, this lens is fantastic.""]",11.430916958488524,The available reviews do not provide enough information to answer this question.,True,305.57508300989866
G_020,REC_020,B002TV5M5G,Electronics,long,descriptive,pc,3,I have an Edge 15 330M ..Is this the correct battery and is it made by Lenovo?,[UNANSWERABLE],,1,"[""KB_00193"", ""KB_00202"", ""KB_00206""]","[""After a week of using this battery, the bios of my Lenovo, before loading Windows, started saying that I wasn't using a genuine Lenovo battery and that Lenovo cannot guarantee the performance of the battery. Sure does look genuine."", ""After a week of using this battery, the bios of my Lenovo, before loading Windows, started saying that I wasn't using a genuine Lenovo battery and that Lenovo cannot guarantee the performance of the battery."", ""There is not much to say about it except that it is the same battery that comes with lenovo computers.""]",29.64912506286055,"The available reviews suggest that this battery is compatible with Lenovo computers, but it may not be a genuine Lenovo product. The battery's performance is not guaranteed by Lenovo, according to the BIOS warning. It appears to be a compatible replacement, but not made by Lenovo.",False,421.1539579555392
G_021,REC_021,B003YLZ8J0,Electronics,medium,descriptive,pc,3,Are there actually five programmable buttons? How are they programmed?,Yes they're are 5 programmable buttons but I only programmed in for video games.,KB_00219,1,"[""KB_00220"", ""KB_00210"", ""KB_00212""]","[""The programmable buttons are backwards."", ""I needed the buttons programmable so I could create specific custom repetitive tasks, and after installing the software, I only found that I could change the buttons to do pre programmed things already within the software."", ""This pile of junk can't make up its mind to be on, or off. If left sitting for about 5 min, I haven't timed it, the mouse turns off, and won't turn back on until you pick up the mouse, turn it over, turn off the mouse power switch, leave it that way for at least 5 seconds, turn it back on, and it will work until the next time it falls asleep, and then you can repeat the above process. The programmable buttons are backwards. If you set the function you want for button 4 for button 5, and vice versa.""]",10.150374961085618,"There are five programmable buttons, but they are backwards, meaning button 4 and 5 functions are swapped. The buttons can be programmed using the software, but it only allows changing to pre-programmed tasks, not fully custom programming.",False,331.11391600687057
G_022,REC_022,B0083V5SZK,Electronics,long,descriptive,pc,3,"What are the 3 chargers i see 30 pin, is that usb mini? Whats the other?","It includes a 30-pin Apple connector, a Micro-USB and a Mini-USB.",KB_00229,0,"[""KB_00238"", ""KB_00229"", ""KB_00230""]","[""I can carry around one compact little charger and charge both my android phone or my iPad when I'm out somewhere."", ""This little thing is brilliant. I can carry around one compact little charger and charge both my android phone or my iPad when I'm out somewhere. I don't have an iPhone, so I can't help out others who might need to charge their new phones, but that's the only thing it's lacking. I'm so glad I found this."", ""I have purchased about 5 of these over the past year, and love them. Very versatile for those who travel--particularly overseas. I live in the UK and constantly travel to other parts of Eurasia where the electrical systems are different. Works great for my Blackberry device, as well as apple devices in our family.""]",13.24849994853139,The available reviews do not provide enough information to answer this question.,True,235.88679102249444
G_023,REC_023,B000NIQMG0,Electronics,medium,descriptive,pc,3,What voltage?  Can the head operate on batteries?,"The external power supply is AC --> DC   12V@200mASo, yes, you could take a small 12vdc battery that has an out of about 200mA and power this unit.  If you did use a 12vdc battery you could charge/recharge the battery with a small solar panel that you could purchase for about $20.For Reference: http://www.emtcompany.com/x10-xm14a-ac-power-supply-charger-adapter/101334292.html",KB_00242,0,"[""KB_00256"", ""KB_00248"", ""KB_00245""]","[""The Tilt is controlled by a hand held 'RF' remote device."", ""I can operate remotely from about 60 ft. away."", ""I mounted my own wired video security camera (not an X10 camera) with Heavy Duty Velcro on top of this and watch the birds around my feeder along with other animals... It has 5 points to go to automatically. Center and 4 programed positions, then you can slowly move to any other location with the 4 up, down, left, right keys. The Tilt is controlled by a hand held 'RF' remote device. My camera is outdoors, outback and I control it from the front room about 50 feet away.""]",10.889583034440875,The available reviews do not provide enough information to answer this question.,True,254.8919579712674
G_024,REC_024,B0081XI2Y4,Electronics,short,yesno,pc,3,does this play audio?,"A VGA port carries video only, not audio+video like an HDMI cable does. You'll need to run audio through a separate cable (usually through a 3.5mm headphone jack) no matter what adapter you use.",KB_00260,1,"[""KB_00270"", ""KB_00268"", ""KB_00261""]","[""It charges with my phone's charger and it streams audio."", ""This adapter is simple plug and play."", ""This is a great little headset that combines all the features I want and need. It is small, light, loud and comfortable. It charges with my phone's charger and it streams audio. I really love this headset because of its superior noise-cancellation feature and its long battery life.""]",37.782832980155945,"Yes, this device streams audio. It is also mentioned that it is loud, indicating that it plays audio. The device is also referred to as a headset, which further supports that it plays audio.",False,289.82750000432134
G_025,REC_025,B006VB6UNI,Electronics,long,descriptive,pc,3,if I have no pc how do I charge it.. simple answers please,"You dont need a PC, the Nook have an adapter to connect it to AC power.",KB_00282,1,"[""KB_00289"", ""KB_00287"", ""KB_00293""]","[""I'd like to get a Nook HD also to watch movies and use as a tablet, but my Nook Simple Touch is perfect for reading."", ""I love my Nook Simple Touch."", ""Just wish I had purchased the backlit one and also wished I had purchased a case for the Nook.""]",12.829042039811611,The available reviews do not provide enough information to answer this question.,True,136.29654108081013
G_026,REC_026,B00FGYC9LI,Electronics,short,descriptive,pc,3,Is there a laptop warranty?,[UNANSWERABLE],,1,"[""KB_00317"", ""KB_00314"", ""KB_00298""]","[""I very rarely review items on Amazon, despite being a regular shopper, but the Acer Aspire V7-582PG-6421 is such a stunning example of a Windows laptop \""done right\"" that I just had to leave a comment or two. The preceding review by Gc is excellent and covers almost all of the bases. My point in doing this review is to highlight the \""extras\"" you get with the Acer that I have not found on ANY laptops other than the MacBook Pro. One correction to Gc's review, however - the lid is not aluminum, but brushed surface plastic. I checked this directly with Acer, and you can tap the cover with a  fingernail and hear it yourself - BUT - it does not do justice to just say that it is plastic, because it is structurally sound and very good looking. Now, for the \""goodies\"" -1. The screen is spectacular. I've owned a retina MBPro, and it is nearly that good (glossy though). As Gc said, you can truly review two documents side by side on the screen without a magnifying glass.2. The \""Acer connector\"" is a displayport connector - I am running my WQHD 2560x1440 monitor on it now. It will support the internal screen (1920x1080), the displayport (2560x1440), and a 1920x1080 HDMI monitor, all at the same time.3. Battery Life: AWESOME. The Haswell 4200U went four hours last night on web surfing, Word editing, and document viewing (no media running) and still had 67% battery left (7:42 estimated remaining time). After being put into sleep mode, seven hours later it still showed 66% battery left.4. Upgradeable: remove the army of screws (15-18) from the base plate, and you can go up to 12GB ram (replacing the 4GB module with an 8GB module); replace the HDD with a SATA III SSD up to 1TB; AND replace the mSATA with up to a 512GB SSD. My solution was to upgrade to a 256GB mSATA for the OS and programs, and leave the 1TB HDD for file storage - the system now screams when loading software and files.5. Built in Gigabit Ethernet - enough said.6. NVidia GT720M with 2GB ram - not a gaming rig, but far from shabby, and pretty rare to get in this form factor on a Windows rig already sporting HD4400 graphics.7. The touch screen is as smooth operating as a tablet, and you will quickly find that it is a legitimate \""third\"" interface to Windows 8 - scrolling, zooming, selecting onscreen elements is very natural in addition to the keyboard and trackpad - DON'T LET ANYONE LIE TO YOU ABOUT GORILLA ARMS - it is a short 4\"" reach from the keyboard.8. Keyboard - the key press is shallow, but it is outstanding to have the numeric keypad in this form factor.Let's talk about form factor for a minute. This year I have tried nearly everything - including the awesome MacBook Air 13\"" (8GB/512GB max rig), and a MacBook Pro 15\"" (16GB/512GB max rig) - the Acer is no aluminum work of art like those two, but from a confirmed Windows user perspective, this is the BEST laptop rig of them all. A little larger and heavier than the Pro (less than 1/2\"" longer/wider; 0.08\"" thicker; and 0.35lb ) but the internals are equal to or superior; expandability is only up to your imagination; and the screen, although not retina, is FAR superior to MacBook Air, and not far from the quality of the Retina Pro. ALL FOR $900 LESS than the Air, and $1700 LESS than the MacBook Pro.That's why I say it is the best bargain going in a full feature, desktop replacement laptop."", ""The reviews are dead on about how wonderful this laptop is (minus the trackpad)."", ""ALL FOR $900 LESS than the Air, and $1700 LESS than the MacBook Pro.That's why I say it is the best bargain going in a full feature, desktop replacement laptop.""]",28.599165962077677,The available reviews do not provide enough information to answer this question.,True,1430.7932920055464
G_027,REC_027,B002KGXB0I,Electronics,medium,descriptive,pc,3,Can you plug headphones into it?,Nope  but if you have an ipod/iPhone you can just plugg headphones into that.,KB_00322,1,"[""KB_00333"", ""KB_00322"", ""KB_00330""]","[""I bought them for a Mexican school use and they want to connect headphones but could not do that."", ""Hi,I just bought from you 11 RCA RCD175i portable CD player with dock for iPhone... in the picture or photo you show the player has two audio jack outlets but the players I just received dosen't have any outlet in the front as shown. I bought them for a Mexican school use and they want to connect headphones but could not do that. How can you change this prodcut for another that comes with the audio jack outlet? ?Thanks"", ""She loves being able to plug her ipod into it.""]",11.595041956752539,"The available reviews do not provide enough information to answer this question about plugging headphones into it, but they do mention issues with audio jack outlets for connecting headphones. Some reviews mention a desire to connect headphones but being unable to do so.",True,376.7157499678433
G_028,REC_028,B00G2BX616,Electronics,long,descriptive,pc,3,I heard that there is a problem and this device doesn't work with iOS 8.3?,[UNANSWERABLE],,0,"[""KB_00358"", ""KB_00343"", ""KB_00340""]","[""Have not been able to use because if you have a case for Ipad it will not fit into the Lightning Connector.  Also the seller ANTONLINE is brutal and I will never deal with them again.  They have an impossible return policy that ends up costing you a ton of money even if, by some miracle, they accept your return.  Also, was very late on shipping and did not offer tracking until I begged for it because I had not gotten the shipment.  Avoid Antonline."", ""After only one test trip, navigation with the Bad Elf and the iPad appears to work well. Although more testing is required I found that with the ipad connected to the car power source through the Bad Elf the pad became very warm and recharging seemed not to keep up with the discharge."", ""Really great when it worked. I'm a realtor and I bought this to show farms. It worked for about 3 days. Now it won't stay connected to my mini ipad. If you continue to adjust it will connect but it won't stay connected. With the cost of the mini ipad I have about $400 in it.I sent an email to the manufacturer but so far have not heard from them.Was contacted by John at customer support. The company replaced the item and the new unit works as advertised.""]",11.738082976080477,The available reviews do not provide enough information to answer this question.,True,138.7142090825364
G_029,REC_029,B00HQXUFYA,Electronics,medium,descriptive,pc,3,does the HD run Thunderbolt 1 or Thunderbolt 2 ??  Thanks,[UNANSWERABLE],,0,"[""KB_00376"", ""KB_00379"", ""KB_00365""]","[""Here are my initial observations:Pro: the Thunderbolt is really fast."", ""This is my first G-Drive with Thunderbolt, after owning four other G-Drives without incident over the past few years."", ""This is my first G-Drive with Thunderbolt, after owning four other G-Drives without incident over the past few years. All seemed well with the drive until it decided not to turn on. After 10+ years of hard drive purchases, this is the first one to fail on me.""]",13.150500017218292,The available reviews do not provide enough information to answer this question.,True,118.2848340831697
G_030,REC_030,B008O7MEAU,Electronics,medium,yesno,pc,3,will this enclosure fit in a 13' chevy impala,[UNANSWERABLE],,1,"[""KB_00392"", ""KB_00383"", ""KB_00384""]","[""This enclosure does everything I expected it to, it's well constructed, looks great, and is very affordable."", ""This enclosure does everything I expected it to, it's well constructed, looks great, and is very affordable. Every other enclosure I looked at in retail stores were upwards of $100, and that was without carpeting. All around, I'm a happy camper."", ""The box itself looks and feels nice but i will either have by buy another box or mod this one so my Rockford Fosgate p2 sub will fit which I'm sucks so make sure your sub will fit the box before you buy it or it will just become fire wood like mine probably will""]",11.563707957975566,The available reviews do not provide enough information to answer this question.,True,120.95345801208168
G_031,REC_031,B007260OOC,Toys_and_Games,medium,descriptive,pc,3,How might I go about hanging them from my ceiling?,[UNANSWERABLE],,1,"[""KB_00400"", ""KB_00399"", ""KB_00398""]","[""These arrived on time and are perfectly light to hang from the ceiling. They added just the right bling to my granddaughter's room."", ""I ordered these not so much to use as a party accessory, but to spice up my daughter's room (she's into anything zebra print). These latterns along with other zebra accessories have brought her room to life and she loves it. The latterns are easy to assemble...took less than a minute and we strung them from the ceiling. Just be careful because they are paper..."", ""These will not open to look round, have them hanging and still won't open all the way. Not what I expected.""]",12.48770800884813,"They can be hung from the ceiling and are light enough to do so. The lanterns are easy to assemble and can be strung from the ceiling, but be careful because they are made of paper.",False,231.31962504703552
G_032,REC_032,B00BSWSFEC,Toys_and_Games,long,descriptive,pc,3,Does the hair on this minion really lay down (like in the picture) or does it kind of stick up a bit?,[UNANSWERABLE],,1,"[""KB_00414"", ""KB_00412"", ""KB_00411""]","[""It's in really good shape, size is great (10 inches), the minion's goggles are rubber and it has like popping eyes, price is good for the qualty you get, really adorable. If you like the movie, you'll love this item."", ""I like it but it doesn't look anything like the photo that I bought it under. It will make a great gift though, just wish the photo was a bit more accurate."", ""I've been looking everywhere for a cute little minion plush, ever since the first movie came out. Glad I could actually find one. This one is especially nice, because of how the eyes are made. They're actually plastic goggles so it looks just like the movie minions. Where as most of them have plush goggles that are all lopsided and weird looking. Perfect size. Really well put together. Awesome plush! Fast shipping! No problems! Anyone who loves Despicable Me will love this little guy!""]",43.80466602742672,The available reviews do not provide enough information to answer this question.,True,235.84595799911767
G_033,REC_033,B00ARQW1C2,Toys_and_Games,short,descriptive,pc,3,What is frustration-free packaging,"Agree with previous post.. I think the ""frustration free"" part means 2 things, first of all that it is very easy to wrap. It comes in a plain old cardboard box. Some toys are all kinds of weird shapes and hard to gift wrap. These packages make wrapping simple. The child won't know what the toy is even after unwrapping it. Also the fact that the toy is just simply put in a bag and it comes right out when you open the box. No annoying zip ties, screws, duct tape, twisty-ties or any of the other frustrating things that has your child waiting anxiously in anticipation to play with their toy for 20 minutes while an extremely frustrated Mommy and/or Daddy scramble to find a screwdriver, power scissors, saw or whatever else it takes to get the toy out! The frustration free packaging is so much easier for the gifter and the giftee.",KB_00427,1,"[""KB_00421"", ""KB_00424"", ""KB_00418""]","[""Came in a timely manner. Just a heads up - It did NOT come in the store-type packaging, just a box. It works great and makes my son happy."", ""They really should make it obvious that they are not sending it in the packaging. If you go on now they have that option but when I purchased this item I DEFINITELY purchased the standard packaging. They sent it without the packaging anyway."", ""In addition, although the battery pack is difficult to get to, this Elmo comes in frustration-free packing (thank you Playskool)!""]",9.866999927908182,"Frustration-free packaging refers to a type of packaging that is simpler and possibly less bulky than standard packaging. It allows the product to be shipped in a plain box, rather than the traditional store-type packaging. This type of packaging is appreciated by some customers for its convenience.",False,508.48025002051145
G_034,REC_034,B0001YH03U,Toys_and_Games,long,descriptive,pc,3,"what is the width and length of the bed? I would like to make a blanket and more but cannot find any measurements for a bed for an 18"" doll.","so sorry, but the doll bed is with my grand daughter.  I did, however, make blankets and pillows.  Bed is about 11 inches wide and 22 inches long... so an overhang and fold over top would be a blanket aprox. 18X 26",KB_00432,1,"[""KB_00434"", ""KB_00435"", ""KB_00428""]","[""Right now my daughter is using a pillowcase as a blanket until we get a little blanket to fit. The pillowcase is the perfect size, by the way. The bed seems very sturdy and looks like it will last a long time. Highly recommended!"", ""My daughter received this doll bed for her 7th birthday for her American girl doll. We are both very happy with it. It fits the doll perfectly both on the top and bottom bunk. I found it very easy to put together and all the pieces were in great condition. I did find that one of the holes for one of the screws wasn't quite deep enough, but that was easy enough too fix by poking a pointed screw inside to get the provided flat screw started. Then it worked fine."", ""I am going to make a trendy-er cover set, but over all this is perfect for the 18 inch dolls like AG!""]",37.887125043198466,The available reviews do not provide enough information to answer this question.,True,123.62720794044435
G_035,REC_035,B000GQ0JZO,Toys_and_Games,medium,descriptive,pc,3,what size is this case ?,The case is 14 inches by 8 inches.  It is almost 3 inches deep,KB_00442,1,"[""KB_00438"", ""KB_00443"", ""KB_00440""]","[""Was wonderful but I exchanged it for a bigger one. I wasn't paying attention to the size. Promo return and refund."", ""Just like the one I used to play when I was a kid. So glad to have another classic game to teach my own children. Lovely case - great, well-constructed board."", ""I was extremely happy with this backgammon set for the money. A nice little case that is just perfect.""]",11.584207997657359,The available reviews do not provide enough information to answer this question.,True,129.88970801234245
G_036,REC_036,B00172R9O0,Toys_and_Games,long,descriptive,pc,3,Need to know how to solve this.  I bought one at a garage sale without instructions.,you just move the ball around until it gets underneath the latch. then push the tab and it should open.,KB_00453,1,"[""KB_00449"", ""KB_00452"", ""KB_00453""]","[""Can't figure out how to solve. Maybe I need a better set of eyes. I think a solution sheet should be provided!"", ""Bought 3 of these for Christmas presents.Fun watching them try to solve the puzzle to get the &#34;prize&#34;. (I used cash instead of a gift card)Nice quality."", ""I bought this as a gag gift for my husband to put money in. When I got the item I decided to try it out first. Lucky all I put in it was a gift card that had no money on it. Upon completion of the maze I gently pushed the button like the instructions said. However the drawer wouldnt come out. I do not recommend this to anyone. It wouldve been a great idea if it would of actually worked.""]",35.183749976567924,The available reviews do not provide enough information to answer this question.,True,133.86404199991375
G_037,REC_037,B0084XZE7E,Toys_and_Games,medium,descriptive,pc,3,Is this a good gift for a 6 year old?,"Yes, it is perfect for a 6 year old. It is able to be peeled off if they stick it somewhere they are not suppose to do it on. I intend to buy several for all the young girls on my Christmas list and maybe 1 or 2 extra for Toys for Tots also.We also use it to decorate our postcards we send out for Postcossings. We have had lots of people ask us who sells it, especially people in other countries, it seems she haven't seen a lot of it.WE LOVE THIS ITEM!1!",KB_00458,1,"[""KB_00459"", ""KB_00465"", ""KB_00458""]","[""I bought it for a nine year old girl and she loved it! She started making things right away! It was a good choice but a little pricey!"", ""Got as a christmas gift for a little 6 yr girl and ended up being jealous and wanting one myself at 26 lol. Perfect for scrapbooking and paper crafts. I personally use them when I ship things in recycled packaging, cute tapes to seal the boxes and envelopes that have been torn open, gives them personality. A+++"", ""When I saw this on Amazon I knew my 6-year old granddaughter would love it...and she does. For whatever reason, she has an infatuation with tape! The rolls are very tiny and there's not a whole lot of tape on each roll. However, the designs are very cute. She has already used several designs to do art or to make something for her doll. I would order it again, but wish there was more tape on each roll.""]",12.873500003479421,"This product appears to be suitable for a 6-year-old, as multiple reviewers have purchased it for children of that age and reported positive experiences. The product is described as perfect for scrapbooking and paper crafts, and the 6-year-old girls who received it enjoyed using it for art projects. The designs are also considered very cute, which may appeal to a child's sense of creativity.",False,481.4869170077145
G_038,REC_038,B00004YRPC,Toys_and_Games,medium,descriptive,pc,3,what kind of air can it get bruh?,"Well, ""bruh"" if you are 8, it gets sick air! I'm sure the stronger one is, the higher you can go. No, there wouldn't be back flips happening...and it does feel a bit tight right out of the box.",KB_00473,1,"[""KB_00473"", ""KB_00474"", ""KB_00471""]","[""This is a great pogo for  anyone who wants to jump really high. It gets tons of air. In general it's just a great stick plus the custormer service is really good so I would reccomend this to 10-11 year olds and teenagers who are below the weight limit. For more info on this stick go to  [...]"", ""This stick is the the greatest thing ever! My friend just got it a few days ago in just the first few jumps  he was already getting over a foot of air! it was was crazy even he was amazed. Even I who had never really done it before learned pretty fast on this stick. Plus the foam is awsome it feels really good on your hands and legs unlike other pogo sticks."", ""Whether you are looking to start a life-long hobby of Pogo-Sticking, a new way to exercise, or just want something to do, this is the Pogo-Stick for you. It's an easy option to start with. The weight rating is 80-160 pounds and if you know what you are doing you can get about a 2 feet of air. The product also includes a link for the companies website to get replacement parts. This is a great buy for a beginning Pogo-Sticker.""]",13.068374944850802,"It can get around 1-2 feet of air, with some users achieving over a foot of air in just the first few jumps. The amount of air may vary depending on the user's skill level and weight.",False,297.9087500134483
G_039,REC_039,B00GZ1GUSY,Toys_and_Games,medium,descriptive,pc,3,It is Singal Player or Two Players,Single player with an online multiplayer component.,KB_00478,1,"[""KB_00481"", ""KB_00479"", ""KB_00485""]","[""The single player experience is phenomenal. Tense moments throughout really make you jump with a good pair of headphones. The multi-player is a joke, and brings down the rating 1 star. Bad move on Squeenix's part. Gorgeous graphics on PS4 too."", ""I've beaten the game, and it was such a blast to play that I am going to try to unlock the Platinum trophy for it. The only part that I didn't like about the game was some of the QTE's. I haven't tried the multi-player yet, but plan to soon."", ""It adds a small but considerable aspect to the gameBottom line-This is a different game than the last gen version, so treat it as such. If you have already played the game I wouldn't warrant buying a new one just cause you can, but if you are looking for an action packed 16 hours (single player) than this is your game. The online isn't anything ground breaking but it is entertaining.""]",13.951707980595529,"The game has both single player and multi-player options. The single player experience is well-regarded, while the multi-player is considered lacking. It offers around 16 hours of single player gameplay.",False,322.175084031187
G_040,REC_040,B000ANKKK2,Toys_and_Games,medium,descriptive,pc,3,Do you get a strike every time (like the video shows)?,No. It's just like being at the bowling alley. Fun and challenging.,KB_00488,0,"[""KB_00495"", ""KB_00489"", ""KB_00496""]","[""Fun for all ages. The ball launcher is good for those with arthritis. The manual pin setter is unnecessary but creates a nice backboard."", ""We bought this for a surprise for the grandchildren - and what a surprise!! The kids range in age from 13 to 18 months, and they are all enjoying it. The little ones (2 under 2 years old) simply love rolling the ball at the pins and knocking things down. The older ones keep score and get very competitive with each other. The board is solid. The pins are wood and are substantial. There's two bowling balls."", ""A well made game that has given hours of trouble-free fun to my grand kids. For the size it's the closest thing to actual bowling, being able to control the ball and the pin spotter action.""]",17.03420898411423,The available reviews do not provide enough information to answer this question.,True,138.85587500408292
G_041,REC_041,B004KKX82I,Toys_and_Games,short,descriptive,pc,3,what is its stamina level?,It's one of our longest lasting blades. Don't know the number.,KB_00497,0,"[""KB_00506"", ""KB_00501"", ""KB_00502""]","[""from using scythe kronos before this bey by far the best stamina type i have used i am currently borrowing my bfs but it is very impressive. the only thing to look out for is the tip inside the plastic cover it will break if there's to much pressure put on it. unlike our versions of the beys the imports you have to give a little extra spin bc it has more metal in the ring"", ""Scythe Kronos is one of the best stamina types. It has two modes: stamina mode, attack mode. I LOVE IT and I give it *****"", ""Both my boys said it is a really good stamina and attack type beyblade. I would recommend Scythe Khronos to anyone who has children who love beyblades.""]",12.88229099009186,"The stamina level of Scythe Kronos is considered high, with multiple reviewers praising its stamina performance. It is described as one of the best stamina types and has a specific stamina mode. The beyblade's metal ring also contributes to its stamina.",False,313.2083340315148
G_042,REC_042,B00DJ78H1A,Toys_and_Games,medium,descriptive,pc,3,I wonder if I can buy two adapters and connect 3 batteries?,"I don't see why that would be a problem, but your lift-off weight will start reducing the overall flight time so you wouldn't get three times the length, but probably something like 2 1/2 time.",KB_00509,0,"[""KB_00507"", ""KB_00509"", ""KB_00508""]","[""Best way to connect in parallel two batteries of the same make and size to the phantom to extend flight time. You will want to add a twin battery plates to exterior of Phantom to make best use of the Y Harness."", ""I dont see the difference. I think with the DJI Phantom Quadcopter Dual Battery Carbon Fiber Mount they make my DJI quadcoper heavier to fly. or maybe the cable drains the energy from both batteries at the same time. cause by the time i finish exhausting the batteries they are both dead whereas i flew the copter for only 5-7 mn. which is normally the fight time of one battery anyway."", ""These are just what they say they are. They work great for adding extra batteries to your Phantom. I suggest them is you want more flight time.""]",12.086458038538694,The available reviews do not provide enough information to answer this question.,True,126.70879194047302
G_043,REC_043,B00IGXUSGY,Toys_and_Games,short,descriptive,pc,3,What age is this for,Great for 2 year olds - anywhere from 1.5 - 5 year olds enjoy at our house!,KB_00517,0,"[""KB_00516"", ""KB_00510"", ""KB_00511""]","[""Sturdy and fun for the kids."", ""my son loves to splash.... in the tub, in the sink, anywhere he can. he usually gets in trouble for it, so we thought we might get him a place to splash, discipline-free. best birthday present ever!"", ""by far the best water table for toddlers""]",12.536332942545414,"This product is for kids, specifically toddlers, and is suitable as a birthday present for them. It's designed for young children who enjoy splashing and playing with water. The recommended age range is not explicitly stated, but it's implied to be for toddlers.",False,378.04629106540233
G_044,REC_044,B0002D00QE,Toys_and_Games,medium,descriptive,pc,3,Does this product include any cleaning tools such as swab ?,"It comes with a plastic stick with a loop on the end for attaching a bit of cloth (cloth not included), a fingering chart, and is all in a plastic cover. It was easy enough for me, in my opinion, to get a little of cloth for the cleaning stick to swab it with, some cork greas to have for it, and I additionally made myself a nice instrument roll to have a better place to keep it and accessories than the plastic sleeve it all comes in. I've seen nany inexpensive on etsy on stuff liked that; I just preferred the fun of making my own to customize it and make spots for the accessory supplies I wanted to keep with it.",KB_00518,0,"[""KB_00518"", ""KB_00519"", ""KB_00524""]","[""This is a high quality entry level recorder.I wouldn't recommend it for a very young child because the inside can get damp after use and you need to clean and dry it after you have a session. The sound is richer than the cheaper plastic instruments. It comes with a cleaning rod. The recorder takes apart into two pieces for cleaning."", ""These are (I bought two) very nice recorders. Don't let people tell you the plastic ones sound just as good. I own both, and there's no comparison. It's nice that this comes with a cleaning stick, but the storage case is something that looks like it was made out of clear shower curtain material. I'm going to end up searching for, or making a better case for it."", ""The recorder is okay. It sounds about as good as the much less expensive plastic one, but it is quite difficult to clean/sanitize. I sometimes buy products made in China, but I was under the impression that this recorder was from Germany. When it arrived we saw that it is a German company that manufactures in China. Because my kid puts this in her mouth, I wanted a product manufactured in a place with more stringent rules on toxicity in paints, treated wood etc.""]",39.564209058880806,"This product comes with a cleaning rod or stick, which can be used for cleaning the recorder. The recorder can also be taken apart into two pieces for cleaning.",False,250.2282919595018
G_045,REC_045,B00AEQ0JTM,Toys_and_Games,medium,descriptive,pc,3,Can it fit in a 1/16 e-revo,[UNANSWERABLE],,0,"[""KB_00527""]","[""No complaints! Great product and great price. Easy to set up with spektrum radio. I'm hooked on spektrum. Plus amazon prime! Can't beat it.""]",12.303375056944788,The available reviews do not provide enough information to answer this question.,True,242.94499994721264
G_046,REC_046,B0092BWWG8,Toys_and_Games,long,yesno,pc,3,"This says fulfilled by Amazon, will I actually have it in 2 days (with Prime shipping)?",[UNANSWERABLE],,1,"[""KB_00534"", ""KB_00537"", ""KB_00535""]","[""Yes Pretty, Came quickly, I am happy with the product. The hair clip is weak and the power pack is on the heavier side. (not sure what I was expecting there).It would be better if the Hair clip were stronger to actually hold the thing in the place. I am thinking of modifying the ones I have to make them more practical. Fun things..."", ""I bought a pack of the hair lights for stocking stuffers. They worked for all of 2 seconds! Do not buy this product!"", ""In the last 30 seconds:-the plastic of the barrette broke when opening metal clip in 3 of the 4 barrettes-the plastic was already broken in the 4th package that I looked at-the light source to the fiber optics is bright and awesomely blinky, but the actually fiber is near useless-I helped potential buyers from buying this crappy product...""]",16.265208018012345,The available reviews do not provide enough information to answer this question.,True,238.53900004178286
G_047,REC_047,B00000J0NT,Toys_and_Games,medium,yesno,pc,3,are there REALLY 120 different colors?,"Yes you get 3 packs of different types of colors, 1 regulars, one neon and one of "" fun"" colors including extra bright, glitter and more.",KB_00542,1,"[""KB_00538"", ""KB_00544"", ""KB_00547""]","[""NOT 120 COLORS! It includes multiple boxes of crayons that are identical, not 120 different colors"", ""i like these crayons and they were cheap, but some of my crayons when i got this were broken, but crayons are easily broken so wasnt that big of a deal. i thought when there was 120 crayons there would be more variety of colors nut some arent all that different. some people said there were duplicate colors of the crayons in the box, that is not true they are similar but not the exact same crayon."", ""I picked this box because it said that it had 120 unique colors. When I opened it, I saw 2 boxes of 48 and a box of 24. I was disappointed. Then I opened the boxes and saw that they were all different. However, I only got 118 crayons and another one was broken. It's still a nice set and I'm happy with it.""]",13.217499945312738,"The available reviews suggest that there are not 120 different colors, as some reviews mention duplicate or similar colors. One review states that the set includes multiple boxes of crayons with similar colors, not 120 unique ones. The variety of colors may be less than expected, with some colors being very similar.",False,430.5728339822963
G_048,REC_048,B0062RKIIY,Toys_and_Games,medium,yesno,pc,3,can I get it in silver?,[UNANSWERABLE],,0,"[""KB_00551"", ""KB_00548"", ""KB_00554""]","[""We'll keep trying though. Either way my son is quite upset :(UPDATE:  After waiting almost 30 days I didn't get a response from either the seller or the toy company, so back it went. I still think it's  a good car, but beware of the fragile antenna!"", ""I bought my great nephew the mustang, so of course I had to get the Camaro for his older brother. Now they race and have a ball. This is a fantastic toy."", ""This piece of crap caught on fire and started smoking 25 minutes after we took it out of the box. Sent an email to manufacture and heard nothing. Will never order anything from TPA Store again. Sent it back and hope to get a refund soon. Do not order this toy!!!!!!!!!!!!! !""]",12.285541044548154,The available reviews do not provide enough information to answer this question.,True,253.25916591100395
G_049,REC_049,B00FDTJQYY,Toys_and_Games,medium,descriptive,pc,3,Are the clips s clips or c clips?,They are s clips,KB_00558,1,"[""KB_00568"", ""KB_00558"", ""KB_00559""]","[""The clips are &#34;s&#34; clips which are a little harder to use than the &#34;c&#34; clips that come with the rainbow loom."", ""This was really a good deal and there were lots of colors in the bag. The clips are &#34;s&#34; clips which are a little harder to use than the &#34;c&#34; clips that come with the rainbow loom."", ""like the price and the quantity you get with them, Love that it has the clips, what a bonus that was!! !""]",41.52041592169553,"The clips are ""s"" clips, which are a little harder to use than ""c"" clips. They are included as a bonus with the product. The ""s"" clips are mentioned in multiple reviews as being part of the purchase.",False,447.5475000217557
G_050,REC_050,B00EZIXA78,Toys_and_Games,medium,descriptive,pc,3,what kind of canopy/umbrella do you use with this?,This model doesn't use an umbrella. We have never had any complaints from our three children who are still using this as 3 and a half year old twins and a 20 month old. It is our go to ride.,KB_00583,1,"[""KB_00593"", ""KB_00589"", ""KB_00594""]","[""You must buy the deluxe version if you want  a canopy."", ""It would be nice perhaps to have provision to attach an umbrella or canopy, however, the fact that it doesn't have a canopy means that taller children fit into it without a problem.I would definitely recommend this wagon to a family with multiple children.I received the Radio Flyer Triple Play Wagon for my honest review from the Amazon Vine Program."", ""You have to buy the deluxe model for the canopy.""]",13.978415983729064,The deluxe version of the product comes with a canopy. You must buy the deluxe version to get a canopy.,False,295.799957937561
G_051,REC_051,B0002KW4AC,Toys_and_Games,long,descriptive,pc,3,"Does this unit come with tip or need to buy the tip kit?  If it comes with one, what tip is it?  Thanks.","It has been a while, as I recall it comes with a tip. I do not remember what size. I did buy a set of tips because of the different type of soldering I do. I wanted a small tip for surface mount components. Hope that helps.",KB_00605,1,"[""KB_00611"", ""KB_00612"", ""KB_00615""]","[""I've been doing a lot of SMD soldering with the original tip, however I am going to be getting a separate brass tip cleaner.Still one of the best purchases that any hobbyist can make."", ""I was also able to use my Weller soldering iron by just pluging it in, so your not stuck with one size tip and waiting for the iron to cool down to change the tips."", ""The bigger tips work well for desoldering, the little tips work great for installing small items)I see no need to get a more expensive model...*****UPDATE 8may2013I've been using this for about 4 years now.""]",29.106665984727442,"The unit comes with a tip, specifically the original tip, which is suitable for SMD soldering. The type of tip is not further specified.",False,422.1830000169575
G_052,REC_052,B000BO63OC,Toys_and_Games,long,descriptive,pc,3,We have this in our garage but we want to buy a cover to protect it when not in use. Is there a cover anyone would recommend? Thanks v much.,"OAW, The STIGA InstaPlay is an indoor table; unfortunately, even an outdoor table cover would not fully protect this table from moisture. If the garage is not climate controlled, the table could become warped, even with a table cover. If you are interested in an outdoor table cover, you should consider the STIGA Baja Outdoor Table Tennis Table and STIGA Coronado Outdoor Table Tennis Table Hope this helps! STIGA",KB_00629,0,"[""KB_00639"", ""KB_00635"", ""KB_00621""]","[""The delivery team dropped off garage and I had to get neighbor to help me carry down to basement."", ""Would recommend to any body...very durable and cleans up well!"", ""I am a patient person (so i've been told) so gave them the benefit of the doubt but delivery attempt #3 sealed the deal. The table is packaged up as if they are delivering you bath towels so it's not shocking there would be damage. I am not sure why you would ship a $600 item with no real padding provided. Amazing. I have a note into Fogdog for a full refund but of course I need to set up another appointment with the delivery company they use! I just hope to have this mangled table out of my garage by the new year.I've read good things about the table itself so it's sad to not be able to try it out.""]",11.58620894420892,The available reviews do not provide enough information to answer this question.,True,274.3619999382645
G_053,REC_053,B001AEZIY8,Toys_and_Games,long,descriptive,pc,3,I'm looking for an X-Wing for my Dagobah themed aquarium.  I need to know if the paint is already on it?  Also are there any metal parts?,There are no metal parts. It is already painted.,KB_00659,0,"[""KB_00642"", ""KB_00645"", ""KB_00654""]","[""The thrusters and blasters were also painted to add a bit of color seperation. Also, it could really do with some panel lines. Revell has incorperated great detail into this model, with many lines all around the hull that can easily be picked out with some paint or a lining marker.As a model kit, it's actually very durable, but I don't reccomend playing with it. As a general rule, models are meant more for display than for play. You have action figure toys for that.Overall, it's a simple, nice, and faithful representation of the classic X-Wing fighter from the original Star Wars Trilogy."", ""I really wanted to get a Star Wars model for a long time, and what better start to simple model building that the X-Wing. Pretty simple to put together, did it in about two hours, filing away the break points and slowly taking my time with it :) The instructions were pretty clear. Well laid out !Now, off to paint it !"", ""Maybe some glow-in-the-dark paint to the engines/cannons.Eventually, I hope to purchase 3 more of this same product, so that I can display them flying in formation (using fishing wire attached to the ceiling).I also purchased the Millenium Falcon model kit from Revell.""]",39.96079205535352,"The paint is not already on the X-Wing, as one reviewer mentions painting it after assembly. There is no mention of metal parts in the reviews.",False,372.88341694511473
G_054,REC_054,B004G32WA8,Toys_and_Games,short,yesno,pc,3,can it hold 5 racks,[UNANSWERABLE],,1,"[""KB_00671"", ""KB_00675"", ""KB_00674""]","[""It does hold everything as stated ( racks, pushers and tiles)  The soft zip bags for the tiles are great."", ""This case has 2 soft internal cases for the tiles and a tote that holds extra tiles and chips leaving plenty of room for my 4 racks ."", ""Will consider looking into case for racks as mine are wood and I don't want them to break if I drop the case.""]",11.78154197987169,The available reviews do not provide enough information to answer this question.,True,120.91708299703896
G_055,REC_055,B00DJ4PJ64,Toys_and_Games,long,descriptive,pc,3,Are these Lego Mini figures the same type of figures that come in all the Lego sets? or are these those rubbery type of figures?,They are the same kind as in all the regular Lego sets. Not rubbery.,KB_00680,1,"[""KB_00691"", ""KB_00697"", ""KB_00700""]","[""The mini-figures are cool and he can add those to his many Lego Star Wars sets after the holiday."", ""However, kids loved the mini figures and there was a lot of product for the price."", ""Received my 2013 Lego Star Wars Advent Calendar the other day, and thought I'd put together a quick review for those who might also be considering getting one.  As with the previous Lego Star Wars Advent Calendars, one of the best parts about this one is that it included NINE mini figures (including the EXCLUSIVE Santa Jango Fett figure).  In addition to this exclusive figure you get, Young Boba Fett (nice that they kept the family together for the holidays!), Scout Trooper, R5-F7, Rebel Commando, Clone Trooper, Battle Droid, Geonosian Pilot, and FA-4. I'm a big fan and avid collector of Lego Star Wars Mini Figures, so it's great to see so many figures again. And, I think they did a nice mix of original trilogy and prequel (though I always prefer more original trilogy when possible).You also get some new and nice new ships etc. from both the original trilogy and the prequel. I'm always amazed how they can make some of these ships/items look so good using so few small pieces each.  Not always perfect, mind you, but always good enough that you can tell what it's supposed to be (and often much better than that).Since there were a lot of complaints about the fewer pieces and higher price in last year's, I thought I'd also note that the Lego 2013 Star Wars Advent Calendar increased the number of pieces and decreased the price this year (last year there were 234 pieces and the MSRP was $49.99, this year there are 254 pieces ant the MSRP is $39.99). This is more in line with the first (2011) Lego Star Wars Advent Calendar (which contained 266 pieces and also had an MSRP or $39.99), and feels more reasonable in general, especially when you can sometimes get it on sale for even less than this.So, whether you collect Lego advent calendars, Lego Star Wars sets, Lego Star Wars mini figures, or some combination of these, I think you'll find something worthwhile about this set.  Not to mention they are a blast to open when the holidays finally get here (I've really enjoyed it the past two years, and am glad I'll get to make it three years in a row).""]",35.36895907018334,The available reviews do not provide enough information to answer this question.,True,279.4367080787197
G_056,REC_056,B003TO4YYC,Toys_and_Games,short,descriptive,pc,3,What is the counter height?,"The counter is 21"" from the ground.  The top of the fridge section is 3' from the ground.",KB_00712,1,"[""KB_00715"", ""KB_00713"", ""KB_00714""]","[""It doesn't have any \""counter space\"" so we put a little end-table next to it for our daughter to \""prepare\"" her food."", ""The \""granite\"" counter, while obviosly not real granite, has a cute, counter top like finish and doesn't look cheesy."", ""It is made out of engineered wood with a wood-grain looking finish, and the black and white counter top is realistically styled to look like laminate, corian or granite counters.""]",14.899041969329119,The available reviews do not provide enough information to answer this question.,True,253.51562502328306
G_057,REC_057,B000HCL94W,Toys_and_Games,short,descriptive,pc,3,what size batteries,3 double As,KB_00727,1,"[""KB_00738"", ""KB_00736"", ""KB_00727""]","[""After reading other reviews, I'm guessing that the model has changed slightly, since the batteries are now easily located in a hidden pocket right along the horse's mane."", ""It even still has the original batteries in it."", ""You can see the full specs on this toy at the manufacturer's website at [...]This toy requires 3 double AA batteries to work. So, if your sound stops working check to see if the batteries need replacing. The battery pack is located where the on off switch is on the underneath side of the horse. This is a very good play horse for kids age 18 months to 4 years. I feel it develops leg muscles and teaches coordination of movement. It also teaches horse sounds, associating the sound with the animal.""]",37.12116600945592,The toy requires 3 double AA batteries to work. This means it needs 6 AA batteries in total. The batteries are located near the on/off switch on the underneath side of the horse.,False,385.87779202498496
G_058,REC_058,B005V2LJS4,Toys_and_Games,long,descriptive,pc,3,"Is this the original, Japanese release (Samurai Sentai Shinkenger branding), or the western release (Power Rangers Samurai branding)?","western most likely. there's really NO difference either way though, only a small logo on the backside of the box and a changed name on the instructions. If I were you, I'd take the plunge and get it, it's only 15 dollars for a premium grade action figure. American release but the same Japanese quality, accessories, and construction.",KB_00742,0,"[""KB_00742"", ""KB_00754"", ""KB_00756""]","[""Was not specific enough in descriptions. Product was not entirely Japanese super sentai figuart, with Japanese instructions, etc. It was the US import of the Japanese Figuarts and had english instructions and Power Ranger logo, etc."", ""It was the US import of the Japanese Figuarts and had english instructions and Power Ranger logo, etc."", ""I hope Bandai Tamashii Nations makes more figures of the other Power Rangers/Super Sentai teams.""]",12.323291972279549,"This is the western release, as it has English instructions and the Power Ranger logo. The product is a US import of the Japanese Figuarts. It is not the original Japanese release with Samurai Sentai Shinkenger branding.",False,440.14208402950317
G_059,REC_059,B00C1TV1F6,Toys_and_Games,short,descriptive,pc,3,how big is it,[UNANSWERABLE],,0,"[""KB_00767"", ""KB_00766"", ""KB_00770""]","[""The facial features and the attention to body detail give this toy a extra * as desirable for a TFP collection."", ""The toy is one of my faves from the Beast Hunter series.The shipping box and toy carton were damaged, but the toy was okay."", ""My only regret is the damage to the carton as a collector I prefer to keep my collection MISB and the damaged box will reduce the toy's overall value in the future.Now, as for the toy itself, this is one of the best looking toys from the TFPrime line imho, and the 'bulked up' version with wings from Season 3, Beast Hunters.""]",36.59758297726512,The available reviews do not provide enough information to answer this question.,True,230.75854091439396
G_060,REC_060,B000U8SZ4A,Toys_and_Games,medium,yesno,pc,3,"are the buttons labeled, i.e. ""Undo"" or ""Highest Score"" , etc.","There is a button to show ""Highest Score"", but when you need to change batteries, everything goes back to zero till the next game is played. There isn't an ""Undo"" button.",KB_00776,1,"[""KB_00789"", ""KB_00788"", ""KB_00791""]","[""Not only does this version not have an undo button but we've played over 100 times and none of us have scored more than 200 points."", ""Our old games had the undo button, which this model does not have ~ bummer."", ""All it really needs is an undo button.""]",13.622459024190903,"The reviews do not mention labeled buttons, but they do mention the absence of an ""undo button"". The available information does not specify if other buttons, such as ""Highest Score"", are labeled.",True,397.47079100925475
G_061,REC_061,B00GD0N9AO,Health_and_Personal_Care,long,descriptive,pc,3,any body know how well this chair would work for a knee replacement in comparison to the transfer bench? thank you :),[UNANSWERABLE],,1,"[""KB_00801"", ""KB_00794"", ""KB_00797""]","[""I read a lot of reviews and chose this chair. It worked perfect , easy to put together. I broke my leg so I was just looking for a chair to use for a few months. I could't be happier with the product, good value."", ""I had knee replacement surgery and my surgeon and physical therapist advised that I purchase a shower chair. I was more than pleased with this chair. It was very reasonable, is very sturdy (holds up to 300lbs! ), was easy to put together and is very comfortable. I highly recommend this chair! It also arrived very quickly."", ""It served the purpose well and it got me thru my disabled period. I would suggest this seat to others.""]",17.06354191992432,"This chair worked well for a customer who had knee replacement surgery, with their surgeon and physical therapist advising its purchase. The chair is sturdy, easy to assemble, and comfortable, making it a good option for recovery. It is recommended over a transfer bench, as there is no mention of any issues with using the chair for this purpose.",False,396.0527499439195
G_062,REC_062,B004H7GB9G,Health_and_Personal_Care,long,descriptive,pc,3,Can the pill be cut in half so you're only getting 5000 mg?,"For the question posted by Sylvia Z. .. first it is micrograms/mcg, not milligrams/mg; very big difference. Web MD and the Mayo Clinic recommend 30mcg and 30mcg-100mcg daily, respectively. 300mcg = 100% of the daily value intake for Biotin. Even if you quarter these pills, you will still be getting 2,500mcg daily which is well beyond the recommended dose.  I have used a half pill off and on with no ill side effects. Also, quartering them will make them last longer.",KB_00805,1,"[""KB_00808"", ""KB_00806"", ""KB_00804""]","[""After first use I noticed that the product brought me a fast heart bit, but the dosage was too strong for me, now I just cut the pills in half-and I have no problems after that."", ""I ordered this product around a week ago, as soon as I received it I immediately began taking it. I cut the pill in half because I wasn't too sure on taking the maximum dosage. I am a nail bitter and within days of taking this, my nails were growing rather quickly :) I am extremely surprised with how well this product is working and will continue to use it."", ""I cut these pills in half and take half a pill a day (5,000mcg = 5g). I've been taking biotin for over a month and I think my nails feel stronger.""]",17.35866698436439,"Yes, the pill can be cut in half to reduce the dosage to 5000 mg. Users have reported cutting the pill in half and taking it without any issues. This allows for a lower dosage of 5000 mcg, which is equivalent to 5g.",False,398.0747909517959
G_063,REC_063,B004F4PR6Y,Health_and_Personal_Care,medium,descriptive,pc,3,Does this come with a shader gun?,"this comes with two "" amateur""  machines at which they can be tuned  for shading or lining.",KB_00822,1,"[""KB_00822"", ""KB_00818"", ""KB_00821""]","[""when i got it only one gun worked and the gun to shade in tattoos didnt and still doesnt work i tryed to fix it but couldnt !"", ""I guuss for the price the kits is ok. The down side to it is that it comes without instructions on how to put the guns together and does not give you any tattoing tips. It does come with a dvd but the set up makes it very hard to actually find the file to watch it onces its in the dvd player, and the kit on the dvd is NOT the kit you are ordering here. Its for a much different kit with a lot more items."", ""everything came as described with the package  only problem i am having is that the power supply is not sending power to the gun""]",13.036416959948838,The available reviews do not provide enough information to answer this question.,True,230.7626249967143
G_064,REC_064,B000OR5P5Y,Health_and_Personal_Care,medium,descriptive,pc,3,Has anyone tried this on wool coats?,"Yes... on my wool and cashmere coat, and another 100% wool coat. It works! Just follow the directions. Very easy! :)",KB_00829,1,"[""KB_00832"", ""KB_00826"", ""KB_00829""]","[""I use this for all my wool and cashmere knit sweaters, gloves/hats/scarves, blazers, skirts, and even my cashmere winter coats that I used to ship off to the dry cleaners several times throughout the fall and winter seasons. Everything comes out super clean, soft, and nicely scented (would take cedar smell over weird dry cleaning odors any day). The big plus is that I save a ton by no longer needing to dry clean."", ""I tried this instead of baby shampoo and like the subtle cedar sent. It was very gentle and a capful does a couple sweaters. I used it on wool, cashmere, and blends that I didn't trust I dry clean."", ""Tried it on my off white cashmere sweater and it worked great. Left it soft and clean. Better than the dry cleaners.""]",11.24862500000745,"Yes, someone has used this product on wool coats, specifically cashmere winter coats, with successful results. The coats came out clean, soft, and nicely scented. This has also been used on other wool and cashmere items, such as sweaters and gloves.",False,423.426041030325
G_065,REC_065,B006GA21IW,Health_and_Personal_Care,medium,descriptive,pc,3,what is the max weight it can hold?,[UNANSWERABLE],,1,"[""KB_00837"", ""KB_00839"", ""KB_00836""]","[""it's sturdy but the edges of the seat were sharp and hurt my legs so my husband sanded them round . Problem solved."", ""You get what you pay for. It looks good .. and I kind of wish that the height is adjustable so that it can sit in the shower which the floor isn't flat. But it is definitely not that sturdy and some of the pre-drilled holes don't line up."", ""quick shipping, came in good condition - holes did not line up correctly, so had to do some adjustments to get the bench together. Very sturdy - would purchase again.""]",12.784000020474195,The available reviews do not provide enough information to answer this question.,True,230.22866703104228
G_066,REC_066,B001DAYJOY,Health_and_Personal_Care,short,descriptive,pc,3,Is this red maca,[UNANSWERABLE],,1,"[""KB_00845"", ""KB_00850"", ""KB_00851""]","[""Maca (particularly Red) is reputed to provide energy, sex drive and stamina. In capsule form, Maca can be nice as the raw powder can taste pretty bad. NOW is a well known health food maker. Regrettably, I felt nothing from this compound. Everyone is different so your experience may be different but this was a &#34;fail&#34; for me. Sorry."", ""Maca is a centuries old product having been used by natives of Peru and now being distributed in the world. It is an energizer products with good results."", ""Love macs especially this brand is awesome! I'm about to get another bottle if your looking into maca this is an excellent choice""]",15.589250018820167,"The product is maca, specifically red maca is mentioned as having potential benefits. The reviews do not provide detailed information about the product's composition or effects, but they suggest that maca is an energizer product.",True,271.7687078984454
G_067,REC_067,B003DLZ0OE,Health_and_Personal_Care,short,descriptive,pc,3,How does it work?,"Per the picture, you lay your neck along the area where there's a ballon. Follow the instructions and it helps restore the natural bend that your neck is supposed to have. Mine doesn't. I've been having neck problems for over a month now and this honestly helps relieve the pain and little by little the pops and pain is beginning to subside. Day 1 - inflate a little just enough to put some pressure on the neck. Release. I do this 6-7 times holding it for 10-15 seconds. then I inflate and lay there for 10-15 minutes. I do this about every other day. I started with one pump and now I'm up to 3 pumps and it's been about 3+ weeks.It's a great tool.I hope if you get it you'll have good success too.",KB_00863,1,"[""KB_00860"", ""KB_00854"", ""KB_00859""]","[""This product does have a great concept but doesn't work at all! Hoping to find relief and what I ended up finding was just a return, cause of no success. Really do believe all these reviews are counterfeits. Just a waste of time. To each its own."", ""Again, does it work? Who knows. But based upon the reviews here I'm not willing to bet that it will."", ""It does work for me, and I feel immediate release and improvement over the a period of time. I don't think it is for everyone. Please check with a professional before ordering stuff like this for yourself.""]",11.851999908685684,"The product is reported to work for some users, providing immediate release and improvement over time, but not for others. It is suggested to check with a professional before ordering. Results may vary from person to person.",False,230.18445807974786
G_068,REC_068,B000E59GTW,Health_and_Personal_Care,medium,descriptive,pc,3,Can this be warmed by boiling or is microwave required?,Microwave only!!!,KB_00864,1,"[""KB_00866"", ""KB_00868"", ""KB_00869""]","[""Used this for sore muscles. only takes 1.5 minutes in the microwave to warm up and it was not too hot to handle."", ""nice and warm on my achy joints! Just one minute in the microwave and I can wrap my sore knees and shoulders in warmth"", ""This heating pad was very poorly constructed. I have used it fewer than five times before it burst open in the microwave oven.""]",16.750416019931436,"The product can be warmed in the microwave, with heating times ranging from 1 to 1.5 minutes. There is no mention of boiling as a warming method.",False,220.81254189834
G_069,REC_069,B00472I1V2,Health_and_Personal_Care,medium,descriptive,pc,3,Does this scale show weight from the last time it was used?,"No it doesn't.   It does a great job of telling you your current weight, but doesn't save it.",KB_00880,1,"[""KB_00875"", ""KB_00878"", ""KB_00883""]","[""It used to show same weight 2 times in a row but when I come in after say 10 minutes without eating or doing anything, the weight just drops down(considerably) and sometimes up. But today it went down about 15 pounds in just 1 day. What a waste of money!Don't buy this scale!"", ""The scale is built from good quality materials (thick glass/metal/plastic). As far as precision is concerned, it is mostly very good. From time to time it will show slightly different weight for the first measurement - the subsequent times the weight will be correct. Don't know what happens the first time, but this happens only occasionally. The fact that I do not have to press any buttons for it to start working (just step on it) is a good feature."", ""This scale is very accurate. I appreciate that it gives me pounds and ounces. It gives the same weight, every time I get on it. (My old scale would have a different weight every time you stepped on, even if it was within a minute of the last time you stepped on it!)""]",17.81783311162144,"The scale does not consistently show the same weight from the last time it was used, as some reviews mention it showing different weights, even when stepped on in quick succession or after a short period of time. However, one review states that it gives the same weight every time. The scale may show a different weight initially, but subsequent measurements are often consistent.",False,436.6022499743849
G_070,REC_070,B00AC6JYXG,Health_and_Personal_Care,medium,descriptive,pc,3,How many carbs are in a serving?,"It depends a little on which flavor.  For the chocolate there a 9 carbs of which 7 are fiber.  There are 0 sugars, and if you are counting ""net"" carbs there are 2.",KB_00889,1,"[""KB_00884"", ""KB_00886"", ""KB_00889""]","[""Tastes good and honestly worked as an appetite suppresent. I was however shocked at how small the bottle is and the fact that it takes two scoops for a serving. They should tell you how many total servings in the container somewhere in the product description (or maybe not, if they did no one would buy it).I originally ordered this to save money over buying atkins shakes in the store; as it turns out, these are 3x-4x as expensive per shake."", ""I looked hard for a product that was low in carbs (I don't do sugar), and chemicals. It cost more than some other protein shakes out there, but the quality and taste is first class."", ""this is a great product. It is very low in calorie, ya take 2 scoops mix it with cold water, add a little ice in the blender if you like it a bit frozen and blend it up. It is a good meal replacement. When dieting, one of these is usually my lunch for the day and they are pretty fulfilling. Chocolate and Vanilla are both good, the spiced chai is ok if you like that sort of thing, I drank it but prefer the chocolate or vanilla.""]",12.31729204300791,The available reviews do not provide enough information to answer this question.,True,123.599375016056
G_071,REC_071,B002CQU51O,Health_and_Personal_Care,short,descriptive,pc,3,fishy taste?,[UNANSWERABLE],,0,"[""KB_00896"", ""KB_00897"", ""KB_00901""]","[""This fish oil is expensive, but has really improved my dry eye problems. I have had dry eye problems for several years. I wear contacts and had given up wearing them most of the time, wearing glasses instead. After taking the Nordic Naturals vision for about three weeks, I noticed a big change in the amount of moisture in my eyes. I now wear my contacts the majority of the time."", ""So I ordered more and it has really made a difference. I'll keep taking it for as long as I need it. It feels wonderful and really helps. I'm down to just the occasional drops at night and in the morning."", ""Not sure yet as have not taken it long. But so far have not seen anything better in may eyes.""]",12.132333009503782,The available reviews do not provide enough information to answer this question.,True,130.25891594588757
G_072,REC_072,B008D5YG3G,Health_and_Personal_Care,medium,descriptive,pc,3,Ho many hours / watts will a get from this battiers,"it depends on what you are running. if you only run one 100w light bulb, it will run out of jouice after 10-15 hrs.  if you light up 10 lights you'll run out of power in an hr. the 35 ah. stands for 35 ampe hr. so the more amps. you use the faster the battery will deplete. i have 7 of these battiers and when fully charged will power my computer, refrig. tv, vcr/dvd player, printer, all at the same time for 4-5 hrs. bottom line the more battiers the more you can power.",KB_00906,0,"[""KB_00905"", ""KB_00904"", ""KB_00911""]","[""Charged it to 12.7 volts over 24 hours and was only able to run 300 watts about 1.5 hours till it was 10.6 volts and dead. Hopefully will work better once broken in a bit but of course batteries usually don't improve much"", ""=)I had set the tv for 120 minutes because I knew that I should get about 2.5 hours of power from the battery for that tv before getting to the 50% mark.It uses 80 watts; 80/12v = 6.7amps34Ah/6.7 = 5 hours."", ""It looks good except the handle broken at contacting with the body easily. It is still under test for 50w solar charging. It could handle 40w led rope for 4 hours in AC.""]",12.677541933953762,"The battery can run 300 watts for about 1.5 hours and 40w led rope for 4 hours in AC, and is expected to power an 80-watt TV for about 2.5 hours before reaching the 50% mark and up to 5 hours in total.",False,381.6653750836849
G_073,REC_073,B0010L1KSY,Health_and_Personal_Care,long,descriptive,pc,3,"Which cover is made for the 15"" x 24"".  It is not apparent.",[UNANSWERABLE],,0,"[""KB_00914"", ""KB_00916"", ""KB_00915""]","[""This is a high quality, thick cover for the hydrocallator. Just like the kind they have at PT. I'm completely satisfied."", ""I thought for the price, there would be something inside it to heat. It was just a piece of fabric. I was very displeased. The shipping said 8 lbs. So something else should have been with the package."", ""It's necessary for putting steam packs in and makes it less likely to burn you. It's very comfortable to wear.""]",28.37087505031377,The available reviews do not provide enough information to answer this question.,True,215.80479096155614
G_074,REC_074,B00014WCJ2,Health_and_Personal_Care,medium,descriptive,pc,3,Where is it made / manufactured?,[UNANSWERABLE],,0,"[""KB_00917"", ""KB_00921"", ""KB_00919""]","[""This product uses CreaPure creatine as its raw material, a branded raw material manufactured by Degussa AG Trostberg (formerly SKW) in Germany and licensed as a pharmaceutical would be there. Optimum Nutrition is one of only a few brands in North America that use only CreaPure raw material, and likeUniversal Micronized Creatine Monohydrate, 1000-Gram Tubis an exceptionally good value for this expensive raw material in a supplement market dominated by cheap Chinese and other amateur manufacturers."", ""ON is the shiznit. Period. This stuff is COMPLETELY tasteless.. you can drink it in a sliver of water and I dare you to taste a thing. Dissolves instantly.. you can dip your finger in it and its like a micropowder. What more do you want? Highest quality, great price. Do it."", ""Subsequently, I've bought several of the few products that use exclusively CreaPure, and found them to be similarly free of these widespread off-flavors. There is still no proof that the common creatine contaminants responsible for these flavors (dicyandiamide or dihydrotriazine) are harmful -- but why anyone (let alone a life extensionist!)""]",12.17070803977549,The CreaPure raw material is manufactured by Degussa AG Trostberg in Germany. The final product's manufacturing location is not specified.,False,227.35249996185303
G_075,REC_075,B004T3QT68,Health_and_Personal_Care,short,descriptive,pc,3,ac adaptar,It uses batteries.,KB_00930,0,"[""KB_00930"", ""KB_00929"", ""KB_00924""]","[""Very simple to set up-Does not include batteries, so have 3 triple A's ready! Would definitely recommend. Good price, seems to be accurate."", ""Very useful product at great price! My doctor uses same monitor in his office. This was a better bargain than the store brand."", ""item arrived as described, new. just make sure you have a good fit at the distal end near the elbow, especially when someone has a relatively large upper arm vs arm area near elbow""]",11.734541971236467,The available reviews do not provide enough information to answer this question.,True,128.80045804195106
G_076,REC_076,B00FAB10ZI,Health_and_Personal_Care,long,descriptive,pc,3,"Hi,..did anyone receiced the spurilina tabs all bunched up & stuck together like gummy bears ? Is this normal? I hope it's not defective.",Mine were not like that. I'd probably return them...,KB_00932,0,"[""KB_00931"", ""KB_00933"", ""KB_00940""]","[""The tablets are small, and easy to swollow, I do like the idea of dealing with a &#34;two-for-one&#34; simple product."", ""These are very convenient in tablet form because I can munch on them. I also like that they put both Chlorella and Spirulina into them so I get a good balance of benefits.If youa re blending a smoothie, tablets are fine. I also have a powder, however, if I'm putting it into a glass of juice and stirring it with a spoon, and skipping the blender.High quality is a concern considering the pollution these days."", ""Very pleased with the tablets, lets you build up your level at your own pace, will be getting more when the supply runs low""]",35.85333295632154,The available reviews do not provide enough information to answer this question.,True,120.54729205556214
G_077,REC_077,B00HFQQ0U6,Health_and_Personal_Care,long,yesno,pc,3,can this be used by two people.  Does it come with two tips?,"Yes, mine came with two regular tips and on fine point tip for periodontal pockets whatever that is.",KB_00941,1,"[""KB_00942"", ""KB_00941"", ""KB_00944""]","[""This water pic is great, it has different power settings and it come with 2 types of tips. All i use is just one type of tip. If you have regular teeth and don't need anything special then one tip is all you need."", ""Works fine for me, a bit loud, , but I'm just getting used to using it. Good for two a couple or a single. A family would need more tips"", ""I also like the fact that with Waterpik you get a handle with the capability of rotating the tip with your finger by rotating the knob on the handle versus using your hand to rotate the entire handle. It came with 3 tips including a pik pocket which is great for your gums.Overall I am happy. Now we will just have to see how long this unit lasts. It does come with a 2 year warranty.""]",12.840209063142538,"The product comes with multiple tips, with one review mentioning 2 types of tips and another mentioning 3 tips. It can be used by two people, but a family may need more tips.",False,265.4059580527246
G_078,REC_078,B005OYDID8,Health_and_Personal_Care,medium,yesno,pc,3,is the battery a lithium ion?,[UNANSWERABLE],,0,"[""KB_00951"", ""KB_00952"", ""KB_00955""]","[""Although this is a good machine, the battery on it isn't good at all, because it's running on a cord (charger) I would recommend this machine to my friends."", ""Run at least two cycles like this and you battery has the capability of max charge. Excellent product - Will buy another when this one wears out in probably six or eight years. . ."", ""this replaced a 10 year-old Panasonic wet/dry shaver. the shave: very close to my skin on its 'out-of-box' setting. i have asian hair (very strong and straight), and this shaver, while it does require a razor for my usual spots for touch-up, puts the Panasonic to shame in terms of closeness. i received mine on sept 5  AND I HAVE YET TO CHARGE IT AFTER TAKING IT OUT OF THE BOX.""]",9.692916995845735,The available reviews do not provide enough information to answer this question.,True,153.85466697625816
G_079,REC_079,B003PFNSLK,Health_and_Personal_Care,long,descriptive,pc,3,Does anyone know if this is a nebulizing or an ultrasonic diffuser? Thanks!,[UNANSWERABLE],,1,"[""KB_00966"", ""KB_00978"", ""KB_00977""]","[""This is a fantastic diffuser. Looks great! Very quiet operation. Diffuses the scent as it should. Lasts long enough for me."", ""This is the first diffuser i have ever purchased."", ""This was my first diffuser.""]",13.322667102329433,The available reviews do not provide enough information to answer this question.,True,221.08620801009238
G_080,REC_080,B002TRL9AM,Health_and_Personal_Care,medium,descriptive,pc,3,Are the hair of the broom soft or firm?,"The bristles are soft, yet firm enough not to be matted or quickly worn from frequent use. It is the best broom we have had for our hardwood floor",KB_00982,1,"[""KB_00995"", ""KB_00982"", ""KB_00985""]","[""I like a very soft bristle broom, and the corn brooms are just too stiff for me."", ""I love this broom. The bristles are soft enough to pick up lint, and firm enough to push together all other floor debris. I am using it on tile and hardwood floors."", ""I've spent years and more $$$ than I care to think of trying to find the perfect broom for wood floors, and I'm pleased to report this one is it! I like a very soft bristle broom, and the corn brooms are just too stiff for me. The southeast Asian brooms are soft enough, but they fall apart in what seems to be a matter of days -- what is the point of a broom where you have to continually sweep up the broom straw? The wood is handsome, but I did deduct a star because of the initial challenge presented by installing the head on the handle.""]",16.262875054962933,"The broom's bristles are soft enough to pick up lint, but also firm enough to push together other floor debris, striking a balance between softness and firmness. They are softer than corn brooms, which are considered too stiff by some users. This softness makes them suitable for wood floors and other delicate surfaces.",False,345.251000020653
G_081,REC_081,B000FVM8C2,Health_and_Personal_Care,medium,descriptive,pc,3,is this the 60 or 120 capsule bottle?,120 capsules,KB_01013,1,"[""KB_01013"", ""KB_01003"", ""KB_01006""]","[""Last time I bought my oxy-powder, Im pretty sure it was in a larger bottle although it was 120 capsules."", ""I bought it because it said its from global healing but I just received mine and it said its from some Chinese guy. I'm VERY SKEPTICAL when it comes to things that are from China. They are the country of replica. Last time I bought my oxy-powder, Im pretty sure it was in a larger bottle although it was 120 capsules. This new oxy-powder I received today, the expiration date has been smudged. I'm giving more stars than I should only because I'm not 100% sure if this is legit or not."", ""You should be going between 3 - 5 times per day and the reaction should be gentle, not harsh. What the label doesn't say is that for some people the optimum dose is less than 4 capsules. For most of the people who have trouble and give this product a bad review, it's because they are more sensitive to it and they need to take the dose down to 2 - 3 capsules at first. For some people it's just one capsule that does it! So if your system overreacts, don't give up on the product, just try taking less and be patient.The fact that it oxygenates your system means that there are many other benefits at work and this product can potentially alleviate many chronic health problems besides digestive ones.""]",15.698792063631117,The available reviews do not provide enough information to answer this question.,True,308.79387503955513
G_082,REC_082,B0009EIMW0,Health_and_Personal_Care,long,descriptive,pc,3,im going to las vegas and im looking for good insoles that i could use to walk the strip. would these be good or any suggestions?,I use them every day. I walk a lot and replace every 6 to 8 weeks. I think you'll like them,KB_01033,1,"[""KB_01041"", ""KB_01034"", ""KB_01043""]","[""These insoles seem pretty solid, but they are going to be taking a lot of abuse, so how well they hold up in the long run will be interesting to find out."", ""these things are great if you  walk around a lot. absorbs shock and work better than any other insole. would highly recommend."", ""He always order this brand and very happy with them.My husband  suffers from hill spour and thode insoles keeps him going throughout the day.""]",31.073749996721745,"These insoles are great for walking and absorb shock, making them a good option for walking the strip in Las Vegas. They are highly recommended by reviewers who walk around a lot. They may be suitable for your needs, but their long-term durability is unknown.",False,318.9492500387132
G_083,REC_083,B008NIHE78,Health_and_Personal_Care,long,descriptive,pc,3,Is this easy to use? and are there a lot of test? Like strips and chemicals? I have a zero pitcher.Alkaline water is so much better though!!!,[UNANSWERABLE],,0,"[""KB_01055"", ""KB_01047"", ""KB_01048""]","[""I imagined with I purchased this filter that I would be waiting eons for a pitcherful of alkaline water, but this thing works fast."", ""I imagined with I purchased this filter that I would be waiting eons for a pitcherful of alkaline water, but this thing works fast. The water tastes great and it makes tea and coffee taste that much better. Highly recommended."", ""I love this pitcher I use filtered water I buy in the 5 gallon jugs to make the filters last longer. It seems my thirst for this invigorating water has increased since I started using it. Almost like my body craves it because it is so good for my ph.""]",31.924209091812372,"The product works fast and makes water taste great, but there is no information about the number of tests, strips, or chemicals. The available reviews do not provide enough information to answer the question about the amount of tests or chemicals.",True,336.2065830733627
G_084,REC_084,B0085A18A8,Health_and_Personal_Care,medium,descriptive,pc,3,are there replacement blades? How easy are they to get?,"There is a paper inside the product that gives you a phone number to call to order replacement parts for the item. It gives you the name shows you the picture of it and gives you the produce number.  You do not get any extra parts with the product, but you do have all the information you need.",KB_01074,0,"[""KB_01082"", ""KB_01078"", ""KB_01076""]","[""We have used several of this type of facial hair trimmer in our house.  To remove a stray hair, tidy up the edge of a haircut, etc.  Usually the store/no name brands we use, while very inexpensive, tend to fail quickly.  I've had some of these $7-$10 trimmers stop working in as short as a week.  Who needs the hassle of returning inexpensive items, mailing them in, etc.  Most of the cheaper trimmers offer a 90 day warranty, at best.  Since shipping for warranty service can cost as much as one of the cheapo trimmers, they are, in essence, disposable.The Panasonic ER-GN25VP, on the other hand, while it costs around $20-$25, is better made than any other trimmer of this sort I have used.  It is backed by a two year warranty.The head on the trimmer is not like a shaver.  So keep in mind this is a TRIMMER.  It is not a shaver, razor, or tweezer type device.  The head resembles the blade on a \""nose hair trimmer\"".  In fact, one of the demonstrated uses in the user manual is for nose hair.The device is sleek and easy to use. The barrel is half white, half metallic fuchsia. It is small, less than 6\"" long, and not much larger than a pen so it is easy to carry/store.  It runs on a single AAA battery.  A battery is not included.  The product package contains the trimmer, a cap for the blade head, a cleaning brush, and the user manual.The device is relatively quiet.  It moves delicately near the skin and doesn't cause discomfort when trimming hair.  I found that it trims neatly and causes no discomfort.  It is effective on eyebrows, nose hairs, ear hair, stray hairs on the face and neck, or stray hair on your haircut.The ER-GN25VP blade is also washable.  You CANNOT wash the entire device.  The head detaches and may be rinsed under water and washed with mild soap.The manual says the ER-GN25VP will run up to a year on a single battery.  Obviously, this will vary with use.There are numerous other products like the ER-GN25VP, and many are less expensive.  However the ER-GN25VP appears to be more durable, more reliable and works as well, and typically better than other trimmers of this type."", ""The tool is easy to take apart to clean and I have not had to replace the battery yet."", ""Trimmer did exactly what it was stated to do - perfect for removal of upper lip hair and also easy to shape ones eyebrows.""]",12.769749970175326,The available reviews do not provide enough information to answer this question.,True,353.1286659417674
G_085,REC_085,B004TTW2VI,Health_and_Personal_Care,medium,descriptive,pc,3,How do you know what size?,"If you read the product description, it will give you the sizing. I measured 1 inch above my knee, which was 16"" so according to the sizing chart,  I bought a large. Perfect fit.",KB_01101,1,"[""KB_01093"", ""KB_01084"", ""KB_01083""]","[""'s just had to gety right size I measured 14 ordered med it was always sliding down got a small it is about right just washed my med in washer and dryed on high heat now it fits better I know it says to hand wash and let dry but I figured I try it anyway instead of just letting it lay around no damage and I can wear it now"", ""Really helped my knee. 's just had to gety right size I measured 14 ordered med it was always sliding down got a small it is about right just washed my med in washer and dryed on high heat now it fits better I know it says to hand wash and let dry but I figured I try it anyway instead of just letting it lay around no damage and I can wear it now"", ""I love this product but wich it came in just one size bigger. I would purchase two if it came in one size bigger. Pro-tec let me know if you ever make it in a XX-Large""]",11.055792099796236,"You can determine the right size by measuring, as the reviewer measured and initially ordered a medium, but found a small to be a better fit. The product's sizing can be verified through measurement.",False,343.6905830167234
G_086,REC_086,B001CWT4JI,Health_and_Personal_Care,medium,descriptive,pc,3,Mine quits working on me. What should I do?,"Scarlet...Try cleaning your SinuPulse machine with a reservoir of warm water & a little vinegar. Make sure to rinse it at least twice. You could have some calcium & sodium buildup in the pump mechanism. When making your saline solution for your sinus flush,make sure you use USP grade fine saline mix. It dissolves completely. Also,make sure when making your solution that you use nothing but DISTILLED bottled water. If this doesn't work,call the Sinupulse company. They do stand behind their produce. Good luck!",KB_01112,1,"[""KB_01114"", ""KB_01123"", ""KB_01112""]","[""I have had mine for several months and it is working fine."", ""This only worked for 11 times before it quit working.I loved the machine for the short time that it worked."", ""Sort of a water-pik for your nose and takes a bit of getting used to - shooting water up your nose.But flushing your sinus' everyday relieves many/most of the symptoms.Don't use plain water as it's very irritating; 250 salt/baking soda packets are $10 at Costco - cheaper than elsewhere. Yes you can mix your own but at 4 cents each, I have better things to do.And flush it regularly with plain water to keep residue from building up - I've had mine for more than a year with no problems.Use it before jumping in the shower as the solution will run out of your nose for a few minutes.So, here's a gizmo that really works - at least for me.""]",11.959749972447753,"The available reviews suggest flushing the device regularly with plain water to keep residue from building up, which may help prevent it from quitting working. One reviewer has had theirs for over a year with no problems by following this maintenance routine.",False,401.158667053096
G_087,REC_087,B0036WTV2C,Health_and_Personal_Care,long,descriptive,pc,3,"my son is 7 years old and grinding a lot, I wonder whether this one will be too big for him or not? Anyone use this on a junior? Thank you!","I wouldn't recommend a NG for a 7 yr old unless your dentist does. He is likely grinding because his jaw is growing & he has primary & adult teeth trying to fit together. Most kids will outgrow the grinding. If he is having jaw pain due to it, see your dentist. This size is too big for a 7 yr old.",KB_01136,1,"[""KB_01136"", ""KB_01126"", ""KB_01144""]","[""You have to change them every couple of months, so growing jaws and missing teeth aren't a problem.My kid is 6 years old, so I just trimmed off about 3/8 of an inch off the rear molar area on each side so it wouldn't be too big."", ""After going to three different dentists searching for a solution to my child's chronic night time teeth grinding, I was so desperate I bought this. There wasn't one dentist who would make a bite guard for a child because &#34;their mouths are changing so fast.&#34;  Of course, that makes sense. But, that's exactly why these are so great. You have to change them every couple of months, so growing jaws and missing teeth aren't a problem.My kid is 6 years old, so I just trimmed off about 3/8 of an inch off the rear molar area on each side so it wouldn't be too big."", ""This is my first experience with a mouth anti-grinding guard, so I may have problems with the device that anyone who already uses such device may no longer experience.""]",32.13241696357727,"The product can be used for juniors, and for a 7-year-old, trimming about 3/8 of an inch off the rear molar area on each side may be necessary to fit. The product's design allows for adjustments as the child's jaws grow. It is suitable for growing children as it needs to be changed every couple of months.",False,481.5549160121009
G_088,REC_088,B000RZAIV4,Health_and_Personal_Care,long,descriptive,pc,3,"i am a vegetarian, and i have done some research on whether whey protein vegetarian, and i got mixed answers, but most of them saying it depends on the processing.so can you  help me understand if this is a vegetarian protien or not , and why ?",[UNANSWERABLE],,0,"[""KB_01153"", ""KB_01152"", ""KB_01148""]","[""It's whey isolate and a quality whey isolate with added vitamins at that..."", ""I don't understand why the guy below me rated it with 2 stars since he has never tried it and protein shakes are never the best tasting thing out there anyways.?"", ""I don't understand why the guy below me rated it with 2 stars since he has never tried it and protein shakes are never the best tasting thing out there anyways.? The product is very good but man its retail value is expensive! I decided to give the product 4 stars instead of 5 since its so expensive.""]",28.8877080893144,The available reviews do not provide enough information to answer this question.,True,222.994374926202
G_089,REC_089,B000AAAVZE,Health_and_Personal_Care,medium,descriptive,pc,3,Will this work on man pubes?,"As a girl, I couldn't say for sure but my guess is a big NO! This did not work for me at all - anywhere!",KB_01171,0,"[""KB_01174"", ""KB_01167"", ""KB_01177""]","[""Which is to say, if you are a dark-skinned male with coarse hair it probably will not work well for you and cause you mild to moderate annoyance trying."", ""Which is to say, if you are a dark-skinned male with coarse hair it probably will not work well for you and cause you mild to moderate annoyance trying. It's for finer hair and skin."", ""They don't work on underarm hair, bikini area or legs which is disappointing.""]",10.663042077794671,"The product is intended for finer hair and skin, and may not work well for coarse hair, such as man pubes. It is also mentioned that it doesn't work on areas like the bikini area, which suggests it may not be suitable for pubic hair. This implies it may not work well on man pubes.",False,476.1867090128362
G_090,REC_090,B0069SQQ2I,Health_and_Personal_Care,long,yesno,pc,3,can I add this to wool dryer balls to help my laundry smell better?,Yes,KB_01182,1,"[""KB_01190"", ""KB_01182"", ""KB_01195""]","[""I bought this oil to use on homemade wool dryer balls and it works great."", ""I bought this oil to use on homemade wool dryer balls and it works great. It leaves a nice light lavender scent on my clothes without leaving behind any kind of oil spotting. It's also safe to use mixed with vinegar as a fabric softener for the washer. It leaves behind a scent that's detectable, but not overpowering. The seller, Plant Therapy Essential Oils, also sent me a jar that had a bonus .5 fl oz in it!"", ""I wash/process raw wool fleece and put a few drops of this into the rinse water.""]",15.200625057332218,"Yes, you can add this oil to wool dryer balls to help your laundry smell better. It leaves a nice light scent on clothes without leaving oil spots.",False,296.6155830072239
G_091,REC_091,B003L16V9E,Home_and_Kitchen,medium,descriptive,pc,3,is the combination color  lime green or sage,more of a sage green. It is really beautiful. I have found this same set on other sites for $2-300.,KB_01201,1,"[""KB_01200"", ""KB_01205"", ""KB_01204""]","[""The &#34;sage&#34; is better described as lime green. Sticthing between colors gaping upon opening. After the first washing, all stuffing has balled up into three clumps...not repairable. very disappointed! !"", ""I wish the green matched my green walls but it did not so I am returning. The quality is very good and I even like the kelly green, but it just does not work in my room."", ""I really love this bedding - it is light weight enough to use all year and looks stylish with great material. The green is a lime and as bright as the picture and the brown is dark chocolate. Has the European shams, shams, decorative pillows, skirt and comforter for a great price! If you like to get new bedding every few years this is a great buy and a sweet way to update a bedroom!""]",11.407583951950073,"The combination color is lime green. The reviews consistently describe the green color as lime green, with one review even stating that the described ""sage"" is actually lime green.",False,347.0057910308242
G_092,REC_092,B0012RTMUY,Home_and_Kitchen,long,descriptive,pc,3,"I own this blender, and it is leaking from the bottom of the container (where the blades attach). Does anyone know how to repair this?","Same thing happened to me and it cannot be repaired....the entire jar must be replaced. Call kitchen aid, they offer a one time courtesy replacement jar even if your blender is out of warranty. I have retired mine from smoothie making and purchased a ninja ultima.",KB_01214,1,"[""KB_01210"", ""KB_01211"", ""KB_01215""]","[""I had this blender for about three years and absolutely loved it. Easy to clean. Strong and sturdy base. Chewed up anything I put in it. I make smoothies a couple times a week and it handled frozen ingredients easily. However after three years, the blender began leaking around the bottom nut, as other reviewers have said. Apparently there is no recall and I wish there was. Sure wish this one had some life to it. Don't know what I'm going to go with for a replacement..."", ""I purchased this blender for morning smoothies for the family. After a few uses the jar started to crack, much like a windshield would if hit by a rock, the cracks started from the four drainage holes at the bottom on the outside of the jar and went inward toward the blades. Soy milk or orange juice would leak out everywhere, I dealt with it for a while because the blender was new and it was a hundred dollars. I made my last angry smoothie and dumped the thing in the trash."", ""I love KitchenAid however I am not happy with this product. After using my blender for around a year, off and on, I noticed that it had developed a leak on the bottom of the polycarbonate jar. When I call KitchenAid they assured me that this was unusual so I went ahead and ordered a new jug. It took months for the new jug to come in and when it did I noticed that they had changed the design on the base. I assumed they fixed the problem.""]",30.307540902867913,"The available reviews suggest that replacing the jar or container may resolve the issue, as one reviewer was able to obtain a new jug with a redesigned base. However, the exact steps to repair the leak are not provided.",False,395.94104106072336
G_093,REC_093,B00DDYH9BS,Home_and_Kitchen,medium,descriptive,pc,3,Is this a 5 qt. Stockpot?,[UNANSWERABLE],,1,"[""KB_01220"", ""KB_01221"", ""KB_01228""]","[""Downsizing the kitchen, needed something smaller than a 5 qt for just the wife and I. This 3 qt pot fits the bill! Just the right size for two or three, No plastic handles so it can go in the oven, nice heavy bottom for even heating."", ""This is not the 365+ Stock Pot from the IKEA website. That pot is 11 quarts volume. This pot is THREE quarts volume, the one called &#34;Pot with Lid&#34; in the 365+ series. Do not buy this if expecting a good stock pot. It's tiny and disappointing."", ""Great size and shape and it works perfectly with my induction cook top. It's just right for a pot of soup for three of us.""]",16.401916975155473,"This is not a 5 qt. Stockpot, it is actually a 3 qt pot. The reviews consistently mention that it is a 3 qt pot, suitable for 2-3 people.",False,330.52658301312476
G_094,REC_094,B003U9T9CI,Home_and_Kitchen,short,descriptive,pc,3,Does it include power cord,yes there is a power cord,KB_01230,1,"[""KB_01234"", ""KB_01230"", ""KB_01238""]","[""When I opened the package as received, there was a very noticeable \""ding\"" on the outer shell of the rice cooker. I almost, almost re-packed and shipped it back. I was not sure about the shipping and handling cost reimbursement and I thought it was too much of a hazzle. So I pluged in and tried the functions. It worked. I kept the rice cooker, but I am not happy about the appearance of the cooker that it is dinged and I am not a happy customer."", ""For some reason, the inner bottom of this rice cooker starts to peel off after I use it for only couple of times. And I often have to wash off these small pieces of metal fragments, with attached power cord, it's not very convenience. For sure it's not stainless steel as the advertisement claims."", ""This is one of the products that I always recommend to my friends.I have another one that I used for 14 years already and still works great. I bought this because this one is bigger and looks great!""]",13.97079206071794,"It includes a power cord, as one reviewer mentions an ""attached power cord"".",False,308.9717080583796
G_095,REC_095,B00BUP5A22,Home_and_Kitchen,long,descriptive,pc,3,Does the charger have contacts that the unit sits on or does the charger need to be plugged into the vacuum?,[UNANSWERABLE],,1,"[""KB_01241"", ""KB_01248"", ""KB_01246""]","[""The more careful you do it, the less dust you get everywhere. There is no mess if you do it properly!The suction on this has been great, I've used it for about 2 months and I don't keep it on the charger, but only when I need to."", ""This is a great hand vacuum. The battery hasn't been affected by the fact that I have it charging all the time. It's sleek & easy to install on the wall. I would definitely recommend this product. NOTE:  I have not used this for wet clean up as of yet."", ""it works as I expected , easy to storage and charge. It does the job...... well this is my first hand vacuum but Im satisfied.""]",31.8434169748798,"The charger has contacts that the unit sits on, as one reviewer mentions the vacuum is ""easy to install on the wall"" and another mentions it's ""easy to storage and charge"", implying a dock or base for charging. The reviews do not mention plugging the charger into the vacuum.",True,454.3776250211522
G_096,REC_096,B005RK8JF6,Home_and_Kitchen,medium,descriptive,pc,3,Can you use oil on this board for doughs ?,My wife uses a little mineral oil to preserve the wood.,KB_01250,1,"[""KB_01254"", ""KB_01256"", ""KB_01255""]","[""I bake a lot - sourdough, baguettes, croissants, rolls, crackers, pie crusts, etc. Having this big board (it is really big!) to put on my counter has made my life so much easier. This is especially great for kneading very wet doughs requiring what I call the &#34;slap and slip&#34; method of kneading."", ""I don&#8217;t know if I need it, but I had one so I have been using it.The board is very substantial. It doesn&#8217;t move, I don&#8217;t have to worry about putting too much pressure on it. I have nothing bad and everything good to say about this board.It is heavy, but I like that. I did season it with cutting board oil before using, very easy to do."", ""Great board,quality is high,size is great!Remember my childhood my Mom using this kind of kneading board,making lots of delicacy.Clean nicely and protect whit recommended oil,and last forever.""]",11.666375095956028,"Yes, you can use oil on this board for doughs, as one reviewer seasoned it with cutting board oil before using and another recommends protecting it with oil to make it last forever. The board can be cleaned and protected with oil.",False,378.23358399327844
G_097,REC_097,B004H2SDTM,Home_and_Kitchen,long,descriptive,pc,3,"I am mostly interested in flax seeds , or linseed. Does it work?",Yes it works,KB_01261,1,"[""KB_01261"", ""KB_01262"", ""KB_01268""]","[""The ultimate in sustainability! I didn't have so much luck with flax seed, I found that it all compacted towards the end but then I emailed the manufacturer and he got back quickly telling me to just add a little water because flax can be tricky."", ""I want to give this a 5 star coz I love my oil press but how do you stop the seed from getting compacted at the end bolt? Is flax seed not good? If so what seed shall I use. When it's working I love it."", ""Once you get the hang of it, no mess will continue and you will be happily spending your evenings squeezing various nuts and seeds. I recommend using peanuts first and not sunflower seeds, as I did. Enjoy! &iexcl;Viva la Piteba!""]",14.28779202979058,"Flax seed can be tricky and may compact, but adding a little water can help. Some users have experienced issues with flax seed compacting at the end, but the manufacturer provides support to resolve the issue. It appears that flax seed can work, but may require some adjustments.",False,458.5802078945562
G_098,REC_098,B005I5DO3M,Home_and_Kitchen,short,descriptive,pc,3,What is the Height?,[UNANSWERABLE],,1,"[""KB_01276"", ""KB_01270"", ""KB_01272""]","[""We needed to raise the height of my Dad's recliner so that he could get up and down without assistance. We wanted to get him a lift chair but he refused. This platform really made a difference. It was very easy to put the recliner on the platform and it is stable and stays in place.I would like to suggest that the description on Amazon should give the dimensions of the platform. I had to call the company to get this info and they were VERY helpful."", ""Great product! I was amazed how much it improved my ability to get out of my chair. I would recommend it to anyone needing more height from their chair."", ""The platform is sturdy and provides just the extra height needed so that a tall person can rise without injury. I have arthritis and could not rise without assistance until I got the platform. I have purchased two and totally satisfied. Pricey, but worth it.""]",11.11724996007979,The available reviews do not provide enough information to answer this question.,True,229.0959160309285
G_099,REC_099,B00A6Z5DK6,Home_and_Kitchen,long,descriptive,pc,3,Can these be used with polymer clay and can you bake the silicone mold?,[UNANSWERABLE],,1,"[""KB_01281"", ""KB_01282"", ""KB_01280""]","[""The silicone is very flexible, and I had no problems making clay molds with this. I see lots of little bows as part of my projects in the future. :)"", ""Yes I could Make these, but was it worth it to pay the couple bucks and have mailed YES YES ....its a very good durable mold, I will be using it for clay."", ""Very nice mold, very adorable. The mold putty was clearly mixed very well, and polymer clay comes out of the mold perfectly.""]",13.62295902799815,"The silicone mold can be used with polymer clay, as reviewers have successfully used it for this purpose. However, there is no information on whether the silicone mold can be baked.",False,322.9130409890786
G_100,REC_100,B0027FFPHO,Home_and_Kitchen,long,descriptive,pc,3,Is the bottom inside the pot steel or ceramic? I want to make sure the herbal will not contacted with steel at all.,"Hi, there is a metal/steel at the bottom inside the pot, I believed it's a heat element.",KB_01295,1,"[""KB_01299"", ""KB_01297"", ""KB_01293""]","[""This cooker is purchased for my wife to cook the traditional Chinese herbal medicine. This machine is well made, performed all tasks described well, and easy to clean."", ""This is the Fifth Herb Pot in FIVE YEARS. I have Bladder Cancer and Chinese Herbs have beena Life Savor. I have tried to find the best Possible Pot, one that is Reliable, Unfortunately This Pot as all the rest4 from this Co. Do not shut off as Needed &#34;When there is ONE CUP left after 6 cups and herbs are cooked.The Heating Element gets Dirty and isDirected to Not use any Rough Pads to clean?"", ""I can't say enough good things about this pot, I'm sure you will be just as happy as I am.""]",10.950958938337862,The available reviews do not provide enough information to answer this question.,True,249.07279200851917
G_101,REC_101,B000652LWO,Home_and_Kitchen,long,descriptive,pc,3,I am planning to use these for drinking glasses for young children. How many ounces do they hold? Are they big enough for little hands? How heavy?,[UNANSWERABLE],,0,"[""KB_01300"", ""KB_01302"", ""KB_01307""]","[""I see a lady who plans to return her 1/2 pt salt & pepper shakers, packed 24 to a box. I have dozens and dozens of them made by Golden Harvest, with the little handles on them like the drinking mugs, but I cannot find the lids and rings for them. Can you help? They are about 3/8\"" smaller than the small Ball Mason Regular Dome lids."", ""These are perfect for the event we are planning. Very cute and novel. Adds a special touch to the canning jar theme of the party."", ""These are very cute and serve their purpose. Quality does not seem to be an issue. But (a) they are not Ball (they are Golden Harvest), and (b) each individual jar had a Walmart sticker on it that required soaking and scraping to get off. Disappointing on both counts, but once you get over that the jars are just fine - quite nice.""]",36.02795908227563,The available reviews do not provide enough information to answer this question.,True,226.85395798180252
G_102,REC_102,B001V98IRQ,Home_and_Kitchen,medium,descriptive,pc,3,Would this paper work with a Silhouette Cameo cutter?,[UNANSWERABLE],,0,"[""KB_01310"", ""KB_01313"", ""KB_01316""]","[""Love this contact paper. Easy to cut, use and adhere. Everyone is noticing the faux \""stainless steel\"" items in my home and can't believe it's contact paper. Would definitely recommend."", ""I wanted to cover  the side of my refrigerator that was black and not stainless steel. I had used heavier SS  paper before and it was just OK. When I read the reviews they said the paper was &#34;flimsey&#34; like alumminun foil. Well it was and if you take your time and smooth it out it comes out perfect (for me it did). I would recommend this paper but you have to take your time with it."", ""Yes! So don't put it anywhere that might get dirty.5. It comes off the roll with the design flawed and gashed, and the transparent tape used to stick the roll together will not come off - and you can't rub it, remember?6. I had to touch up some of the silver paint (Ralph Lauren, trust me on this) I had to buy for the corners as this won't work on corners, and some got on the paper.""]",11.792416917160153,The available reviews do not provide enough information to answer this question.,True,247.88062495645136
G_103,REC_103,B004K3FKL2,Home_and_Kitchen,medium,descriptive,pc,3,Can you attach a headboard to this frame?,[UNANSWERABLE],,0,"[""KB_01319"", ""KB_01320""]","[""We have been sleeping well and squeak free! And our allergy problems are better due to the frame. It took my husband 20 minutes to put it together. Awesome frame."", ""I was very disappointed in this purchase. It is very strong, however, it is noisy and slides easily over the floor.""]",10.734959039837122,The available reviews do not provide enough information to answer this question.,True,247.18408402986825
G_104,REC_104,B002S52ZFI,Home_and_Kitchen,long,descriptive,pc,3,Tags says it is cotton loops. What is the base? Is it Polyester?,"Hi, I bought these towels in white and according to the tag on the towels, they are 100% Egyptian cotton loop and 100% cotton nothing else! Take care, Andrea",KB_01328,0,"[""KB_01321"", ""KB_01329"", ""KB_01327""]","[""These Pike Street towels seemed like they were good quality on their own, but comparing them next to the other fluffier towels it was a no brainer which to keep. The Pike Street towels look like they are made well; there were no loose threads hanging off, the seams looked solid, and the loops were even throughout the towels. They're not a bad purchase at all, just don't expect something really thick that will feel like a soft blanket when you step out of the shower."", ""The Burgundy towels are a sad sad state if affairs. I bought them with the others but never opened them until the end of november 2012 and they were stringy by end of january. First a few strings here and there but then suddenly the edging came apart on all of the towels-bath, hand, and washcloths. These are a mess and it is ridiculous to use them for so short a time, assuming I would pack them up and use them for years and years at Christmastime."", ""These towels are great!!! !""]",13.519915984943509,The available reviews do not provide enough information to answer this question.,True,237.6021669479087
G_105,REC_105,B003VSWZYM,Home_and_Kitchen,medium,descriptive,pc,3,BPA FREE ?? Where is its place of origin?,[UNANSWERABLE],,0,"[""KB_01339"", ""KB_01335"", ""KB_01331""]","[""Zojirushi SM-JA36BA 0.36-Liter Stainless Steel Vacuum Insulated Mug... good ......keep heat to 3 hours ..may be i return buy anothere"", ""nice looking mug, but it has lots of parts and gaskets to clean. they are also on the small side so great for kids or if you don't want to carry a heavy mug around."", ""It's great as a portable cup to avoid using any disposable cups. Construction quality is top notch and Zojirushi standard. However the lid is a complicated assembly of several mixed plastic, rubber, and metal components which means I would not trust it to transport liquid from one place to another as the top part of the lid could pop off. I see absolutely no reason why it could not be a simple one-piece lid, unscrew to drink.""]",11.455458006821573,The available reviews do not provide enough information to answer this question.,True,237.35029203817248
G_106,REC_106,B000RZPGCK,Home_and_Kitchen,medium,descriptive,pc,3,What is it made of? 100% cotton?,"I believe it is a cotton/poly blend. It was a gift for a grandson and I am pretty sure it was not 100% cotton. It was very soft, though.",KB_01346,0,"[""KB_01346"", ""KB_01345"", ""KB_01344""]","[""This item came up when I searched for flannel sheets. There was no fabric description, and the item was cheap, so I was suspicious. The fabric is a flimsy cotton/poly blend. I returned it."", ""The fabric these sheets are made out of is terrible. My son loves seeing Thomas and Cranky on his sheets, however, so I have not gotten rid of them. They do not fit very well on a standard twin, either."", ""my son LOVES these sheets!!! i got these for him when he made the transition from toddler bed to twin and he loves them! wash really nice and still look new!""]",12.438416946679354,"The item is made of a cotton/poly blend, not 100% cotton. The fabric is described as flimsy. It is not entirely cotton.",False,332.4040831066668
G_107,REC_107,B0000DDXLE,Home_and_Kitchen,medium,yesno,pc,3,"Hi, I have a GCG-2 Cuisinart Mini-Prep Plus, will this work?",If you are asking about a replacement for the original where the plastic cracked the answer is yes.,KB_01352,1,"[""KB_01354"", ""KB_01352"", ""KB_01358""]","[""I was looking for a replacement for my Cuisinart Mini Prep which is quite old and the replacement part was PERFECT!!! !"", ""I've had a Cuisinart mini-prep for many years, and it was still working just fine except that the blade housing cracked. I was looking for a replacement unit when I discovered that I could simply purchase a new blade! It fits perfectly and I expect the small processor to work for years to come:  It's just right for chopping nuts, herbs, and garlic."", ""This blade does not fit my Cuisinart Mini Prep. The core of the bowl is too large for the blade to drop down into the bowl. Not happy. Blade is sharp, but can't use it!""]",14.280291041359305,"The available reviews do not provide enough information to confirm compatibility with the GCG-2 Cuisinart Mini-Prep Plus model. Some reviewers mention it working with their Cuisinart Mini Prep, but one reviewer mentions it not fitting their model.",True,378.4642079845071
G_108,REC_108,B002IVU5KE,Home_and_Kitchen,short,yesno,pc,3,is it dish washer safe,yes,KB_01361,0,"[""KB_01361"", ""KB_01364"", ""KB_01363""]","[""I bought this pitcher because it stated it was dishwasher safe and is made in the USA. The spout is not designed well. When trying to pour without the lid it overflows the spout and spills. With the lid it is much better but liquid sometime leaks around the spout lid and dribbles outside the glass. I bought cheap and it's worth that much but not much more!"", ""We purchased this pitcher for daily use at the dinner table, when getting water and ice from our fridge.My 8 year old son easily fills it, the lids stays on nice and snug, and the kids can use it without any problems or spills.It is pretty looking, looks like glass, goes in the dishwasher and the ice doesn't go through the spout, which is great."", ""Will probably use it for a little longer then just give it to Goodwill.""]",12.880207970738411,"According to the reviews, the pitcher is dishwasher safe. Two reviews mention that it can be put in the dishwasher, with one stating it is a desirable feature.",False,350.8558750618249
G_109,REC_109,B005GNQ5E6,Home_and_Kitchen,long,descriptive,pc,3,"Does this product come with any pans, trays, etc? Should I purchase any additional accessories?","It comes with one small, shallow tray. I purchased two baking pans. Any 9x13 pan that does not have handles will fit. I use Pyrex, pottery and metal pans, just like a large oven. I also use parchment and foil to line and cover and have had no problems.",KB_01372,1,"[""KB_01388"", ""KB_01372"", ""KB_01376""]","[""I have plenty of other pans to use."", ""The pan that comes with it is an after thought and an insult. Every cheap oven has come with a proper broiler pan but not this one. I hope Calphalon reads this. It is not a great company but a result of some paid for pr."", ""I really like this oven. Managed to find a spot on my counter and lots of reasons to test drive it. Great for pizza, muffins and toast so far. Very easy to use. Sure it gets hot-it's a toaster oven. Also very light weight. Must confess that I found it much cheaper at Macy's online. I just might do a small ham in it for Easter. Now looking for small pans to use in it. Not that much on offer online.""]",14.042583992704749,"This product comes with a pan, but it has been described as an afterthought and not satisfactory. You may need to purchase additional accessories, such as small pans, for optimal use.",False,55730.774082941934
G_110,REC_110,B0040VIN18,Home_and_Kitchen,long,descriptive,pc,3,Can the metal filter from this be used instead of a paper filter in the ceramic v60 dripper?,"No, you can't. The metal filter is part of the filter and can't be separated. For the ceramic V60 dripper you can only use the paper filter.",KB_01393,1,"[""KB_01404"", ""KB_01396"", ""KB_01392""]","[""Are we using the same terminology?There is no paper filter, and it's a very fine mesh, so you're going to get a rich cup of coffee with all the wonderful oils (that get retained by the paper filter normally).Also, technique is very important (more so than with the V60)."", ""this dripper works extremely well. no more paper filters for me. rich coffee. awesome dripper. makes your pour-over as good as it gets. thanks hario. thanks amazon."", ""I am very impressed with this filter .....It indeed makes a rich brew without any paper filter use. Wish it was offered in ceramic or glass as I am not a fan of plastic but the functionality and usage comfort outwins other aesthetic reasons . Highly recommend !""]",12.327458010986447,"The metal filter can be used instead of a paper filter in a dripper, and it allows for a rich cup of coffee with the oils that are normally retained by paper filters. The reviews mention using the metal filter without paper filters and achieving a rich brew. This suggests that the metal filter is a suitable replacement for paper filters.",False,540.279750013724
G_111,REC_111,B002A1LGH8,Home_and_Kitchen,short,descriptive,pc,3,Can you microwave this container??,[UNANSWERABLE],,1,"[""KB_01426"", ""KB_01422"", ""KB_01420""]","[""I like this container much better than containers that have the \""cold spot\"" in the lid only."", ""The purpose of a sandwich container is to prevent the use of plastic bags!"", ""These containers are great! They keep your foods cold all day! Don't let the title fool you...I use the sandwich chiller for any type of food. Get in the habit of coming home and cleaning the product and putting the freezer part in the freezer, and you are all set. Helps when you're dieting and in saving money. Take veggies, left overs, etc, and save money, instead of deciding to eat lunch out. Great buy!! if they had more styles, I would order each!!""]",15.822291956283152,The available reviews do not provide enough information to answer this question.,True,252.9872499871999
G_112,REC_112,B007QZ8NII,Home_and_Kitchen,long,descriptive,pc,3,Does anyone know what the reason would be that the number 9 would be displayed on the unit after it's powered off?   Thank you!!!,[UNANSWERABLE],,1,"[""KB_01440"", ""KB_01448"", ""KB_01452""]","[""&#34;No problem. I'll just let it sit there for a minute.&#34; A minute goes by about sixty times, flip on the AC: nothing. Time to call the company.The girl that answers the phone assured me at least three times that she has worked there for &#34;a long time.&#34; I would have believed her if she didn't have to put me on hold another three times after I informed her that my unit wasn't working. &#34;Have you let it sit for two to four hours?&#34;I have to let it sit for possibly four hours?&#34;You didn't know that?"", ""Its a nice option if you are on a budget and cant use a window unit(for whatever reason), and don't plan on running it 24/7."", ""I found mine locally for $250, and figured that's a pretty good price for a portable. We needed something small and efficient for a warm upstairs bedroom. Since our windows crank out I couldn't easily use the window kit. Instead, I installed the unit in a closet and put a hole through the house to vent it outside. The hole (and outside vent cover) is directly behind the exhaust port and minimal tubing was needed to vent. That way it sits close to the wall and there's no clumsy hose (6\"" diameter hose!) taking up space.I like that portables are quieter and generally more energy-efficient than cheaper window units. However, it's still an air conditioner and there is still compressor noise. The 4-speed fan on low is quiet enough, but the compressor still has to turn on and off so there will be some disturbance for light sleepers. I use ear plugs anyway, so no prob.Operationally I've had no trouble keeping the bedroom as cool as I need (about 72 degrees)considering it's basically a hot upstairs space. The unit seems well built, works as advertised and I am happy to give a positive review for this air conditioner. I would give it 5 stars but it's a little noisier than I wish it was. That's my deal, though, and no fault of the unit. I would buy it again, and I would recommend it to a friend.""]",13.55558296199888,The available reviews do not provide enough information to answer this question.,True,256.65208301506937
G_113,REC_113,B00B4M83MU,Home_and_Kitchen,medium,descriptive,pc,3,What is the outside diameter or circumference?,"Way small, I have thicker spaghetti. I don't know the exact measurement but it is very similar to what you'd find at a gas station for coffee. Hope this helps.",KB_01460,0,"[""KB_01456"", ""KB_01458"", ""KB_01454""]","[""it was very convenient and i will purchase this again. I love it and last long. another thing use and throw"", ""Wow! - great length. . and you get so many. will last a long time for my home and our parties."", ""these were a bit shorter then i expected, hard to stir a drink when your fingers are dragging in your coffee""]",11.543917004019022,The available reviews do not provide enough information to answer this question.,True,2398.184624966234
G_114,REC_114,B002865DNI,Home_and_Kitchen,short,descriptive,pc,3,Measurements?,[UNANSWERABLE],,0,"[""KB_01473"", ""KB_01484"", ""KB_01472""]","[""its definitely not as fancy looking as I imagined from the picture so the high price seems less justified. each bag fits 2 loads of laundry in a large washer so I have no idea why people are disappointed by the size. the handles are great. makes it very easy to carry out to the washer."", ""seems expensive for its size, I expected it to take more loads."", ""seems expensive for its size, I expected it to take more loads. nice design though but the bags can't stand on its own when removed""]",37.431292003020644,Each bag fits 2 loads of laundry in a large washer. The available reviews do not provide exact measurements.,True,222.10645792074502
G_115,REC_115,B004P2LEE0,Home_and_Kitchen,long,descriptive,pc,3,I want a slow cooker that I can cook oatmeal in thu the night ?? For one person !!!!,"Yes, this is the perfect size. In fact, the recipe I have makes 3 servings and I've found that it cooks steel cut oats perfectly, and they re-heat great with a little extra milk. Great time-saver for being able to have breakfast before work! The recipe can be found in ""Vegan Slow Cooking For Two - or - Just For You"" by Kathy Hester. She also has a blog online where a bunch of recipes are posted. (Pear Rose Cardamom Oatmeal) I substituted an apple for the pear and skipped the rosewater, but love the cardamom!",KB_01497,1,"[""KB_01508"", ""KB_01502"", ""KB_01501""]","[""I bought this to cook oatmeal and so far that is all I have cooked."", ""I ordered a smaller one, a 1.5-quart slow cooker this time, thinking that since I'm only cooking for one that was all I really needed."", ""This is going to be my summer cooker when it's hot outisde and I want to cook hot food inside.""]",12.666709022596478,"This slow cooker can be used to cook oatmeal, and a 1.5-quart size is suitable for one person. It can likely be used to cook oatmeal through the night. The slow cooker's size and oatmeal cooking capability make it a good option for one person.",False,354.54220802057534
G_116,REC_116,B00ECH685S,Home_and_Kitchen,long,descriptive,pc,3,Where do I find the cover that fits the one gallon crock?  I wish these listings were more clear regarding what size you are getting when you order.,"Search Amazon for Ohio Stoneware 11600 crock cove (""cover"" is misspelled).  It fits the 1 gallon Ohio Stoneware crock. I do not own it myself, as I have the 3 gallon crock and cover instead. Good luck!",KB_01510,1,"[""KB_01518"", ""KB_01510"", ""KB_01520""]","[""The advertising claimed that it would also fit a one gallon crock, but it doesn't do more than just cover the top of the crock and does not look pleasing with so much of the lid hanging over the top edge."", ""This item is a quality item. It fits a 3 gallon crock perfectly. The advertising claimed that it would also fit a one gallon crock, but it doesn't do more than just cover the top of the crock and does not look pleasing with so much of the lid hanging over the top edge. I recommend using it for 3 gallon crocks. I would purchase more of this item."", ""It fits a 3 gallon crock perfectly.""]",13.480125111527741,The available reviews do not provide enough information to answer this question.,True,169.3262910703197
G_117,REC_117,B009MBW1AK,Home_and_Kitchen,medium,descriptive,pc,3,Can this cookware be used in the oven?,"No, the handles are not oven proof. It's the only bad thing I can say about the set. Other than that I absolutely love them. The quality is very good. I use my cast iron in the oven.",KB_01525,1,"[""KB_01535"", ""KB_01536"", ""KB_01525""]","[""If you want skillets to put in the oven then you shouldn't purchase these."", ""I  still love my cast iron and use them for anything that needs to go in the oven or frying, however, many things cannot be cooked in cast iron so these are the ticket!"", ""If you want skillets to put in the oven then you shouldn't purchase these. I seasoned mine and they work perfect....no sticking whatsoever. There are no rivets which makes them very easy to clean. I have never put a skillet or pan of any kind in my dishwasher but they say they are dishwasher safe. Also, they say you can use metal utensils but I use silicone utensils just be on the safe side and I line them with thick dish towels when storing to avoid scratching the interior surface.""]",11.889499961398542,"The available reviews suggest that this cookware is not suitable for oven use. Two reviews explicitly state that if you want skillets to put in the oven, you shouldn't purchase these.",False,200.66762494388968
G_118,REC_118,B003QCJHK8,Home_and_Kitchen,long,descriptive,pc,3,how long have you had your? is it still sturdy now?  please answer if you you have had it for years.,[UNANSWERABLE],,1,"[""KB_01549"", ""KB_01565"", ""KB_01548""]","[""This table is the best buy I've made in years on Amazon. VERY sturdy, great material and a true pub feel. This thing is my favorite spot for work or coffee. Makes the whole room. Glad I found it and highly recommend this to anyone looking for a well-built table that feels like it was stolen from a local pub or coffee shop."", ""VERY sturdy, great material and a true pub feel."", ""Can't complain. It looks very nice and not at all cheap. The surface is very smooth to the touch and the color complements our white walls very nicely as well. The table feels sturdy and is perfect for the two of us. Assembly was very easy and didn't take too long. I managed to put it together alone.""]",16.10725000500679,The available reviews do not provide enough information to answer this question.,True,162.07654192112386
G_119,REC_119,B00A1ECR2E,Home_and_Kitchen,long,descriptive,pc,3,"Did you need to use a mold release spray?  I'm wondering if I need to bother spending extra money on it, or if they will pop right out.  Thanks.",I have used this mold several times now and there was no problem getting the resin out. Hope this helps!,KB_01567,0,"[""KB_01574"", ""KB_01568"", ""KB_01569""]","[""I had ordered another mold that I ended up breaking when trying to get the resin coaster out and this one has some give so you can just pop it out like an ice cube tray."", ""You can pour from either side of the mold (Blyth dudes are useable).Resin pops from mold fairly easily (I use easy cast resin)"", ""Worked really well! I had ordered another mold that I ended up breaking when trying to get the resin coaster out and this one has some give so you can just pop it out like an ice cube tray.""]",16.8476669350639,"The molds have some give, allowing the resin coasters to be removed easily, similar to an ice cube tray. Resin pops out of the mold fairly easily. There is no mention of needing a mold release spray.",False,249.61070902645588
G_120,REC_120,B0000BY8S6,Home_and_Kitchen,long,descriptive,pc,3,"I just bought 2 (forgot from whom) that were more gray than blue.  Are yours a pretty blue, like sky or baby blue, or grayish?","My Martex Vellux blanket is blue, but I would characterize it as more of a ""grayish"" blue than a baby blue or sky blue.",KB_01595,0,"[""KB_01587"", ""KB_01594"", ""KB_01588""]","[""I own many of these blankets in various colors. They are great during the summer or the winter."", ""I ordered the hunter green color and it looks just like the picture."", ""Excellent quality blanket. Just what I was looking for. Light-weight but, still keeps you warm. Hunter green is a hard color to find. Amazon came through as usual!""]",12.613167054951191,The available reviews do not provide enough information to answer this question.,True,138.1677919998765
G_121,REC_121,B00E8Y79SK,Home_and_Kitchen,long,descriptive,pc,3,How durable is the line itself?  Does it sag much if you hang a hand towel?,The line is very durable.     We have hangers on it all the time -- very little sagging.,KB_01608,1,"[""KB_01606"", ""KB_01608"", ""KB_01602""]","[""The line itself is basically a thin piece of string. I put two pairs of pants on it and it sagged significantly. The line is not coated in plastic/rubber so the clothes slide down to the middle when it sags. I wish I could return the thing. It does secure to the wall pretty well, though. It's just that you can only hang one sock on it at a time."", ""This is the sturdiest clothesline we've ever purchased. The line is thick and strong, the tension holds (rather than droops, like some other clotheslines) and is easy to put away.Works great - easy to install and use. . I can hang a. I can hang any clothes I need, then retract the cord when it's not needed. It's EXACTLY what I wanted.ny clothes I need, then retract the cord when it's not needed."", ""This clothesline is just what we needed to replace one in our RV. The locking feature creates a tight line to hang wet towels on, which is what we use it for. I would recommend it for anyone looking for a line that you need occasionally that doesn't take up much space.""]",33.86737499386072,"The durability of the line varies, with one reviewer describing it as a thin piece of string that sags significantly, while another reviewer finds it to be thick and strong with good tension. The line may sag with heavier items like two pairs of pants, but it can hold wet towels. It is unclear how it would perform with a hand towel.",False,422.6615830557421
G_122,REC_122,B001076GP0,Health_and_Personal_Care,long,descriptive,pc,3,Does it work for a Series 7   760cc-a shaver? what is the difference in 760cc and 760cc-a?,[UNANSWERABLE],,1,"[""KB_01616"", ""KB_01615"", ""KB_01613""]","[""The cord works for my 760cc Braun Razor. I would have given 5 stars, but the price while comparatively good, is more than a power cord should cost."", ""This product works as advertised. Can't say much else about it really besides it works and it fits my 760cc"", ""i had to get this adapter coz i forgot to get mine when i moved to the states .... as all braun products it works flawlessly .... but at $30 its ridiculously priced ... i was actually  considering getting one of the cheaper shavers  which were about $50 .... but the quality and the satisfaction of using a series 7 is way too high to compromise ... so i went ahead and bought it ...  but bottom line is TOO EXPENSIVE ! !""]",19.994542002677917,The available reviews do not provide enough information to answer this question.,True,134.8050000378862
G_123,REC_123,B00ANIYKRS,Patio_Lawn_and_Garden,long,descriptive,pc,3,The line won't auto-feed and I have to stop and manually pull it out every few minutes. HALP!,"That's only happened to me once. Pop the spool cap off (squeeze the two sides and pull it) and look at the spool of line. It's possible you have some sort of knot in the line stopping it feeding freely. If so, pull it out and rewind it. I've had very few problems with it, though if you're whacking weeds close to concrete or stone, for instance, it will wear quite fast, requiring stopping every minute or two to feed more line. BTW, you should hear the line feed click just before the head stops turning. The thing is designed for about a 1/4"" feed on each stop/start.",KB_01623,1,"[""KB_01624"", ""KB_01627"", ""KB_01625""]","[""After a few uses the trigger auto feed function stopped working. No matter how many times I press the button no line is advanced. There is a manual release button on the side of the spool housing but this requires you flip the tool upside down every few minute or so.If you are looking for a good option please save yourself the money and look somewhere else. What good is paying $150 for something that is not serviceable and didn't last a couple months."", ""This is a hardliner for me and I NEVER allow myself to deviate from this ever.The trimmer portion works fantastic. Automatic feed, per the instructions when you turn off the trimmer wait 2 seconds and pull the power trigger twice and the line will extend. I use the power saver dial and by turning the dial to a minimum energy use I am able to trim the slightly under an acre yard."", ""Been using this trimmer for about 6 months now, actually using it once in a while as the automatic feed never worked on it. It is so frustrating to have to stop and manually feed the line. The trimmer also does not allow you to get very close to the target area as the bulky front end is way too big for close trimming. I love the lithium power and the concept of this trimmer but will be looking for another brand with the same functionality that works.""]",13.464124989695847,"The automatic feed function may not be working as expected, and some users have to manually feed the line. According to one review, trying the method of turning off the trimmer, waiting 2 seconds, and pulling the power trigger twice may help extend the line.",False,409.5777909969911
G_124,REC_124,B009T7H0QM,Home_and_Kitchen,long,descriptive,pc,3,"can youadjust the temperature manually or are there just ""settings,"" like on a crock pot ?","There are temperature settings you can set if you use it in ""oven"" mode.  There are also low, high, and keep warm settings if you want to use it like a crockpot.",KB_01637,1,"[""KB_01637"", ""KB_01632"", ""KB_01638""]","[""As a bonus, it's much easier to wash than my slow cooker; although instructions say dishwasher safe, I continue to hand wash it.) I've used it on all settings, and have yet to have a meal that's failed."", ""I have seen  this same crock pot elsewhere for at least $50.00 cheaper!!! A few people have told me that this product was a great way to cook your meals. I tried it and I have to agree, it is so simple to just throw everything in the pot, turn it on, and just sit back and let the crock pot do its thing. The meals I have cooked in this crock pot were very tasty."", ""My suggestion is to let the pot cool after cooking and then cleaning immediately to avoid \""stuck\"" on foods. This product is not dishwasher safe, so know going in that you have to hand wash. This isn't a big deal for us either. The \""one pot\"" meal has become our favorite! One con that I can think of is that the product has a timer--but it doesn't make any noise when the time is up.""]",15.641707926988602,The available reviews do not provide enough information to answer this question.,True,2533.8014580775052
G_125,REC_125,B00101TXPG,Baby,long,descriptive,pc,3,"I like being able to hear everything that goes on in my baby's room.  Can you clearly hear all background noises (e.g., wave machines, etc.)?",It is quite clear but the volume is not high. We use it for our quadriplegic daughter when she calls in the middle of the night. I like that we don't get static from other electrical objects or the aluminum wiring in this house.,KB_01649,1,"[""KB_01642"", ""KB_01646"", ""KB_01643""]","[""I sleep with a sound machine next to my bed (my baby's shuts off after 20 min), and I can clearly hear him over that.I also like that the fact that if the baby unit fails or the power goes out, the parent unit immediately makes a horrendous beep.CONS:I don't like that there is no battery backup for the baby unit.Finally, I think that the ease of use could be better (hence 4 stars)."", ""I registered for this product based on the high rating and chose to ignore some people who had complained about the volume :-(. Big mistake. One cannot hear the baby's small noises if there is TV, you are talking to someone, the bathroom fan is on etc. It is really painful. You can hear it if he is crying though - but I don't want him to have to cry to get our attention (that's the whole point of using a monitor, isn't it?"", ""My baby is almost 3 years old. I've had several monitors over the years and I can tell you, for this price range this is as good as it gets. It has a great mic, you can definitely hear everything going on in the babys room: a clock ticking, the sound that the curtain makes, etc. Even if the baby breathes deeply and you have the parents unit on loud you can hear it perfectly. I like that about it.There is no static on mine at all.""]",16.249499982222915,"You can hear background noises with this monitor, such as a clock ticking or a curtain sound, and it has a great mic that picks up even the baby's deep breathing. However, some users have reported issues with hearing small noises when there is background noise, like a TV or bathroom fan. The monitor's ability to pick up background noises may vary depending on the environment.",False,2826.624208013527
G_126,REC_126,B009HRFGNS,Home_and_Kitchen,medium,descriptive,pc,3,Is this oven big enough to cook a turkey?,It's only big enough for a 5 lb. chicken or turkey if you can find a really small one.,KB_01652,1,"[""KB_01654"", ""KB_01653"", ""KB_01661""]","[""This toaster oven exceeds my expectations. I wanted something to cook small portion and not use my oven,this oven is perfect to bake and boil in."", ""use this oven all the time. Toast sandwiches, backed cookies, baked muffins, and breakfast. Best rotiserie chicken ever. Convection is awesome. Bake on lower temps and quicker. Recommend the rotiserie baking kit it Fits well. Does everything my big oven does but sits on my counter top. :-)"", ""Great product. Has multiple uses and works wonderfully. Saves on energy as opposed to running the oven too. If you're debating, then I would say YES for sure!""]",11.337958043441176,The available reviews do not provide enough information to answer this question.,True,120.55654195137322
G_127,REC_127,B00GYBZURM,Toys_and_Games,long,descriptive,pc,3,Does this kit come with a go-pro camera? I am building my own drone and would like to include an FPV system...,No you must buy your own camera,KB_01667,1,"[""KB_01662"", ""KB_01670"", ""KB_01666""]","[""I have been using the KumbaCam advanced kit for 3 weeks now and it rocks! I have been doing a lot of flying with my DJI Phantom 2 and F550 Hexacopter for a little bit and wanted to take my flying and filming to the next level. I wanted to be able to comfortably fly far distances out side of my line of sight, and the ability to frame up my shots for ariel video via my go pro 3+."", ""I spent hours and hours researching FPV kits and components, watching many youtube videos. Because I needed a video kit installed on my Phantom in time for my sons upcoming wedding, I went and and threw in the towel and purchased this kit because it was just the easiest thing to do and I couldn't sort out all the conflicting information regarding other similar products."", ""There's also something to be said for a U.S. company to buy from if you have issues.And boy am I glad that I did buy from KumbaCam. I received the kit on a Friday and installed it the next day and performed my first test flights. I was very disappointed with the results. Video reception was breaking up at very short distances and the LCD monitor was just not as high of a resolution as I would expect.""]",11.95145898964256,The available reviews do not provide enough information to answer this question.,True,2472.6473750779405
G_128,REC_128,B00GGN264I,Health_and_Personal_Care,short,descriptive,pc,3,Is psyllium better than inulin?,"Most psyllium products need sugar, artificial sugar and color and other additives to make it palatable.  I doubt if any of us need those additives and Clear and Natural is 100percent inulin without additives.  Strange that it costs more without all that other""stuff""!",KB_01673,1,"[""KB_01673"", ""KB_01680"", ""KB_01672""]","[""The active ingredient in Clear & Natural is &#34;inulin&#34;, an insoluble fiber supplement, which has controversial reviews from various users and authorities, regarding its efficacy and effectiveness. I found that it resulted in serious gastrointestinal distress, gas and flatulence. I promptly returned it to Amazon and cannot recommend it."", ""Title says it all! This is the best fiber supplement out there - smooth and tasteless, and mixes in any liquid."", ""when I found that I couldn't buy this product because the manufacturer wasn't making it anymore I was looking for a replacement but was happy to find it available at a great price on Amazon. this product works so well for me - much better than a wheat product. and I don't like the physillium products""]",13.379832962527871,"One reviewer found that the product, which contains inulin, caused gastrointestinal distress, while another reviewer prefers their current product over psyllium products. The available reviews do not provide a direct comparison of the effectiveness of psyllium and inulin.",True,2523.7141250399873
G_129,REC_129,B008AG5VOQ,Toys_and_Games,long,descriptive,pc,3,Does this tricycle have an easy way of taking on and off the push handle and does it fold down for transport?,Push handle easily removed with a single pin under the seat . Does not collapse or fold down.,KB_01685,1,"[""KB_01687"", ""KB_01685"", ""KB_01683""]","[""The tricycle isn't extremely high quality. The pushing handle has alot of slop in it as others mentioned but doesn't make it too hard to navigate with. I compared lots of similar products and if I had to do it again, I would still purchase this."", ""I really like this tricycle. I just with the handle was a little taller for my man and he's only 5'9&#34;."", ""Easy to assemble, less than 30 minutes. Still a stroller but well on it's way to becoming a trike. Extremely well built and very sturdy.""]",12.623374932445586,The available reviews do not provide enough information to answer this question.,True,2448.8523750333115
G_130,REC_130,B00004RGB7,Home_and_Kitchen,short,descriptive,pc,3,Is it difficult to clean?,No,KB_01693,1,"[""KB_01700"", ""KB_01697"", ""KB_01696""]","[""My husband, the chef, doesn't know how he's ever lived without a double boiler now that he has one. He uses it all the time.Never burn the cheese sauce again! And it is really easy to clean."", ""Although I rarely use the double boiling feature, it's been effective (if you know what you're doing). My big complaints are that they don't clean easily and you'll definitely need potholders for the handles."", ""I have used Farberware products for the past 37 years. I adore them. They cook evenly and are easy to clean. Great product!""]",12.06208299845457,"Reviews are mixed, with some users finding it easy to clean and others stating it doesn't clean easily. This suggests that cleaning difficulty may depend on individual use or handling. Overall, there is no clear consensus on the ease of cleaning.",False,2639.680583961308
G_131,REC_131,B001DEYVXO,Electronics,medium,descriptive,pc,3,Anybody know if this works with windows 8?,"Yes, I have been using the Hauppauge TV Tuner with Windows 8 for about a month with no issues.",KB_01707,1,"[""KB_01707"", ""KB_01708"", ""KB_01706""]","[""The Hauppauge works perfectly with my Lenovo laptop running Windows 8. I called the Hauppauge company for advice about which tuner to purchase and received friendly and competent customer service. The tuner works perfectly. Based on reviews, I also decided to purchase Windows Media Center ($100 extra to convert Windows 8 to Windows 8 Pro) and don't regret it. The tuner has worked seamlessly and easily with Windows Media Center."", ""I'm running Windows 8 Pro. The device is compatible. Software for tuner was easy to install, no problems. Picture is great, tuner works exactly as advertised. Only negative is the remote. Did not work at all. I wasted a few dollars on 2 new batteries; no help. Remote still doesn't work. The tuner does NOT work with Windows Media Center. I've tried numerous times booting Media Center and the program does not recognize the tuner. For the money the tuner is a good buy!"", ""I had a hard time getting this thing to work initially. I'm generally quite tech-savvy, but for some reason I could not get any channels initially. To make a long story short, it eventually started working after a few hours (and an upgrade to Windows 8), and it seems to work well now.I give it four stars because the picture quality is quite good, the scheduling works well, and it otherwise meets my needs.""]",12.547582970000803,"The device is compatible with Windows 8, as users have reported successful installation and use with this operating system. However, there are conflicting reports about its compatibility with Windows Media Center. One user reported seamless integration, while another stated that it does not work with Windows Media Center.",False,2443.010042072274
G_132,REC_132,B00276BKBS,Health_and_Personal_Care,short,descriptive,pc,3,How many servings per container?,Product label says 28. Using the measuring scoop  provided  you will get 28 single servings per container.P Galie,KB_01711,1,"[""KB_01711"", ""KB_01720"", ""KB_01713""]","[""You get 28 servings per jar, so if you take one a day it will last you all month.I prefer to take it with about 8 ounces of cold water stirred in a glass with a spoon (easier to use a blender). I may try it with other types of drinks, but just the water seems to work quite well.All in all, This stuff is great for Vegans or anyone who wants a fine meal replacer."", ""wow... I gotta say that this is an excellent product! the taste is excellent, very berry flavored and when mixed with rice milk and some frozen berries and a frozen banana, it makes an EXCELLENT meal replacement! I use ONE SCOOP as two is just way way too thick! Just shy of a full scoop in a 16 ounce tumbler it full to the top with 12-14 ounces of rice milk!Excellent, will definately buy more!"", ""It gives me 215 Calories of solid nutrition and takes the place of the other supplements I would normally take (a multivitamin and a probiotic).As a diet supplement I think this is second to none -- the price per serving is comparable to prepackaged diet shakes and those are nutritional train wrecks compared to this.""]",12.49695906881243,The container has 28 servings. One serving is approximately one scoop.,False,2330.7911660522223
G_133,REC_133,B0063N7OZ2,Electronics,long,descriptive,pc,3,Can a cop pull you over in the state of CT for having the detector hanging from your rear view? You can get pulled for hanging an air freshener.,[UNANSWERABLE],,1,"[""KB_01728"", ""KB_01721"", ""KB_01727""]","[""While you can still run your traditional cigarette lighter chord up the the detector, hardwiring it eliminates that curly chord from having to run from your dash up to your mirror. I mean really, if you're going to go through the trouble the make your detector look sleek by mounting it to your rear-view, you might as well go all the way by hardwiring your detector to your car.Overall, great product and a breeze to install!"", ""The Radar Detector can be moved around in any direction to assure a level install of the RD. Once installed the only thing I see is the RD hanging under my rear view mirror. The Ultimount is completely hidden behind the mirror, (It was smaller than I imagined it would be when I ordered it)."", ""It does what I need it to.- The hardware is metal, so be careful as it scratches the rear view mirror stem easily- You have to tighten the adjustment screws really tight to keep it from sliding down- I wish it could put the detector closer to the windshield instead of directly under the mirror. Right now it is extended as far into the windshield as possible, but still about a foot away""]",16.055957996286452,The available reviews do not provide enough information to answer this question.,True,2265.778708970174
G_134,REC_134,B003C6RR1E,Health_and_Personal_Care,short,descriptive,pc,3,what is the ingredient formula?,[UNANSWERABLE],,1,"[""KB_01731"", ""KB_01734"", ""KB_01735""]","[""eye doctor says this is only formula that works this is only product i could find that matched formula available other then band he sold for much higher price"", ""My eye doctor recommended an ocular supplement. This product contained the ingredients and the amount needed at a price that is cheaper than what my doctor suggested. The package was delivered in a timely manner and in good condition. I will continue to order this product."", ""All I can say is that it works. My eyes have never felt better. I would recommend this too anyone.""]",12.669250019825995,The available reviews do not provide enough information to answer this question.,True,2266.874249908142
G_135,REC_135,B00A9PKN3A,Sports_and_Outdoors,medium,descriptive,pc,3,Does the bike have to be assembled?,Yes,KB_01736,1,"[""KB_01736"", ""KB_01745"", ""KB_01740""]","[""It's delivered in disassemble condition and without any tools. If you are not familiar with bike, so please buy one from bike stores, But the assembled one in bike store is nearly $300 as far as I know. So pay attention."", ""Bike was delivered in a double box so that helped eliminate the chance of damage. The bike went together easily and worked fine. Seems to be a nice bike for the price"", ""Very poorly designed... Already broken. I will not purchase this bike again. I was not able to return it either.""]",16.964708105660975,"The bike is delivered in a disassembled condition and requires assembly. It appears that assembly can be done easily, but no tools are provided.",False,2409.114917041734
G_136,REC_136,B0090EC7BM,Electronics,medium,descriptive,pc,3,if it comes with the wiring connector?,[UNANSWERABLE],,1,"[""KB_01748"", ""KB_01752"", ""KB_01751""]","[""You also need the wiring harness conversion (and wire crimp connectors), a bracket and a molding piece specific for your car/truck. We did successfully install the radio in my sons 97 honda civic where the radio does match the space but still does not allow screws to a mounting bracket to allow vibrations from moving it."", ""I bought this to replace my OEM radio so I could use an XM tuner. It was fairly easy to install, I had to purchase a connector separately that would connect to the factory harness. XM tuner plugged right in, as well as the Blue tooth Mic. Blue tooth works great, no complaints from callers, and I can hear them clearly."", ""I installed this about a week ago in my 2006 Nissan Frontier. Install was very easy thanks to theMetra 70-7550 Radio Wiring Harness For Nissan 95-Up Power 4 Speakerand theMetra 99-7581 Niss Pathfinder/Frontier 05-Up Dashkit.I was easily able to figure out how to pair with my phone via Bluetooth. Operation is pretty straight forward. I have been using many of the features, simply by playing around with it. I haven't yet looked at the manual.""]",11.677790898829699,The available reviews do not provide enough information to answer this question.,True,2262.624084018171
G_137,REC_137,B004CLYAJK,Home_and_Kitchen,medium,descriptive,pc,3,How large of an area does this cover?,[UNANSWERABLE],,1,"[""KB_01756"", ""KB_01764"", ""KB_01760""]","[""Great for price!! Reduced a lot dust in rooms! Easily portable to cover all rooms! Wish I bought two when they were on sale!"", ""it generates more cool air than I expected however it is really taking care of the smoke in the homeI purchased this for my parents as one smokes and one can't anymoreit has made the environment much more breathable"", ""A gem. I used to have a $$& Air-Pura. It was a little on the overkill side, but it does a fantastic job. Especially if you have pets and babies under the same roof.This little number is great for one large room. The timer is great - set it and forget it, and I like the three speed settings in case I want it on but don't want to hear it much. And the price? For me a steal at much more. Honest.""]",12.614542036317289,"This product is great for one large room, and is also easily portable to cover all rooms. It can effectively reduce dust and improve air quality in the home.",False,2287.784832995385
G_138,REC_138,B00GN5DHH4,Electronics,medium,descriptive,pc,3,Does the ear piece come with a microphone to talk into?,"The microphone is not the best quality, several of ours stopped working after just a few days. But the earpieces and the radios were still well worth the purchase.",KB_01770,1,"[""KB_01769"", ""KB_01767"", ""KB_01768""]","[""We purchased the radios to keep in communication when setting up and orchestrating a fireworks show. The radios were great, we were able to speak with each other and hear each other regardless of the noise around us. While the MC was speaking I unplugged my headset and turned up the volume and everyone around me was able to hear the speaker through the radio. We had the speaker keep the mic open on the radio so the crew in the back could hear. The ear pieces work great."", ""We ordered 10 walkie talkies for our staff. We operate a large testing lab, where we need to stay in touch. The ear piece is a little uncomfortable, but better than I expected. The sound quality is good and the units appear to be well made. I expect we will receive years of serviced from these walkie talkies."", ""I've been using these radios for almost a month now in a ministry setting. I ordered 10 to start, just ordered 5 more. I love them! Great build quality and easy to use. I wanted something that was hard to mess up, dials for power and channels help achieve that simplicity. The ear sets that come with the radios aren't great, I ordered different ones, found one stopped working well the first time I used it. Over they are a fantastic radio and the price is great!""]",15.750374994240701,The available reviews do not provide enough information to answer this question.,True,2356.2496670056134
G_139,REC_139,B00067MVUE,Pet_Supplies,medium,descriptive,pc,3,What parts of it are made of metal?,Just the springs are metal. If you leave the Scoop outside they do rust eventually but last for years. Mine was in the weather for many years before they rusted and broke but would have lasted longer if I kept it indoors. I immediately bought another Scoop as it is such a good product.,KB_01784,1,"[""KB_01780"", ""KB_01775"", ""KB_01779""]","[""It's plastic. Enough said. You are better off purchasing a metal unit that won't break and will last more than a minute."", ""I love this its great just remember to put some WD40 on the metal parts. Worth a repeat purchase so I did."", ""I got this for my husband for Fathers Day. Kind of a joke of a gift but it sure gets used! We have 3 dogs so this is a must around the yard. No issues with broken parts or malfunctions.""]",12.2424999717623,"The metal parts require WD40, but the specific parts are not specified. The product is mostly plastic, with some metal components. The exact metal parts are not mentioned in the reviews.",True,2393.6465829610825
G_140,REC_140,B000F6Y686,Electronics,long,descriptive,pc,3,Does this let you focus at objects at ~12x telephoto zoom from a closer distance than with the normal lens setup of an FZ200?,[UNANSWERABLE],,1,"[""KB_01788"", ""KB_01791"", ""KB_01790""]","[""At least it works with them, but it adds to the screwing/unscrewing process. Good info to know.-The FZ-200 does focus better if you zoom all the way in to 48X (iZoom) rather than leaving it at 24X and cropping it later. The image quality will be otherwise identical once processed and cropped, but the focus at the time of shooting is better if you zoom in to 48X. Why? It beats me...the camera just handles it better for some reason."", ""If you have an an FZ50, this is your only telephoto option. Optically, it works quite well, with good sharpness across the entire lens, but some of the mechanical aspects of it could have been better done. The main problem with it is that since the FZ50 has a fixed lens, the tele-converter attaches to the camera lens by screwing onto the filter thread."", ""I enjoy birdwatching and naturally I wish to photograph the birds I see when I can. I used this lens with the FZ7 on a trip to Maui. I saw the i'iwi and apapane, but those birds flit around too much for me to be able to get a pic. However, I was able to get a couple decent pix of the a'eo (Hawaiian stilt) at a distance of about 300' so I was pleased.""]",12.393082957714796,The available reviews do not provide enough information to answer this question.,True,2292.9225829429924
G_141,REC_141,B009KZ20D6,Tools_and_Home_Improvement,long,descriptive,pc,3,How durable are the heads on these? I have another precision set I got from RadioShack (lol) and the smallest Phillips head bent painfully easily.,They're quite durable. I purchased this set in September of last year and I have used it on multiple cell phones and laptops. The #000 Phillips screwdriver I have used the most and I took a picture with a macro lens to show you how well it's held up.  http://i.imgur.com/H4MrxbR.jpgHope this helps,KB_01795,1,"[""KB_01798"", ""KB_01796"", ""KB_01801""]","[""The quality of the screwdrivers is excellent. They feel very solid and are long and thin enough to reach nearly any screw. The end of the handle fits comfortable in the hand and I have never had a problem getting a good enough grip. The only way this set could be better is if it included a larger Phillips head.I would recommend this set to anyone who needs to do some work on their computer."", ""I bought this as an extra set, but tips of the Phillips screw driver are not sharp and wont work on most screws. They end on flat.I have other set of another brand that works perfect."", ""I use these daily for disassembling/reassembling laptops at work. For the money, they work quite well and have all the sizes commonly found in laptops. They seem pretty durable, the grips are reasonably comfortable and the carrying case is a nice touch. They have slight magnetism which is useful in retrieving \""lost\"" screws. Also, in the set I received, the two largest torx drivers do have holes in the center, while the smallest one does not.""]",12.051375000737607,"The screwdrivers seem pretty durable, as one user has been using them daily for work without mentioning any issues with the heads bending. However, another user found the Phillips head tips to be unsharp and ineffective. The available information does not provide a clear consensus on the durability of the heads.",False,2522.1659999806434
G_142,REC_142,B001BOD9JI,Pet_Supplies,long,descriptive,pc,3,can you adjust the flow rate or is it just 3.5 gph. i wanting to use to add Kalk but want to do way slower than that,"Flow isn't adjustable on these. I use one to topoff kalk, but on a digital timer that runs the pump for about 5 minutes at a time, 6 times a day.",KB_01805,1,"[""KB_01807"", ""KB_01808"", ""KB_01805""]","[""The pump works as advertised! I get about 2 gph instead of the 3.5 gph, however I am pumping through 4 ft of tubing. This is the second Aqualifter that I have purchased. They are being used as dose pumps in my hydroponics system."", ""TOM Aquarium Aqua Lifter Pump 3.5gph flow rate to 30 inches height,  works like stated. would recomend to others. Delivery was fast."", ""Digital timer runs the aqualifter for 5 minutes, once every three hours, which comes out to 40 minutes a day. This is just enough to topoff the 1 gallon or so per day that evaporates from the tank. Actual flow rate of the pump is highly dependent on the height you are pumping. When the bucket is nearly empty, the pump is sucking through about two feet of tubing, plus pumping up about 20 inches, and pumps more like 1.5 to 2 gph.""]",12.735500000417233,"The available reviews suggest that the flow rate can be affected by the height and tubing length, with one user experiencing a lower flow rate of 1.5 to 2 gph when pumping up 20 inches. This implies that the flow rate may be adjustable indirectly by changing the setup. However, there is no direct evidence of an adjustable flow rate setting on the pump itself.",False,2563.853207975626
G_143,REC_143,B00119QDPA,Musical_Instruments,long,descriptive,pc,3,What is the measurement of the circle at the bottom? I am wondering if it will work with my mic. Thanks!,[UNANSWERABLE],,1,"[""KB_01819"", ""KB_01818"", ""KB_01816""]","[""I bought this mount which is EXACTLY like the one that came from the manufacturer when the mic was purchased. My ordering was fast easy and the delivery was quick with no problems. Perfect replacement piece!"", ""Not what I needed for my condenser mic. I couldn't use it, but you get what you pay for. Looking for another product now."", ""The first one, the circle with the threads in it that screw onto the mic stand actually broke in half, becoming a 'c' instead of an 'o.' My second one won't tighten anymore, so the mic just droops. Not really upset because I use my MXL 990 probably the most out of all my mics, taking it to and from gigs, so I'm not surprised I need to buy replacements! Go ahead and get this replacement.""]",12.682916014455259,The available reviews do not provide enough information to answer this question.,True,2290.1805840665475
G_144,REC_144,B000063XH7,Home_and_Kitchen,long,descriptive,pc,3,Is there a grease channel and catch-area for bacon grease as the bacon cooks?,"There's a guide on one corner that will funnel the grease, but no catch or drop pan.",KB_01831,1,"[""KB_01827"", ""KB_01826"", ""KB_01834""]","[""He explained in one episode how he fries bacon in a waffle maker. While cooking, grease drains away from bacon and splatter is eliminated. Needless to say, this is one of my uses for this machine: cooking organic bacon. Spouts on side of each plate makes it easy to drain grease to refrigerate and use for flavoring other foods later. (Such as homemade fajitas. )Besides waffles, bacon, and grilled items, I use just the grill plates to make home made tortillas!"", ""This waffle maker is great. We cook sandwiches, waffles, and pancakes  daily on it. We tried to cook bacon but the grease kept overflowing over the sides, so won't do that again. Everything  comes out golden brown. The only drawback is it doesn't have an alarm so you have to babysit it. Wonderful product."", ""You should do this after each waffle. I don't wash my grids (I only ever cook waffles and pancakes on it) so I don't know how it works if you do, but as time has gone on I don't need to grease the iron as much and can make a few waffles without needing to oil it.""]",18.289249972440302,"There is a feature that allows grease to drain away from bacon as it cooks, and spouts on the side of each plate make it easy to drain grease. However, one user experienced grease overflowing over the sides while cooking bacon. This suggests that while there is some mechanism for grease drainage, it may not be entirely effective in all cases.",False,2551.341332960874
G_145,REC_145,B005JVNQPQ,Automotive,long,descriptive,pc,3,"Is it normal that where the rust was that its black and textured?  Is it also normal that the rust just doesn't ""fall off"" and requires rubbing?","I just use some today, and you do have to rub it sometime to get the rust to come off. I have seen the metal turn black and some time metal gray when the rust was removed. I love this product, it just saved me some tools that had gotten wet and rusted badly. I thought I was going to have to throw them away but it saved them. Well worth what I spent when I saved my Harley Davidson gas tank that rusted inside when it sat to long.",KB_01835,0,"[""KB_01836"", ""KB_01835"", ""KB_01837""]","[""I was surprised it really works cleans the rust off like it states. one thing is don't leave it in to long or it will turn the metal black."", ""just turned fluid dark and left most of rust on a set of dies. leaving rust and black spots. 48 hr soak"", ""I let my rusted tools sit in liquid over night and took all the rust away left somm black marks on some of the really badly rusted tools but would buy from them again""]",34.52941693831235,"It appears that where the rust was, the area can turn black, and it's not unusual for the rust to require rubbing to remove, as some reviews mention the rust not completely falling off and leaving black marks. The black coloration may be due to over-soaking or the product's effect on the metal. This discoloration is mentioned in multiple reviews as a common outcome.",False,2710.655124974437
G_146,REC_146,B000CPI5XM,Automotive,medium,descriptive,pc,3,Does this work for ford 2002 f350 diesel??,Yes it will.,KB_01851,0,"[""KB_01845"", ""KB_01852"", ""KB_01851""]","[""I have a 2002 Mazda B-3000 truck (Ford Ranger) with about 80,000 miles on it and a 5-speed MANUAL transmission (Yes, this trans uses ATF - not gear oil as you would expect).Before the ATF change, my truck shifted a little roughly and I could hear a slight whine in second gear when the truck was cold. This ATF made a huge difference. It still isn't perfectly smooth when shifting into second, but there is no more whine."", ""My 1998 Ford Ranger was experiencing transmission problems. A friend recommended I try this stuff before replacing the transmission. It's awesome. Now when I shift through the gears, it feels like a knife going through soft butter. What a fantastic product! It saved me thousands of dollars."", ""Bought this stuff to put in the 6 speed transmission & transfer case of my 99 Ford Powerjoke. Seems to shift fine, can't tell much difference here as I was just doing maintenance.""]",11.461167014203966,The available reviews do not provide enough information to answer this question.,True,2376.9651249749586
G_147,REC_147,B00FM0N514,Home_and_Kitchen,medium,descriptive,pc,3,What are the dimensions of the bottom cabinets?  The drawers?,"The two bottom cabinets are each 15.5"" deep, 16"" tall and 19.5"" wide.  There are adjustable shelves that you can opt to put in them.  The drawers are 17.5"" wide, 12.5"" deep and about 3 3/8"" tall.",KB_01862,0,"[""KB_01855"", ""KB_01858"", ""KB_01857""]","[""It really was a lot of work to put together (1 person) but worth it in the end. I had to play around with adjusting the drawers until they finally fit. Once assembled, it is just as pictured. Exactly what I was looking for...very sturdy."", ""Very nice looking piece of furniture. Provides a surprising amount of storage! Doesn't seem overly large or bulky. An exceptional value for the price-- this will hold up and is equally as attractive as other much more expensive options.Assembly was comparable to Ikea purchases we've made in the past, or even easier. The directions provide some helpful clues, so study the illustrations carefully and it's not a terrible project. Time consuming, yes, but the difficulty was minimal."", ""Purchased this for office. Looks nice and was not overly complicated to assemble.When assembling the front legs,  it is easy to get the reversed which would cause the bottom shelf to not line up. Be sure they are flush with the sides on the inside,  not outside. The legs should protrude to the outside of the sides (if that makes sense, lol)Otherwise,  very happy with this purchase.""]",10.813207947649062,The available reviews do not provide enough information to answer this question.,True,2272.5369579857215
G_148,REC_148,B000X596HU,Tools_and_Home_Improvement,long,descriptive,pc,3,I have this can can not get it primed.  The instructions are nto very clear.  Can anyone tell me the correct way to prime it?  I'm about to trash it.,as far as priming it i could only let it sit in a warm spot and it bled itself hahahahaha i know but all i could do to get it going,KB_01874,0,"[""KB_01865"", ""KB_01867"", ""KB_01871""]","[""item was very hard to get primed. Luckily I have lots of experience with grease guns. The instructions for the charger are wrong. One of the batteries was bad and they promptly shipped another one. I also agree with the fitting on end of hose being very hard to remove...bad design. I will be changing it out today with one from my manual Alemite grease gun."", ""The grease gun won't pick up the grease. Tried two different tubes of grease and spend about two hours to get it work."", ""I finally ended up cutting this nozzle fitting from the grease fitting.I replaced the fitting that was supplied with this grease gun with one that I had laying around and now this grease gun works great.""]",35.76120897196233,The available reviews do not provide enough information to answer this question.,True,2406.232791952789
G_149,REC_149,B00F5TR1I0,Beauty,medium,descriptive,pc,3,Does it have enough space for your books ?,"it's a pretty big purse. fits my digital camera and accessories. I don't know how many school books it would fit, but it'll fit a few reading books",KB_01875,0,"[""KB_01875"", ""KB_01882"", ""KB_01877""]","[""It's not the best but not the worst. I just wanted a cute black bag to carry my school stuff in and it does that. Not as big as it looks in the pictures but it's big enough to hold my notebooks and folders. Cheap leather but hey it doesn't look bad. Be careful with the zippers, they're pretty cheap but as long as you don't pull on them or zip them hella fast, they'll be okay. Overall it's a good bag for the price and where it comes from."", ""I just bought this bag, thought it would be nice but instead VERY cheap material! I've had the bag for 4 days and zipper just broke! Inside hardly has any compartments and zipper is very sharp and hard to close. Definitely waste of money."", ""i love the handbagits a pretty good size tooI use it for school and for days out during the weekendI would definitely recommend""]",11.471958016045392,The available reviews do not provide enough information to answer this question.,True,2424.892417038791
G_150,REC_150,B001EYYJVC,Automotive,long,descriptive,pc,3,why does the listing say its 66/80cc? the sticker on the engine clearly says its a 47cc.,[UNANSWERABLE],,0,"[""KB_01885"", ""KB_01887"", ""KB_01889""]","[""It's no race engine but it had more than enough power for a bicycle! Already put 200miles on mine and it still running strong!"", ""I received this engine in 4 days from ordering it. I have a Schwinn Stingray Chopper and i planned on putting the engine on this bike, however i was a bit disappointed to find that it wouldnt fit on the chopper because there was no mount for it. I however plan to make a bracket for it,but overall it was a nice buy, sturdy looking, all parts with it, nothing broke."", ""I bought one of these kits to put on my bike.One problem I ran into was the fact that only a couple of bicycles at Wal-Mart have a big enough frame to mount the engine. You need to make sure you measure the inside of the triangle part of the frame. I have a 700c hybrid bike (one of the three biggest bikes at Wal-Mart) that has too small of a frame for this engine.""]",10.609249933622777,The available reviews do not provide enough information to answer this question.,True,2501.112625002861
G_151,REC_151,B00HWM5PMW,Electronics,medium,descriptive,pc,3,How long does the battery last?,[UNANSWERABLE],,0,"[""KB_01897"", ""KB_01898"", ""KB_01894""]","[""This is an amazing laptop, it is sleek and has the processing power and ram needed to run software. The keyboard lights up and it looks very nice, not cheesy at all. It's not a touch screen but that is not a big deal. It does have some weight to it, it is not light like a tablet but not big and bulky either."", ""This is a great lap top, windows 8 takes some time to get used to. But this product has exceeded my expectation."", ""great laptop at a great price""]",15.885000000707805,The available reviews do not provide enough information to answer this question.,True,2453.9887090213597
G_152,REC_152,B00AT93GBM,Electronics,medium,descriptive,pc,3,Will it work with an iPod touch 4?,"It works as a standard wireless B/g router, it only requieres a 5volt power supply (not inluded, just a usb cable) yiu can use a computer usb port or any cell phone charger with a usb port for powering it, you only have to plug a usb 3g Modem (mine's an Alcatel, tought many ZTE and other brands are supported) , once  you power it up, you can log on to the setup page and conigure settings such as SSID, wireless security.  Very weak signal, by the way, it only reaches the room I'm using it and the next, sometimes reaches the 1st floor of my house . Hope this answer helps.",KB_01905,0,"[""KB_01908"", ""KB_01903"", ""KB_01906""]","[""I would give it 5 stars if there was an A/C adapter included."", ""No amount of tinkering would get this to work even with a 3g modem it is supposedly compatible with. Sent all 4 back"", ""Not compatible with my Huawei Evo Wingle EC315.""]",12.123375083319843,The available reviews do not provide enough information to answer this question.,True,2184.1401250567287
G_153,REC_153,B002TNIN2S,Beauty,medium,descriptive,pc,3,How is this cream supposed to be applied? Finger? Q-tip? Brush?,"A finger tip will work perfectly. However  for spot treatment a Qtip is highly recommended. FYI please avoid direct sunlight when using product or apply at night before bed time, use a towel on pillow if applying at night. Thanks",KB_01911,0,"[""KB_01911"", ""KB_01913"", ""KB_01914""]","[""I am using this cream on my back, legs, arms and face. My dark marks are getting lighter, but it is taking a little more time than expected. But, I am on my third bottle of cream. My husband says, \""have patience and it will work\"". So far my patience is paying off. I will continue to use this product until all the marks are gone. Thanks."", ""The result after a couple of hours is quite nice, smooth, soft skin. Also one person commented that it turned her face red and that it irritated the skin, caused peeling, etc - I don't think the product is supposed to work that way, I think she had a reaction to it."", ""use this twice a day and you will see remarkable differences. lightens dark spots, but will also lighten general skin tone (unless you dab spots with a q tip.) if you put some lemon or lime juice on your skin first and let it dry (concentrate from a bottle is fine, dilute if too strong)  accelerates the process, and your skin will do some age reversing and be very smooth. only problem is that it may stain clothes or bed linens and it's real greasy.""]",12.605499941855669,"The cream can be applied by dabbing spots with a Q-tip. It is also mentioned that it can be used generally, but no specific application method is provided for this case.",False,2384.4474169891328
G_154,REC_154,B001J8SYV4,Toys_and_Games,long,descriptive,pc,3,Is this waterproof ? I want to use outside to keep chalk for an outsie chalkboard ?,no it is not waterproof. Very poorly made.,KB_01925,0,"[""KB_01926"", ""KB_01922"", ""KB_01925""]","[""My little guy loves to write letters and play with mailboxes. I bought this for him and he loves it! It is strong and really cute. He put stickers all over it!"", ""I bought each of my boys a small mailbox that they could keep in front of their bedroom doors and write letters to one another. They loved it. Unfortunately, those mailboxes were made of cardboard and didn't last long so I was excited when Santa brough these cute metal ones.I was happy when I first saw them but then we tried to open one. It was really, really hard and I felt like it might break if I pulled too much."", ""Very poor quality, flag would not stay up on one that I bought, mailboxes bent very easily. Did return and no problems with the return.""]",16.75308297853917,The available reviews do not provide enough information to answer this question.,True,228.20004192180932
G_155,REC_155,B00DMAGWVG,Sports_and_Outdoors,long,descriptive,pc,3,"is this the 2013 model? suitable for 8 yr old in hilly terrain family rides in Colorado? thanks, bobbi",It's quite heavy. My 14 year old loved it til it was stolen. It would be a bike he could grow into. I'd buy it for that age.,KB_01930,0,"[""KB_01931"", ""KB_01932"", ""KB_01930""]","[""I didn't get this bike long ago, and so far it's met many challenges, it holds up really well and it was cheep! That makes it even better."", ""Great bike for price son loves it easy to put together out of box awesome thank you from me and my son"", ""Just got it, finally! Eh so far it's not necisserily what I was expecting, but it'll do I suppose. It's a tad but heavier than I was hoping/expecting. The description says it comes with a pack of &#34;Frame Forged&#34; sticks which it does not. My bike specifically only came with one air cap(front tire) and the breaks aren't as snappy as I wanted.""]",16.04691694956273,The available reviews do not provide enough information to answer this question.,True,2275.7681250805035
G_156,REC_156,B00G8IVXZE,Toys_and_Games,long,descriptive,pc,3,Can I simply use these as rubber bands? Are they as strong as rubber bands you might buy in an office supply store? What size are they?,"Good idea, but much too small and not elastic enough to replace office supply type bands.",KB_01939,0,"[""KB_01942"", ""KB_01935"", ""KB_01934""]","[""These rubber bands were like the ones purchased at any store. My eleven year old daughter had no complaints while using them."", ""After purchasing bands from a large toy store and having the bands break on everything we made, I decided to purchase these. Great strong bands with nice colors too!"", ""I bought these for my kids so they could use with their rainbow loom. They are good quality rubber bands, they are stretchy and have vibrant colors. Happy kids, happy mom.Update: I would suggest not to buy from \""Customer Satisfaction LLC\"", very unreliable company. They said they were fulfilling a promotion they were running but it's been months now and I'm still waiting.""]",17.088834079913795,These rubber bands are comparable to those purchased at a store and are described as strong and stretchy. They are suitable for use like regular rubber bands. The size is not specified in the reviews.,True,2406.7503340775147
G_157,REC_157,B005QIYUMU,Patio_Lawn_and_Garden,long,descriptive,pc,3,Has anyone had any problems with this tipping over? I can see my son running back and forth into the sides and would be concerned about it tipping.,[UNANSWERABLE],,0,"[""KB_01944"", ""KB_01945"", ""KB_01947""]","[""Very disappointed. My son went to climb inside, and when he pulled the door flaps open, it ripped a hole in it. I sent it back, and received a replacement. The second one did the exact same thing. So now it's patched up with duct tape."", ""They have a blast! The only complaint I have is: my son is really tall for his age, and when he gets in and out, he tries to duck under the top yellow tube, but his back and shoulders still graze were the doors and top tube meet. This has caused a tear in the doors as well as the top tube. I was able to fix this with duct tape and silicone. My daughter doesn't seem to have this problem."", ""I read all of the reviews so it was clearly a buyer beware situation, but somehow I thought our experience would be different. We blew it up for my 4 year old on Christmas morning and it already had a leak in the main jump section. We figured it was slow and we would allow her to just jump on it and blow it back up as needed.We wanted it to work and our expectation were set really low. It is now 2 days after Christmas and the entire thing is ruined.""]",12.159124948084354,The available reviews do not provide enough information to answer this question.,True,2213.6400000890717
G_158,REC_158,B00523K104,Electronics,short,descriptive,pc,3,What is the shutter count?,[UNANSWERABLE],,0,"[""KB_01959"", ""KB_01957"", ""KB_01958""]","[""This camera is awesome... You just need to know how to click it. It outperforms in all conditions of light. No cons as of yet.The quality of images is excellent..."", ""This camera takes beautiful pictures!!! I've had some very nice moderately priced cameras over the years, but this one has the quality/precision/clarity that gives you back exactly what you are seeing!! !"", ""This camera takes amazing pics. The lens is unreal how close it brings the images and so clear. I would highly recommend it. My husband always stuck with Olympus and this is his first Nikon and he really likes it better.""]",16.500041005201638,The available reviews do not provide enough information to answer this question.,True,2433.8971249526367
G_159,REC_159,B00A2AWBKU,Electronics,long,descriptive,pc,3,"LENOVO THINKPAD L430 caddy, does the caddy connect to the computer terminals itself, or would I need to open the computer and connect it?",no need to open. just pull out the dvd player and put this one in. all set.,KB_01970,0,"[""KB_01963"", ""KB_01964"", ""KB_01971""]","[""Have been using the caddy for about a month in my Lenovo W530 and have had no problems. The drive fits perfectly into the caddy and is secured by four screws with no need for rubber rails. The caddy fits perfectly into the ultrabay slot and locks into place just like the DVD unit does. So everything is secure and it has performed flawlessly. It even comes with a carrying case that you can use for your DVD unit while the caddy is in use. Would highly recommend."", ""When I bought my T430, I bought a 1TB drive to replace the 320GB drive that came with it... (not knowing that Thinkpad only has a 7mm high drive bay and I bought a 9.5 mm high drive.) I was very disappointed as I need the extra space with my type of work. My extra drive fit very nicely into this caddy, and installed in about 5 minutes. The well built caddy secured the hard drive very nicely."", ""This is a great gadget. Works perfectly and fits seamlessly in the T420.I actually bought this because I could no longer stand the incessantly ejecting cd drive... the bane of Lenovo T420's owners.It's great to have an extra &#34;on board&#34; hard drive, I don't have to constantly push the cd back in, and they provide a hand carrying case so you can safely bring the annoying cd drive with you when you actually need it.""]",15.961791039444506,"The caddy fits into the ultrabay slot and locks into place, suggesting that it connects to the computer terminals itself without needing to open the computer. It is secured by the ultrabay slot, similar to the DVD unit. This allows for a simple installation process, taking around 5 minutes.",False,2477.402374963276
G_160,REC_160,B001PGP33M,Toys_and_Games,long,descriptive,pc,3,How big is the box or the parts if taken out of the box to get it home from the store?,....massive. We have a F150 and the tray was completely full. Each wall and roof panel is a solid piece.,KB_01978,0,"[""KB_01974"", ""KB_01978"", ""KB_01973""]","[""I was scared when I arrived from work and saw the size of the box this thing came in the garage. But to my surprise the box was easy to handle and the pieces came together very easily.You must use an electric screwdriver because the screws are long and not pre-drilled.I had a small issue then installing the doorknob as I put a little too much force and the screw casing broke. However, I was able to remove the broken piece and install it back without problems."", ""first off,  you better have a lot of room to put this, as it's massive! easily big enough to sub-let out to a family if required!it's 18 months old and has been disassembled and reassembled 4 times and it is still holding up as strong as the day it arrived.every kid who comes over goes nuts playing in and around the \""cubby\"". kids smashing things against it, drawing on it with crayons, spilling food and drink all over it, no problems."", ""My daughter loves this play house... and it;s big enough for a 2-4 kids to play inside... or in my case..it;s bid=g enough to for me to sit inside and play tea party with her. Super easy to assemble, very sturdy""]",13.362083001993597,"The box is described as massive and easy to handle, but no specific dimensions are provided. However, it's mentioned that the pieces can be disassembled and reassembled, suggesting that it may be manageable to transport in parts. The size of the assembled product is noted to be big enough for 2-4 kids to play inside.",False,614.5777920028195
G_161,REC_161,B008YRG5JQ,Cell_Phones_and_Accessories,medium,yesno,pc,3,can it charge a laptop comuter,yes it will charge a laptop.,KB_01984,1,"[""KB_01991"", ""KB_01986"", ""KB_01983""]","[""The search is over. This will outperform your expectations, hands down. It can charge you pad and smartphone at the same time."", ""My sons have a tendency to leave a game running, even after they switch over to Legos. Previously I would have to plug into my laptop, or sit by a power cord to use any given device. Not anymore. The unit is a little bulky, nut still very portable. It have 4 different voltage outputs to fit the different charging voltage of various devices. They are all neatly labeled and easy to access. This thing will charge my Ipad mini twice."", ""It fits fine in my laptop case, doesn't get hot when I'm charging it or using it to charge other things. And the fact that I can charge multiple things at once is a bonus.So far it's worked great, and has become my &#34;go to&#34; charger when I'm on the road.""]",12.402625055983663,The available reviews do not provide enough information to answer this question.,True,2193.30920802895
G_162,REC_162,B004EPXIA6,Patio_Lawn_and_Garden,short,yesno,pc,3,can I refill the spools?,"Okay. My earlier response to a similar question was yes and now i have more experience and knowledge to respond more thoroughly. a) yes, one can replace the line in these spools with thicker line. I have done so two times now using 0.08 in line i had leftover form my old dual line trimmer. I have the Greenworks 21242 G-MAX 40V model which is a single line design. These spools are only for single line machines.  They accommodate only one single line. B) When you load them with thicker line, there must-needs be less line length on the spool.  Thicker line works better for thicker stemmed plants and so will break less often in that case. However,...since my Greenworks 21242 G-MAX 40V trimmer has a ""no bump"" automatic line feed, the line is advanced 1/4 in every time you stop and start the motor.  If the weeds don't break the line, the cutter-knife thing will be cutting off that 1/4 in every time you stop. This means if you are only cutting grass and other less resistant weeds, the .065 in line is probably a better bet since there will be more line to use up per spool as you go about your standard trimming operations.  IF you have heavier weeds as i do, the .08 in line is a better bet since it is less likely to break for these tasks and if you are willing to continue trimming without stopping until the line has been shredded by the weeds.  i.e., more weeds per spool under such conditions.",KB_01996,1,"[""KB_01999"", ""KB_01994"", ""KB_02000""]","[""The spool that came on the trimmer is refillable and so are these. It's good to have spools on hand when one goes empty and these do the trick. Once you buy these you can just keep refilling them."", ""I would recommend rewinding the spools with your favorite line. This stuff is a helix twist and sticks somewhat on the spool. It will work, but your own might be better.....  Just sayin."", ""simple easy to use repacement  spools  a no brainer to install  i would recomend to anyone rather than trying to rewind spools  by hand""]",14.79187491349876,"Yes, the spools are refillable. You can refill them yourself or purchase replacements. It's also possible to rewind the spools with your own line if preferred.",False,2466.653584036976
G_163,REC_163,B003ARSPIO,Cell_Phones_and_Accessories,short,yesno,pc,3,is it a smart phone,"It's not a smartphone, but it's smart to have it if you are a SIM card user. It is easy to use and more than worth the price.",KB_02011,1,"[""KB_02006"", ""KB_02004"", ""KB_02005""]","[""Love the combination of touch screen and pull-out qwerty keyboard! In addition, the phone seems to be very well made. Great customer service!"", ""does this phone have GPS?. does it have android operating system? is the keyboard lighted?how is the speaker on the phone?"", ""the phone is ok ,but the battery life is too short and it take hours to recharge. would i refer this phone to my friends, not likely.""]",12.923958012834191,The available reviews do not provide enough information to answer this question.,True,245.463875005953
G_164,REC_164,B00429NVQA,Electronics,long,yesno,pc,3,can i aim this out a closed windw to view my back yard.,Yes and no. The camera has a set of IR LEDs that allow it to see at night. You will have not be able to see what is going on at night unless you do what I did and tape off the LEDs using black electrical tape. What happens is the IRs hit the glass and at night it acts like a mirror and blinds the camera. Without the LEDs it works fine during the day and at night it works decently with ambient/porch light. You could also get an IR LED array for fairly cheap here off amazon and point that into your yard as well. That way it would have pretty good B&W; night vision.,KB_02013,1,"[""KB_02018"", ""KB_02013"", ""KB_02017""]","[""You aren't going to get super clear pictures or read license plates 30 feet away but if you just want to know if someone/thing has been into your yard or keep an eye on the family pet then this is fine for that.I'd say if you are thinking about this one then spend a bit more and get the newer PTZ camera with 720p output on it."", ""my daughter is in a wheelchair in a basement apartment of our house. She cannot see when her para-transit bus arrives and sometimes had to sit in the rain so she wouldn't miss it. now she can watch on her phone or computer to see when it arrives.I wish there were a way to turn off the night vision IR. We have it in a window and at night the IR reflects from the window back into the camera obliterating the street view."", ""}18w series foscam for INDOOR P/T {pan tilt} setups less than 50feet}09w series foscam {this model here} for indoor &#34;fixed position setups less than 50feetall these series cameras WILL work together on the same network ,and are EASY to port forward for remote view {over the enternet}great seller ,buy the way=)""]",17.675125040113926,"The camera can be used to view the backyard, but it's recommended for indoor fixed position setups, and one reviewer mentioned that the night vision IR reflects off the window, which could be a problem if aiming it out a closed window. It may not provide the best view, especially at night. The camera is suitable for monitoring a small area, such as a yard, from a short distance.",False,2668.270207941532
G_165,REC_165,B002N3TO36,Automotive,long,yesno,pc,3,would it be okay if I wanted to trim (cut) each bar to match the width of the roof of my Volvo V50 for a more flush mount,[UNANSWERABLE],,1,"[""KB_02027"", ""KB_02024"", ""KB_02028""]","[""Volvo sells cross bars but they cost significantly more. Thes fit the car and my budget. Most importantly, they work just fine. I don't keep them on the car permanently. They come off and reattach easily. What more could I ask for?"", ""I'll start with saying that the supplier of these crossbars was great to deal with. They contacted me directly to make sure they were shipping me the color I wanted (chrome or black), and to confirm the make and model of my car. In addition, these crossbars are much less expensive than ones sold by Volvo, or the big name suppliers.The bars themselves are a mixed bag out of the box. On the plus side, the installation is quick and easy."", ""We looked everywhere for a rack to fit our volvo and the costs were insane. We made the perfect choice on this one""]",15.994084067642689,The available reviews do not provide enough information to answer this question.,True,2293.1180000305176
G_166,REC_166,B0081ILUOI,Automotive,medium,yesno,pc,3,"will this fit a 2014 elantra limited with 17"" wheels?",[UNANSWERABLE],,0,"[""KB_02036"", ""KB_02040"", ""KB_02038""]","[""I would recommend this product to all Elantra owners!All the tools needed to complete a tire change were included as well as an organizer.Thank you"", ""When we bought our Elantra, we didn't realize that it didn't come with some sort of spare. My wife damaged the sidewall of the right front tire on the way to work, and all there was in the wheel well, was a large piece of fitted Styrofoam, and a glorified Fix-A-Flat kit. The upshot here is that the Fix-A-Flat, is only going to be good if you have a SMALL puncture in the tread."", ""Tire is mounted and inflated. Fits in the 2013 Elantra trunk perfectly. Feel safer driving now that I have a spare knowing I won't be stranded. Didn't want to use the mobility kit because once used, the tire cannot be repaired. You have to buy a new one.""]",14.916499960236251,The available reviews do not provide enough information to answer this question.,True,2288.73183298856
G_167,REC_167,B00BI4JXGO,Electronics,short,yesno,pc,3,are any cables required,Yes. I purchased an Amazon HDMI (ARC) cable to connect my main unit HTB770 ARC output to the TV HDMI ARC input. It woks great and gives you on/off and volume control.,KB_02041,0,"[""KB_02042"", ""KB_02046"", ""KB_02041""]","[""Pros:Speakers sound goodBluetooth works great with my iPod TouchEasy to set upCons:Receiver was defective out of the box. When switching from one input to another (e.g. from cable box to Blu-ray), either the sound would drop out, or the video became shaky and showed a lot of interference (lines and snow/static on the screen). I checked all connections, all cables were sound. My TV is a Panasonic plasma, by the way.Returning it."", ""easy hookup to my panasonic tv ,but not really that happy with overall sound.probably will go for surround sound amp in future ,this will do for now .gs"", ""This is how I have it set up:2 HDMI cables coming from my 2 sources (blu-ray player and cable tv) right into the tv (input 2 and 3). From the tv  have 1 HDMI cable from input 1 (this is the designated ARC port) going into the ARC input of the home theater main unit. So, basically I am using my tv as the router/switcher (instead of the crappy main  audio unit).""]",14.031374943442643,"Yes, cables are required, specifically HDMI cables, as mentioned in the reviews for setup and connection to the TV and other devices.",False,328.3159580314532
G_168,REC_168,B006SDI6X6,Home_and_Kitchen,medium,yesno,pc,3,can i use this without the bars in the middle,If by bars you are talking about  the spaces between the canvases then yes you can put them as far apart or as close together as you want.  Keep in mind that there will still be a small seam even if they are as close together as you can put them so it will never look quite the same as one canvas.,KB_02050,0,"[""KB_02056"", ""KB_02050"", ""KB_02055""]","[""We just measured, hammered in the hangars and the work was done. Per the manufacturers instructions, we left a couple of inches between each space. The five pieces make a BIG display. In this case, the stretch across the wall behind an oversized green leather sofa. The sofa is fat...overstuffed and fairly plane."", ""The painting invites us in for a walk down the lane to the setting sun.Be advised, this series of paintings needs a large wall for placement. Each panel is light and framed for easy installation. I have the paintings pressed tightly together to make one scene, unlike the picture included on Amazon that shows silver bars separating the paintings."", ""We wanted something to accent our new colors and this did it.Product was nicely packaged and went up on the wall with ease.Follow the instructions for spacing and you can't go wrong.""]",15.991208027116954,"Yes, you can use this without the bars in the middle, as one reviewer has the paintings pressed tightly together to make one scene. This suggests that the product can be installed without the separating bars. The manufacturer's instructions do recommend leaving space between each piece, but it is possible to install without the bars.",False,2550.081458990462
G_169,REC_169,B003J8PCL2,Electronics,long,descriptive,pc,3,I have an Onyx EZ Model XEZ1.  Will the work with my model?,"I'm sorry not really sure if it will, but the thin wire tends to break very easily right @ the plug. Just breaks cause they're so thin. I'm on my 3rd. Not happy.",KB_02069,1,"[""KB_02060"", ""KB_02065"", ""KB_02078""]","[""I have gone through two, nearing the need for a third one. I have tried to find more durable replacements, but have not been able to find one that says it is compatible with the Onyx. XM should work on a thicker cord, for this one breaks at the point right before the thicker part that goes into the cigarette lighter. I thickly wrap with electrical tape, but it is still trying to break in the same place..... again. Other than the flimsy power cord, I love it."", ""This cord works with the onyx radio.Seams to be a little better than the one that came with the radio but I  put electrical tape on what I think are the weakest point to eliminate the breakage that happened to the last one."", ""cord is thin  and  breaksi won't  my xm /  someone sell me another cord that fits  the onyx  that lasts""]",17.397333052940667,The available reviews do not provide enough information to answer this question.,True,2517.46841694694
G_170,REC_170,B00E395L7Q,Electronics,long,descriptive,pc,3,Does it have a card reader slot? In the pictures it looks like it does.,"Yes,  but haven't used it yet",KB_02085,1,"[""KB_02089"", ""KB_02099"", ""KB_02090""]","[""It remembers all the passwords and usernames that I need and gets me into these sites by swiping my finger over the reader."", ""I have to say that I have a problem with this computer.  I want to be on it all the time.  It is way better than my previous laptop whose hard drive died.  (A cautionary tale to remind you to back up your stuff.)  I will use this computer to process photographs (amateur), so I didn't want a shiny touchscreen.  This computer has the anti-glare, non-touch screen.  The screen doesn't act as a mirror for everything around it.  Screen resolution of 1920 x 1080 makes a difference when looking at photos I have taken.I have been asked by my church to produce the parish directory and tomorrow will download Adobe InDesign from the church's copy of this professional design program.  Producing the directory should give the computer a workout since I have already taken large file photos of the congregation and will need to copy and paste them into this program.  We are going on vacation at the end of this week and I want to take some RAW images with my camera to process on the computer.  I may come up with an addition to this review after doing some things that the computer is really designed for.  As of this writing I have only had the computer for 11 days.It is early morning, and the light is dim so I am using the lighted keyboard instead of an overhead light.  It works great.  Another feature I didn't know if I'd use is the fingerprint reader.  It remembers all the passwords and usernames that I need and gets me into these sites by swiping my finger over the reader.  I logged onto my Amazon account this way to write this review.  So it's a great feature, too.Watch for computers that don't have an optical drive.  When I was shopping for a computer, this seemed to be the norm.  This computer has a built-in Blu-ray Player and DVD burner.My wife and I travel in an RV.  We could watch TV shows on this computer if we wanted to, but it also has an HDMI output.  We haven't tried it yet, but I am told we can connect the computer to our flat screen TV and play the show on the big TV.There is nothing wrong with Windows 8.  It is different from Windows 7, but it is easy to get used to.  I like it just fine."", ""Another feature I didn't know if I'd use is the fingerprint reader.""]",19.809416960924864,The available reviews do not provide enough information to answer this question.,True,159.00462493300438
G_171,REC_171,B00F144HYA,Electronics,long,descriptive,pc,3,"what size screen do I need with the 5030ube, sitting approx 14 feet from wall where screen would go.","i have a 120"" 16:9 screen at 13 ft away and it is great, it is amazing for movie format which takes about 6inch from top and 6inch on bottom and then the whole screen is used for hdtv which is gigantic but it is not difficult to watch.  i just bought projector last week and even though the resolution from my 4k samsung has spoiled me movies in true 1080p look great using the projector",KB_02103,1,"[""KB_02115"", ""KB_02110"", ""KB_02101""]","[""I waited for years to buy a projector thinking the picture quality would not be very good but the 5030UB blows away most LCD and plasma TVs.My 5030UB sits on a shelf about 8' off the floor and about 19' from my 120\"" Silver Ticket screen (also fantastic)."", ""I have about a 14.5 foot throw, with the projector located 2.5 feet from the top of the screen."", ""Lag-people talked about lag in the reviews on other websites ***so far it plays everything there is a fast setting for gaming and many others. we have tried several setting all work we do not notice any issues.6. ***IMPORTANT*** measure the distance projector to wall/screen. there are auto programs on the web that know your 5030ub and you plug in number out comes answers. This will also add in better picture. 84\"" TV 8 to 13 feet and 120\"" in greater.""]",13.092499924823642,"Based on the reviews, for a 14-foot throw distance, a 120"" screen is recommended. This is inferred from a review that mentions a 14.5-foot throw with a screen, and another review that mentions a 120"" screen with a greater throw distance.",False,2460.5650410521775
G_172,REC_172,B0048G9LDE,Toys_and_Games,long,descriptive,pc,3,How well does this game play with 2 players?  Is it less interesting then 4 players?,"It plays alright. The choices in the different zones are reduced (blocked off) when playing with fewer than 4 players. So, while it's still playable, it's a lot more fun with 4.",KB_02121,1,"[""KB_02132"", ""KB_02128"", ""KB_02141""]","[""While the game can be played with 2 and 3 players, for the best games I recommend playing with 4.This game is out of stock on many websites, so if you see it for sale, pick it up."", ""With over 100 plays, I can say this is a great game. I have over 400 games in my collection, and this one has been played the most, by far. The re-playability is extremely high, allowing for a myriad of possible ways to win, with no one strategy always being the path to victory. Its even better with the expansion cards.Playing with two players completely changes the dynamic of the game. It becomes extremely cutthroat and people who have only played with 4 players will probably not realize the changes in tactics required."", ""This is probably one of my favorite new games that I've played in a long time, and much better if you can play with the max of 4 players.Players start off with 3 ships (dice), and take turns rolling all of them. Depending on how players roll, they may place the ships on different areas on the board. Some allow you to get more ships, others allow you to take resources, and others allow you to place colonies on the surface of the moon (the moon being divided in to regions, each named after a famous science fiction author). Really, the idea behind play is simple, but because you are competing head to head against other players for the same limited spaces on the board, sometimes you'll find yourself fighting other players for the same resources.No one is eliminated early from the game, so everyone can stay in it until the end. While the game can be played with 2 and 3 players, for the best games I recommend playing with 4.This game is out of stock on many websites, so if you see it for sale, pick it up. Because of it's easy learning curve, it also makes a great gift.""]",16.2708330899477,"The game can be played with 2 players, but it becomes extremely cutthroat and requires different tactics compared to playing with 4 players. Playing with 2 players completely changes the dynamic of the game. It is recommended to play with 4 players for the best experience.",False,274.08416592516005
G_173,REC_173,B000E8VAIO,Tools_and_Home_Improvement,long,descriptive,pc,3,can this be placed in a gang wall switch box? I have a 7 switch gang box and need to place two side by side?,"When we originally bought this item, it replaced a light switch. It fit in fine next to two other light switches. The same switch plate we used before covers all three.",KB_02157,1,"[""KB_02160"", ""KB_02156"", ""KB_02151""]","[""I can do that with my old, $1.50 wall switch!"", ""Just be aware.The writing on the unit is VERY small and hard to see.The spaces are tight for fat fingers.The unit fills the entire half of a switch box and in my case with new, thick wires and twist caps inside, I had to finagle and bend and adjust to make it fit the space."", ""This wall switch is easy to install, but it is really complicated to program. The instructions are not user friendly and some steps are confusing. The program window icons are very small, and you will need a flash light or really good lighting to see the set up menu. So far it has worked as advertised, but there are better products out there for the same price.""]",15.973208006471395,"The unit fills the entire half of a switch box, so it should be possible to place two side by side in a 7 switch gang box, but it may require some adjustment due to tight spaces.",False,330.06016607396305
G_174,REC_174,B0044U42LU,Sports_and_Outdoors,medium,descriptive,pc,3,Will these kill zombies if i get good at it?,"Projectile weapons typically are not efficient for killings zombies. Throwing knives would be better served as a tool or self defense against humanity's other faction that you'll ultimately have to fight. Likely they will capture you, and their Che Guevara look alike will make you play basketball while only have a couple hours left before a horrible poison destroys your body. Welcome to the human race.",KB_02164,1,"[""KB_02163"", ""KB_02173"", ""KB_02174""]","[""I bought these to get ready for zombies and i wasnt dissapointed! Very sharp and very accurate will hit targt easy!"", ""I bought these to get ready for zombies and i wasnt dissapointed!"", ""I'm sure there are professional knife throwers somewhere who laugh at these, but we did not buy them for competition or for killing zombies; they were bought for me and my 13 year old to have fun.""]",16.357457963749766,"Two reviewers bought these to prepare for zombies and were not disappointed, suggesting they may be effective. However, one reviewer did not buy them for killing zombies, implying they may not be suitable for that purpose. The available reviews do not provide enough information to confirm their effectiveness against zombies.",True,468.33675005473197
G_175,REC_175,B000BVQ80E,Home_and_Kitchen,long,descriptive,pc,3,Do I only have to use  Sephora chocolate or will any brand do ?,Any brand will work as long as it is formulated to use in a fountain.,KB_02185,1,"[""KB_02194"", ""KB_02202"", ""KB_02195""]","[""I bought 2 bags of Sephra milk chocolate and didn't even use everything."", ""We used Sephra brand chocolate and had no need to burp it."", ""I would advise buying the Sephra brand chocolate wafers that are recommended, too, because you don't have to add oil and they melt quickly.""]",13.442042050883174,"The reviews suggest using Sephra brand chocolate, as it is specifically recommended and has beneficial properties such as not requiring oil and melting quickly. There is no mention of other brands being suitable. It is advised to buy the Sephra brand chocolate wafers.",False,414.8718339856714
G_176,REC_176,B00HG1L334,Electronics,medium,descriptive,pc,3,Is it fit with lifeproofcase ipad mini?,[UNANSWERABLE],,1,"[""KB_02218"", ""KB_02211"", ""KB_02214""]","[""I tried this cable on some of my problem cases and the fit was perfect."", ""I own a number of devices (phones and tablets), and cases can sometimes be problematic when connecting cables. I tried this cable on some of my problem cases and the fit was perfect. Plus one for that!I love this cable so much that I am ordering a spare in case I lose this one. The price is nominal and the quality is untouched by any other 3.5mm cable I own or have used, which makes this one a five star product in my opinion."", ""It works perfectly for my new iPad.""]",12.682791915722191,The available reviews do not provide enough information to answer this question.,True,115.60058302711695
G_177,REC_177,B007VFTO0E,Patio_Lawn_and_Garden,short,descriptive,pc,3,What size is the hole?,[UNANSWERABLE],,0,"[""KB_02224"", ""KB_02226"", ""KB_02225""]","[""It's Craftsman... do you need to make a review? It's a quality item wouldn't expect anything else from that company."", ""It's Craftsman... do you need to make a review?"", ""It's a quality item wouldn't expect anything else from that company.""]",14.803500031121075,The available reviews do not provide enough information to answer this question.,True,116.81229202076793
G_178,REC_178,B001L1R3SO,Home_and_Kitchen,long,descriptive,pc,3,Does this blanket go on top of the bedding or do you sleep on top of it?,[UNANSWERABLE],,0,"[""KB_02227"", ""KB_02228"", ""KB_02229""]","[""We bought the queen-sized blanket for a queen-sized bed. I wish I'd bought the king &#8230; it's hanging over the edge of the mattress but there is NO way I could even come close to tucking it in. But it does keep us super warm and it's so much safer than the antique version that we were using."", ""We bought the queen-sized blanket for a queen-sized bed."", ""I wish I'd bought the king &#8230; it's hanging over the edge of the mattress but there is NO way I could even come close to tucking it in.""]",13.395457994192839,"The blanket is used on top of the bed, as it hangs over the edge of the mattress and cannot be tucked in. This suggests that it is intended to be used as a top layer. It keeps the users warm, implying it is used for sleeping on top of, rather than underneath.",False,391.5457910625264
G_179,REC_179,B005N1190G,Pet_Supplies,short,descriptive,pc,3,What gage is the wire?,It looks to be 10 Ga,KB_02242,0,"[""KB_02240"", ""KB_02231"", ""KB_02242""]","[""Folds pretty easily to transport and wire is heavier than others I looked at."", ""This crate is more heavy duty than the ones I saw at the pet stores. Has double locks on door for secure closure. Folds pretty easily to transport and wire is heavier than others I looked at. Drawback is only one door, but so far not a problem. A little pricey compared to others, but worth it--you tend to get what you pay for in dog crates. My dog likes it, so I can't say how it would hold up to a large dog who wanted out of it."", ""was also the size I needed it to be.""]",12.535874964669347,The available reviews do not provide enough information to answer this question.,True,122.56920896470547
G_180,REC_180,B003F8GH6U,Sports_and_Outdoors,short,descriptive,pc,3,Where was it made?,They are made in China. The only water bottle I've found that is made in the US is Liberty Bottles. You can get them here or I saw them on the shelf at Whole Foods.,KB_02254,0,"[""KB_02260"", ""KB_02248"", ""KB_02264""]","[""Love my new kanteen, it arrived quickly and the product is wonderful."", ""Love my new kanteen, it arrived quickly and the product is wonderful. Klean Kanteen is durable and easy to carry around!"", ""I received this bottle last week.I have tried several other reusable bottles, all of which had been aluminum.  They all left the water smelling a bit funky, and definitely affected the taste of the water.  The paint on one of them started to get sticky and rub off onto other objects in my bag after just a few days.  All of those bottle failures have since been recycled.Once I was in the market for a new one, I decided to try Klean Kanteen.  It had excellent reviews, and was extremely reasonably priced.  I love that it is steel, not aluminum.  Now my water has no metallic taste or smell- it is just water.  The cap is made from a smooth and durable plastic.I ordered the Green Energy color, which is much more subtle when you get it.  It is closer to celery, which is beautiful.I have not yet dropped it, so I cannot attest to its durability in that sense, but it has survived a few bike rides so far and has done marvelously.  It has also stood up to the daily abuse that is my backpack without a scratch.I appreciate the interchangable caps avaliable through Klean Kanteen, and plan on ordering the sport cap.""]",12.596708023920655,The available reviews do not provide enough information to answer this question.,True,378.9600000018254
G_181,REC_181,B005IHAPBY,Automotive,long,descriptive,pc,3,"How tall are the top and bottom sides? I'm thinking about getting this engraved, but if it's too small then I can't",[UNANSWERABLE],,0,"[""KB_02280"", ""KB_02266"", ""KB_02273""]","[""Good looking plate frame, I bought this one as NC truck plate has the state name at the bottom of license plate."", ""Good looking plate frame, I bought this one as NC truck plate has the state name at the bottom of license plate. Many plates has the wide lower part of the frame with a logo, this covered over the name of state causing the police to get upset.Good quality, sturdy frame."", ""Very easy to put on and looks really good. Nice black color, It is exactly what I was looking for.""]",12.6393330283463,The available reviews do not provide enough information to answer this question.,True,131.42362504731864
G_182,REC_182,B009LJ9Z0M,Electronics,medium,yesno,pc,3,will this unit include docking for an Ipod and an Iphone 4?,Yes. I have used both my iPhone 4 and my iPod in the docking station and they work fine. One thing that could cause trouble is the size of your phone case. My phone case is small and it fits. A large case would need to be removed to use the dock.,KB_02287,1,"[""KB_02287"", ""KB_02299"", ""KB_02301""]","[""I purchased the radio and it is great! Love the alarm etc.The I-Phone Dock does not work with my Iphone 5C. It has the larger plug and is compatible with the Iphone 4 I think. If you have the new I phone don't waste the money.Otherwise a great product!! !"", ""Love the alarm etc.The I-Phone Dock does not work with my Iphone 5C."", ""This is a very well made product, as with most BOSE products......iPod/iTouch connects just fine and sounds good.""]",23.519166046753526,"The unit includes docking for an iPod and is compatible with the iPhone 4, but not with newer iPhone models like the 5C. It has the larger plug, which suggests it is designed for older iPhone models.",False,365.25045800954103
G_183,REC_183,B003WAOVGY,Home_and_Kitchen,medium,yesno,pc,3,does this chair work with xbox one,"Yes, it will work with xbox one as long as you have a headphone jack in the tv or stereo. The chair can then be connected wirelessly or by wire (extra).",KB_02327,1,"[""KB_02323"", ""KB_02317"", ""KB_02308""]","[""With the X Rocker Pro gaming chair, he plugs in his earphones (peace and quiet for the rest of the household), experiences all of the special effects vibrations and sounds), and improves his posture too."", ""My son loves the chair, he calls it &#34;THE BEST SEAT IN THE HOUSE&#34; We looked at other gaming chairs and they don't come close to the X rocker pro."", ""My teenage son would blast anyone sitting nearby as he sprawled on the floor playing his Xbox or other games. With the X Rocker Pro gaming chair, he plugs in his earphones (peace and quiet for the rest of the household), experiences all of the special effects vibrations and sounds), and improves his posture too. He loves it (and so does mom)!""]",12.66891707200557,"The chair works with Xbox, as one reviewer mentions their son using it to play Xbox and experiencing special effects vibrations and sounds. The chair is compatible with Xbox, providing an immersive gaming experience.",False,336.5681250579655
G_184,REC_184,B00EVC9PQI,Electronics,medium,yesno,pc,3,would this tripod fit GE X450 power pro camera?,"It should look at the bottom of your camera, if there is a small hole yes, if its a 2 inch square lock or Oregon scientific mount no. Its a great pod I've had mine and been using it regularly for about a year works like new after some pretty severe beatings including submerging it a bunch of times. Still can't beat the price.",KB_02333,0,"[""KB_02338"", ""KB_02328"", ""KB_02334""]","[""This tripod holds my Panasonic Pro AG-DVX100B camera."", ""At first I was skeptic about this tripod because of the price. I've had many tripods throughout the years and I'm very satisfied with this one!! For the price I couldn't believe how well it holds up as I would by another 1!!! This tripod holds my Panasonic Pro AG-DVX100B camera. I'm so glad I didn't waste my money on a $80.00 tripod! !"", ""I'm using one with my little Panasonic Camcorder and the other one with my Fujifilm Finepix DSLR. This tripod will be able to hold cameras much heavier than mine with no problem, I know it can. I would recommend this wonderful tripod to anyone anytime .Even when I raise them all the way to 66 inches, they remained steady and strong! You won't go wrong with this one! BUY IT!""]",12.447167071513832,The available reviews do not provide enough information to answer this question.,True,225.88687494862825
G_185,REC_185,B0077QHF1C,Electronics,medium,descriptive,pc,3,"Can I select ""Random mode"" for songs playback?","Yes you can.  Press and hold the play/pause button on the device or the remote.  You will be able to choose between playing ALL songs in sequence, RANDOM within the current directory, FOLDERALL playing all the songs in the current directory only, ONE to repeat the current song.",KB_02363,1,"[""KB_02359"", ""KB_02363"", ""KB_02356""]","[""You can change the frequency, volume and select the songs.After 8 month, this one doesn't work any more."", ""I can't find a way to \""random play everything on the SD card\"" - only \""random in this folder\"" and I can't seem to find a way to navigate \""out of this folder and up one level\""."", ""I can't find a way to \""random play everything on the SD card\"" - only \""random in this folder\"" and I can't seem to find a way to navigate \""out of this folder and up one level\"". This means I have to copy all my music over, move everything to the root directory and hit random. And that means I'm now not able to play \""just this album\"".If I hadn't tossed the packaging I would have returned it, but thankfully my commute is pretty short so I'll live with it; thankfully it was only about a tenner.""]",12.091874959878623,"The device has a ""random"" playback option, but it only works within a specific folder, not for all songs on the SD card. There is no clear evidence of a ""Random mode"" for all songs playback. The available reviews do not provide enough information to confirm if a ""Random mode"" for all songs playback exists.",True,450.46204200480133
G_186,REC_186,B004T6M6Y4,Home_and_Kitchen,medium,descriptive,pc,3,Is lid transparent or do you know a transparent compatible lid?,no the lid is not transparent. I don't know of a compatible transparent lid.,KB_02388,1,"[""KB_02372"", ""KB_02383"", ""KB_02374""]","[""I want to up grade my pots and pans and had heard that All Clad was one of the best. The first time I used it (cooked oatmeal) there was a stain when I washed it, so I washed it again, used it again and washed it again all according to the manufacturers recommendation. It cooks well, the lid fits tight and everything else about the pan is fine. Will be looking for other brands as replacement for what I currently own."", ""Displays very nicely on my pot rack and cleverly stores the lid on the long handle."", ""I doubt that I could write any thoughts about All-Clad cookware that is not already known or shared by anyone who has had the pleasure of using this fine cookware. It is both beautiful and functional and heats up quickly and evenly on my commercial grade range. It arrived promptly and well-packed for shipping from this Amazon seller. It washes up very nicely and I've only had to lightly clean it with barkeeper's friend one time. Displays very nicely on my pot rack and cleverly stores the lid on the long handle.""]",17.408167012035847,The available reviews do not provide enough information to answer this question.,True,226.116459001787
G_187,REC_187,B000Q5APCC,Electronics,medium,descriptive,pc,3,What is the size of this radio?,[UNANSWERABLE],,1,"[""KB_02400"", ""KB_02391"", ""KB_02399""]","[""So be clear about the size of the radio you want before you order it."", ""The radio was larger than I expected. So be clear about the size of the radio you want before you order it. When the radio arrived, I put in batteries. It did not work. I then used the AC adapter, pluged it in and turned it on. The radio started to smoke and I pulled the plug. The radio never did work and I have returned it."", ""This radio gets great reception of distant FM stations and the sound quality is great for the size.""]",15.802416019141674,The available reviews do not provide enough information to answer this question.,True,222.01487503480166
G_188,REC_188,B004MKJWJO,Electronics,medium,descriptive,pc,3,Will this card work with a 375 watt power supply?,"Yes, but I would recommend getting at least a 600 watt sometime in the future if you game a lot",KB_02409,1,"[""KB_02419"", ""KB_02420"", ""KB_02423""]","[""It takes only 1 6-pin power conenctor and comes with molex adapters so as long as you have a 350watt power supply/psu or higher than your good.My brother used this on his stock 350watt psu which has no 6-pin connector and the card works fine (used the molex adapter)."", ""This card provides a lot of power for the price."", ""Just keep in mind that it is fairly big and uses a nice chunk of power, but it still fit in my mATX case.As a primarily console gamer that would still like to play some PC exclusives and pick up some Steam sales, this card is perfect.""]",12.956624967046082,"The card will likely work with a 375 watt power supply, as it has been confirmed to work with a 350 watt power supply. The card only requires one 6-pin power connector and comes with molex adapters for alternative power sources. This suggests that a 375 watt power supply should be sufficient.",False,390.9694160101935
G_189,REC_189,B004MMXB6W,Sports_and_Outdoors,short,descriptive,pc,3,How wide is the sheath?,[UNANSWERABLE],,1,"[""KB_02445"", ""KB_02432"", ""KB_02441""]","[""Should have read the description better, did not know it was an over the shoulder type of sheath."", ""I bought this to go with the machete I got my son for his b-day and couldn't believe the quality of the sheath"", ""This is a well made sheath for the price.""]",15.561875072307885,The available reviews do not provide enough information to answer this question.,True,212.63554191682488
G_190,REC_190,B002Q0W80W,Electronics,long,descriptive,pc,3,will it cpome with a plug in power adapter or do i neet to purchase it seperately,"It comes with the power adapter, and a antenna with VERY long cord. You will need a sound source, like powered computer speakers.",KB_02447,1,"[""KB_02458"", ""KB_02451"", ""KB_02447""]","[""Invest in a1-Foot Extension Power Cable, 5-Packif you're going to plug this into a power strip."", ""I believe I returned this product because I needed to purchase an additional adaptor to use with it, which at the time I was unwilling to do--so I can't really review it's productivity."", ""The unit comes with the dock (which isn't cheap plastic, it's \""pleasantly heavy\""), an indoor/outdoor hinged antenna with a metal bracket on the back for sturdy mounting (no screws included that I could find), a headphone-to-RCA cable for connection to your receiver (That I didn't use. I plugged some high-quality computer speakers into the unit and it worked great), a wall-wart, and an instruction manual. Invest in a1-Foot Extension Power Cable, 5-Packif you're going to plug this into a power strip.""]",16.520290984772146,"The unit comes with a wall-wart, which is a type of power adapter. This suggests that a plug-in power adapter is included. You may not need to purchase it separately.",False,325.30258304905146
G_191,REC_191,B00AU6ED8Y,Sports_and_Outdoors,long,descriptive,pc,3,Is the barrel on this Umarex Octane .22 cal rifled? I read a review that said this was a smooth bore barrel???,"Yes, the barrel on the .22 cal is rifled.",KB_02476,1,"[""KB_02469"", ""KB_02477"", ""KB_02465""]","[""Stock is somewhat odd compared to traditional style, I don't care for lock of raised comb as it makes no difference in my shooting results.Trigger is best I have seen in any air rifle owned to date, safety is reversed but not an obstacle at all.Scope is adequate but I would have preferred to buy one separately and eliminate the cost of one supplied with rifle.Iron sights are usable, the rear one has steel components, front could use hood.Rifle is well built, there are no stripped or molested screws typically found on Chines products.Everything works as intended, barrel locks securely and stays firmly locked in place.This is a heavy rifle so don't plan on lugging it around for very long time, cocking effort can be a handful, best shooting is from some sort of rest.Things I have done to it since new:Thrown away ruined and compressed breach O-ring, filed off all sharp edges, cleaned barrel and applied gun bluing to exposed metal.Tightened break barrel screw to get stiffer joint.Replaced breach o-ring with one from Home Depot (#208 O-ring, 10 pack).Reinstalled stock, applied drop of gun oil to vital areas and blue thread lock to all screws.Replaced scope with Center Point 4-16x40 AO so I can see holes in target at 50 yards.Sanded off sharp edges from stock middle where mold joint allows some overflow and smoothed out rest of it for comfort grip, checkering in front of trigger acted as Velcro, I sanded off sharp points.Rifle is now what it should have been when sold, no regrets here, this is my second Umarex, one with right choice of features and capacity to shoot heavier pellets at more flat trajectory than an average .22 caliber air rifle, according to experts, right choice of pellet can match the energy of .22 caliber any time.The key to this is claimed velocity needed to shoot heavy pellets.I learned over time to subtract between 100 and 200 FPS from factory claimed velocity as they try to out lie each other, therefore, this rifle should be good for 1000 FPS using 14-15 grains lead pellets.Crosman Premier hunting hollow point pellets give me 2\"" groups at 50 yards, 1\"" groups at 25 yards and 1/4\"" groups at 10 yards, all with rest, craws beware.I have 15 and 16 grains pellets on the way and will be comparing the results shortly.Only 4 stars because I had to finish the job of making this the best air rifle, for about $200 or less, I ever owned.UPDATE:I successfully shot Eunjin 16.1 grains and H&N; Rabbit Magnum 15.74 grains pellets from this rifle."", ""The Umarex .22 caliber air rifle appeared to be the best &#34;bang&#34; for the buck."", ""I was concerned about break barrel air rifles, but its been a long time since I bought a pellet rifle. I have owned crossman, daisy etc.. and my best was my pump bb rifle that broke and my grandfather replaced the spring.. wow I could shoot holes right through a tin can. This time around I wanted a .22 for small game. Due to govt. overreach there is a shortage of any pistol or rifle ammunition, so getting a .22 pellet rifle had me looking in all the stores.. and then the Umarex shows up as an ad.""]",16.127916984260082,The available reviews do not provide enough information to answer this question.,True,380.36404096055776
G_192,REC_192,B003F8UFC2,Tools_and_Home_Improvement,short,descriptive,pc,3,How long are the arms?,[UNANSWERABLE],,1,"[""KB_02494"", ""KB_02491"", ""KB_02488""]","[""They are very easy to install and the padded arms and arm spacing are perfect for SUPs."", ""Mounted two 7ft. surfboards and two 10ft. stand up paddleboards in our garage. Easy to remove boards for use. Padding is ample to protect boards from damage. Solid product!"", ""These arrived in about 2 days.Easy to install - 4 screws.They work for the two 12' Costco boards I bought.""]",12.257124995812774,The available reviews do not provide enough information to answer this question.,True,223.38487498927861
G_193,REC_193,B00B2B4OE4,Automotive,medium,descriptive,pc,3,for a 2000 xj need somewhere else?,Hi jose....you can use it is very good kit ... take a look on roughcountry page and check for updates... because I change some more parts for the steering..thanks.. in amazon they have a very good price... I use 15 wheel and separator too..,KB_02505,0,"[""KB_02501"", ""KB_02512"", ""KB_02508""]","[""After doing several weeks of searching online to find a good suspension lift for my 2000 Jeep Wrangler, I decided to go with Rough Country. I trust Amazon so I saw several kits at  reasonable prices and decided to purchase from here. A box pops up asking what's the vehicle information ( Style, make, model, year) I entered in my info and this was the kit recommended. I set up an Amazon account went through with purchase and 4 days later I received 3 boxes. I hired a guy to do the install since I have no clue how to piece everything together and he put the fronts on first everything was perfect."", ""The rear end is for a Jeep Cherokee style suspension."", ""After doing several weeks of searching online to find a good suspension lift for my 2000 Jeep Wrangler, I decided to go with Rough Country.""]",14.21525003388524,The available reviews do not provide enough information to answer this question.,True,219.23970896750689
G_194,REC_194,B00079EH3U,Sports_and_Outdoors,long,descriptive,pc,3,Do you need the back rest that is now available for the Swooper?,No.  The lack of a back rest helps me keep good posture.,KB_02533,0,"[""KB_02529"", ""KB_02533"", ""KB_02522""]","[""For me personally, it doesn't need a back, as It uses your own body for support."", ""Unlike other similarly priced so called ergonomic chairs that have a back support, the lack of one on the swopper actually strengthens the lower back muscles."", ""this is a good product, especially for those who suffer from lower back pains. Swopper allows the healthiest way of sitting: perching; for those long hours in front of the computer.However, the product is disassembled in the US, the backrest and its fabric cover are missing; every part is then sold separately and by different providers; the total cost to the customer is thus maximized.""]",16.518165939487517,"Some reviewers do not think a back rest is necessary, as the Swooper uses the user's own body for support and can actually strengthen lower back muscles. However, one reviewer mentions that the backrest is missing and sold separately, which may imply that some users could find it useful. The need for a back rest appears to be a matter of personal preference.",False,477.391125052236
G_195,REC_195,B00EA1T3G2,Home_and_Kitchen,short,descriptive,pc,3,Where is it made?,[UNANSWERABLE],,0,"[""KB_02553"", ""KB_02541"", ""KB_02539""]","[""Their designs seem to fit in many places."", ""I trust this brand.So this set was almost a no-brainer for me. We don't use the cups in this set, but we've been loving all the other pieces. It is great for mixing up with some of my other round dinnerware.I've found 10 Strawberry Street to be a reliable brand, and I recommend it."", ""The box arrived in perfect condition, so it was packed in its defective state at the factory---poor business practice to say the least.""]",16.49591699242592,The available reviews do not provide enough information to answer this question.,True,220.7446669926867
G_196,REC_196,B004Q3PE30,Sports_and_Outdoors,medium,descriptive,pc,3,Are the brakes powerful enough when descending steep hills?,"Based on feedback from other reviews I replaced the brakes before I used the bike! I am very very happy with the bike overall - by upgrading the brakes, the chain tensioner, and new rim tape. This is a screaming bike,make sure you have a bike shop give it a tune-up before riding.",KB_02565,0,"[""KB_02567"", ""KB_02576"", ""KB_02559""]","[""I live in San Francisco, and given the hills we have, I couldn't rely on the factory brakes that came with the bike (mass times velocity gets into some big numbers on tandems!)."", ""I purchased this bike, or I should say it's \""father\"" in August '09 as the Lamborghini Vaggio.  A internet search will pull up lots of info on the basic bike.  This latest incarnation sports the Shimano 2300 shifter set, and Shimano FD and RD.  I can't testify to the Shimano product at this level, but my Lambo came with Microshift shifters which have performed flawlessly.This is an entry level department store quality bike.  Real \""bike aficionados\"" will tell you this is a piece of C%$@.  In point of fact, it does not hold a candle to an entry level product from Trek or one of the other LBS brand bikes.  It is, however, a viable choice for the right person who is informed of the pros and cons of the product.I will give you the pros and cons of the Lamborghini.  Some will apply as the frame is identical, some may apply as I don't know if they are the same.PROS:* The frame is stiff but comfortable, surprisingly so for an ALU frame. This is due to the long wheel base since it is a tandem.  Also, the bike comes with 35 x 700 tires, which smooth out the ride.* The 20 x 16 frame size is a pretty versatile.  I have ridden and stoker (6ft) and I have had 10 or 12 yo stoker children ride in the back with the seat all the way down.  The stock seat post is too short to raise for me, but a little shopping can find a good long one for $20 or so.* The frame is light compared to a comparable steel frame, but the stock bike is 43 lbs.  I don't know where the get the 25 lb shipping weight!  I wish!* Cant beat the price - $579CONS:* There is only one frame size.* The sync chain uses an idler gear rather than eccentric bottom bracket found on \""real tandems.\""* All components are cheap, entry level.  They work ok, even very well, but they will wear out under heavy use.* The bike, like any on-line bike purchase, requires some assembly.  If you are not familiar with adjusting brakes, derailers and truing wheels you MUST have this done by a qualified bike mechanic.  The bike could be dangerous if not properly assembled and adjusted.  Read on.* The stock brake pads SUCK big time. Or at least the did on the Lambo.  Add to it that the wheels will probably need to be trued and the brakes adjusted before the bike is ridden.  The bike is likely DANGEROUS out of the box until these details are tended to.  When I first assembled mine and took it for a very cautions spin, I almost could not stop the bike, and I was solo and on the flat and level.  With 2 people on a hill, this thing could be deadly.  I took the advice of several others and changed out the break pads to Kool Stop MTB pad.  After truing the wheels and properly adjusting the brakes, I can stop on a dime on a hill.* My stock rim tape was crappy.  I was warned to remove the tires and tubes, clean any aluminum debris from the spoke holes and rims, and put on new high quality rim tape.  I didn't and I blew a tube just inflating the tires the first time. YMMV, but assume that the rim tape needs to be changed.* Bearings in the wheels, Bottom bracket, and stem/fork should be checked and repacked if needed.* The bike only has braze-ons for 2 water bottles. In Fla anyway, you need at least 4.  I added a 2 bottle seat post holder to the back of the captains seat post.  Works great.* For some reason the captain and the stoker have different seat post diameters.  Weird. Perhaps that has changed.* The hubs are not QR skewers.  You need to carry a small wrench to change a tube.* White looks nice, but it shows dirt and scuffs.In spite of the long list of cons, this can be a good serviceable tandem option for some one who is looking to get into some light road tandem riding.  I have about 2,000 miles on the bike and have had my wife and my grandson in the stoker seat.  I enjoy riding the bike, even solo.  I am very happy with my purchase, and while I dream about someday getting a \""real\"" tandem, I still do not regret my purchase.  I have lots of happy miles on the bike.  It was a good choice for me."", ""Once the upgrades are made, it becomes a long distance cruising machine.After a short test ride, I immediately replaced the BRAKES that came with the bike and would recommend this to everyone. I live in San Francisco, and given the hills we have, I couldn't rely on the factory brakes that came with the bike (mass times velocity gets into some big numbers on tandems!). You'll need a Travel Agent brake pulley for both the front and rear brakes. I installed Avid Single Digit 7 V-brakes which are great value for the money.""]",16.430166084319353,"The brakes that come with the bike are not powerful enough for descending steep hills, and upgrading them is recommended. The stock brake pads are of poor quality and can be dangerous, especially with two people on the bike. Upgrading to better brakes, such as Avid Single Digit 7 V-brakes, can improve stopping power.",False,669.4517079740763
G_197,REC_197,B00873AO8A,Home_and_Kitchen,medium,descriptive,pc,3,Does it come with both unperforated and perforated insets?,Just a perforated.,KB_02598,0,"[""KB_02590"", ""KB_02585"", ""KB_02597""]","[""roast and garnishes with no problem."", ""I've been pressure cooking for quite some time and based on the reviews in Cooks Illustrated and here on Amazon wanted to upgrade size and quality. I tried using this pressure cooker and could not get it up to pressure. Everything is fine by all appearances, thanks Amazon members who sent me suggestions on how to fix, but all I can guess is the Euromatic valve will not seat properly containing the steam and forcing up the pressure to full. I tried 5 times and all I ended up with was a lot of steam but the blue pressure indicator never rose to the first line let alone the second.I'm glad I had not yet given away my old pressure cooker."", ""Used Yukon Golds, filled insert basket with 15 potatoes, 2 cups of alkaline filtered water, brought to pressure with two rings showing for 4 minutes, quick release and the potatoes were PERFECT.""]",12.213957961648703,The available reviews do not provide enough information to answer this question.,True,129.48820798192173
G_198,REC_198,B00FORK3R4,Cell_Phones_and_Accessories,medium,yesno,pc,3,can i use this for maxboost,[UNANSWERABLE],,1,"[""KB_02613"", ""KB_02601"", ""KB_02600""]","[""Buy the Maxboost version of this."", ""Buy the Maxboost version of this. It's the same cover but made with much better material. This one isn't very good. There are better options."", ""It didn't work very well. I needed a case in a hurry so I ordered the Maxboost and like it very much.""]",12.639207998290658,"The available reviews suggest that there is a Maxboost version of this product, and it is recommended over the current one. The Maxboost version is said to be made with better material. It is implied that the Maxboost version is a better option, but it does not explicitly state that the current product can be used for Maxboost.",False,510.66387502942234
G_199,REC_199,B004I4FRZW,Sports_and_Outdoors,medium,yesno,pc,3,"I have a oversized bag, will this cart work for larger bags?","Yes. I have a ""tour"" sized bag and there is no problem with it on this cart.",KB_02622,1,"[""KB_02633"", ""KB_02622"", ""KB_02630""]","[""Good, solid cart that handles large bags."", ""Good, solid cart that handles large bags. Wheels are excellent. Runs and pushes smoothly. Folds quickly and easily and fits nicely into the truck. My only complaint, along with most push carts, is the flimsy Score Card holder. No cup holder or umbrella holder."", ""my golf bag fits perfectly, its actually a little larger that I thought it would be.""]",16.26504200976342,"This cart can handle large bags, according to the reviews, it is suitable for oversized bags. The wheels are also excellent, allowing for smooth movement. It can accommodate larger golf bags, fitting them perfectly.",False,310.8825000235811
G_200,REC_200,B006AVLS22,Tools_and_Home_Improvement,medium,yesno,pc,3,"will this one also remove heavy metals ( ie: arsenic,lead etc.) ?",[UNANSWERABLE],,0,"[""KB_02644"", ""KB_02645"", ""KB_02646""]","[""It is also the only filter that I know of in the world with its complete cleaning water system."", ""However if this thing does exactly what it claims to do it's one of the best filters you can buy supposedly."", ""it also filters similarly to the non radiological filter but not to as fine a degree as the regular filter.i would recommend this to anyone to use your daily water bottle replacement.""]",16.85283298138529,The available reviews do not provide enough information to answer this question.,True,224.13229197263718
