golden_id,record_id,asin,category,q_bucket,question_type,pipeline,k,question,gold_answer,evidence_doc_id,is_answerable,retrieved_doc_ids,retrieved_context,retrieval_ms
G_001,REC_001,B00E7LVBCE,Electronics,medium,descriptive,pc,1,My computer is DVI-I.  This monitor is DVI-D.  Is it compatible?,[UNANSWERABLE],,1,"[""KB_00001""]","[""Excellent. I wanted a monitor to connect to my laptop. I am enjoying with my new dell monitor good.It has both VGA and DVI options. Would have given 5 rating if the VGA cable was of good quality. Its of very poor quality.""]",108.87612495571375
G_002,REC_002,B008N7CCJY,Electronics,medium,descriptive,pc,1,Can I use this for my android tablet in the car,"Dear Ann I do not own a tablet,however the purpose of this transmitter is to broadcast a signal thru your car stereo from outside devices, when you carstereo does not have an 3.5mm cable port this is a substitute.So if you are planing to play music thru your tablet ( AND ) if your tablet has a ear phone jack then yes it should work",KB_00016,1,"[""KB_00015""]","[""I just got this for my wife's car so we could listen to music from our phones. We used to use a tape deck adapter but the tape deck in her car just stopped working, so I got this.""]",27.02070795930922
G_003,REC_003,B008VGQ4VO,Electronics,long,descriptive,pc,1,"Can anyone provide the cord length? My CPU is under my desk, and most earbuds only provide about 4', which is too short.",[UNANSWERABLE],,1,"[""KB_00021""]","[""the sound is great if u are not moving. good for desk work or laying in bed listening to music. the cords DO make a noise when u move them. when i called klipsch to ask about the noise they said they never heard of that before. i doubt that but will be returning them more than likely. also they short out easily if ur ears get sweaty.""]",28.32166594453156
G_004,REC_004,B00C53831I,Electronics,medium,descriptive,pc,1,Will These Work In My Dell Optiplex GX 620sff?,"Yes, they should work on your Dell Optiplex 620. I have a desktop of that vintage and these modules worked on mine. Here's a suggestion: Go to Crucial.com and take advantage of their memory scanner-----this will verify the kind of memory modules your computer needs-----this doesn't commit you to buying theirs.",KB_00033,1,"[""KB_00033""]","[""One needs to be careful in buying memory modules without the advice of the makers of these modules. If you know the exact nomenclature of the description (by a little research) of the modules you need, then it is safe to purchase same. These modules were just what I needed to expand the memory on my Dell desktop computer. Easy to install and ran my memory stress tests with no errors. A good buy at a bargain price.""]",27.206624974496663
G_005,REC_005,B006YVFGAS,Electronics,medium,descriptive,pc,1,Would I need to still buy a converter box for this antenna?,"Depends on your display monitor or TV. It needs to have a tuner built in to the display to go without a converter box. If it's an old heavy box CRT TV you will probably need a converter box. If it's a newer LCD TV than you probably don't. In a nutshell, your monitor or TV needs to be able to receive ATSC signals.",KB_00041,1,"[""KB_00041""]","[""I was a little worried that this antenna would be a waste of money, but I was wrong. After years of pixelation and moving my old rabbit ears around to try to get stations, I wanted to try something better. I have this going in to a digital converter box as I still have a tube TV. After messing around with the placement, I get more channels than before and I no longer have to worry about if where I sit in the room will affect my reception. Very good antenna!""]",32.04866696614772
G_006,REC_006,B00CGW74YU,Electronics,long,descriptive,pc,1,It appears to be an elastic band around the middle part of the lens. OUESTION: will this band interfere with the lens when  auto focusing?,[UNANSWERABLE],,1,"[""KB_00053""]","[""I love this product. The band fits great around the lens. No more worrying where to put the lens cap!""]",9.545500040985644
G_007,REC_007,B004HW6F9M,Electronics,medium,descriptive,pc,1,Do you need an amp for it?,Yes you do need an amp for it. I suggest pairing it with a pioneer digital amp. I have 2 of these In my TDI golf 2013 and they save so much space but have higher decibel readings then some of the extensive setups my friends have installed so far.,KB_00061,1,"[""KB_00061""]","[""i read all the reviews before i bought this and didnt see many bad ones. but i had to hear for myself. all i can say is holy crap. this thing is so small and sounds so huge. i have it in a 07 saturn vue running it with a pyramid 1000watt artic amp. if you need space and huuuuge sound buy this. buy it now!!!!!!!! !""]",29.631374985910952
G_008,REC_008,B00CAN8ETE,Electronics,medium,descriptive,pc,1,Has any one tried this with any car stereo 30-pin adapters?,It works with most 30 pin adapters. There are a get radios however that will not use the same protocol and do not work with the NAXA,KB_00072,1,"[""KB_00076""]","[""This thing never connected to any of my docks or with my car's 30pin cable. I sent it back and ordered the ViseeO Tune2Air WMA1000 which is more expensive, but works perfectly with every device I have and connects instantly in my car for A2DP Stereo Bluetooth music. Do yourself a favor and spend the extra money to get the ViseeO.""]",30.76254203915596
G_009,REC_009,B0013V3CQY,Electronics,long,descriptive,pc,1,Can this be connected to a laptop anyway to record if so what do I need if not what will I need to get,"Yes, mine is hooked up to a lap top via an EasyCAP DC60 - USB 2.0 Audio/video Creator Capture High-quality Analog Video and I use a software video capture program to record to the hard drive, however its tedious and I reccomend getting aZmodo PKD-DK4216-500GB H.264 Internet & 3G Phone Accessible 4-Channel DVR with 4 Night Vision Cameras and 500 GB HD for about 100 bucks more for easy recording of surveillance video.",KB_00086,1,"[""KB_00086""]","[""It views everything in a black and white picture, but does still have a picture whereas most cameras would just show black.3) The camera can and will record if and only if you hook it up to a VCR, DVD recorder, or some other recording device that works with AV cables.""]",25.749500025995076
G_010,REC_010,B004JKBVBY,Electronics,long,descriptive,pc,1,Polaroid GL10 PC Driver Does anyone know if Polaroid has issued a printer driver for PC (Win 7) to allow printing on the GL10?I have emailed the Polaroid Customer Contact with no reply.The product instructions say to contact poloriod.com for the software.  I can't find it on that site.Thanks.,"You have to go to, http://www.polaroid.com/en/greylabel and drag the large gray slider bar at the bottom of the page about half way to the right. There you will find links to the Android App, Mac, 32bit and 64bit Windows versions.",KB_00091,1,"[""KB_00096""]","[""The first printer I got was DOA. Would not power up or connect no matter what I did. No help files, FAQ, drivers, anything really on Polaroid's page. So, I used Amazon's great return policy and just ordered a new one. 2nd one worked fine. But the instructions say \""get the GL10 application\"". OK, where? I had to do some searching to find how to get to the link. Just bad support/design, in my opinion.""]",35.56829201988876
G_011,REC_011,B00CVK49LI,Electronics,medium,descriptive,pc,1,How can I order this case in Italy? Help me please.,[UNANSWERABLE],,0,"[""KB_00101""]","[""Great product! The color and contrast of the case looks really nice and it fits on the laptop well. The case snaps onto the laptop sides, the bottom one seems to be more sturdier though. Would definitely buy another one if I ever needed it (or maybe a different color). Very happy with the product.""]",32.73375006392598
G_012,REC_012,B0045ZZKOM,Electronics,medium,descriptive,pc,1,Will this work with a D3200??,[UNANSWERABLE],,0,"[""KB_00115""]","[""Makes my pictures looks great. I have D7000 and fits perfectly and plus the kits great... so you dont need to buy anything else cuz it's included. Easy to use too, i'm a newbie in this ... quite easy to figure it out, if not.. it's always google it to find the answer.""]",26.986957993358374
G_013,REC_013,B007KMFXZ8,Electronics,medium,descriptive,pc,1,how to add a new genre,[UNANSWERABLE],,0,"[""KB_00122""]","[""No resume, which means if you stop in the middle of a recording and then go back to watch you have to find where you left off. Like taking a bookmark feature out of a book, ridiculous. But typically, new improved isn't always improved. And we lose the ability to rename a recording. That made no sense.""]",26.050375076010823
G_014,REC_014,B00009R95W,Electronics,long,descriptive,pc,1,Difference between Hoya 58CIR or Hoya HMC ? Trying to decide between the regular Hoya Circular Polaraizing Filter or the HMC. Does the more expensive HMC give that much better results to justify the price?,"Yes it does.  I would never consider using a non-multi-coated filter on a digital camera.  The reason is simple.  The sensor has a flat glass protecting it (called a low-pass filter - LPF).  Some light will bounce off the LPF and head out the lens.  Since lens elements are multi-coated and curved, very little light will reflect back to the sensor.  But since the front filter IS flat, you can get a lot of light bouncing back.  If you use a non-coated, or single-coated filter, you get a lot of light reflected back into the sensor.  This shows up as a loss of contrast (veiling flair) or as ghosts and hot spots.  Multi-coated filters are designed to reduce this effect, but cannot eliminate it.  This is a real problem when you shoot into a light source.When shooing into a light, ANY filter will degrade the image.  Multi-coated filters are much better, though.",KB_00132,0,"[""KB_00130""]","[""I have used both a cheap no-name circ-polarizer but it is was not even worth the shipping price. The threads on the knock off were rough and the adjustment ring difficult to turn. The Hoya is of a much higher quality. It adjusts with ease and threads onto your lens very smoothly. The filter is clean with zero imperfections. Highly recommended.The only improvement I would like to see is a mark on the adjustment filter for reference.""]",30.936833005398512
G_015,REC_015,B008A4H67I,Electronics,long,descriptive,pc,1,"Is this compatible with the new dell inspiron 11 3000 series, the 2-in-1?",[UNANSWERABLE],,0,"[""KB_00136""]","[""This is sturdy, easy to use and a pretty color. You will need a tiny Philip's screwdriver to set your combination but after that it is really a good accessory to have if you use your laptop in public. No one wants to have to pack everything up and lose that prime spot in Starbuck's with the wide table and outlet just to go to the bathroom. It's a great deal.""]",22.031000000424683
G_016,REC_016,B004R7A9NU,Electronics,medium,yesno,pc,1,does it work for ipad 4,Yes it does indeed! I have the ipad 4 and its fits it perfectly,KB_00148,1,"[""KB_00148""]","[""I have an iPad 4 and this case fits perfect. Nice looking at a reasonable price. Very happy with this case.""]",12.167999986559153
G_017,REC_017,B002PWHOYG,Electronics,medium,yesno,pc,1,will it position for a vertical shot?,Absolutely. The ball flips the camera on its side.,KB_00149,1,"[""KB_00149""]","[""It took me a little while to get a good operating process down when using the head but I am now able to use it with ease. The head does a good job of holding my Canon 40D in place when in the vertical position. I have a Manfrotto tripod that has a center column that can be place in a horizontal position and have have put my camera in this configuration looking down on an object I was photographing.""]",11.267125024460256
G_018,REC_018,B003L75CUC,Electronics,medium,yesno,pc,1,I've got a nikond90 qith a 18-200 lens (72mm) will it fit?,"Yes, it'll fit.",KB_00167,0,"[""KB_00161""]","[""The case fit by Nikon d7100 camera and was water tight. The problem is that in order to adjust the focus or distance, you have to remove the front cover...which defeats the purpose of it being water tight!. Basically it became a waterproof storage case rather than actually taking pictures with it""]",44.67158403713256
G_019,REC_019,B000GPHQWO,Electronics,medium,descriptive,pc,1,Does this lens fit on a Canon EOS Rebel T3i?,"I am positive that it will fit on Canon EOS Rebel T3i. This camera uses Canon EF Lenses. And this Sigma lens was designed with the same mount as the Canon's EF mounts. Just make sure you buy the one for Canon, and you should be fine.",KB_00170,1,"[""KB_00185""]","[""I used the lens on a Canon 7D.""]",11.501124943606555
G_020,REC_020,B002TV5M5G,Electronics,long,descriptive,pc,1,I have an Edge 15 330M ..Is this the correct battery and is it made by Lenovo?,[UNANSWERABLE],,1,"[""KB_00193""]","[""After a week of using this battery, the bios of my Lenovo, before loading Windows, started saying that I wasn't using a genuine Lenovo battery and that Lenovo cannot guarantee the performance of the battery. Sure does look genuine.""]",32.19887497834861
G_021,REC_021,B003YLZ8J0,Electronics,medium,descriptive,pc,1,Are there actually five programmable buttons? How are they programmed?,Yes they're are 5 programmable buttons but I only programmed in for video games.,KB_00219,1,"[""KB_00220""]","[""The programmable buttons are backwards.""]",10.120082995854318
G_022,REC_022,B0083V5SZK,Electronics,long,descriptive,pc,1,"What are the 3 chargers i see 30 pin, is that usb mini? Whats the other?","It includes a 30-pin Apple connector, a Micro-USB and a Mini-USB.",KB_00229,0,"[""KB_00238""]","[""I can carry around one compact little charger and charge both my android phone or my iPad when I'm out somewhere.""]",15.258959028869867
G_023,REC_023,B000NIQMG0,Electronics,medium,descriptive,pc,1,What voltage?  Can the head operate on batteries?,"The external power supply is AC --> DC   12V@200mASo, yes, you could take a small 12vdc battery that has an out of about 200mA and power this unit.  If you did use a 12vdc battery you could charge/recharge the battery with a small solar panel that you could purchase for about $20.For Reference: http://www.emtcompany.com/x10-xm14a-ac-power-supply-charger-adapter/101334292.html",KB_00242,0,"[""KB_00256""]","[""The Tilt is controlled by a hand held 'RF' remote device.""]",10.920874890871346
G_024,REC_024,B0081XI2Y4,Electronics,short,yesno,pc,1,does this play audio?,"A VGA port carries video only, not audio+video like an HDMI cable does. You'll need to run audio through a separate cable (usually through a 3.5mm headphone jack) no matter what adapter you use.",KB_00260,1,"[""KB_00270""]","[""It charges with my phone's charger and it streams audio.""]",37.228040979243815
G_025,REC_025,B006VB6UNI,Electronics,long,descriptive,pc,1,if I have no pc how do I charge it.. simple answers please,"You dont need a PC, the Nook have an adapter to connect it to AC power.",KB_00282,1,"[""KB_00289""]","[""I'd like to get a Nook HD also to watch movies and use as a tablet, but my Nook Simple Touch is perfect for reading.""]",10.385875008068979
G_026,REC_026,B00FGYC9LI,Electronics,short,descriptive,pc,1,Is there a laptop warranty?,[UNANSWERABLE],,1,"[""KB_00317""]","[""I very rarely review items on Amazon, despite being a regular shopper, but the Acer Aspire V7-582PG-6421 is such a stunning example of a Windows laptop \""done right\"" that I just had to leave a comment or two. The preceding review by Gc is excellent and covers almost all of the bases. My point in doing this review is to highlight the \""extras\"" you get with the Acer that I have not found on ANY laptops other than the MacBook Pro. One correction to Gc's review, however - the lid is not aluminum, but brushed surface plastic. I checked this directly with Acer, and you can tap the cover with a  fingernail and hear it yourself - BUT - it does not do justice to just say that it is plastic, because it is structurally sound and very good looking. Now, for the \""goodies\"" -1. The screen is spectacular. I've owned a retina MBPro, and it is nearly that good (glossy though). As Gc said, you can truly review two documents side by side on the screen without a magnifying glass.2. The \""Acer connector\"" is a displayport connector - I am running my WQHD 2560x1440 monitor on it now. It will support the internal screen (1920x1080), the displayport (2560x1440), and a 1920x1080 HDMI monitor, all at the same time.3. Battery Life: AWESOME. The Haswell 4200U went four hours last night on web surfing, Word editing, and document viewing (no media running) and still had 67% battery left (7:42 estimated remaining time). After being put into sleep mode, seven hours later it still showed 66% battery left.4. Upgradeable: remove the army of screws (15-18) from the base plate, and you can go up to 12GB ram (replacing the 4GB module with an 8GB module); replace the HDD with a SATA III SSD up to 1TB; AND replace the mSATA with up to a 512GB SSD. My solution was to upgrade to a 256GB mSATA for the OS and programs, and leave the 1TB HDD for file storage - the system now screams when loading software and files.5. Built in Gigabit Ethernet - enough said.6. NVidia GT720M with 2GB ram - not a gaming rig, but far from shabby, and pretty rare to get in this form factor on a Windows rig already sporting HD4400 graphics.7. The touch screen is as smooth operating as a tablet, and you will quickly find that it is a legitimate \""third\"" interface to Windows 8 - scrolling, zooming, selecting onscreen elements is very natural in addition to the keyboard and trackpad - DON'T LET ANYONE LIE TO YOU ABOUT GORILLA ARMS - it is a short 4\"" reach from the keyboard.8. Keyboard - the key press is shallow, but it is outstanding to have the numeric keypad in this form factor.Let's talk about form factor for a minute. This year I have tried nearly everything - including the awesome MacBook Air 13\"" (8GB/512GB max rig), and a MacBook Pro 15\"" (16GB/512GB max rig) - the Acer is no aluminum work of art like those two, but from a confirmed Windows user perspective, this is the BEST laptop rig of them all. A little larger and heavier than the Pro (less than 1/2\"" longer/wider; 0.08\"" thicker; and 0.35lb ) but the internals are equal to or superior; expandability is only up to your imagination; and the screen, although not retina, is FAR superior to MacBook Air, and not far from the quality of the Retina Pro. ALL FOR $900 LESS than the Air, and $1700 LESS than the MacBook Pro.That's why I say it is the best bargain going in a full feature, desktop replacement laptop.""]",39.22579099889845
G_027,REC_027,B002KGXB0I,Electronics,medium,descriptive,pc,1,Can you plug headphones into it?,Nope  but if you have an ipod/iPhone you can just plugg headphones into that.,KB_00322,1,"[""KB_00333""]","[""I bought them for a Mexican school use and they want to connect headphones but could not do that.""]",10.428874986246228
G_028,REC_028,B00G2BX616,Electronics,long,descriptive,pc,1,I heard that there is a problem and this device doesn't work with iOS 8.3?,[UNANSWERABLE],,0,"[""KB_00358""]","[""Have not been able to use because if you have a case for Ipad it will not fit into the Lightning Connector.  Also the seller ANTONLINE is brutal and I will never deal with them again.  They have an impossible return policy that ends up costing you a ton of money even if, by some miracle, they accept your return.  Also, was very late on shipping and did not offer tracking until I begged for it because I had not gotten the shipment.  Avoid Antonline.""]",11.979707982391119
G_029,REC_029,B00HQXUFYA,Electronics,medium,descriptive,pc,1,does the HD run Thunderbolt 1 or Thunderbolt 2 ??  Thanks,[UNANSWERABLE],,0,"[""KB_00376""]","[""Here are my initial observations:Pro: the Thunderbolt is really fast.""]",12.809125008061528
G_030,REC_030,B008O7MEAU,Electronics,medium,yesno,pc,1,will this enclosure fit in a 13' chevy impala,[UNANSWERABLE],,1,"[""KB_00392""]","[""This enclosure does everything I expected it to, it's well constructed, looks great, and is very affordable.""]",13.564124936237931
G_031,REC_031,B007260OOC,Toys_and_Games,medium,descriptive,pc,1,How might I go about hanging them from my ceiling?,[UNANSWERABLE],,1,"[""KB_00400""]","[""These arrived on time and are perfectly light to hang from the ceiling. They added just the right bling to my granddaughter's room.""]",11.00175001192838
G_032,REC_032,B00BSWSFEC,Toys_and_Games,long,descriptive,pc,1,Does the hair on this minion really lay down (like in the picture) or does it kind of stick up a bit?,[UNANSWERABLE],,1,"[""KB_00414""]","[""It's in really good shape, size is great (10 inches), the minion's goggles are rubber and it has like popping eyes, price is good for the qualty you get, really adorable. If you like the movie, you'll love this item.""]",36.01841698400676
G_033,REC_033,B00ARQW1C2,Toys_and_Games,short,descriptive,pc,1,What is frustration-free packaging,"Agree with previous post.. I think the ""frustration free"" part means 2 things, first of all that it is very easy to wrap. It comes in a plain old cardboard box. Some toys are all kinds of weird shapes and hard to gift wrap. These packages make wrapping simple. The child won't know what the toy is even after unwrapping it. Also the fact that the toy is just simply put in a bag and it comes right out when you open the box. No annoying zip ties, screws, duct tape, twisty-ties or any of the other frustrating things that has your child waiting anxiously in anticipation to play with their toy for 20 minutes while an extremely frustrated Mommy and/or Daddy scramble to find a screwdriver, power scissors, saw or whatever else it takes to get the toy out! The frustration free packaging is so much easier for the gifter and the giftee.",KB_00427,1,"[""KB_00421""]","[""Came in a timely manner. Just a heads up - It did NOT come in the store-type packaging, just a box. It works great and makes my son happy.""]",9.525917004793882
G_034,REC_034,B0001YH03U,Toys_and_Games,long,descriptive,pc,1,"what is the width and length of the bed? I would like to make a blanket and more but cannot find any measurements for a bed for an 18"" doll.","so sorry, but the doll bed is with my grand daughter.  I did, however, make blankets and pillows.  Bed is about 11 inches wide and 22 inches long... so an overhang and fold over top would be a blanket aprox. 18X 26",KB_00432,1,"[""KB_00434""]","[""Right now my daughter is using a pillowcase as a blanket until we get a little blanket to fit. The pillowcase is the perfect size, by the way. The bed seems very sturdy and looks like it will last a long time. Highly recommended!""]",41.01258306764066
G_035,REC_035,B000GQ0JZO,Toys_and_Games,medium,descriptive,pc,1,what size is this case ?,The case is 14 inches by 8 inches.  It is almost 3 inches deep,KB_00442,1,"[""KB_00438""]","[""Was wonderful but I exchanged it for a bigger one. I wasn't paying attention to the size. Promo return and refund.""]",10.18300000578165
G_036,REC_036,B00172R9O0,Toys_and_Games,long,descriptive,pc,1,Need to know how to solve this.  I bought one at a garage sale without instructions.,you just move the ball around until it gets underneath the latch. then push the tab and it should open.,KB_00453,1,"[""KB_00449""]","[""Can't figure out how to solve. Maybe I need a better set of eyes. I think a solution sheet should be provided!""]",39.033208042383194
G_037,REC_037,B0084XZE7E,Toys_and_Games,medium,descriptive,pc,1,Is this a good gift for a 6 year old?,"Yes, it is perfect for a 6 year old. It is able to be peeled off if they stick it somewhere they are not suppose to do it on. I intend to buy several for all the young girls on my Christmas list and maybe 1 or 2 extra for Toys for Tots also.We also use it to decorate our postcards we send out for Postcossings. We have had lots of people ask us who sells it, especially people in other countries, it seems she haven't seen a lot of it.WE LOVE THIS ITEM!1!",KB_00458,1,"[""KB_00459""]","[""I bought it for a nine year old girl and she loved it! She started making things right away! It was a good choice but a little pricey!""]",10.402082931250334
G_038,REC_038,B00004YRPC,Toys_and_Games,medium,descriptive,pc,1,what kind of air can it get bruh?,"Well, ""bruh"" if you are 8, it gets sick air! I'm sure the stronger one is, the higher you can go. No, there wouldn't be back flips happening...and it does feel a bit tight right out of the box.",KB_00473,1,"[""KB_00473""]","[""This is a great pogo for  anyone who wants to jump really high. It gets tons of air. In general it's just a great stick plus the custormer service is really good so I would reccomend this to 10-11 year olds and teenagers who are below the weight limit. For more info on this stick go to  [...]""]",12.411374947987497
G_039,REC_039,B00GZ1GUSY,Toys_and_Games,medium,descriptive,pc,1,It is Singal Player or Two Players,Single player with an online multiplayer component.,KB_00478,1,"[""KB_00481""]","[""The single player experience is phenomenal. Tense moments throughout really make you jump with a good pair of headphones. The multi-player is a joke, and brings down the rating 1 star. Bad move on Squeenix's part. Gorgeous graphics on PS4 too.""]",14.171042013913393
G_040,REC_040,B000ANKKK2,Toys_and_Games,medium,descriptive,pc,1,Do you get a strike every time (like the video shows)?,No. It's just like being at the bowling alley. Fun and challenging.,KB_00488,0,"[""KB_00495""]","[""Fun for all ages. The ball launcher is good for those with arthritis. The manual pin setter is unnecessary but creates a nice backboard.""]",14.644833048805594
G_041,REC_041,B004KKX82I,Toys_and_Games,short,descriptive,pc,1,what is its stamina level?,It's one of our longest lasting blades. Don't know the number.,KB_00497,0,"[""KB_00506""]","[""from using scythe kronos before this bey by far the best stamina type i have used i am currently borrowing my bfs but it is very impressive. the only thing to look out for is the tip inside the plastic cover it will break if there's to much pressure put on it. unlike our versions of the beys the imports you have to give a little extra spin bc it has more metal in the ring""]",12.426499975845218
G_042,REC_042,B00DJ78H1A,Toys_and_Games,medium,descriptive,pc,1,I wonder if I can buy two adapters and connect 3 batteries?,"I don't see why that would be a problem, but your lift-off weight will start reducing the overall flight time so you wouldn't get three times the length, but probably something like 2 1/2 time.",KB_00509,0,"[""KB_00507""]","[""Best way to connect in parallel two batteries of the same make and size to the phantom to extend flight time. You will want to add a twin battery plates to exterior of Phantom to make best use of the Y Harness.""]",11.96920801885426
G_043,REC_043,B00IGXUSGY,Toys_and_Games,short,descriptive,pc,1,What age is this for,Great for 2 year olds - anywhere from 1.5 - 5 year olds enjoy at our house!,KB_00517,0,"[""KB_00516""]","[""Sturdy and fun for the kids.""]",12.290250044316053
G_044,REC_044,B0002D00QE,Toys_and_Games,medium,descriptive,pc,1,Does this product include any cleaning tools such as swab ?,"It comes with a plastic stick with a loop on the end for attaching a bit of cloth (cloth not included), a fingering chart, and is all in a plastic cover. It was easy enough for me, in my opinion, to get a little of cloth for the cleaning stick to swab it with, some cork greas to have for it, and I additionally made myself a nice instrument roll to have a better place to keep it and accessories than the plastic sleeve it all comes in. I've seen nany inexpensive on etsy on stuff liked that; I just preferred the fun of making my own to customize it and make spots for the accessory supplies I wanted to keep with it.",KB_00518,0,"[""KB_00518""]","[""This is a high quality entry level recorder.I wouldn't recommend it for a very young child because the inside can get damp after use and you need to clean and dry it after you have a session. The sound is richer than the cheaper plastic instruments. It comes with a cleaning rod. The recorder takes apart into two pieces for cleaning.""]",35.479792044498026
G_045,REC_045,B00AEQ0JTM,Toys_and_Games,medium,descriptive,pc,1,Can it fit in a 1/16 e-revo,[UNANSWERABLE],,0,"[""KB_00527""]","[""No complaints! Great product and great price. Easy to set up with spektrum radio. I'm hooked on spektrum. Plus amazon prime! Can't beat it.""]",10.208333958871663
G_046,REC_046,B0092BWWG8,Toys_and_Games,long,yesno,pc,1,"This says fulfilled by Amazon, will I actually have it in 2 days (with Prime shipping)?",[UNANSWERABLE],,1,"[""KB_00534""]","[""Yes Pretty, Came quickly, I am happy with the product. The hair clip is weak and the power pack is on the heavier side. (not sure what I was expecting there).It would be better if the Hair clip were stronger to actually hold the thing in the place. I am thinking of modifying the ones I have to make them more practical. Fun things...""]",12.908749980852008
G_047,REC_047,B00000J0NT,Toys_and_Games,medium,yesno,pc,1,are there REALLY 120 different colors?,"Yes you get 3 packs of different types of colors, 1 regulars, one neon and one of "" fun"" colors including extra bright, glitter and more.",KB_00542,1,"[""KB_00538""]","[""NOT 120 COLORS! It includes multiple boxes of crayons that are identical, not 120 different colors""]",11.21916703414172
G_048,REC_048,B0062RKIIY,Toys_and_Games,medium,yesno,pc,1,can I get it in silver?,[UNANSWERABLE],,0,"[""KB_00551""]","[""We'll keep trying though. Either way my son is quite upset :(UPDATE:  After waiting almost 30 days I didn't get a response from either the seller or the toy company, so back it went. I still think it's  a good car, but beware of the fragile antenna!""]",11.809249990619719
G_049,REC_049,B00FDTJQYY,Toys_and_Games,medium,descriptive,pc,1,Are the clips s clips or c clips?,They are s clips,KB_00558,1,"[""KB_00568""]","[""The clips are &#34;s&#34; clips which are a little harder to use than the &#34;c&#34; clips that come with the rainbow loom.""]",40.569790988229215
G_050,REC_050,B00EZIXA78,Toys_and_Games,medium,descriptive,pc,1,what kind of canopy/umbrella do you use with this?,This model doesn't use an umbrella. We have never had any complaints from our three children who are still using this as 3 and a half year old twins and a 20 month old. It is our go to ride.,KB_00583,1,"[""KB_00593""]","[""You must buy the deluxe version if you want  a canopy.""]",9.939416078850627
G_051,REC_051,B0002KW4AC,Toys_and_Games,long,descriptive,pc,1,"Does this unit come with tip or need to buy the tip kit?  If it comes with one, what tip is it?  Thanks.","It has been a while, as I recall it comes with a tip. I do not remember what size. I did buy a set of tips because of the different type of soldering I do. I wanted a small tip for surface mount components. Hope that helps.",KB_00605,1,"[""KB_00611""]","[""I've been doing a lot of SMD soldering with the original tip, however I am going to be getting a separate brass tip cleaner.Still one of the best purchases that any hobbyist can make.""]",33.75716705340892
G_052,REC_052,B000BO63OC,Toys_and_Games,long,descriptive,pc,1,We have this in our garage but we want to buy a cover to protect it when not in use. Is there a cover anyone would recommend? Thanks v much.,"OAW, The STIGA InstaPlay is an indoor table; unfortunately, even an outdoor table cover would not fully protect this table from moisture. If the garage is not climate controlled, the table could become warped, even with a table cover. If you are interested in an outdoor table cover, you should consider the STIGA Baja Outdoor Table Tennis Table and STIGA Coronado Outdoor Table Tennis Table Hope this helps! STIGA",KB_00629,0,"[""KB_00639""]","[""The delivery team dropped off garage and I had to get neighbor to help me carry down to basement.""]",10.236250003799796
G_053,REC_053,B001AEZIY8,Toys_and_Games,long,descriptive,pc,1,I'm looking for an X-Wing for my Dagobah themed aquarium.  I need to know if the paint is already on it?  Also are there any metal parts?,There are no metal parts. It is already painted.,KB_00659,0,"[""KB_00642""]","[""The thrusters and blasters were also painted to add a bit of color seperation. Also, it could really do with some panel lines. Revell has incorperated great detail into this model, with many lines all around the hull that can easily be picked out with some paint or a lining marker.As a model kit, it's actually very durable, but I don't reccomend playing with it. As a general rule, models are meant more for display than for play. You have action figure toys for that.Overall, it's a simple, nice, and faithful representation of the classic X-Wing fighter from the original Star Wars Trilogy.""]",37.94104093685746
G_054,REC_054,B004G32WA8,Toys_and_Games,short,yesno,pc,1,can it hold 5 racks,[UNANSWERABLE],,1,"[""KB_00671""]","[""It does hold everything as stated ( racks, pushers and tiles)  The soft zip bags for the tiles are great.""]",9.374040993861854
G_055,REC_055,B00DJ4PJ64,Toys_and_Games,long,descriptive,pc,1,Are these Lego Mini figures the same type of figures that come in all the Lego sets? or are these those rubbery type of figures?,They are the same kind as in all the regular Lego sets. Not rubbery.,KB_00680,1,"[""KB_00691""]","[""The mini-figures are cool and he can add those to his many Lego Star Wars sets after the holiday.""]",31.84308297932148
G_056,REC_056,B003TO4YYC,Toys_and_Games,short,descriptive,pc,1,What is the counter height?,"The counter is 21"" from the ground.  The top of the fridge section is 3' from the ground.",KB_00712,1,"[""KB_00715""]","[""It doesn't have any \""counter space\"" so we put a little end-table next to it for our daughter to \""prepare\"" her food.""]",10.570749989710748
G_057,REC_057,B000HCL94W,Toys_and_Games,short,descriptive,pc,1,what size batteries,3 double As,KB_00727,1,"[""KB_00738""]","[""After reading other reviews, I'm guessing that the model has changed slightly, since the batteries are now easily located in a hidden pocket right along the horse's mane.""]",38.71441609226167
G_058,REC_058,B005V2LJS4,Toys_and_Games,long,descriptive,pc,1,"Is this the original, Japanese release (Samurai Sentai Shinkenger branding), or the western release (Power Rangers Samurai branding)?","western most likely. there's really NO difference either way though, only a small logo on the backside of the box and a changed name on the instructions. If I were you, I'd take the plunge and get it, it's only 15 dollars for a premium grade action figure. American release but the same Japanese quality, accessories, and construction.",KB_00742,0,"[""KB_00742""]","[""Was not specific enough in descriptions. Product was not entirely Japanese super sentai figuart, with Japanese instructions, etc. It was the US import of the Japanese Figuarts and had english instructions and Power Ranger logo, etc.""]",10.534250061027706
G_059,REC_059,B00C1TV1F6,Toys_and_Games,short,descriptive,pc,1,how big is it,[UNANSWERABLE],,0,"[""KB_00767""]","[""The facial features and the attention to body detail give this toy a extra * as desirable for a TFP collection.""]",30.059708980843425
G_060,REC_060,B000U8SZ4A,Toys_and_Games,medium,yesno,pc,1,"are the buttons labeled, i.e. ""Undo"" or ""Highest Score"" , etc.","There is a button to show ""Highest Score"", but when you need to change batteries, everything goes back to zero till the next game is played. There isn't an ""Undo"" button.",KB_00776,1,"[""KB_00789""]","[""Not only does this version not have an undo button but we've played over 100 times and none of us have scored more than 200 points.""]",11.646958068013191
G_061,REC_061,B00GD0N9AO,Health_and_Personal_Care,long,descriptive,pc,1,any body know how well this chair would work for a knee replacement in comparison to the transfer bench? thank you :),[UNANSWERABLE],,1,"[""KB_00801""]","[""I read a lot of reviews and chose this chair. It worked perfect , easy to put together. I broke my leg so I was just looking for a chair to use for a few months. I could't be happier with the product, good value.""]",19.039749982766807
G_062,REC_062,B004H7GB9G,Health_and_Personal_Care,long,descriptive,pc,1,Can the pill be cut in half so you're only getting 5000 mg?,"For the question posted by Sylvia Z. .. first it is micrograms/mcg, not milligrams/mg; very big difference. Web MD and the Mayo Clinic recommend 30mcg and 30mcg-100mcg daily, respectively. 300mcg = 100% of the daily value intake for Biotin. Even if you quarter these pills, you will still be getting 2,500mcg daily which is well beyond the recommended dose.  I have used a half pill off and on with no ill side effects. Also, quartering them will make them last longer.",KB_00805,1,"[""KB_00808""]","[""After first use I noticed that the product brought me a fast heart bit, but the dosage was too strong for me, now I just cut the pills in half-and I have no problems after that.""]",17.93033303692937
G_063,REC_063,B004F4PR6Y,Health_and_Personal_Care,medium,descriptive,pc,1,Does this come with a shader gun?,"this comes with two "" amateur""  machines at which they can be tuned  for shading or lining.",KB_00822,1,"[""KB_00822""]","[""when i got it only one gun worked and the gun to shade in tattoos didnt and still doesnt work i tryed to fix it but couldnt !""]",11.383333010599017
G_064,REC_064,B000OR5P5Y,Health_and_Personal_Care,medium,descriptive,pc,1,Has anyone tried this on wool coats?,"Yes... on my wool and cashmere coat, and another 100% wool coat. It works! Just follow the directions. Very easy! :)",KB_00829,1,"[""KB_00832""]","[""I use this for all my wool and cashmere knit sweaters, gloves/hats/scarves, blazers, skirts, and even my cashmere winter coats that I used to ship off to the dry cleaners several times throughout the fall and winter seasons. Everything comes out super clean, soft, and nicely scented (would take cedar smell over weird dry cleaning odors any day). The big plus is that I save a ton by no longer needing to dry clean.""]",11.252500000409782
G_065,REC_065,B006GA21IW,Health_and_Personal_Care,medium,descriptive,pc,1,what is the max weight it can hold?,[UNANSWERABLE],,1,"[""KB_00837""]","[""it's sturdy but the edges of the seat were sharp and hurt my legs so my husband sanded them round . Problem solved.""]",9.460167028009892
G_066,REC_066,B001DAYJOY,Health_and_Personal_Care,short,descriptive,pc,1,Is this red maca,[UNANSWERABLE],,1,"[""KB_00845""]","[""Maca (particularly Red) is reputed to provide energy, sex drive and stamina. In capsule form, Maca can be nice as the raw powder can taste pretty bad. NOW is a well known health food maker. Regrettably, I felt nothing from this compound. Everyone is different so your experience may be different but this was a &#34;fail&#34; for me. Sorry.""]",15.41991694830358
G_067,REC_067,B003DLZ0OE,Health_and_Personal_Care,short,descriptive,pc,1,How does it work?,"Per the picture, you lay your neck along the area where there's a ballon. Follow the instructions and it helps restore the natural bend that your neck is supposed to have. Mine doesn't. I've been having neck problems for over a month now and this honestly helps relieve the pain and little by little the pops and pain is beginning to subside. Day 1 - inflate a little just enough to put some pressure on the neck. Release. I do this 6-7 times holding it for 10-15 seconds. then I inflate and lay there for 10-15 minutes. I do this about every other day. I started with one pump and now I'm up to 3 pumps and it's been about 3+ weeks.It's a great tool.I hope if you get it you'll have good success too.",KB_00863,1,"[""KB_00860""]","[""This product does have a great concept but doesn't work at all! Hoping to find relief and what I ended up finding was just a return, cause of no success. Really do believe all these reviews are counterfeits. Just a waste of time. To each its own.""]",9.807707974687219
G_068,REC_068,B000E59GTW,Health_and_Personal_Care,medium,descriptive,pc,1,Can this be warmed by boiling or is microwave required?,Microwave only!!!,KB_00864,1,"[""KB_00866""]","[""Used this for sore muscles. only takes 1.5 minutes in the microwave to warm up and it was not too hot to handle.""]",15.836125006899238
G_069,REC_069,B00472I1V2,Health_and_Personal_Care,medium,descriptive,pc,1,Does this scale show weight from the last time it was used?,"No it doesn't.   It does a great job of telling you your current weight, but doesn't save it.",KB_00880,1,"[""KB_00875""]","[""It used to show same weight 2 times in a row but when I come in after say 10 minutes without eating or doing anything, the weight just drops down(considerably) and sometimes up. But today it went down about 15 pounds in just 1 day. What a waste of money!Don't buy this scale!""]",16.185375046916306
G_070,REC_070,B00AC6JYXG,Health_and_Personal_Care,medium,descriptive,pc,1,How many carbs are in a serving?,"It depends a little on which flavor.  For the chocolate there a 9 carbs of which 7 are fiber.  There are 0 sugars, and if you are counting ""net"" carbs there are 2.",KB_00889,1,"[""KB_00884""]","[""Tastes good and honestly worked as an appetite suppresent. I was however shocked at how small the bottle is and the fact that it takes two scoops for a serving. They should tell you how many total servings in the container somewhere in the product description (or maybe not, if they did no one would buy it).I originally ordered this to save money over buying atkins shakes in the store; as it turns out, these are 3x-4x as expensive per shake.""]",9.061999968253076
G_071,REC_071,B002CQU51O,Health_and_Personal_Care,short,descriptive,pc,1,fishy taste?,[UNANSWERABLE],,0,"[""KB_00896""]","[""This fish oil is expensive, but has really improved my dry eye problems. I have had dry eye problems for several years. I wear contacts and had given up wearing them most of the time, wearing glasses instead. After taking the Nordic Naturals vision for about three weeks, I noticed a big change in the amount of moisture in my eyes. I now wear my contacts the majority of the time.""]",12.02974992338568
G_072,REC_072,B008D5YG3G,Health_and_Personal_Care,medium,descriptive,pc,1,Ho many hours / watts will a get from this battiers,"it depends on what you are running. if you only run one 100w light bulb, it will run out of jouice after 10-15 hrs.  if you light up 10 lights you'll run out of power in an hr. the 35 ah. stands for 35 ampe hr. so the more amps. you use the faster the battery will deplete. i have 7 of these battiers and when fully charged will power my computer, refrig. tv, vcr/dvd player, printer, all at the same time for 4-5 hrs. bottom line the more battiers the more you can power.",KB_00906,0,"[""KB_00905""]","[""Charged it to 12.7 volts over 24 hours and was only able to run 300 watts about 1.5 hours till it was 10.6 volts and dead. Hopefully will work better once broken in a bit but of course batteries usually don't improve much""]",11.298250057734549
G_073,REC_073,B0010L1KSY,Health_and_Personal_Care,long,descriptive,pc,1,"Which cover is made for the 15"" x 24"".  It is not apparent.",[UNANSWERABLE],,0,"[""KB_00914""]","[""This is a high quality, thick cover for the hydrocallator. Just like the kind they have at PT. I'm completely satisfied.""]",31.2501669395715
G_074,REC_074,B00014WCJ2,Health_and_Personal_Care,medium,descriptive,pc,1,Where is it made / manufactured?,[UNANSWERABLE],,0,"[""KB_00917""]","[""This product uses CreaPure creatine as its raw material, a branded raw material manufactured by Degussa AG Trostberg (formerly SKW) in Germany and licensed as a pharmaceutical would be there. Optimum Nutrition is one of only a few brands in North America that use only CreaPure raw material, and likeUniversal Micronized Creatine Monohydrate, 1000-Gram Tubis an exceptionally good value for this expensive raw material in a supplement market dominated by cheap Chinese and other amateur manufacturers.""]",10.217000031843781
G_075,REC_075,B004T3QT68,Health_and_Personal_Care,short,descriptive,pc,1,ac adaptar,It uses batteries.,KB_00930,0,"[""KB_00930""]","[""Very simple to set up-Does not include batteries, so have 3 triple A's ready! Would definitely recommend. Good price, seems to be accurate.""]",11.075957911089063
G_076,REC_076,B00FAB10ZI,Health_and_Personal_Care,long,descriptive,pc,1,"Hi,..did anyone receiced the spurilina tabs all bunched up & stuck together like gummy bears ? Is this normal? I hope it's not defective.",Mine were not like that. I'd probably return them...,KB_00932,0,"[""KB_00931""]","[""The tablets are small, and easy to swollow, I do like the idea of dealing with a &#34;two-for-one&#34; simple product.""]",34.27412500604987
G_077,REC_077,B00HFQQ0U6,Health_and_Personal_Care,long,yesno,pc,1,can this be used by two people.  Does it come with two tips?,"Yes, mine came with two regular tips and on fine point tip for periodontal pockets whatever that is.",KB_00941,1,"[""KB_00942""]","[""This water pic is great, it has different power settings and it come with 2 types of tips. All i use is just one type of tip. If you have regular teeth and don't need anything special then one tip is all you need.""]",11.915832990780473
G_078,REC_078,B005OYDID8,Health_and_Personal_Care,medium,yesno,pc,1,is the battery a lithium ion?,[UNANSWERABLE],,0,"[""KB_00951""]","[""Although this is a good machine, the battery on it isn't good at all, because it's running on a cord (charger) I would recommend this machine to my friends.""]",10.911208111792803
G_079,REC_079,B003PFNSLK,Health_and_Personal_Care,long,descriptive,pc,1,Does anyone know if this is a nebulizing or an ultrasonic diffuser? Thanks!,[UNANSWERABLE],,1,"[""KB_00966""]","[""This is a fantastic diffuser. Looks great! Very quiet operation. Diffuses the scent as it should. Lasts long enough for me.""]",13.38050002232194
G_080,REC_080,B002TRL9AM,Health_and_Personal_Care,medium,descriptive,pc,1,Are the hair of the broom soft or firm?,"The bristles are soft, yet firm enough not to be matted or quickly worn from frequent use. It is the best broom we have had for our hardwood floor",KB_00982,1,"[""KB_00995""]","[""I like a very soft bristle broom, and the corn brooms are just too stiff for me.""]",15.887208050116897
G_081,REC_081,B000FVM8C2,Health_and_Personal_Care,medium,descriptive,pc,1,is this the 60 or 120 capsule bottle?,120 capsules,KB_01013,1,"[""KB_01013""]","[""Last time I bought my oxy-powder, Im pretty sure it was in a larger bottle although it was 120 capsules.""]",15.346041996963322
G_082,REC_082,B0009EIMW0,Health_and_Personal_Care,long,descriptive,pc,1,im going to las vegas and im looking for good insoles that i could use to walk the strip. would these be good or any suggestions?,I use them every day. I walk a lot and replace every 6 to 8 weeks. I think you'll like them,KB_01033,1,"[""KB_01041""]","[""These insoles seem pretty solid, but they are going to be taking a lot of abuse, so how well they hold up in the long run will be interesting to find out.""]",31.04237501975149
G_083,REC_083,B008NIHE78,Health_and_Personal_Care,long,descriptive,pc,1,Is this easy to use? and are there a lot of test? Like strips and chemicals? I have a zero pitcher.Alkaline water is so much better though!!!,[UNANSWERABLE],,0,"[""KB_01055""]","[""I imagined with I purchased this filter that I would be waiting eons for a pitcherful of alkaline water, but this thing works fast.""]",34.12645903881639
G_084,REC_084,B0085A18A8,Health_and_Personal_Care,medium,descriptive,pc,1,are there replacement blades? How easy are they to get?,"There is a paper inside the product that gives you a phone number to call to order replacement parts for the item. It gives you the name shows you the picture of it and gives you the produce number.  You do not get any extra parts with the product, but you do have all the information you need.",KB_01074,0,"[""KB_01082""]","[""We have used several of this type of facial hair trimmer in our house.  To remove a stray hair, tidy up the edge of a haircut, etc.  Usually the store/no name brands we use, while very inexpensive, tend to fail quickly.  I've had some of these $7-$10 trimmers stop working in as short as a week.  Who needs the hassle of returning inexpensive items, mailing them in, etc.  Most of the cheaper trimmers offer a 90 day warranty, at best.  Since shipping for warranty service can cost as much as one of the cheapo trimmers, they are, in essence, disposable.The Panasonic ER-GN25VP, on the other hand, while it costs around $20-$25, is better made than any other trimmer of this sort I have used.  It is backed by a two year warranty.The head on the trimmer is not like a shaver.  So keep in mind this is a TRIMMER.  It is not a shaver, razor, or tweezer type device.  The head resembles the blade on a \""nose hair trimmer\"".  In fact, one of the demonstrated uses in the user manual is for nose hair.The device is sleek and easy to use. The barrel is half white, half metallic fuchsia. It is small, less than 6\"" long, and not much larger than a pen so it is easy to carry/store.  It runs on a single AAA battery.  A battery is not included.  The product package contains the trimmer, a cap for the blade head, a cleaning brush, and the user manual.The device is relatively quiet.  It moves delicately near the skin and doesn't cause discomfort when trimming hair.  I found that it trims neatly and causes no discomfort.  It is effective on eyebrows, nose hairs, ear hair, stray hairs on the face and neck, or stray hair on your haircut.The ER-GN25VP blade is also washable.  You CANNOT wash the entire device.  The head detaches and may be rinsed under water and washed with mild soap.The manual says the ER-GN25VP will run up to a year on a single battery.  Obviously, this will vary with use.There are numerous other products like the ER-GN25VP, and many are less expensive.  However the ER-GN25VP appears to be more durable, more reliable and works as well, and typically better than other trimmers of this type.""]",11.337416945025325
G_085,REC_085,B004TTW2VI,Health_and_Personal_Care,medium,descriptive,pc,1,How do you know what size?,"If you read the product description, it will give you the sizing. I measured 1 inch above my knee, which was 16"" so according to the sizing chart,  I bought a large. Perfect fit.",KB_01101,1,"[""KB_01093""]","[""'s just had to gety right size I measured 14 ordered med it was always sliding down got a small it is about right just washed my med in washer and dryed on high heat now it fits better I know it says to hand wash and let dry but I figured I try it anyway instead of just letting it lay around no damage and I can wear it now""]",11.446124990470707
G_086,REC_086,B001CWT4JI,Health_and_Personal_Care,medium,descriptive,pc,1,Mine quits working on me. What should I do?,"Scarlet...Try cleaning your SinuPulse machine with a reservoir of warm water & a little vinegar. Make sure to rinse it at least twice. You could have some calcium & sodium buildup in the pump mechanism. When making your saline solution for your sinus flush,make sure you use USP grade fine saline mix. It dissolves completely. Also,make sure when making your solution that you use nothing but DISTILLED bottled water. If this doesn't work,call the Sinupulse company. They do stand behind their produce. Good luck!",KB_01112,1,"[""KB_01114""]","[""I have had mine for several months and it is working fine.""]",11.436583008617163
G_087,REC_087,B0036WTV2C,Health_and_Personal_Care,long,descriptive,pc,1,"my son is 7 years old and grinding a lot, I wonder whether this one will be too big for him or not? Anyone use this on a junior? Thank you!","I wouldn't recommend a NG for a 7 yr old unless your dentist does. He is likely grinding because his jaw is growing & he has primary & adult teeth trying to fit together. Most kids will outgrow the grinding. If he is having jaw pain due to it, see your dentist. This size is too big for a 7 yr old.",KB_01136,1,"[""KB_01136""]","[""You have to change them every couple of months, so growing jaws and missing teeth aren't a problem.My kid is 6 years old, so I just trimmed off about 3/8 of an inch off the rear molar area on each side so it wouldn't be too big.""]",31.92999993916601
G_088,REC_088,B000RZAIV4,Health_and_Personal_Care,long,descriptive,pc,1,"i am a vegetarian, and i have done some research on whether whey protein vegetarian, and i got mixed answers, but most of them saying it depends on the processing.so can you  help me understand if this is a vegetarian protien or not , and why ?",[UNANSWERABLE],,0,"[""KB_01153""]","[""It's whey isolate and a quality whey isolate with added vitamins at that...""]",33.39316602796316
G_089,REC_089,B000AAAVZE,Health_and_Personal_Care,medium,descriptive,pc,1,Will this work on man pubes?,"As a girl, I couldn't say for sure but my guess is a big NO! This did not work for me at all - anywhere!",KB_01171,0,"[""KB_01174""]","[""Which is to say, if you are a dark-skinned male with coarse hair it probably will not work well for you and cause you mild to moderate annoyance trying.""]",11.306290980428457
G_090,REC_090,B0069SQQ2I,Health_and_Personal_Care,long,yesno,pc,1,can I add this to wool dryer balls to help my laundry smell better?,Yes,KB_01182,1,"[""KB_01190""]","[""I bought this oil to use on homemade wool dryer balls and it works great.""]",15.577416983433068
G_091,REC_091,B003L16V9E,Home_and_Kitchen,medium,descriptive,pc,1,is the combination color  lime green or sage,more of a sage green. It is really beautiful. I have found this same set on other sites for $2-300.,KB_01201,1,"[""KB_01200""]","[""The &#34;sage&#34; is better described as lime green. Sticthing between colors gaping upon opening. After the first washing, all stuffing has balled up into three clumps...not repairable. very disappointed! !""]",12.271958054043353
G_092,REC_092,B0012RTMUY,Home_and_Kitchen,long,descriptive,pc,1,"I own this blender, and it is leaking from the bottom of the container (where the blades attach). Does anyone know how to repair this?","Same thing happened to me and it cannot be repaired....the entire jar must be replaced. Call kitchen aid, they offer a one time courtesy replacement jar even if your blender is out of warranty. I have retired mine from smoothie making and purchased a ninja ultima.",KB_01214,1,"[""KB_01210""]","[""I had this blender for about three years and absolutely loved it. Easy to clean. Strong and sturdy base. Chewed up anything I put in it. I make smoothies a couple times a week and it handled frozen ingredients easily. However after three years, the blender began leaking around the bottom nut, as other reviewers have said. Apparently there is no recall and I wish there was. Sure wish this one had some life to it. Don't know what I'm going to go with for a replacement...""]",35.386707982979715
G_093,REC_093,B00DDYH9BS,Home_and_Kitchen,medium,descriptive,pc,1,Is this a 5 qt. Stockpot?,[UNANSWERABLE],,1,"[""KB_01220""]","[""Downsizing the kitchen, needed something smaller than a 5 qt for just the wife and I. This 3 qt pot fits the bill! Just the right size for two or three, No plastic handles so it can go in the oven, nice heavy bottom for even heating.""]",9.85695794224739
G_094,REC_094,B003U9T9CI,Home_and_Kitchen,short,descriptive,pc,1,Does it include power cord,yes there is a power cord,KB_01230,1,"[""KB_01234""]","[""When I opened the package as received, there was a very noticeable \""ding\"" on the outer shell of the rice cooker. I almost, almost re-packed and shipped it back. I was not sure about the shipping and handling cost reimbursement and I thought it was too much of a hazzle. So I pluged in and tried the functions. It worked. I kept the rice cooker, but I am not happy about the appearance of the cooker that it is dinged and I am not a happy customer.""]",16.051625018008053
G_095,REC_095,B00BUP5A22,Home_and_Kitchen,long,descriptive,pc,1,Does the charger have contacts that the unit sits on or does the charger need to be plugged into the vacuum?,[UNANSWERABLE],,1,"[""KB_01241""]","[""The more careful you do it, the less dust you get everywhere. There is no mess if you do it properly!The suction on this has been great, I've used it for about 2 months and I don't keep it on the charger, but only when I need to.""]",33.918999950401485
G_096,REC_096,B005RK8JF6,Home_and_Kitchen,medium,descriptive,pc,1,Can you use oil on this board for doughs ?,My wife uses a little mineral oil to preserve the wood.,KB_01250,1,"[""KB_01254""]","[""I bake a lot - sourdough, baguettes, croissants, rolls, crackers, pie crusts, etc. Having this big board (it is really big!) to put on my counter has made my life so much easier. This is especially great for kneading very wet doughs requiring what I call the &#34;slap and slip&#34; method of kneading.""]",10.981541010551155
G_097,REC_097,B004H2SDTM,Home_and_Kitchen,long,descriptive,pc,1,"I am mostly interested in flax seeds , or linseed. Does it work?",Yes it works,KB_01261,1,"[""KB_01261""]","[""The ultimate in sustainability! I didn't have so much luck with flax seed, I found that it all compacted towards the end but then I emailed the manufacturer and he got back quickly telling me to just add a little water because flax can be tricky.""]",15.316707897000015
G_098,REC_098,B005I5DO3M,Home_and_Kitchen,short,descriptive,pc,1,What is the Height?,[UNANSWERABLE],,1,"[""KB_01276""]","[""We needed to raise the height of my Dad's recliner so that he could get up and down without assistance. We wanted to get him a lift chair but he refused. This platform really made a difference. It was very easy to put the recliner on the platform and it is stable and stays in place.I would like to suggest that the description on Amazon should give the dimensions of the platform. I had to call the company to get this info and they were VERY helpful.""]",10.80787496175617
G_099,REC_099,B00A6Z5DK6,Home_and_Kitchen,long,descriptive,pc,1,Can these be used with polymer clay and can you bake the silicone mold?,[UNANSWERABLE],,1,"[""KB_01281""]","[""The silicone is very flexible, and I had no problems making clay molds with this. I see lots of little bows as part of my projects in the future. :)""]",16.517041018232703
G_100,REC_100,B0027FFPHO,Home_and_Kitchen,long,descriptive,pc,1,Is the bottom inside the pot steel or ceramic? I want to make sure the herbal will not contacted with steel at all.,"Hi, there is a metal/steel at the bottom inside the pot, I believed it's a heat element.",KB_01295,1,"[""KB_01299""]","[""This cooker is purchased for my wife to cook the traditional Chinese herbal medicine. This machine is well made, performed all tasks described well, and easy to clean.""]",13.049000059254467
G_101,REC_101,B000652LWO,Home_and_Kitchen,long,descriptive,pc,1,I am planning to use these for drinking glasses for young children. How many ounces do they hold? Are they big enough for little hands? How heavy?,[UNANSWERABLE],,0,"[""KB_01300""]","[""I see a lady who plans to return her 1/2 pt salt & pepper shakers, packed 24 to a box. I have dozens and dozens of them made by Golden Harvest, with the little handles on them like the drinking mugs, but I cannot find the lids and rings for them. Can you help? They are about 3/8\"" smaller than the small Ball Mason Regular Dome lids.""]",36.71220794785768
G_102,REC_102,B001V98IRQ,Home_and_Kitchen,medium,descriptive,pc,1,Would this paper work with a Silhouette Cameo cutter?,[UNANSWERABLE],,0,"[""KB_01310""]","[""Love this contact paper. Easy to cut, use and adhere. Everyone is noticing the faux \""stainless steel\"" items in my home and can't believe it's contact paper. Would definitely recommend.""]",12.23879202734679
G_103,REC_103,B004K3FKL2,Home_and_Kitchen,medium,descriptive,pc,1,Can you attach a headboard to this frame?,[UNANSWERABLE],,0,"[""KB_01319""]","[""We have been sleeping well and squeak free! And our allergy problems are better due to the frame. It took my husband 20 minutes to put it together. Awesome frame.""]",12.153999996371567
G_104,REC_104,B002S52ZFI,Home_and_Kitchen,long,descriptive,pc,1,Tags says it is cotton loops. What is the base? Is it Polyester?,"Hi, I bought these towels in white and according to the tag on the towels, they are 100% Egyptian cotton loop and 100% cotton nothing else! Take care, Andrea",KB_01328,0,"[""KB_01321""]","[""These Pike Street towels seemed like they were good quality on their own, but comparing them next to the other fluffier towels it was a no brainer which to keep. The Pike Street towels look like they are made well; there were no loose threads hanging off, the seams looked solid, and the loops were even throughout the towels. They're not a bad purchase at all, just don't expect something really thick that will feel like a soft blanket when you step out of the shower.""]",10.519417002797127
G_105,REC_105,B003VSWZYM,Home_and_Kitchen,medium,descriptive,pc,1,BPA FREE ?? Where is its place of origin?,[UNANSWERABLE],,0,"[""KB_01339""]","[""Zojirushi SM-JA36BA 0.36-Liter Stainless Steel Vacuum Insulated Mug... good ......keep heat to 3 hours ..may be i return buy anothere""]",10.402332991361618
G_106,REC_106,B000RZPGCK,Home_and_Kitchen,medium,descriptive,pc,1,What is it made of? 100% cotton?,"I believe it is a cotton/poly blend. It was a gift for a grandson and I am pretty sure it was not 100% cotton. It was very soft, though.",KB_01346,0,"[""KB_01346""]","[""This item came up when I searched for flannel sheets. There was no fabric description, and the item was cheap, so I was suspicious. The fabric is a flimsy cotton/poly blend. I returned it.""]",10.986584005877376
G_107,REC_107,B0000DDXLE,Home_and_Kitchen,medium,yesno,pc,1,"Hi, I have a GCG-2 Cuisinart Mini-Prep Plus, will this work?",If you are asking about a replacement for the original where the plastic cracked the answer is yes.,KB_01352,1,"[""KB_01354""]","[""I was looking for a replacement for my Cuisinart Mini Prep which is quite old and the replacement part was PERFECT!!! !""]",12.686791946180165
G_108,REC_108,B002IVU5KE,Home_and_Kitchen,short,yesno,pc,1,is it dish washer safe,yes,KB_01361,0,"[""KB_01361""]","[""I bought this pitcher because it stated it was dishwasher safe and is made in the USA. The spout is not designed well. When trying to pour without the lid it overflows the spout and spills. With the lid it is much better but liquid sometime leaks around the spout lid and dribbles outside the glass. I bought cheap and it's worth that much but not much more!""]",14.728459063917398
G_109,REC_109,B005GNQ5E6,Home_and_Kitchen,long,descriptive,pc,1,"Does this product come with any pans, trays, etc? Should I purchase any additional accessories?","It comes with one small, shallow tray. I purchased two baking pans. Any 9x13 pan that does not have handles will fit. I use Pyrex, pottery and metal pans, just like a large oven. I also use parchment and foil to line and cover and have had no problems.",KB_01372,1,"[""KB_01388""]","[""I have plenty of other pans to use.""]",14.109374955296516
G_110,REC_110,B0040VIN18,Home_and_Kitchen,long,descriptive,pc,1,Can the metal filter from this be used instead of a paper filter in the ceramic v60 dripper?,"No, you can't. The metal filter is part of the filter and can't be separated. For the ceramic V60 dripper you can only use the paper filter.",KB_01393,1,"[""KB_01404""]","[""Are we using the same terminology?There is no paper filter, and it's a very fine mesh, so you're going to get a rich cup of coffee with all the wonderful oils (that get retained by the paper filter normally).Also, technique is very important (more so than with the V60).""]",9.446708019822836
G_111,REC_111,B002A1LGH8,Home_and_Kitchen,short,descriptive,pc,1,Can you microwave this container??,[UNANSWERABLE],,1,"[""KB_01426""]","[""I like this container much better than containers that have the \""cold spot\"" in the lid only.""]",13.74454190954566
G_112,REC_112,B007QZ8NII,Home_and_Kitchen,long,descriptive,pc,1,Does anyone know what the reason would be that the number 9 would be displayed on the unit after it's powered off?   Thank you!!!,[UNANSWERABLE],,1,"[""KB_01440""]","[""&#34;No problem. I'll just let it sit there for a minute.&#34; A minute goes by about sixty times, flip on the AC: nothing. Time to call the company.The girl that answers the phone assured me at least three times that she has worked there for &#34;a long time.&#34; I would have believed her if she didn't have to put me on hold another three times after I informed her that my unit wasn't working. &#34;Have you let it sit for two to four hours?&#34;I have to let it sit for possibly four hours?&#34;You didn't know that?""]",10.865207994356751
G_113,REC_113,B00B4M83MU,Home_and_Kitchen,medium,descriptive,pc,1,What is the outside diameter or circumference?,"Way small, I have thicker spaghetti. I don't know the exact measurement but it is very similar to what you'd find at a gas station for coffee. Hope this helps.",KB_01460,0,"[""KB_01456""]","[""it was very convenient and i will purchase this again. I love it and last long. another thing use and throw""]",11.50504092220217
G_114,REC_114,B002865DNI,Home_and_Kitchen,short,descriptive,pc,1,Measurements?,[UNANSWERABLE],,0,"[""KB_01473""]","[""its definitely not as fancy looking as I imagined from the picture so the high price seems less justified. each bag fits 2 loads of laundry in a large washer so I have no idea why people are disappointed by the size. the handles are great. makes it very easy to carry out to the washer.""]",32.227582996711135
G_115,REC_115,B004P2LEE0,Home_and_Kitchen,long,descriptive,pc,1,I want a slow cooker that I can cook oatmeal in thu the night ?? For one person !!!!,"Yes, this is the perfect size. In fact, the recipe I have makes 3 servings and I've found that it cooks steel cut oats perfectly, and they re-heat great with a little extra milk. Great time-saver for being able to have breakfast before work! The recipe can be found in ""Vegan Slow Cooking For Two - or - Just For You"" by Kathy Hester. She also has a blog online where a bunch of recipes are posted. (Pear Rose Cardamom Oatmeal) I substituted an apple for the pear and skipped the rosewater, but love the cardamom!",KB_01497,1,"[""KB_01508""]","[""I bought this to cook oatmeal and so far that is all I have cooked.""]",10.948750074021518
G_116,REC_116,B00ECH685S,Home_and_Kitchen,long,descriptive,pc,1,Where do I find the cover that fits the one gallon crock?  I wish these listings were more clear regarding what size you are getting when you order.,"Search Amazon for Ohio Stoneware 11600 crock cove (""cover"" is misspelled).  It fits the 1 gallon Ohio Stoneware crock. I do not own it myself, as I have the 3 gallon crock and cover instead. Good luck!",KB_01510,1,"[""KB_01518""]","[""The advertising claimed that it would also fit a one gallon crock, but it doesn't do more than just cover the top of the crock and does not look pleasing with so much of the lid hanging over the top edge.""]",12.12687510997057
G_117,REC_117,B009MBW1AK,Home_and_Kitchen,medium,descriptive,pc,1,Can this cookware be used in the oven?,"No, the handles are not oven proof. It's the only bad thing I can say about the set. Other than that I absolutely love them. The quality is very good. I use my cast iron in the oven.",KB_01525,1,"[""KB_01535""]","[""If you want skillets to put in the oven then you shouldn't purchase these.""]",11.810291092842817
G_118,REC_118,B003QCJHK8,Home_and_Kitchen,long,descriptive,pc,1,how long have you had your? is it still sturdy now?  please answer if you you have had it for years.,[UNANSWERABLE],,1,"[""KB_01549""]","[""This table is the best buy I've made in years on Amazon. VERY sturdy, great material and a true pub feel. This thing is my favorite spot for work or coffee. Makes the whole room. Glad I found it and highly recommend this to anyone looking for a well-built table that feels like it was stolen from a local pub or coffee shop.""]",15.294249984435737
G_119,REC_119,B00A1ECR2E,Home_and_Kitchen,long,descriptive,pc,1,"Did you need to use a mold release spray?  I'm wondering if I need to bother spending extra money on it, or if they will pop right out.  Thanks.",I have used this mold several times now and there was no problem getting the resin out. Hope this helps!,KB_01567,0,"[""KB_01574""]","[""I had ordered another mold that I ended up breaking when trying to get the resin coaster out and this one has some give so you can just pop it out like an ice cube tray.""]",16.7404169915244
G_120,REC_120,B0000BY8S6,Home_and_Kitchen,long,descriptive,pc,1,"I just bought 2 (forgot from whom) that were more gray than blue.  Are yours a pretty blue, like sky or baby blue, or grayish?","My Martex Vellux blanket is blue, but I would characterize it as more of a ""grayish"" blue than a baby blue or sky blue.",KB_01595,0,"[""KB_01587""]","[""I own many of these blankets in various colors. They are great during the summer or the winter.""]",12.839791015721858
G_121,REC_121,B00E8Y79SK,Home_and_Kitchen,long,descriptive,pc,1,How durable is the line itself?  Does it sag much if you hang a hand towel?,The line is very durable.     We have hangers on it all the time -- very little sagging.,KB_01608,1,"[""KB_01606""]","[""The line itself is basically a thin piece of string. I put two pairs of pants on it and it sagged significantly. The line is not coated in plastic/rubber so the clothes slide down to the middle when it sags. I wish I could return the thing. It does secure to the wall pretty well, though. It's just that you can only hang one sock on it at a time.""]",35.06804199423641
G_122,REC_122,B001076GP0,Health_and_Personal_Care,long,descriptive,pc,1,Does it work for a Series 7   760cc-a shaver? what is the difference in 760cc and 760cc-a?,[UNANSWERABLE],,1,"[""KB_01616""]","[""The cord works for my 760cc Braun Razor. I would have given 5 stars, but the price while comparatively good, is more than a power cord should cost.""]",10.63533395063132
G_123,REC_123,B00ANIYKRS,Patio_Lawn_and_Garden,long,descriptive,pc,1,The line won't auto-feed and I have to stop and manually pull it out every few minutes. HALP!,"That's only happened to me once. Pop the spool cap off (squeeze the two sides and pull it) and look at the spool of line. It's possible you have some sort of knot in the line stopping it feeding freely. If so, pull it out and rewind it. I've had very few problems with it, though if you're whacking weeds close to concrete or stone, for instance, it will wear quite fast, requiring stopping every minute or two to feed more line. BTW, you should hear the line feed click just before the head stops turning. The thing is designed for about a 1/4"" feed on each stop/start.",KB_01623,1,"[""KB_01624""]","[""After a few uses the trigger auto feed function stopped working. No matter how many times I press the button no line is advanced. There is a manual release button on the side of the spool housing but this requires you flip the tool upside down every few minute or so.If you are looking for a good option please save yourself the money and look somewhere else. What good is paying $150 for something that is not serviceable and didn't last a couple months.""]",14.380124979652464
G_124,REC_124,B009T7H0QM,Home_and_Kitchen,long,descriptive,pc,1,"can youadjust the temperature manually or are there just ""settings,"" like on a crock pot ?","There are temperature settings you can set if you use it in ""oven"" mode.  There are also low, high, and keep warm settings if you want to use it like a crockpot.",KB_01637,1,"[""KB_01637""]","[""As a bonus, it's much easier to wash than my slow cooker; although instructions say dishwasher safe, I continue to hand wash it.) I've used it on all settings, and have yet to have a meal that's failed.""]",12.52245798241347
G_125,REC_125,B00101TXPG,Baby,long,descriptive,pc,1,"I like being able to hear everything that goes on in my baby's room.  Can you clearly hear all background noises (e.g., wave machines, etc.)?",It is quite clear but the volume is not high. We use it for our quadriplegic daughter when she calls in the middle of the night. I like that we don't get static from other electrical objects or the aluminum wiring in this house.,KB_01649,1,"[""KB_01642""]","[""I sleep with a sound machine next to my bed (my baby's shuts off after 20 min), and I can clearly hear him over that.I also like that the fact that if the baby unit fails or the power goes out, the parent unit immediately makes a horrendous beep.CONS:I don't like that there is no battery backup for the baby unit.Finally, I think that the ease of use could be better (hence 4 stars).""]",13.179208035580814
G_126,REC_126,B009HRFGNS,Home_and_Kitchen,medium,descriptive,pc,1,Is this oven big enough to cook a turkey?,It's only big enough for a 5 lb. chicken or turkey if you can find a really small one.,KB_01652,1,"[""KB_01654""]","[""This toaster oven exceeds my expectations. I wanted something to cook small portion and not use my oven,this oven is perfect to bake and boil in.""]",10.647250106558204
G_127,REC_127,B00GYBZURM,Toys_and_Games,long,descriptive,pc,1,Does this kit come with a go-pro camera? I am building my own drone and would like to include an FPV system...,No you must buy your own camera,KB_01667,1,"[""KB_01662""]","[""I have been using the KumbaCam advanced kit for 3 weeks now and it rocks! I have been doing a lot of flying with my DJI Phantom 2 and F550 Hexacopter for a little bit and wanted to take my flying and filming to the next level. I wanted to be able to comfortably fly far distances out side of my line of sight, and the ability to frame up my shots for ariel video via my go pro 3+.""]",10.22762490902096
G_128,REC_128,B00GGN264I,Health_and_Personal_Care,short,descriptive,pc,1,Is psyllium better than inulin?,"Most psyllium products need sugar, artificial sugar and color and other additives to make it palatable.  I doubt if any of us need those additives and Clear and Natural is 100percent inulin without additives.  Strange that it costs more without all that other""stuff""!",KB_01673,1,"[""KB_01673""]","[""The active ingredient in Clear & Natural is &#34;inulin&#34;, an insoluble fiber supplement, which has controversial reviews from various users and authorities, regarding its efficacy and effectiveness. I found that it resulted in serious gastrointestinal distress, gas and flatulence. I promptly returned it to Amazon and cannot recommend it.""]",16.278750030323863
G_129,REC_129,B008AG5VOQ,Toys_and_Games,long,descriptive,pc,1,Does this tricycle have an easy way of taking on and off the push handle and does it fold down for transport?,Push handle easily removed with a single pin under the seat . Does not collapse or fold down.,KB_01685,1,"[""KB_01687""]","[""The tricycle isn't extremely high quality. The pushing handle has alot of slop in it as others mentioned but doesn't make it too hard to navigate with. I compared lots of similar products and if I had to do it again, I would still purchase this.""]",10.318208020180464
G_130,REC_130,B00004RGB7,Home_and_Kitchen,short,descriptive,pc,1,Is it difficult to clean?,No,KB_01693,1,"[""KB_01700""]","[""My husband, the chef, doesn't know how he's ever lived without a double boiler now that he has one. He uses it all the time.Never burn the cheese sauce again! And it is really easy to clean.""]",11.192500009201467
G_131,REC_131,B001DEYVXO,Electronics,medium,descriptive,pc,1,Anybody know if this works with windows 8?,"Yes, I have been using the Hauppauge TV Tuner with Windows 8 for about a month with no issues.",KB_01707,1,"[""KB_01707""]","[""The Hauppauge works perfectly with my Lenovo laptop running Windows 8. I called the Hauppauge company for advice about which tuner to purchase and received friendly and competent customer service. The tuner works perfectly. Based on reviews, I also decided to purchase Windows Media Center ($100 extra to convert Windows 8 to Windows 8 Pro) and don't regret it. The tuner has worked seamlessly and easily with Windows Media Center.""]",11.98829198256135
G_132,REC_132,B00276BKBS,Health_and_Personal_Care,short,descriptive,pc,1,How many servings per container?,Product label says 28. Using the measuring scoop  provided  you will get 28 single servings per container.P Galie,KB_01711,1,"[""KB_01711""]","[""You get 28 servings per jar, so if you take one a day it will last you all month.I prefer to take it with about 8 ounces of cold water stirred in a glass with a spoon (easier to use a blender). I may try it with other types of drinks, but just the water seems to work quite well.All in all, This stuff is great for Vegans or anyone who wants a fine meal replacer.""]",12.256792047992349
G_133,REC_133,B0063N7OZ2,Electronics,long,descriptive,pc,1,Can a cop pull you over in the state of CT for having the detector hanging from your rear view? You can get pulled for hanging an air freshener.,[UNANSWERABLE],,1,"[""KB_01728""]","[""While you can still run your traditional cigarette lighter chord up the the detector, hardwiring it eliminates that curly chord from having to run from your dash up to your mirror. I mean really, if you're going to go through the trouble the make your detector look sleek by mounting it to your rear-view, you might as well go all the way by hardwiring your detector to your car.Overall, great product and a breeze to install!""]",13.051124988123775
G_134,REC_134,B003C6RR1E,Health_and_Personal_Care,short,descriptive,pc,1,what is the ingredient formula?,[UNANSWERABLE],,1,"[""KB_01731""]","[""eye doctor says this is only formula that works this is only product i could find that matched formula available other then band he sold for much higher price""]",13.065792038105428
G_135,REC_135,B00A9PKN3A,Sports_and_Outdoors,medium,descriptive,pc,1,Does the bike have to be assembled?,Yes,KB_01736,1,"[""KB_01736""]","[""It's delivered in disassemble condition and without any tools. If you are not familiar with bike, so please buy one from bike stores, But the assembled one in bike store is nearly $300 as far as I know. So pay attention.""]",18.49587506148964
G_136,REC_136,B0090EC7BM,Electronics,medium,descriptive,pc,1,if it comes with the wiring connector?,[UNANSWERABLE],,1,"[""KB_01748""]","[""You also need the wiring harness conversion (and wire crimp connectors), a bracket and a molding piece specific for your car/truck. We did successfully install the radio in my sons 97 honda civic where the radio does match the space but still does not allow screws to a mounting bracket to allow vibrations from moving it.""]",10.68808394484222
G_137,REC_137,B004CLYAJK,Home_and_Kitchen,medium,descriptive,pc,1,How large of an area does this cover?,[UNANSWERABLE],,1,"[""KB_01756""]","[""Great for price!! Reduced a lot dust in rooms! Easily portable to cover all rooms! Wish I bought two when they were on sale!""]",12.146083055995405
G_138,REC_138,B00GN5DHH4,Electronics,medium,descriptive,pc,1,Does the ear piece come with a microphone to talk into?,"The microphone is not the best quality, several of ours stopped working after just a few days. But the earpieces and the radios were still well worth the purchase.",KB_01770,1,"[""KB_01769""]","[""We purchased the radios to keep in communication when setting up and orchestrating a fireworks show. The radios were great, we were able to speak with each other and hear each other regardless of the noise around us. While the MC was speaking I unplugged my headset and turned up the volume and everyone around me was able to hear the speaker through the radio. We had the speaker keep the mic open on the radio so the crew in the back could hear. The ear pieces work great.""]",15.682291006669402
G_139,REC_139,B00067MVUE,Pet_Supplies,medium,descriptive,pc,1,What parts of it are made of metal?,Just the springs are metal. If you leave the Scoop outside they do rust eventually but last for years. Mine was in the weather for many years before they rusted and broke but would have lasted longer if I kept it indoors. I immediately bought another Scoop as it is such a good product.,KB_01784,1,"[""KB_01780""]","[""It's plastic. Enough said. You are better off purchasing a metal unit that won't break and will last more than a minute.""]",12.014416977763176
G_140,REC_140,B000F6Y686,Electronics,long,descriptive,pc,1,Does this let you focus at objects at ~12x telephoto zoom from a closer distance than with the normal lens setup of an FZ200?,[UNANSWERABLE],,1,"[""KB_01788""]","[""At least it works with them, but it adds to the screwing/unscrewing process. Good info to know.-The FZ-200 does focus better if you zoom all the way in to 48X (iZoom) rather than leaving it at 24X and cropping it later. The image quality will be otherwise identical once processed and cropped, but the focus at the time of shooting is better if you zoom in to 48X. Why? It beats me...the camera just handles it better for some reason.""]",13.274458004161716
G_141,REC_141,B009KZ20D6,Tools_and_Home_Improvement,long,descriptive,pc,1,How durable are the heads on these? I have another precision set I got from RadioShack (lol) and the smallest Phillips head bent painfully easily.,They're quite durable. I purchased this set in September of last year and I have used it on multiple cell phones and laptops. The #000 Phillips screwdriver I have used the most and I took a picture with a macro lens to show you how well it's held up.  http://i.imgur.com/H4MrxbR.jpgHope this helps,KB_01795,1,"[""KB_01798""]","[""The quality of the screwdrivers is excellent. They feel very solid and are long and thin enough to reach nearly any screw. The end of the handle fits comfortable in the hand and I have never had a problem getting a good enough grip. The only way this set could be better is if it included a larger Phillips head.I would recommend this set to anyone who needs to do some work on their computer.""]",12.863915995694697
G_142,REC_142,B001BOD9JI,Pet_Supplies,long,descriptive,pc,1,can you adjust the flow rate or is it just 3.5 gph. i wanting to use to add Kalk but want to do way slower than that,"Flow isn't adjustable on these. I use one to topoff kalk, but on a digital timer that runs the pump for about 5 minutes at a time, 6 times a day.",KB_01805,1,"[""KB_01807""]","[""The pump works as advertised! I get about 2 gph instead of the 3.5 gph, however I am pumping through 4 ft of tubing. This is the second Aqualifter that I have purchased. They are being used as dose pumps in my hydroponics system.""]",13.398917042650282
G_143,REC_143,B00119QDPA,Musical_Instruments,long,descriptive,pc,1,What is the measurement of the circle at the bottom? I am wondering if it will work with my mic. Thanks!,[UNANSWERABLE],,1,"[""KB_01819""]","[""I bought this mount which is EXACTLY like the one that came from the manufacturer when the mic was purchased. My ordering was fast easy and the delivery was quick with no problems. Perfect replacement piece!""]",11.242249980568886
G_144,REC_144,B000063XH7,Home_and_Kitchen,long,descriptive,pc,1,Is there a grease channel and catch-area for bacon grease as the bacon cooks?,"There's a guide on one corner that will funnel the grease, but no catch or drop pan.",KB_01831,1,"[""KB_01827""]","[""He explained in one episode how he fries bacon in a waffle maker. While cooking, grease drains away from bacon and splatter is eliminated. Needless to say, this is one of my uses for this machine: cooking organic bacon. Spouts on side of each plate makes it easy to drain grease to refrigerate and use for flavoring other foods later. (Such as homemade fajitas. )Besides waffles, bacon, and grilled items, I use just the grill plates to make home made tortillas!""]",15.634084003977478
G_145,REC_145,B005JVNQPQ,Automotive,long,descriptive,pc,1,"Is it normal that where the rust was that its black and textured?  Is it also normal that the rust just doesn't ""fall off"" and requires rubbing?","I just use some today, and you do have to rub it sometime to get the rust to come off. I have seen the metal turn black and some time metal gray when the rust was removed. I love this product, it just saved me some tools that had gotten wet and rusted badly. I thought I was going to have to throw them away but it saved them. Well worth what I spent when I saved my Harley Davidson gas tank that rusted inside when it sat to long.",KB_01835,0,"[""KB_01836""]","[""I was surprised it really works cleans the rust off like it states. one thing is don't leave it in to long or it will turn the metal black.""]",37.34787495341152
G_146,REC_146,B000CPI5XM,Automotive,medium,descriptive,pc,1,Does this work for ford 2002 f350 diesel??,Yes it will.,KB_01851,0,"[""KB_01845""]","[""I have a 2002 Mazda B-3000 truck (Ford Ranger) with about 80,000 miles on it and a 5-speed MANUAL transmission (Yes, this trans uses ATF - not gear oil as you would expect).Before the ATF change, my truck shifted a little roughly and I could hear a slight whine in second gear when the truck was cold. This ATF made a huge difference. It still isn't perfectly smooth when shifting into second, but there is no more whine.""]",11.144792078994215
G_147,REC_147,B00FM0N514,Home_and_Kitchen,medium,descriptive,pc,1,What are the dimensions of the bottom cabinets?  The drawers?,"The two bottom cabinets are each 15.5"" deep, 16"" tall and 19.5"" wide.  There are adjustable shelves that you can opt to put in them.  The drawers are 17.5"" wide, 12.5"" deep and about 3 3/8"" tall.",KB_01862,0,"[""KB_01855""]","[""It really was a lot of work to put together (1 person) but worth it in the end. I had to play around with adjusting the drawers until they finally fit. Once assembled, it is just as pictured. Exactly what I was looking for...very sturdy.""]",13.203541981056333
G_148,REC_148,B000X596HU,Tools_and_Home_Improvement,long,descriptive,pc,1,I have this can can not get it primed.  The instructions are nto very clear.  Can anyone tell me the correct way to prime it?  I'm about to trash it.,as far as priming it i could only let it sit in a warm spot and it bled itself hahahahaha i know but all i could do to get it going,KB_01874,0,"[""KB_01865""]","[""item was very hard to get primed. Luckily I have lots of experience with grease guns. The instructions for the charger are wrong. One of the batteries was bad and they promptly shipped another one. I also agree with the fitting on end of hose being very hard to remove...bad design. I will be changing it out today with one from my manual Alemite grease gun.""]",37.03591600060463
G_149,REC_149,B00F5TR1I0,Beauty,medium,descriptive,pc,1,Does it have enough space for your books ?,"it's a pretty big purse. fits my digital camera and accessories. I don't know how many school books it would fit, but it'll fit a few reading books",KB_01875,0,"[""KB_01875""]","[""It's not the best but not the worst. I just wanted a cute black bag to carry my school stuff in and it does that. Not as big as it looks in the pictures but it's big enough to hold my notebooks and folders. Cheap leather but hey it doesn't look bad. Be careful with the zippers, they're pretty cheap but as long as you don't pull on them or zip them hella fast, they'll be okay. Overall it's a good bag for the price and where it comes from.""]",13.803582987748086
G_150,REC_150,B001EYYJVC,Automotive,long,descriptive,pc,1,why does the listing say its 66/80cc? the sticker on the engine clearly says its a 47cc.,[UNANSWERABLE],,0,"[""KB_01885""]","[""It's no race engine but it had more than enough power for a bicycle! Already put 200miles on mine and it still running strong!""]",13.481791014783084
G_151,REC_151,B00HWM5PMW,Electronics,medium,descriptive,pc,1,How long does the battery last?,[UNANSWERABLE],,0,"[""KB_01897""]","[""This is an amazing laptop, it is sleek and has the processing power and ram needed to run software. The keyboard lights up and it looks very nice, not cheesy at all. It's not a touch screen but that is not a big deal. It does have some weight to it, it is not light like a tablet but not big and bulky either.""]",15.624208026565611
G_152,REC_152,B00AT93GBM,Electronics,medium,descriptive,pc,1,Will it work with an iPod touch 4?,"It works as a standard wireless B/g router, it only requieres a 5volt power supply (not inluded, just a usb cable) yiu can use a computer usb port or any cell phone charger with a usb port for powering it, you only have to plug a usb 3g Modem (mine's an Alcatel, tought many ZTE and other brands are supported) , once  you power it up, you can log on to the setup page and conigure settings such as SSID, wireless security.  Very weak signal, by the way, it only reaches the room I'm using it and the next, sometimes reaches the 1st floor of my house . Hope this answer helps.",KB_01905,0,"[""KB_01908""]","[""I would give it 5 stars if there was an A/C adapter included.""]",11.967208003625274
G_153,REC_153,B002TNIN2S,Beauty,medium,descriptive,pc,1,How is this cream supposed to be applied? Finger? Q-tip? Brush?,"A finger tip will work perfectly. However  for spot treatment a Qtip is highly recommended. FYI please avoid direct sunlight when using product or apply at night before bed time, use a towel on pillow if applying at night. Thanks",KB_01911,0,"[""KB_01911""]","[""I am using this cream on my back, legs, arms and face. My dark marks are getting lighter, but it is taking a little more time than expected. But, I am on my third bottle of cream. My husband says, \""have patience and it will work\"". So far my patience is paying off. I will continue to use this product until all the marks are gone. Thanks.""]",12.28629203978926
G_154,REC_154,B001J8SYV4,Toys_and_Games,long,descriptive,pc,1,Is this waterproof ? I want to use outside to keep chalk for an outsie chalkboard ?,no it is not waterproof. Very poorly made.,KB_01925,0,"[""KB_01926""]","[""My little guy loves to write letters and play with mailboxes. I bought this for him and he loves it! It is strong and really cute. He put stickers all over it!""]",16.196749988012016
G_155,REC_155,B00DMAGWVG,Sports_and_Outdoors,long,descriptive,pc,1,"is this the 2013 model? suitable for 8 yr old in hilly terrain family rides in Colorado? thanks, bobbi",It's quite heavy. My 14 year old loved it til it was stolen. It would be a bike he could grow into. I'd buy it for that age.,KB_01930,0,"[""KB_01931""]","[""I didn't get this bike long ago, and so far it's met many challenges, it holds up really well and it was cheep! That makes it even better.""]",15.776583924889565
G_156,REC_156,B00G8IVXZE,Toys_and_Games,long,descriptive,pc,1,Can I simply use these as rubber bands? Are they as strong as rubber bands you might buy in an office supply store? What size are they?,"Good idea, but much too small and not elastic enough to replace office supply type bands.",KB_01939,0,"[""KB_01942""]","[""These rubber bands were like the ones purchased at any store. My eleven year old daughter had no complaints while using them.""]",17.111249966546893
G_157,REC_157,B005QIYUMU,Patio_Lawn_and_Garden,long,descriptive,pc,1,Has anyone had any problems with this tipping over? I can see my son running back and forth into the sides and would be concerned about it tipping.,[UNANSWERABLE],,0,"[""KB_01944""]","[""Very disappointed. My son went to climb inside, and when he pulled the door flaps open, it ripped a hole in it. I sent it back, and received a replacement. The second one did the exact same thing. So now it's patched up with duct tape.""]",13.263292028568685
G_158,REC_158,B00523K104,Electronics,short,descriptive,pc,1,What is the shutter count?,[UNANSWERABLE],,0,"[""KB_01959""]","[""This camera is awesome... You just need to know how to click it. It outperforms in all conditions of light. No cons as of yet.The quality of images is excellent...""]",16.344834002666175
G_159,REC_159,B00A2AWBKU,Electronics,long,descriptive,pc,1,"LENOVO THINKPAD L430 caddy, does the caddy connect to the computer terminals itself, or would I need to open the computer and connect it?",no need to open. just pull out the dvd player and put this one in. all set.,KB_01970,0,"[""KB_01963""]","[""Have been using the caddy for about a month in my Lenovo W530 and have had no problems. The drive fits perfectly into the caddy and is secured by four screws with no need for rubber rails. The caddy fits perfectly into the ultrabay slot and locks into place just like the DVD unit does. So everything is secure and it has performed flawlessly. It even comes with a carrying case that you can use for your DVD unit while the caddy is in use. Would highly recommend.""]",15.882292063906789
G_160,REC_160,B001PGP33M,Toys_and_Games,long,descriptive,pc,1,How big is the box or the parts if taken out of the box to get it home from the store?,....massive. We have a F150 and the tray was completely full. Each wall and roof panel is a solid piece.,KB_01978,0,"[""KB_01974""]","[""I was scared when I arrived from work and saw the size of the box this thing came in the garage. But to my surprise the box was easy to handle and the pieces came together very easily.You must use an electric screwdriver because the screws are long and not pre-drilled.I had a small issue then installing the doorknob as I put a little too much force and the screw casing broke. However, I was able to remove the broken piece and install it back without problems.""]",12.987166992388666
G_161,REC_161,B008YRG5JQ,Cell_Phones_and_Accessories,medium,yesno,pc,1,can it charge a laptop comuter,yes it will charge a laptop.,KB_01984,1,"[""KB_01991""]","[""The search is over. This will outperform your expectations, hands down. It can charge you pad and smartphone at the same time.""]",12.856834102421999
G_162,REC_162,B004EPXIA6,Patio_Lawn_and_Garden,short,yesno,pc,1,can I refill the spools?,"Okay. My earlier response to a similar question was yes and now i have more experience and knowledge to respond more thoroughly. a) yes, one can replace the line in these spools with thicker line. I have done so two times now using 0.08 in line i had leftover form my old dual line trimmer. I have the Greenworks 21242 G-MAX 40V model which is a single line design. These spools are only for single line machines.  They accommodate only one single line. B) When you load them with thicker line, there must-needs be less line length on the spool.  Thicker line works better for thicker stemmed plants and so will break less often in that case. However,...since my Greenworks 21242 G-MAX 40V trimmer has a ""no bump"" automatic line feed, the line is advanced 1/4 in every time you stop and start the motor.  If the weeds don't break the line, the cutter-knife thing will be cutting off that 1/4 in every time you stop. This means if you are only cutting grass and other less resistant weeds, the .065 in line is probably a better bet since there will be more line to use up per spool as you go about your standard trimming operations.  IF you have heavier weeds as i do, the .08 in line is a better bet since it is less likely to break for these tasks and if you are willing to continue trimming without stopping until the line has been shredded by the weeds.  i.e., more weeds per spool under such conditions.",KB_01996,1,"[""KB_01999""]","[""The spool that came on the trimmer is refillable and so are these. It's good to have spools on hand when one goes empty and these do the trick. Once you buy these you can just keep refilling them.""]",11.688875034451485
G_163,REC_163,B003ARSPIO,Cell_Phones_and_Accessories,short,yesno,pc,1,is it a smart phone,"It's not a smartphone, but it's smart to have it if you are a SIM card user. It is easy to use and more than worth the price.",KB_02011,1,"[""KB_02006""]","[""Love the combination of touch screen and pull-out qwerty keyboard! In addition, the phone seems to be very well made. Great customer service!""]",15.966417035087943
G_164,REC_164,B00429NVQA,Electronics,long,yesno,pc,1,can i aim this out a closed windw to view my back yard.,Yes and no. The camera has a set of IR LEDs that allow it to see at night. You will have not be able to see what is going on at night unless you do what I did and tape off the LEDs using black electrical tape. What happens is the IRs hit the glass and at night it acts like a mirror and blinds the camera. Without the LEDs it works fine during the day and at night it works decently with ambient/porch light. You could also get an IR LED array for fairly cheap here off amazon and point that into your yard as well. That way it would have pretty good B&W; night vision.,KB_02013,1,"[""KB_02018""]","[""You aren't going to get super clear pictures or read license plates 30 feet away but if you just want to know if someone/thing has been into your yard or keep an eye on the family pet then this is fine for that.I'd say if you are thinking about this one then spend a bit more and get the newer PTZ camera with 720p output on it.""]",16.76312496419996
G_165,REC_165,B002N3TO36,Automotive,long,yesno,pc,1,would it be okay if I wanted to trim (cut) each bar to match the width of the roof of my Volvo V50 for a more flush mount,[UNANSWERABLE],,1,"[""KB_02027""]","[""Volvo sells cross bars but they cost significantly more. Thes fit the car and my budget. Most importantly, they work just fine. I don't keep them on the car permanently. They come off and reattach easily. What more could I ask for?""]",17.026250017806888
G_166,REC_166,B0081ILUOI,Automotive,medium,yesno,pc,1,"will this fit a 2014 elantra limited with 17"" wheels?",[UNANSWERABLE],,0,"[""KB_02036""]","[""I would recommend this product to all Elantra owners!All the tools needed to complete a tire change were included as well as an organizer.Thank you""]",16.17291697766632
G_167,REC_167,B00BI4JXGO,Electronics,short,yesno,pc,1,are any cables required,Yes. I purchased an Amazon HDMI (ARC) cable to connect my main unit HTB770 ARC output to the TV HDMI ARC input. It woks great and gives you on/off and volume control.,KB_02041,0,"[""KB_02042""]","[""Pros:Speakers sound goodBluetooth works great with my iPod TouchEasy to set upCons:Receiver was defective out of the box. When switching from one input to another (e.g. from cable box to Blu-ray), either the sound would drop out, or the video became shaky and showed a lot of interference (lines and snow/static on the screen). I checked all connections, all cables were sound. My TV is a Panasonic plasma, by the way.Returning it.""]",15.034624957479537
G_168,REC_168,B006SDI6X6,Home_and_Kitchen,medium,yesno,pc,1,can i use this without the bars in the middle,If by bars you are talking about  the spaces between the canvases then yes you can put them as far apart or as close together as you want.  Keep in mind that there will still be a small seam even if they are as close together as you can put them so it will never look quite the same as one canvas.,KB_02050,0,"[""KB_02056""]","[""We just measured, hammered in the hangars and the work was done. Per the manufacturers instructions, we left a couple of inches between each space. The five pieces make a BIG display. In this case, the stretch across the wall behind an oversized green leather sofa. The sofa is fat...overstuffed and fairly plane.""]",17.558082938194275
G_169,REC_169,B003J8PCL2,Electronics,long,descriptive,pc,1,I have an Onyx EZ Model XEZ1.  Will the work with my model?,"I'm sorry not really sure if it will, but the thin wire tends to break very easily right @ the plug. Just breaks cause they're so thin. I'm on my 3rd. Not happy.",KB_02069,1,"[""KB_02060""]","[""I have gone through two, nearing the need for a third one. I have tried to find more durable replacements, but have not been able to find one that says it is compatible with the Onyx. XM should work on a thicker cord, for this one breaks at the point right before the thicker part that goes into the cigarette lighter. I thickly wrap with electrical tape, but it is still trying to break in the same place..... again. Other than the flimsy power cord, I love it.""]",17.38679106347263
G_170,REC_170,B00E395L7Q,Electronics,long,descriptive,pc,1,Does it have a card reader slot? In the pictures it looks like it does.,"Yes,  but haven't used it yet",KB_02085,1,"[""KB_02089""]","[""It remembers all the passwords and usernames that I need and gets me into these sites by swiping my finger over the reader.""]",15.827666036784649
G_171,REC_171,B00F144HYA,Electronics,long,descriptive,pc,1,"what size screen do I need with the 5030ube, sitting approx 14 feet from wall where screen would go.","i have a 120"" 16:9 screen at 13 ft away and it is great, it is amazing for movie format which takes about 6inch from top and 6inch on bottom and then the whole screen is used for hdtv which is gigantic but it is not difficult to watch.  i just bought projector last week and even though the resolution from my 4k samsung has spoiled me movies in true 1080p look great using the projector",KB_02103,1,"[""KB_02115""]","[""I waited for years to buy a projector thinking the picture quality would not be very good but the 5030UB blows away most LCD and plasma TVs.My 5030UB sits on a shelf about 8' off the floor and about 19' from my 120\"" Silver Ticket screen (also fantastic).""]",12.983917025849223
G_172,REC_172,B0048G9LDE,Toys_and_Games,long,descriptive,pc,1,How well does this game play with 2 players?  Is it less interesting then 4 players?,"It plays alright. The choices in the different zones are reduced (blocked off) when playing with fewer than 4 players. So, while it's still playable, it's a lot more fun with 4.",KB_02121,1,"[""KB_02132""]","[""While the game can be played with 2 and 3 players, for the best games I recommend playing with 4.This game is out of stock on many websites, so if you see it for sale, pick it up.""]",15.891083050519228
G_173,REC_173,B000E8VAIO,Tools_and_Home_Improvement,long,descriptive,pc,1,can this be placed in a gang wall switch box? I have a 7 switch gang box and need to place two side by side?,"When we originally bought this item, it replaced a light switch. It fit in fine next to two other light switches. The same switch plate we used before covers all three.",KB_02157,1,"[""KB_02160""]","[""I can do that with my old, $1.50 wall switch!""]",15.52312495186925
G_174,REC_174,B0044U42LU,Sports_and_Outdoors,medium,descriptive,pc,1,Will these kill zombies if i get good at it?,"Projectile weapons typically are not efficient for killings zombies. Throwing knives would be better served as a tool or self defense against humanity's other faction that you'll ultimately have to fight. Likely they will capture you, and their Che Guevara look alike will make you play basketball while only have a couple hours left before a horrible poison destroys your body. Welcome to the human race.",KB_02164,1,"[""KB_02163""]","[""I bought these to get ready for zombies and i wasnt dissapointed! Very sharp and very accurate will hit targt easy!""]",21.39983302913606
G_175,REC_175,B000BVQ80E,Home_and_Kitchen,long,descriptive,pc,1,Do I only have to use  Sephora chocolate or will any brand do ?,Any brand will work as long as it is formulated to use in a fountain.,KB_02185,1,"[""KB_02194""]","[""I bought 2 bags of Sephra milk chocolate and didn't even use everything.""]",12.2862079879269
G_176,REC_176,B00HG1L334,Electronics,medium,descriptive,pc,1,Is it fit with lifeproofcase ipad mini?,[UNANSWERABLE],,1,"[""KB_02218""]","[""I tried this cable on some of my problem cases and the fit was perfect.""]",12.27724994532764
G_177,REC_177,B007VFTO0E,Patio_Lawn_and_Garden,short,descriptive,pc,1,What size is the hole?,[UNANSWERABLE],,0,"[""KB_02224""]","[""It's Craftsman... do you need to make a review? It's a quality item wouldn't expect anything else from that company.""]",13.731000013649464
G_178,REC_178,B001L1R3SO,Home_and_Kitchen,long,descriptive,pc,1,Does this blanket go on top of the bedding or do you sleep on top of it?,[UNANSWERABLE],,0,"[""KB_02227""]","[""We bought the queen-sized blanket for a queen-sized bed. I wish I'd bought the king &#8230; it's hanging over the edge of the mattress but there is NO way I could even come close to tucking it in. But it does keep us super warm and it's so much safer than the antique version that we were using.""]",15.118375071324408
G_179,REC_179,B005N1190G,Pet_Supplies,short,descriptive,pc,1,What gage is the wire?,It looks to be 10 Ga,KB_02242,0,"[""KB_02240""]","[""Folds pretty easily to transport and wire is heavier than others I looked at.""]",12.574375024996698
G_180,REC_180,B003F8GH6U,Sports_and_Outdoors,short,descriptive,pc,1,Where was it made?,They are made in China. The only water bottle I've found that is made in the US is Liberty Bottles. You can get them here or I saw them on the shelf at Whole Foods.,KB_02254,0,"[""KB_02260""]","[""Love my new kanteen, it arrived quickly and the product is wonderful.""]",12.727416935376823
G_181,REC_181,B005IHAPBY,Automotive,long,descriptive,pc,1,"How tall are the top and bottom sides? I'm thinking about getting this engraved, but if it's too small then I can't",[UNANSWERABLE],,0,"[""KB_02280""]","[""Good looking plate frame, I bought this one as NC truck plate has the state name at the bottom of license plate.""]",11.482708039693534
G_182,REC_182,B009LJ9Z0M,Electronics,medium,yesno,pc,1,will this unit include docking for an Ipod and an Iphone 4?,Yes. I have used both my iPhone 4 and my iPod in the docking station and they work fine. One thing that could cause trouble is the size of your phone case. My phone case is small and it fits. A large case would need to be removed to use the dock.,KB_02287,1,"[""KB_02287""]","[""I purchased the radio and it is great! Love the alarm etc.The I-Phone Dock does not work with my Iphone 5C. It has the larger plug and is compatible with the Iphone 4 I think. If you have the new I phone don't waste the money.Otherwise a great product!! !""]",17.176249995827675
G_183,REC_183,B003WAOVGY,Home_and_Kitchen,medium,yesno,pc,1,does this chair work with xbox one,"Yes, it will work with xbox one as long as you have a headphone jack in the tv or stereo. The chair can then be connected wirelessly or by wire (extra).",KB_02327,1,"[""KB_02323""]","[""With the X Rocker Pro gaming chair, he plugs in his earphones (peace and quiet for the rest of the household), experiences all of the special effects vibrations and sounds), and improves his posture too.""]",15.953707974404097
G_184,REC_184,B00EVC9PQI,Electronics,medium,yesno,pc,1,would this tripod fit GE X450 power pro camera?,"It should look at the bottom of your camera, if there is a small hole yes, if its a 2 inch square lock or Oregon scientific mount no. Its a great pod I've had mine and been using it regularly for about a year works like new after some pretty severe beatings including submerging it a bunch of times. Still can't beat the price.",KB_02333,0,"[""KB_02338""]","[""This tripod holds my Panasonic Pro AG-DVX100B camera.""]",13.400833937339485
G_185,REC_185,B0077QHF1C,Electronics,medium,descriptive,pc,1,"Can I select ""Random mode"" for songs playback?","Yes you can.  Press and hold the play/pause button on the device or the remote.  You will be able to choose between playing ALL songs in sequence, RANDOM within the current directory, FOLDERALL playing all the songs in the current directory only, ONE to repeat the current song.",KB_02363,1,"[""KB_02359""]","[""You can change the frequency, volume and select the songs.After 8 month, this one doesn't work any more.""]",10.841334005817771
G_186,REC_186,B004T6M6Y4,Home_and_Kitchen,medium,descriptive,pc,1,Is lid transparent or do you know a transparent compatible lid?,no the lid is not transparent. I don't know of a compatible transparent lid.,KB_02388,1,"[""KB_02372""]","[""I want to up grade my pots and pans and had heard that All Clad was one of the best. The first time I used it (cooked oatmeal) there was a stain when I washed it, so I washed it again, used it again and washed it again all according to the manufacturers recommendation. It cooks well, the lid fits tight and everything else about the pan is fine. Will be looking for other brands as replacement for what I currently own.""]",17.212707898579538
G_187,REC_187,B000Q5APCC,Electronics,medium,descriptive,pc,1,What is the size of this radio?,[UNANSWERABLE],,1,"[""KB_02400""]","[""So be clear about the size of the radio you want before you order it.""]",16.643833019770682
G_188,REC_188,B004MKJWJO,Electronics,medium,descriptive,pc,1,Will this card work with a 375 watt power supply?,"Yes, but I would recommend getting at least a 600 watt sometime in the future if you game a lot",KB_02409,1,"[""KB_02419""]","[""It takes only 1 6-pin power conenctor and comes with molex adapters so as long as you have a 350watt power supply/psu or higher than your good.My brother used this on his stock 350watt psu which has no 6-pin connector and the card works fine (used the molex adapter).""]",13.861540937796235
G_189,REC_189,B004MMXB6W,Sports_and_Outdoors,short,descriptive,pc,1,How wide is the sheath?,[UNANSWERABLE],,1,"[""KB_02445""]","[""Should have read the description better, did not know it was an over the shoulder type of sheath.""]",15.48912504222244
G_190,REC_190,B002Q0W80W,Electronics,long,descriptive,pc,1,will it cpome with a plug in power adapter or do i neet to purchase it seperately,"It comes with the power adapter, and a antenna with VERY long cord. You will need a sound source, like powered computer speakers.",KB_02447,1,"[""KB_02458""]","[""Invest in a1-Foot Extension Power Cable, 5-Packif you're going to plug this into a power strip.""]",16.48033398669213
G_191,REC_191,B00AU6ED8Y,Sports_and_Outdoors,long,descriptive,pc,1,Is the barrel on this Umarex Octane .22 cal rifled? I read a review that said this was a smooth bore barrel???,"Yes, the barrel on the .22 cal is rifled.",KB_02476,1,"[""KB_02469""]","[""Stock is somewhat odd compared to traditional style, I don't care for lock of raised comb as it makes no difference in my shooting results.Trigger is best I have seen in any air rifle owned to date, safety is reversed but not an obstacle at all.Scope is adequate but I would have preferred to buy one separately and eliminate the cost of one supplied with rifle.Iron sights are usable, the rear one has steel components, front could use hood.Rifle is well built, there are no stripped or molested screws typically found on Chines products.Everything works as intended, barrel locks securely and stays firmly locked in place.This is a heavy rifle so don't plan on lugging it around for very long time, cocking effort can be a handful, best shooting is from some sort of rest.Things I have done to it since new:Thrown away ruined and compressed breach O-ring, filed off all sharp edges, cleaned barrel and applied gun bluing to exposed metal.Tightened break barrel screw to get stiffer joint.Replaced breach o-ring with one from Home Depot (#208 O-ring, 10 pack).Reinstalled stock, applied drop of gun oil to vital areas and blue thread lock to all screws.Replaced scope with Center Point 4-16x40 AO so I can see holes in target at 50 yards.Sanded off sharp edges from stock middle where mold joint allows some overflow and smoothed out rest of it for comfort grip, checkering in front of trigger acted as Velcro, I sanded off sharp points.Rifle is now what it should have been when sold, no regrets here, this is my second Umarex, one with right choice of features and capacity to shoot heavier pellets at more flat trajectory than an average .22 caliber air rifle, according to experts, right choice of pellet can match the energy of .22 caliber any time.The key to this is claimed velocity needed to shoot heavy pellets.I learned over time to subtract between 100 and 200 FPS from factory claimed velocity as they try to out lie each other, therefore, this rifle should be good for 1000 FPS using 14-15 grains lead pellets.Crosman Premier hunting hollow point pellets give me 2\"" groups at 50 yards, 1\"" groups at 25 yards and 1/4\"" groups at 10 yards, all with rest, craws beware.I have 15 and 16 grains pellets on the way and will be comparing the results shortly.Only 4 stars because I had to finish the job of making this the best air rifle, for about $200 or less, I ever owned.UPDATE:I successfully shot Eunjin 16.1 grains and H&N; Rabbit Magnum 15.74 grains pellets from this rifle.""]",13.527542003430426
G_192,REC_192,B003F8UFC2,Tools_and_Home_Improvement,short,descriptive,pc,1,How long are the arms?,[UNANSWERABLE],,1,"[""KB_02494""]","[""They are very easy to install and the padded arms and arm spacing are perfect for SUPs.""]",12.111916905269027
G_193,REC_193,B00B2B4OE4,Automotive,medium,descriptive,pc,1,for a 2000 xj need somewhere else?,Hi jose....you can use it is very good kit ... take a look on roughcountry page and check for updates... because I change some more parts for the steering..thanks.. in amazon they have a very good price... I use 15 wheel and separator too..,KB_02505,0,"[""KB_02501""]","[""After doing several weeks of searching online to find a good suspension lift for my 2000 Jeep Wrangler, I decided to go with Rough Country. I trust Amazon so I saw several kits at  reasonable prices and decided to purchase from here. A box pops up asking what's the vehicle information ( Style, make, model, year) I entered in my info and this was the kit recommended. I set up an Amazon account went through with purchase and 4 days later I received 3 boxes. I hired a guy to do the install since I have no clue how to piece everything together and he put the fronts on first everything was perfect.""]",14.350625104270875
G_194,REC_194,B00079EH3U,Sports_and_Outdoors,long,descriptive,pc,1,Do you need the back rest that is now available for the Swooper?,No.  The lack of a back rest helps me keep good posture.,KB_02533,0,"[""KB_02529""]","[""For me personally, it doesn't need a back, as It uses your own body for support.""]",16.313667059876025
G_195,REC_195,B00EA1T3G2,Home_and_Kitchen,short,descriptive,pc,1,Where is it made?,[UNANSWERABLE],,0,"[""KB_02553""]","[""Their designs seem to fit in many places.""]",12.732709059491754
G_196,REC_196,B004Q3PE30,Sports_and_Outdoors,medium,descriptive,pc,1,Are the brakes powerful enough when descending steep hills?,"Based on feedback from other reviews I replaced the brakes before I used the bike! I am very very happy with the bike overall - by upgrading the brakes, the chain tensioner, and new rim tape. This is a screaming bike,make sure you have a bike shop give it a tune-up before riding.",KB_02565,0,"[""KB_02567""]","[""I live in San Francisco, and given the hills we have, I couldn't rely on the factory brakes that came with the bike (mass times velocity gets into some big numbers on tandems!).""]",15.89587505441159
G_197,REC_197,B00873AO8A,Home_and_Kitchen,medium,descriptive,pc,1,Does it come with both unperforated and perforated insets?,Just a perforated.,KB_02598,0,"[""KB_02590""]","[""roast and garnishes with no problem.""]",13.656291994266212
G_198,REC_198,B00FORK3R4,Cell_Phones_and_Accessories,medium,yesno,pc,1,can i use this for maxboost,[UNANSWERABLE],,1,"[""KB_02613""]","[""Buy the Maxboost version of this.""]",11.897708056494594
G_199,REC_199,B004I4FRZW,Sports_and_Outdoors,medium,yesno,pc,1,"I have a oversized bag, will this cart work for larger bags?","Yes. I have a ""tour"" sized bag and there is no problem with it on this cart.",KB_02622,1,"[""KB_02633""]","[""Good, solid cart that handles large bags.""]",17.243625014089048
G_200,REC_200,B006AVLS22,Tools_and_Home_Improvement,medium,yesno,pc,1,"will this one also remove heavy metals ( ie: arsenic,lead etc.) ?",[UNANSWERABLE],,0,"[""KB_02644""]","[""It is also the only filter that I know of in the world with its complete cleaning water system.""]",16.545249964110553
