golden_id,record_id,asin,category,q_bucket,question_type,pipeline,k,question,gold_answer,evidence_doc_id,is_answerable,retrieved_doc_ids,retrieved_context,retrieval_ms,generated_answer,refused,generation_ms
G_001,REC_001,B00E7LVBCE,Electronics,medium,descriptive,hybrid,1,My computer is DVI-I.  This monitor is DVI-D.  Is it compatible?,[UNANSWERABLE],,1,"[""KB_00001""]","[""Excellent. I wanted a monitor to connect to my laptop. I am enjoying with my new dell monitor good.It has both VGA and DVI options. Would have given 5 rating if the VGA cable was of good quality. Its of very poor quality.""]",99.67816702555865,The available reviews do not provide enough information to answer this question.,True,335.7888339087367
G_002,REC_002,B008N7CCJY,Electronics,medium,descriptive,hybrid,1,Can I use this for my android tablet in the car,"Dear Ann I do not own a tablet,however the purpose of this transmitter is to broadcast a signal thru your car stereo from outside devices, when you carstereo does not have an 3.5mm cable port this is a substitute.So if you are planing to play music thru your tablet ( AND ) if your tablet has a ear phone jack then yes it should work",KB_00016,1,"[""KB_00012""]","[""I use this in my car all of the time when I'm waiting in my car for someone or when I am driving. I love it a lot I definitely recommend!""]",30.73854197282344,"The product can be used in a car, and the reviewer uses it while driving or waiting in their car. This suggests it may be compatible with use in a car, but there's no specific mention of an Android tablet.",False,489.91358396597207
G_003,REC_003,B008VGQ4VO,Electronics,long,descriptive,hybrid,1,"Can anyone provide the cord length? My CPU is under my desk, and most earbuds only provide about 4', which is too short.",[UNANSWERABLE],,1,"[""KB_00023""]","[""Comfortable earbuds but there's already a short the sound and I'd say I've had these about a month. Not too happy about that.""]",33.96045800764114,The available reviews do not provide enough information to answer this question.,True,332.96683395747095
G_004,REC_004,B00C53831I,Electronics,medium,descriptive,hybrid,1,Will These Work In My Dell Optiplex GX 620sff?,"Yes, they should work on your Dell Optiplex 620. I have a desktop of that vintage and these modules worked on mine. Here's a suggestion: Go to Crucial.com and take advantage of their memory scanner-----this will verify the kind of memory modules your computer needs-----this doesn't commit you to buying theirs.",KB_00033,1,"[""KB_00033""]","[""One needs to be careful in buying memory modules without the advice of the makers of these modules. If you know the exact nomenclature of the description (by a little research) of the modules you need, then it is safe to purchase same. These modules were just what I needed to expand the memory on my Dell desktop computer. Easy to install and ran my memory stress tests with no errors. A good buy at a bargain price.""]",27.279083034954965,"These modules worked in the reviewer's Dell desktop computer, but the specific model is not confirmed to be the Optiplex GX620 SFF. The available reviews do not provide enough information to confirm compatibility with the Optiplex GX620 SFF.",True,532.8327500028536
G_005,REC_005,B006YVFGAS,Electronics,medium,descriptive,hybrid,1,Would I need to still buy a converter box for this antenna?,"Depends on your display monitor or TV. It needs to have a tuner built in to the display to go without a converter box. If it's an old heavy box CRT TV you will probably need a converter box. If it's a newer LCD TV than you probably don't. In a nutshell, your monitor or TV needs to be able to receive ATSC signals.",KB_00041,1,"[""KB_00041""]","[""I was a little worried that this antenna would be a waste of money, but I was wrong. After years of pixelation and moving my old rabbit ears around to try to get stations, I wanted to try something better. I have this going in to a digital converter box as I still have a tube TV. After messing around with the placement, I get more channels than before and I no longer have to worry about if where I sit in the room will affect my reception. Very good antenna!""]",28.65479199681431,"This antenna is used in conjunction with a digital converter box for a tube TV, suggesting that a converter box may still be necessary. The antenna itself does not appear to replace the need for a converter box. It is used in addition to one.",False,544.9124160222709
G_006,REC_006,B00CGW74YU,Electronics,long,descriptive,hybrid,1,It appears to be an elastic band around the middle part of the lens. OUESTION: will this band interfere with the lens when  auto focusing?,[UNANSWERABLE],,1,"[""KB_00053""]","[""I love this product. The band fits great around the lens. No more worrying where to put the lens cap!""]",13.875082950107753,The available reviews do not provide enough information to answer this question.,True,338.30462500918657
G_007,REC_007,B004HW6F9M,Electronics,medium,descriptive,hybrid,1,Do you need an amp for it?,Yes you do need an amp for it. I suggest pairing it with a pioneer digital amp. I have 2 of these In my TDI golf 2013 and they save so much space but have higher decibel readings then some of the extensive setups my friends have installed so far.,KB_00061,1,"[""KB_00061""]","[""i read all the reviews before i bought this and didnt see many bad ones. but i had to hear for myself. all i can say is holy crap. this thing is so small and sounds so huge. i have it in a 07 saturn vue running it with a pyramid 1000watt artic amp. if you need space and huuuuge sound buy this. buy it now!!!!!!!! !""]",36.56137501820922,"The reviewer is using the product with a 1000-watt amp, suggesting that an amp is needed to achieve the desired sound. However, it does not explicitly state that an amp is required. The reviewer's setup includes an amp, but the product's requirements are not clearly stated.",False,576.4110420132056
G_008,REC_008,B00CAN8ETE,Electronics,medium,descriptive,hybrid,1,Has any one tried this with any car stereo 30-pin adapters?,It works with most 30 pin adapters. There are a get radios however that will not use the same protocol and do not work with the NAXA,KB_00072,1,"[""KB_00076""]","[""This thing never connected to any of my docks or with my car's 30pin cable. I sent it back and ordered the ViseeO Tune2Air WMA1000 which is more expensive, but works perfectly with every device I have and connects instantly in my car for A2DP Stereo Bluetooth music. Do yourself a favor and spend the extra money to get the ViseeO.""]",41.75987502094358,"One reviewer tried using it with their car's 30-pin cable, but it did not connect. They had success with a different product, the ViseeO Tune2Air WMA1000, which worked with their car for A2DP Stereo Bluetooth music.",False,487.5344169558957
G_009,REC_009,B0013V3CQY,Electronics,long,descriptive,hybrid,1,Can this be connected to a laptop anyway to record if so what do I need if not what will I need to get,"Yes, mine is hooked up to a lap top via an EasyCAP DC60 - USB 2.0 Audio/video Creator Capture High-quality Analog Video and I use a software video capture program to record to the hard drive, however its tedious and I reccomend getting aZmodo PKD-DK4216-500GB H.264 Internet & 3G Phone Accessible 4-Channel DVR with 4 Night Vision Cameras and 500 GB HD for about 100 bucks more for easy recording of surveillance video.",KB_00086,1,"[""KB_00082""]","[""The LCD even has an option to scroll back and forth between the two.Cons:1) To record you do need to hook it up to a recording device. Sadly it does not record on its own which does limit it's helpfulness a bit.2) Sometimes when viewed on a larger TV, the screen can be a bit snowy. However it has never gotten nearly bad enough for me that I couldn't see what was going on outside.3)The camera does need to be sheltered when used outside.""]",32.97524992376566,"This device cannot record on its own and needs to be hooked up to a recording device. To record, you will need a separate recording device, but it is not specified if a laptop can be used as the recording device.",False,463.53966696187854
G_010,REC_010,B004JKBVBY,Electronics,long,descriptive,hybrid,1,Polaroid GL10 PC Driver Does anyone know if Polaroid has issued a printer driver for PC (Win 7) to allow printing on the GL10?I have emailed the Polaroid Customer Contact with no reply.The product instructions say to contact poloriod.com for the software.  I can't find it on that site.Thanks.,"You have to go to, http://www.polaroid.com/en/greylabel and drag the large gray slider bar at the bottom of the page about half way to the right. There you will find links to the Android App, Mac, 32bit and 64bit Windows versions.",KB_00091,1,"[""KB_00094""]","[""I recently purchased the Portable GL10 Zink Printer from Amazon.com. I purchased the product in the view that it was a great idea and an extremely useful way of bringing back the old polaroid photograph style.However, whenever I downloaded the software from the Polaroid website which accompanies the printer, and decided to choose one of the overlaying filters for the photograph, my printer is no longer able to print the normal white border or any other filter.""]",41.797249927185476,The available reviews do not provide enough information to answer this question.,True,230.0656670704484
G_011,REC_011,B00CVK49LI,Electronics,medium,descriptive,hybrid,1,How can I order this case in Italy? Help me please.,[UNANSWERABLE],,0,"[""KB_00101""]","[""Great product! The color and contrast of the case looks really nice and it fits on the laptop well. The case snaps onto the laptop sides, the bottom one seems to be more sturdier though. Would definitely buy another one if I ever needed it (or maybe a different color). Very happy with the product.""]",40.2277500834316,The available reviews do not provide enough information to answer this question.,True,347.99691603984684
G_012,REC_012,B0045ZZKOM,Electronics,medium,descriptive,hybrid,1,Will this work with a D3200??,[UNANSWERABLE],,0,"[""KB_00115""]","[""Makes my pictures looks great. I have D7000 and fits perfectly and plus the kits great... so you dont need to buy anything else cuz it's included. Easy to use too, i'm a newbie in this ... quite easy to figure it out, if not.. it's always google it to find the answer.""]",34.08854210283607,The available reviews do not provide enough information to answer this question.,True,119.74054190795869
G_013,REC_013,B007KMFXZ8,Electronics,medium,descriptive,hybrid,1,how to add a new genre,[UNANSWERABLE],,0,"[""KB_00122""]","[""No resume, which means if you stop in the middle of a recording and then go back to watch you have to find where you left off. Like taking a bookmark feature out of a book, ridiculous. But typically, new improved isn't always improved. And we lose the ability to rename a recording. That made no sense.""]",32.09979203529656,The available reviews do not provide enough information to answer this question.,True,229.97987503185868
G_014,REC_014,B00009R95W,Electronics,long,descriptive,hybrid,1,Difference between Hoya 58CIR or Hoya HMC ? Trying to decide between the regular Hoya Circular Polaraizing Filter or the HMC. Does the more expensive HMC give that much better results to justify the price?,"Yes it does.  I would never consider using a non-multi-coated filter on a digital camera.  The reason is simple.  The sensor has a flat glass protecting it (called a low-pass filter - LPF).  Some light will bounce off the LPF and head out the lens.  Since lens elements are multi-coated and curved, very little light will reflect back to the sensor.  But since the front filter IS flat, you can get a lot of light bouncing back.  If you use a non-coated, or single-coated filter, you get a lot of light reflected back into the sensor.  This shows up as a loss of contrast (veiling flair) or as ghosts and hot spots.  Multi-coated filters are designed to reduce this effect, but cannot eliminate it.  This is a real problem when you shoot into a light source.When shooing into a light, ANY filter will degrade the image.  Multi-coated filters are much better, though.",KB_00132,0,"[""KB_00129""]","[""This is a very good circular polarizer it not the newest one that the Hoya NTX But it still very good for the price can not beat it.""]",37.730125011876225,The available reviews do not provide enough information to answer this question.,True,234.4803330488503
G_015,REC_015,B008A4H67I,Electronics,long,descriptive,hybrid,1,"Is this compatible with the new dell inspiron 11 3000 series, the 2-in-1?",[UNANSWERABLE],,0,"[""KB_00137""]","[""So, the instructions are BACKWARDS. Like, part of the instructions say to twist something clockwise. Ergo, you should twist it COUNTER-CLOCKWISE!Other than that, I like this product. The color is cute (and matches my laptop) and the lock seems to work well.""]",38.311040960252285,The available reviews do not provide enough information to answer this question.,True,231.03887506294996
G_016,REC_016,B004R7A9NU,Electronics,medium,yesno,hybrid,1,does it work for ipad 4,Yes it does indeed! I have the ipad 4 and its fits it perfectly,KB_00148,1,"[""KB_00140""]","[""The sleep / awake funtion on this case does not work for the new iPad. So, 1 star for using this with the iPad 3 but 4 stars for using it with the iPad 2 (sleep awake works for the older model). Unfortunately, I bought it for the iPad 3!! I was hesitant to purchase a case before the iPad 3 was released for just this reason, but I bought from this seller because they specifically said it would work with the new iPad. Bummer.""]",10.88016596622765,The available reviews do not provide enough information to answer this question.,True,218.98849995341152
G_017,REC_017,B002PWHOYG,Electronics,medium,yesno,hybrid,1,will it position for a vertical shot?,Absolutely. The ball flips the camera on its side.,KB_00149,1,"[""KB_00149""]","[""It took me a little while to get a good operating process down when using the head but I am now able to use it with ease. The head does a good job of holding my Canon 40D in place when in the vertical position. I have a Manfrotto tripod that has a center column that can be place in a horizontal position and have have put my camera in this configuration looking down on an object I was photographing.""]",13.780541019514203,The head can hold a camera in place when in the vertical position. It is also possible to use it with a tripod that has a center column that can be placed in a horizontal position for looking down on an object. This suggests it can position for a vertical shot.,False,439.1153750475496
G_018,REC_018,B003L75CUC,Electronics,medium,yesno,hybrid,1,I've got a nikond90 qith a 18-200 lens (72mm) will it fit?,"Yes, it'll fit.",KB_00167,0,"[""KB_00165""]","[""Overall I like this bag it serves its purpose however you have to be conscious of where the lense is pointing. If you do not pay attention you will end up with a black shadow/ring around your pictures from taking a picture of the bag.""]",34.48454104363918,The available reviews do not provide enough information to answer this question.,True,227.5478329975158
G_019,REC_019,B000GPHQWO,Electronics,medium,descriptive,hybrid,1,Does this lens fit on a Canon EOS Rebel T3i?,"I am positive that it will fit on Canon EOS Rebel T3i. This camera uses Canon EF Lenses. And this Sigma lens was designed with the same mount as the Canon's EF mounts. Just make sure you buy the one for Canon, and you should be fine.",KB_00170,1,"[""KB_00185""]","[""I used the lens on a Canon 7D.""]",15.53883298765868,The available reviews do not provide enough information to answer this question.,True,227.96208306681365
G_020,REC_020,B002TV5M5G,Electronics,long,descriptive,hybrid,1,I have an Edge 15 330M ..Is this the correct battery and is it made by Lenovo?,[UNANSWERABLE],,1,"[""KB_00202""]","[""After a week of using this battery, the bios of my Lenovo, before loading Windows, started saying that I wasn't using a genuine Lenovo battery and that Lenovo cannot guarantee the performance of the battery.""]",40.889416937716305,"The battery may not be the correct one as it triggers a warning about not being a genuine Lenovo battery. It is also unlikely to be made by Lenovo, as the bios warning suggests it is not a genuine Lenovo product.",False,407.17479202430695
G_021,REC_021,B003YLZ8J0,Electronics,medium,descriptive,hybrid,1,Are there actually five programmable buttons? How are they programmed?,Yes they're are 5 programmable buttons but I only programmed in for video games.,KB_00219,1,"[""KB_00220""]","[""The programmable buttons are backwards.""]",13.664333033375442,"The reviews confirm the existence of programmable buttons but do not specify the exact number. The buttons can be programmed, but the method of programming is not mentioned. The available reviews do not provide enough information to fully answer the question about the number of buttons and how they are programmed.",True,439.98825002927333
G_022,REC_022,B0083V5SZK,Electronics,long,descriptive,hybrid,1,"What are the 3 chargers i see 30 pin, is that usb mini? Whats the other?","It includes a 30-pin Apple connector, a Micro-USB and a Mini-USB.",KB_00229,0,"[""KB_00230""]","[""I have purchased about 5 of these over the past year, and love them. Very versatile for those who travel--particularly overseas. I live in the UK and constantly travel to other parts of Eurasia where the electrical systems are different. Works great for my Blackberry device, as well as apple devices in our family.""]",15.645124949514866,The available reviews do not provide enough information to answer this question.,True,226.01312503684312
G_023,REC_023,B000NIQMG0,Electronics,medium,descriptive,hybrid,1,What voltage?  Can the head operate on batteries?,"The external power supply is AC --> DC   12V@200mASo, yes, you could take a small 12vdc battery that has an out of about 200mA and power this unit.  If you did use a 12vdc battery you could charge/recharge the battery with a small solar panel that you could purchase for about $20.For Reference: http://www.emtcompany.com/x10-xm14a-ac-power-supply-charger-adapter/101334292.html",KB_00242,0,"[""KB_00248""]","[""I can operate remotely from about 60 ft. away.""]",13.008957961574197,The available reviews do not provide enough information to answer this question.,True,222.88270900025964
G_024,REC_024,B0081XI2Y4,Electronics,short,yesno,hybrid,1,does this play audio?,"A VGA port carries video only, not audio+video like an HDMI cable does. You'll need to run audio through a separate cable (usually through a 3.5mm headphone jack) no matter what adapter you use.",KB_00260,1,"[""KB_00270""]","[""It charges with my phone's charger and it streams audio.""]",32.848707982338965,"Yes, it streams audio, indicating that it does play audio. It can be charged with a phone's charger.",False,314.0992500120774
G_025,REC_025,B006VB6UNI,Electronics,long,descriptive,hybrid,1,if I have no pc how do I charge it.. simple answers please,"You dont need a PC, the Nook have an adapter to connect it to AC power.",KB_00282,1,"[""KB_00287""]","[""I love my Nook Simple Touch.""]",12.459792080335319,The available reviews do not provide enough information to answer this question.,True,223.26341609004885
G_026,REC_026,B00FGYC9LI,Electronics,short,descriptive,hybrid,1,Is there a laptop warranty?,[UNANSWERABLE],,1,"[""KB_00307""]","[""It does NOT look like warranty can be voided by opening the bottom.""]",32.01099997386336,"There is a mention of a warranty, but details about its terms are not provided. The review suggests that opening the bottom of the laptop may not void the warranty. The available reviews do not provide enough information to fully answer this question.",True,413.2586671039462
G_027,REC_027,B002KGXB0I,Electronics,medium,descriptive,hybrid,1,Can you plug headphones into it?,Nope  but if you have an ipod/iPhone you can just plugg headphones into that.,KB_00322,1,"[""KB_00330""]","[""She loves being able to plug her ipod into it.""]",12.407499947585166,"The device has an input for plugging in an iPod, but it's unclear if it's specifically designed for headphones. However, it can be inferred that it may have an audio output. The reviews do not explicitly mention headphones.",True,355.059374938719
G_028,REC_028,B00G2BX616,Electronics,long,descriptive,hybrid,1,I heard that there is a problem and this device doesn't work with iOS 8.3?,[UNANSWERABLE],,0,"[""KB_00339""]","[""I am a GPS junky, so was intrigued by this device. The one I received seemed to have problems initializing. I contacted customer support. They were very helpful in trouble shooting the problem, which turned out to be me! But they were concerned enough to want to exchange mine with a replacement so they could double check the first unit. I consider that exceptional customer service, especially in light of finding out I was the problem!""]",13.224624912254512,The available reviews do not provide enough information to answer this question.,True,228.39187504723668
G_029,REC_029,B00HQXUFYA,Electronics,medium,descriptive,hybrid,1,does the HD run Thunderbolt 1 or Thunderbolt 2 ??  Thanks,[UNANSWERABLE],,0,"[""KB_00376""]","[""Here are my initial observations:Pro: the Thunderbolt is really fast.""]",13.600541977211833,The available reviews do not provide enough information to answer this question.,True,114.35204104054719
G_030,REC_030,B008O7MEAU,Electronics,medium,yesno,hybrid,1,will this enclosure fit in a 13' chevy impala,[UNANSWERABLE],,1,"[""KB_00383""]","[""This enclosure does everything I expected it to, it's well constructed, looks great, and is very affordable. Every other enclosure I looked at in retail stores were upwards of $100, and that was without carpeting. All around, I'm a happy camper.""]",15.39479207713157,The available reviews do not provide enough information to answer this question.,True,222.02520805876702
G_031,REC_031,B007260OOC,Toys_and_Games,medium,descriptive,hybrid,1,How might I go about hanging them from my ceiling?,[UNANSWERABLE],,1,"[""KB_00398""]","[""These will not open to look round, have them hanging and still won't open all the way. Not what I expected.""]",12.338249944150448,The available reviews do not provide enough information to answer this question.,True,218.8019579043612
G_032,REC_032,B00BSWSFEC,Toys_and_Games,long,descriptive,hybrid,1,Does the hair on this minion really lay down (like in the picture) or does it kind of stick up a bit?,[UNANSWERABLE],,1,"[""KB_00414""]","[""It's in really good shape, size is great (10 inches), the minion's goggles are rubber and it has like popping eyes, price is good for the qualty you get, really adorable. If you like the movie, you'll love this item.""]",45.35754199605435,The available reviews do not provide enough information to answer this question.,True,126.00495794322342
G_033,REC_033,B00ARQW1C2,Toys_and_Games,short,descriptive,hybrid,1,What is frustration-free packaging,"Agree with previous post.. I think the ""frustration free"" part means 2 things, first of all that it is very easy to wrap. It comes in a plain old cardboard box. Some toys are all kinds of weird shapes and hard to gift wrap. These packages make wrapping simple. The child won't know what the toy is even after unwrapping it. Also the fact that the toy is just simply put in a bag and it comes right out when you open the box. No annoying zip ties, screws, duct tape, twisty-ties or any of the other frustrating things that has your child waiting anxiously in anticipation to play with their toy for 20 minutes while an extremely frustrated Mommy and/or Daddy scramble to find a screwdriver, power scissors, saw or whatever else it takes to get the toy out! The frustration free packaging is so much easier for the gifter and the giftee.",KB_00427,1,"[""KB_00418""]","[""In addition, although the battery pack is difficult to get to, this Elmo comes in frustration-free packing (thank you Playskool)!""]",11.003708001226187,"Frustration-free packaging is a type of packaging used by Playskool, as seen with the Elmo product, which suggests it is designed to be easy to open. It is appreciated by customers, with one expressing gratitude for it. This type of packaging is used to make it easier for customers to access the product.",False,396.4967919746414
G_034,REC_034,B0001YH03U,Toys_and_Games,long,descriptive,hybrid,1,"what is the width and length of the bed? I would like to make a blanket and more but cannot find any measurements for a bed for an 18"" doll.","so sorry, but the doll bed is with my grand daughter.  I did, however, make blankets and pillows.  Bed is about 11 inches wide and 22 inches long... so an overhang and fold over top would be a blanket aprox. 18X 26",KB_00432,1,"[""KB_00434""]","[""Right now my daughter is using a pillowcase as a blanket until we get a little blanket to fit. The pillowcase is the perfect size, by the way. The bed seems very sturdy and looks like it will last a long time. Highly recommended!""]",40.49504199065268,The available reviews do not provide enough information to answer this question.,True,218.58254098333418
G_035,REC_035,B000GQ0JZO,Toys_and_Games,medium,descriptive,hybrid,1,what size is this case ?,The case is 14 inches by 8 inches.  It is almost 3 inches deep,KB_00442,1,"[""KB_00439""]","[""The actual size is smaller than what you would guess from the picture (and smaller than other sets that I saw before). But overall, it is ok.""]",10.927833965979517,"The case is smaller than expected, but the exact size is not specified. The available reviews do not provide enough information to answer this question.",True,196.57274999190122
G_036,REC_036,B00172R9O0,Toys_and_Games,long,descriptive,hybrid,1,Need to know how to solve this.  I bought one at a garage sale without instructions.,you just move the ball around until it gets underneath the latch. then push the tab and it should open.,KB_00453,1,"[""KB_00449""]","[""Can't figure out how to solve. Maybe I need a better set of eyes. I think a solution sheet should be provided!""]",31.200916972011328,The available reviews do not provide enough information to answer this question.,True,119.21383289154619
G_037,REC_037,B0084XZE7E,Toys_and_Games,medium,descriptive,hybrid,1,Is this a good gift for a 6 year old?,"Yes, it is perfect for a 6 year old. It is able to be peeled off if they stick it somewhere they are not suppose to do it on. I intend to buy several for all the young girls on my Christmas list and maybe 1 or 2 extra for Toys for Tots also.We also use it to decorate our postcards we send out for Postcossings. We have had lots of people ask us who sells it, especially people in other countries, it seems she haven't seen a lot of it.WE LOVE THIS ITEM!1!",KB_00458,1,"[""KB_00460""]","[""My 5 year old uses this tape on EVERYTHING and loves it! It's a great gift idea for any craft lover!""]",11.895917006768286,"This product is suitable as a gift for young children, as a 5-year-old craft lover has been mentioned to enjoy it. It can be inferred that a 6-year-old with similar interests may also like it. The product is described as a great gift idea for any craft lover.",False,396.3879159418866
G_038,REC_038,B00004YRPC,Toys_and_Games,medium,descriptive,hybrid,1,what kind of air can it get bruh?,"Well, ""bruh"" if you are 8, it gets sick air! I'm sure the stronger one is, the higher you can go. No, there wouldn't be back flips happening...and it does feel a bit tight right out of the box.",KB_00473,1,"[""KB_00468""]","[""It is well made but is too stiff for a seven year old to use. She can't get any bounce out of it. I haven't been able to find an adjustment of any kind yet.""]",11.51258300524205,The available reviews do not provide enough information to answer this question.,True,117.51970800105482
G_039,REC_039,B00GZ1GUSY,Toys_and_Games,medium,descriptive,hybrid,1,It is Singal Player or Two Players,Single player with an online multiplayer component.,KB_00478,1,"[""KB_00486""]","[""I like the games that have a Great campaign rather than Multi player. Tomb Raider Definitive Edition may be one of the Best Single player games EVER! The graphics, game play, story line and upgrade system are Incredible. As the game progresses you wonder, how could it get any better...and it does! This game does Not Disappoint! Buy it on Amazon for $30, it is worth every penny!! !""]",12.88833306171,"This game is a single-player game, with the reviewer mentioning it is ""one of the Best Single player games EVER"" and expressing a preference for great campaigns over multi-player. The reviewer does not mention any two-player functionality. The game's focus is on its single-player experience.",False,438.05712508037686
G_040,REC_040,B000ANKKK2,Toys_and_Games,medium,descriptive,hybrid,1,Do you get a strike every time (like the video shows)?,No. It's just like being at the bowling alley. Fun and challenging.,KB_00488,0,"[""KB_00489""]","[""We bought this for a surprise for the grandchildren - and what a surprise!! The kids range in age from 13 to 18 months, and they are all enjoying it. The little ones (2 under 2 years old) simply love rolling the ball at the pins and knocking things down. The older ones keep score and get very competitive with each other. The board is solid. The pins are wood and are substantial. There's two bowling balls.""]",17.30262499768287,The available reviews do not provide enough information to answer this question.,True,251.47941592149436
G_041,REC_041,B004KKX82I,Toys_and_Games,short,descriptive,hybrid,1,what is its stamina level?,It's one of our longest lasting blades. Don't know the number.,KB_00497,0,"[""KB_00501""]","[""Scythe Kronos is one of the best stamina types. It has two modes: stamina mode, attack mode. I LOVE IT and I give it *****""]",11.06041599996388,"The product has a high stamina level, being described as one of the best stamina types. It also features a specific stamina mode, indicating its stamina capabilities.",False,430.0394159508869
G_042,REC_042,B00DJ78H1A,Toys_and_Games,medium,descriptive,hybrid,1,I wonder if I can buy two adapters and connect 3 batteries?,"I don't see why that would be a problem, but your lift-off weight will start reducing the overall flight time so you wouldn't get three times the length, but probably something like 2 1/2 time.",KB_00509,0,"[""KB_00507""]","[""Best way to connect in parallel two batteries of the same make and size to the phantom to extend flight time. You will want to add a twin battery plates to exterior of Phantom to make best use of the Y Harness.""]",13.201166992075741,The available reviews do not provide enough information to answer this question.,True,131.82683300692588
G_043,REC_043,B00IGXUSGY,Toys_and_Games,short,descriptive,hybrid,1,What age is this for,Great for 2 year olds - anywhere from 1.5 - 5 year olds enjoy at our house!,KB_00517,0,"[""KB_00516""]","[""Sturdy and fun for the kids.""]",12.370291980914772,"This product is for kids, but the specific age range is not mentioned.",False,284.3481249874458
G_044,REC_044,B0002D00QE,Toys_and_Games,medium,descriptive,hybrid,1,Does this product include any cleaning tools such as swab ?,"It comes with a plastic stick with a loop on the end for attaching a bit of cloth (cloth not included), a fingering chart, and is all in a plastic cover. It was easy enough for me, in my opinion, to get a little of cloth for the cleaning stick to swab it with, some cork greas to have for it, and I additionally made myself a nice instrument roll to have a better place to keep it and accessories than the plastic sleeve it all comes in. I've seen nany inexpensive on etsy on stuff liked that; I just preferred the fun of making my own to customize it and make spots for the accessory supplies I wanted to keep with it.",KB_00518,0,"[""KB_00518""]","[""This is a high quality entry level recorder.I wouldn't recommend it for a very young child because the inside can get damp after use and you need to clean and dry it after you have a session. The sound is richer than the cheaper plastic instruments. It comes with a cleaning rod. The recorder takes apart into two pieces for cleaning.""]",41.32429196033627,This product comes with a cleaning rod. The recorder can also be taken apart into two pieces for cleaning.,False,317.56904092617333
G_045,REC_045,B00AEQ0JTM,Toys_and_Games,medium,descriptive,hybrid,1,Can it fit in a 1/16 e-revo,[UNANSWERABLE],,0,"[""KB_00527""]","[""No complaints! Great product and great price. Easy to set up with spektrum radio. I'm hooked on spektrum. Plus amazon prime! Can't beat it.""]",11.788000003434718,The available reviews do not provide enough information to answer this question.,True,242.94499994721264
G_046,REC_046,B0092BWWG8,Toys_and_Games,long,yesno,hybrid,1,"This says fulfilled by Amazon, will I actually have it in 2 days (with Prime shipping)?",[UNANSWERABLE],,1,"[""KB_00534""]","[""Yes Pretty, Came quickly, I am happy with the product. The hair clip is weak and the power pack is on the heavier side. (not sure what I was expecting there).It would be better if the Hair clip were stronger to actually hold the thing in the place. I am thinking of modifying the ones I have to make them more practical. Fun things...""]",13.066417071968317,"The product arrived quickly, which suggests that the Prime shipping may be effective, but the reviews do not specifically mention the shipping time or Prime shipping. The available reviews do not provide enough information to confirm a 2-day delivery.",True,335.6239160057157
G_047,REC_047,B00000J0NT,Toys_and_Games,medium,yesno,hybrid,1,are there REALLY 120 different colors?,"Yes you get 3 packs of different types of colors, 1 regulars, one neon and one of "" fun"" colors including extra bright, glitter and more.",KB_00542,1,"[""KB_00538""]","[""NOT 120 COLORS! It includes multiple boxes of crayons that are identical, not 120 different colors""]",10.186499916017056,"The product does not actually contain 120 different colors, as it includes multiple boxes of identical crayons. The total number of unique colors is not specified.",False,235.00241595320404
G_048,REC_048,B0062RKIIY,Toys_and_Games,medium,yesno,hybrid,1,can I get it in silver?,[UNANSWERABLE],,0,"[""KB_00551""]","[""We'll keep trying though. Either way my son is quite upset :(UPDATE:  After waiting almost 30 days I didn't get a response from either the seller or the toy company, so back it went. I still think it's  a good car, but beware of the fragile antenna!""]",14.898666995577514,The available reviews do not provide enough information to answer this question.,True,130.19579206593335
G_049,REC_049,B00FDTJQYY,Toys_and_Games,medium,descriptive,hybrid,1,Are the clips s clips or c clips?,They are s clips,KB_00558,1,"[""KB_00568""]","[""The clips are &#34;s&#34; clips which are a little harder to use than the &#34;c&#34; clips that come with the rainbow loom.""]",33.55108306277543,"The clips are ""s"" clips. They are a little harder to use than ""c"" clips.",False,167.4024589592591
G_050,REC_050,B00EZIXA78,Toys_and_Games,medium,descriptive,hybrid,1,what kind of canopy/umbrella do you use with this?,This model doesn't use an umbrella. We have never had any complaints from our three children who are still using this as 3 and a half year old twins and a 20 month old. It is our go to ride.,KB_00583,1,"[""KB_00589""]","[""It would be nice perhaps to have provision to attach an umbrella or canopy, however, the fact that it doesn't have a canopy means that taller children fit into it without a problem.I would definitely recommend this wagon to a family with multiple children.I received the Radio Flyer Triple Play Wagon for my honest review from the Amazon Vine Program.""]",12.63616606593132,The available reviews do not provide enough information to answer this question.,True,118.00029198639095
G_051,REC_051,B0002KW4AC,Toys_and_Games,long,descriptive,hybrid,1,"Does this unit come with tip or need to buy the tip kit?  If it comes with one, what tip is it?  Thanks.","It has been a while, as I recall it comes with a tip. I do not remember what size. I did buy a set of tips because of the different type of soldering I do. I wanted a small tip for surface mount components. Hope that helps.",KB_00605,1,"[""KB_00611""]","[""I've been doing a lot of SMD soldering with the original tip, however I am going to be getting a separate brass tip cleaner.Still one of the best purchases that any hobbyist can make.""]",43.112667044624686,"This unit comes with a tip, specifically the original tip, but the type of tip is not specified. The original tip is suitable for SMD soldering.",False,350.7653750712052
G_052,REC_052,B000BO63OC,Toys_and_Games,long,descriptive,hybrid,1,We have this in our garage but we want to buy a cover to protect it when not in use. Is there a cover anyone would recommend? Thanks v much.,"OAW, The STIGA InstaPlay is an indoor table; unfortunately, even an outdoor table cover would not fully protect this table from moisture. If the garage is not climate controlled, the table could become warped, even with a table cover. If you are interested in an outdoor table cover, you should consider the STIGA Baja Outdoor Table Tennis Table and STIGA Coronado Outdoor Table Tennis Table Hope this helps! STIGA",KB_00629,0,"[""KB_00621""]","[""I am a patient person (so i've been told) so gave them the benefit of the doubt but delivery attempt #3 sealed the deal. The table is packaged up as if they are delivering you bath towels so it's not shocking there would be damage. I am not sure why you would ship a $600 item with no real padding provided. Amazing. I have a note into Fogdog for a full refund but of course I need to set up another appointment with the delivery company they use! I just hope to have this mangled table out of my garage by the new year.I've read good things about the table itself so it's sad to not be able to try it out.""]",19.374083960428834,The available reviews do not provide enough information to answer this question.,True,166.79816704709083
G_053,REC_053,B001AEZIY8,Toys_and_Games,long,descriptive,hybrid,1,I'm looking for an X-Wing for my Dagobah themed aquarium.  I need to know if the paint is already on it?  Also are there any metal parts?,There are no metal parts. It is already painted.,KB_00659,0,"[""KB_00645""]","[""I really wanted to get a Star Wars model for a long time, and what better start to simple model building that the X-Wing. Pretty simple to put together, did it in about two hours, filing away the break points and slowly taking my time with it :) The instructions were pretty clear. Well laid out !Now, off to paint it !""]",41.57375008799136,"The X-Wing model does not come with paint already on it, as the reviewer mentions they need to paint it. There is no mention of metal parts in the reviews.",False,304.0928749833256
G_054,REC_054,B004G32WA8,Toys_and_Games,short,yesno,hybrid,1,can it hold 5 racks,[UNANSWERABLE],,1,"[""KB_00671""]","[""It does hold everything as stated ( racks, pushers and tiles)  The soft zip bags for the tiles are great.""]",10.849917074665427,"The reviews do not specifically mention the product holding 5 racks, but it does mention that it holds racks.",True,1337.8439170774072
G_055,REC_055,B00DJ4PJ64,Toys_and_Games,long,descriptive,hybrid,1,Are these Lego Mini figures the same type of figures that come in all the Lego sets? or are these those rubbery type of figures?,They are the same kind as in all the regular Lego sets. Not rubbery.,KB_00680,1,"[""KB_00691""]","[""The mini-figures are cool and he can add those to his many Lego Star Wars sets after the holiday.""]",45.77520804014057,"These Lego Mini figures appear to be the same type that come in Lego sets, as a reviewer mentions adding them to existing Lego Star Wars sets. They do not seem to be the rubbery type, as there is no mention of this. The reviewer's intention to add them to Lego sets suggests compatibility.",False,425.25583296082914
G_056,REC_056,B003TO4YYC,Toys_and_Games,short,descriptive,hybrid,1,What is the counter height?,"The counter is 21"" from the ground.  The top of the fridge section is 3' from the ground.",KB_00712,1,"[""KB_00713""]","[""The \""granite\"" counter, while obviosly not real granite, has a cute, counter top like finish and doesn't look cheesy.""]",12.805124977603555,The available reviews do not provide enough information to answer this question.,True,223.41670794412494
G_057,REC_057,B000HCL94W,Toys_and_Games,short,descriptive,hybrid,1,what size batteries,3 double As,KB_00727,1,"[""KB_00736""]","[""It even still has the original batteries in it.""]",30.962417018599808,The available reviews do not provide enough information to answer this question.,True,116.53729202225804
G_058,REC_058,B005V2LJS4,Toys_and_Games,long,descriptive,hybrid,1,"Is this the original, Japanese release (Samurai Sentai Shinkenger branding), or the western release (Power Rangers Samurai branding)?","western most likely. there's really NO difference either way though, only a small logo on the backside of the box and a changed name on the instructions. If I were you, I'd take the plunge and get it, it's only 15 dollars for a premium grade action figure. American release but the same Japanese quality, accessories, and construction.",KB_00742,0,"[""KB_00742""]","[""Was not specific enough in descriptions. Product was not entirely Japanese super sentai figuart, with Japanese instructions, etc. It was the US import of the Japanese Figuarts and had english instructions and Power Ranger logo, etc.""]",16.297416063025594,"This product is the western release, as it has English instructions and the Power Ranger logo. It is a US import of the Japanese Figuarts. The product is not the original Japanese release with Samurai Sentai Shinkenger branding.",False,396.75279206130654
G_059,REC_059,B00C1TV1F6,Toys_and_Games,short,descriptive,hybrid,1,how big is it,[UNANSWERABLE],,0,"[""KB_00770""]","[""My only regret is the damage to the carton as a collector I prefer to keep my collection MISB and the damaged box will reduce the toy's overall value in the future.Now, as for the toy itself, this is one of the best looking toys from the TFPrime line imho, and the 'bulked up' version with wings from Season 3, Beast Hunters.""]",32.584792003035545,The available reviews do not provide enough information to answer this question.,True,138.12929100822657
G_060,REC_060,B000U8SZ4A,Toys_and_Games,medium,yesno,hybrid,1,"are the buttons labeled, i.e. ""Undo"" or ""Highest Score"" , etc.","There is a button to show ""Highest Score"", but when you need to change batteries, everything goes back to zero till the next game is played. There isn't an ""Undo"" button.",KB_00776,1,"[""KB_00778""]","[""When I saw this online for $14.99, after seeing it in a game store for $21.99, I was ecstatic. Unfortunately, I didn't think to read the reviews first. Several of the buttons on our two older model Radica games were no longer working and it was a struggle to get them to respond. Our old games had the undo button, which this model does not have ~ bummer. Also, the buttons on the newer model feel like pressing old typewriter keys ~ clicky and too tall.""]",20.376582979224622,"The buttons on the older model had labels, such as ""undo"", but it is unclear if the newer model has labeled buttons. The newer model does not have an ""undo"" button. The buttons on the newer model are described as clicky and too tall, but no labels are mentioned.",False,426.1288329726085
G_061,REC_061,B00GD0N9AO,Health_and_Personal_Care,long,descriptive,hybrid,1,any body know how well this chair would work for a knee replacement in comparison to the transfer bench? thank you :),[UNANSWERABLE],,1,"[""KB_00794""]","[""I had knee replacement surgery and my surgeon and physical therapist advised that I purchase a shower chair. I was more than pleased with this chair. It was very reasonable, is very sturdy (holds up to 300lbs! ), was easy to put together and is very comfortable. I highly recommend this chair! It also arrived very quickly.""]",18.698833999224007,This chair was recommended by a surgeon and physical therapist for use after knee replacement surgery and the purchaser found it to be sturdy and comfortable. It held up to 300lbs and was easy to assemble. The chair was a good choice for the purchaser's needs after knee replacement surgery.,False,413.10779203195125
G_062,REC_062,B004H7GB9G,Health_and_Personal_Care,long,descriptive,hybrid,1,Can the pill be cut in half so you're only getting 5000 mg?,"For the question posted by Sylvia Z. .. first it is micrograms/mcg, not milligrams/mg; very big difference. Web MD and the Mayo Clinic recommend 30mcg and 30mcg-100mcg daily, respectively. 300mcg = 100% of the daily value intake for Biotin. Even if you quarter these pills, you will still be getting 2,500mcg daily which is well beyond the recommended dose.  I have used a half pill off and on with no ill side effects. Also, quartering them will make them last longer.",KB_00805,1,"[""KB_00804""]","[""I cut these pills in half and take half a pill a day (5,000mcg = 5g). I've been taking biotin for over a month and I think my nails feel stronger.""]",15.39620803669095,"Yes, the pill can be cut in half to take 5000 mg, as one reviewer has done so successfully. The reviewer cut the pill in half to take 5,000mcg, which is equivalent to 5g. This suggests that cutting the pill in half is a viable option.",False,390.58787492103875
G_063,REC_063,B004F4PR6Y,Health_and_Personal_Care,medium,descriptive,hybrid,1,Does this come with a shader gun?,"this comes with two "" amateur""  machines at which they can be tuned  for shading or lining.",KB_00822,1,"[""KB_00822""]","[""when i got it only one gun worked and the gun to shade in tattoos didnt and still doesnt work i tryed to fix it but couldnt !""]",12.331167003139853,"The product appears to come with a shader gun, but it may not always work as intended. The shader gun is mentioned as not working for one customer. It is intended to be part of the product.",False,395.8997919689864
G_064,REC_064,B000OR5P5Y,Health_and_Personal_Care,medium,descriptive,hybrid,1,Has anyone tried this on wool coats?,"Yes... on my wool and cashmere coat, and another 100% wool coat. It works! Just follow the directions. Very easy! :)",KB_00829,1,"[""KB_00832""]","[""I use this for all my wool and cashmere knit sweaters, gloves/hats/scarves, blazers, skirts, and even my cashmere winter coats that I used to ship off to the dry cleaners several times throughout the fall and winter seasons. Everything comes out super clean, soft, and nicely scented (would take cedar smell over weird dry cleaning odors any day). The big plus is that I save a ton by no longer needing to dry clean.""]",12.860000017099082,"Yes, the product has been used on wool coats, specifically cashmere winter coats, with successful results. The user reported that their coats came out clean, soft, and nicely scented.",False,303.1273749656975
G_065,REC_065,B006GA21IW,Health_and_Personal_Care,medium,descriptive,hybrid,1,what is the max weight it can hold?,[UNANSWERABLE],,1,"[""KB_00839""]","[""You get what you pay for. It looks good .. and I kind of wish that the height is adjustable so that it can sit in the shower which the floor isn't flat. But it is definitely not that sturdy and some of the pre-drilled holes don't line up.""]",11.67729205917567,The available reviews do not provide enough information to answer this question.,True,229.12929207086563
G_066,REC_066,B001DAYJOY,Health_and_Personal_Care,short,descriptive,hybrid,1,Is this red maca,[UNANSWERABLE],,1,"[""KB_00845""]","[""Maca (particularly Red) is reputed to provide energy, sex drive and stamina. In capsule form, Maca can be nice as the raw powder can taste pretty bad. NOW is a well known health food maker. Regrettably, I felt nothing from this compound. Everyone is different so your experience may be different but this was a &#34;fail&#34; for me. Sorry.""]",13.602833030745387,"The product being reviewed is maca, specifically red maca, which is known for providing energy, sex drive, and stamina. The reviewer mentions that the product is from a well-known health food maker, NOW. The product is in capsule form, likely due to the unpleasant taste of the raw powder.",False,424.2854170734063
G_067,REC_067,B003DLZ0OE,Health_and_Personal_Care,short,descriptive,hybrid,1,How does it work?,"Per the picture, you lay your neck along the area where there's a ballon. Follow the instructions and it helps restore the natural bend that your neck is supposed to have. Mine doesn't. I've been having neck problems for over a month now and this honestly helps relieve the pain and little by little the pops and pain is beginning to subside. Day 1 - inflate a little just enough to put some pressure on the neck. Release. I do this 6-7 times holding it for 10-15 seconds. then I inflate and lay there for 10-15 minutes. I do this about every other day. I started with one pump and now I'm up to 3 pumps and it's been about 3+ weeks.It's a great tool.I hope if you get it you'll have good success too.",KB_00863,1,"[""KB_00854""]","[""Again, does it work? Who knows. But based upon the reviews here I'm not willing to bet that it will.""]",11.16700004786253,The available reviews do not provide enough information to answer this question.,True,214.08854192122817
G_068,REC_068,B000E59GTW,Health_and_Personal_Care,medium,descriptive,hybrid,1,Can this be warmed by boiling or is microwave required?,Microwave only!!!,KB_00864,1,"[""KB_00865""]","[""A minute or two in the microwave or freezer and it is just right to make that pain go away.""]",17.54558307584375,"This product can be warmed by either boiling is not mentioned, but it can be warmed in the microwave. Boiling is not mentioned as an option.",False,301.7279580235481
G_069,REC_069,B00472I1V2,Health_and_Personal_Care,medium,descriptive,hybrid,1,Does this scale show weight from the last time it was used?,"No it doesn't.   It does a great job of telling you your current weight, but doesn't save it.",KB_00880,1,"[""KB_00883""]","[""This scale is very accurate. I appreciate that it gives me pounds and ounces. It gives the same weight, every time I get on it. (My old scale would have a different weight every time you stepped on, even if it was within a minute of the last time you stepped on it!)""]",15.374250011518598,"This scale gives the same weight every time it is used, even if it's within a minute of the last time, suggesting it does not show weight from the last time it was used. It provides a consistent measurement each time.",False,360.3437920100987
G_070,REC_070,B00AC6JYXG,Health_and_Personal_Care,medium,descriptive,hybrid,1,How many carbs are in a serving?,"It depends a little on which flavor.  For the chocolate there a 9 carbs of which 7 are fiber.  There are 0 sugars, and if you are counting ""net"" carbs there are 2.",KB_00889,1,"[""KB_00884""]","[""Tastes good and honestly worked as an appetite suppresent. I was however shocked at how small the bottle is and the fact that it takes two scoops for a serving. They should tell you how many total servings in the container somewhere in the product description (or maybe not, if they did no one would buy it).I originally ordered this to save money over buying atkins shakes in the store; as it turns out, these are 3x-4x as expensive per shake.""]",11.899625067599118,The available reviews do not provide enough information to answer this question.,True,217.7314159926027
G_071,REC_071,B002CQU51O,Health_and_Personal_Care,short,descriptive,hybrid,1,fishy taste?,[UNANSWERABLE],,0,"[""KB_00896""]","[""This fish oil is expensive, but has really improved my dry eye problems. I have had dry eye problems for several years. I wear contacts and had given up wearing them most of the time, wearing glasses instead. After taking the Nordic Naturals vision for about three weeks, I noticed a big change in the amount of moisture in my eyes. I now wear my contacts the majority of the time.""]",11.108958045952022,The available reviews do not provide enough information to answer this question.,True,258.2785829436034
G_072,REC_072,B008D5YG3G,Health_and_Personal_Care,medium,descriptive,hybrid,1,Ho many hours / watts will a get from this battiers,"it depends on what you are running. if you only run one 100w light bulb, it will run out of jouice after 10-15 hrs.  if you light up 10 lights you'll run out of power in an hr. the 35 ah. stands for 35 ampe hr. so the more amps. you use the faster the battery will deplete. i have 7 of these battiers and when fully charged will power my computer, refrig. tv, vcr/dvd player, printer, all at the same time for 4-5 hrs. bottom line the more battiers the more you can power.",KB_00906,0,"[""KB_00904""]","[""=)I had set the tv for 120 minutes because I knew that I should get about 2.5 hours of power from the battery for that tv before getting to the 50% mark.It uses 80 watts; 80/12v = 6.7amps34Ah/6.7 = 5 hours.""]",13.42433295212686,The battery is expected to provide around 5 hours of power for an 80-watt device. This is calculated based on the device's wattage and the battery's ampere-hour rating.,False,366.5922499494627
G_073,REC_073,B0010L1KSY,Health_and_Personal_Care,long,descriptive,hybrid,1,"Which cover is made for the 15"" x 24"".  It is not apparent.",[UNANSWERABLE],,0,"[""KB_00914""]","[""This is a high quality, thick cover for the hydrocallator. Just like the kind they have at PT. I'm completely satisfied.""]",35.67312494851649,The available reviews do not provide enough information to answer this question.,True,114.37537497840822
G_074,REC_074,B00014WCJ2,Health_and_Personal_Care,medium,descriptive,hybrid,1,Where is it made / manufactured?,[UNANSWERABLE],,0,"[""KB_00917""]","[""This product uses CreaPure creatine as its raw material, a branded raw material manufactured by Degussa AG Trostberg (formerly SKW) in Germany and licensed as a pharmaceutical would be there. Optimum Nutrition is one of only a few brands in North America that use only CreaPure raw material, and likeUniversal Micronized Creatine Monohydrate, 1000-Gram Tubis an exceptionally good value for this expensive raw material in a supplement market dominated by cheap Chinese and other amateur manufacturers.""]",11.474750004708767,"The product's raw material, CreaPure creatine, is manufactured in Germany. The final product's manufacturing location is not specified.",False,230.0473750801757
G_075,REC_075,B004T3QT68,Health_and_Personal_Care,short,descriptive,hybrid,1,ac adaptar,It uses batteries.,KB_00930,0,"[""KB_00924""]","[""item arrived as described, new. just make sure you have a good fit at the distal end near the elbow, especially when someone has a relatively large upper arm vs arm area near elbow""]",9.632333065383136,"The product fits as expected near the elbow for those with a smaller arm area, but may require consideration for those with larger upper arms. It is recommended to ensure a good fit at the distal end near the elbow. Proper sizing is necessary for a comfortable fit.",False,304.779416997917
G_076,REC_076,B00FAB10ZI,Health_and_Personal_Care,long,descriptive,hybrid,1,"Hi,..did anyone receiced the spurilina tabs all bunched up & stuck together like gummy bears ? Is this normal? I hope it's not defective.",Mine were not like that. I'd probably return them...,KB_00932,0,"[""KB_00934""]","[""It arrived on time and I did start taking it. Not sure how many to take daily????? But will continue to take it""]",36.43841692246497,The available reviews do not provide enough information to answer this question.,True,404.5117499772459
G_077,REC_077,B00HFQQ0U6,Health_and_Personal_Care,long,yesno,hybrid,1,can this be used by two people.  Does it come with two tips?,"Yes, mine came with two regular tips and on fine point tip for periodontal pockets whatever that is.",KB_00941,1,"[""KB_00941""]","[""Works fine for me, a bit loud, , but I'm just getting used to using it. Good for two a couple or a single. A family would need more tips""]",13.59937503002584,"It can be used by two people, but a family would need more tips, suggesting that it does not come with two tips.",False,329.55291704274714
G_078,REC_078,B005OYDID8,Health_and_Personal_Care,medium,yesno,hybrid,1,is the battery a lithium ion?,[UNANSWERABLE],,0,"[""KB_00951""]","[""Although this is a good machine, the battery on it isn't good at all, because it's running on a cord (charger) I would recommend this machine to my friends.""]",12.971249991096556,The available reviews do not provide enough information to answer this question.,True,422.26283298805356
G_079,REC_079,B003PFNSLK,Health_and_Personal_Care,long,descriptive,hybrid,1,Does anyone know if this is a nebulizing or an ultrasonic diffuser? Thanks!,[UNANSWERABLE],,1,"[""KB_00966""]","[""This is a fantastic diffuser. Looks great! Very quiet operation. Diffuses the scent as it should. Lasts long enough for me.""]",15.396500006318092,The available reviews do not provide enough information to answer this question.,True,226.16341698449105
G_080,REC_080,B002TRL9AM,Health_and_Personal_Care,medium,descriptive,hybrid,1,Are the hair of the broom soft or firm?,"The bristles are soft, yet firm enough not to be matted or quickly worn from frequent use. It is the best broom we have had for our hardwood floor",KB_00982,1,"[""KB_00982""]","[""I love this broom. The bristles are soft enough to pick up lint, and firm enough to push together all other floor debris. I am using it on tile and hardwood floors.""]",21.373249939642847,"The bristles of the broom are both soft and firm, allowing them to pick up lint and push together other floor debris. They are soft enough for delicate tasks and firm enough for more heavy-duty cleaning.",False,371.80104199796915
G_081,REC_081,B000FVM8C2,Health_and_Personal_Care,medium,descriptive,hybrid,1,is this the 60 or 120 capsule bottle?,120 capsules,KB_01013,1,"[""KB_01013""]","[""Last time I bought my oxy-powder, Im pretty sure it was in a larger bottle although it was 120 capsules.""]",15.048583038151264,The available reviews do not provide enough information to answer this question.,True,222.20958396792412
G_082,REC_082,B0009EIMW0,Health_and_Personal_Care,long,descriptive,hybrid,1,im going to las vegas and im looking for good insoles that i could use to walk the strip. would these be good or any suggestions?,I use them every day. I walk a lot and replace every 6 to 8 weeks. I think you'll like them,KB_01033,1,"[""KB_01041""]","[""These insoles seem pretty solid, but they are going to be taking a lot of abuse, so how well they hold up in the long run will be interesting to find out.""]",40.56570795364678,The available reviews do not provide enough information to answer this question.,True,244.9624160071835
G_083,REC_083,B008NIHE78,Health_and_Personal_Care,long,descriptive,hybrid,1,Is this easy to use? and are there a lot of test? Like strips and chemicals? I have a zero pitcher.Alkaline water is so much better though!!!,[UNANSWERABLE],,0,"[""KB_01047""]","[""I imagined with I purchased this filter that I would be waiting eons for a pitcherful of alkaline water, but this thing works fast. The water tastes great and it makes tea and coffee taste that much better. Highly recommended.""]",34.98200001195073,"The product works fast and makes water taste great, but there is no information about the ease of use or the number of tests, strips, and chemicals. The available reviews do not provide enough information to answer this question about tests.",True,369.7572919772938
G_084,REC_084,B0085A18A8,Health_and_Personal_Care,medium,descriptive,hybrid,1,are there replacement blades? How easy are they to get?,"There is a paper inside the product that gives you a phone number to call to order replacement parts for the item. It gives you the name shows you the picture of it and gives you the produce number.  You do not get any extra parts with the product, but you do have all the information you need.",KB_01074,0,"[""KB_01067""]","[""Its small head (with tiny blades underneath) excellently (and absolutely painlessly) trims nasal hair and fine facial hair (e.g. upper lip). The tip gets warm -- not hot -- within moments so it's best for very brief use on small patches; afterward, it also cools within moments.It's easy to install/replace the single AAA battery, easy on/off to use, easy to clean (requires minor disassembly; a tiny cleaning brush is included). Packaged in a slim, pretty case.""]",14.631624915637076,The available reviews do not provide enough information to answer this question.,True,219.09945807419717
G_085,REC_085,B004TTW2VI,Health_and_Personal_Care,medium,descriptive,hybrid,1,How do you know what size?,"If you read the product description, it will give you the sizing. I measured 1 inch above my knee, which was 16"" so according to the sizing chart,  I bought a large. Perfect fit.",KB_01101,1,"[""KB_01083""]","[""I love this product but wich it came in just one size bigger. I would purchase two if it came in one size bigger. Pro-tec let me know if you ever make it in a XX-Large""]",11.599416960962117,"The reviews do not mention how to determine the correct size, only that the customer wishes it came in a larger size. The available information does not provide sizing guidance.",True,357.07108303904533
G_086,REC_086,B001CWT4JI,Health_and_Personal_Care,medium,descriptive,hybrid,1,Mine quits working on me. What should I do?,"Scarlet...Try cleaning your SinuPulse machine with a reservoir of warm water & a little vinegar. Make sure to rinse it at least twice. You could have some calcium & sodium buildup in the pump mechanism. When making your saline solution for your sinus flush,make sure you use USP grade fine saline mix. It dissolves completely. Also,make sure when making your solution that you use nothing but DISTILLED bottled water. If this doesn't work,call the Sinupulse company. They do stand behind their produce. Good luck!",KB_01112,1,"[""KB_01114""]","[""I have had mine for several months and it is working fine.""]",13.039416982792318,The available reviews do not provide enough information to answer this question.,True,219.9405840365216
G_087,REC_087,B0036WTV2C,Health_and_Personal_Care,long,descriptive,hybrid,1,"my son is 7 years old and grinding a lot, I wonder whether this one will be too big for him or not? Anyone use this on a junior? Thank you!","I wouldn't recommend a NG for a 7 yr old unless your dentist does. He is likely grinding because his jaw is growing & he has primary & adult teeth trying to fit together. Most kids will outgrow the grinding. If he is having jaw pain due to it, see your dentist. This size is too big for a 7 yr old.",KB_01136,1,"[""KB_01126""]","[""After going to three different dentists searching for a solution to my child's chronic night time teeth grinding, I was so desperate I bought this. There wasn't one dentist who would make a bite guard for a child because &#34;their mouths are changing so fast.&#34;  Of course, that makes sense. But, that's exactly why these are so great. You have to change them every couple of months, so growing jaws and missing teeth aren't a problem.My kid is 6 years old, so I just trimmed off about 3/8 of an inch off the rear molar area on each side so it wouldn't be too big.""]",36.851209006272256,"This product can be used for juniors, as one customer trimmed it to fit their 6-year-old child. The customer had to trim about 3/8 of an inch off the rear molar area on each side to make it fit. It may be possible to trim it to fit a 7-year-old, but the exact amount of trimming needed is unknown.",False,558.3812079858035
G_088,REC_088,B000RZAIV4,Health_and_Personal_Care,long,descriptive,hybrid,1,"i am a vegetarian, and i have done some research on whether whey protein vegetarian, and i got mixed answers, but most of them saying it depends on the processing.so can you  help me understand if this is a vegetarian protien or not , and why ?",[UNANSWERABLE],,0,"[""KB_01152""]","[""I don't understand why the guy below me rated it with 2 stars since he has never tried it and protein shakes are never the best tasting thing out there anyways.?""]",42.35579108353704,The available reviews do not provide enough information to answer this question.,True,162.05929208081216
G_089,REC_089,B000AAAVZE,Health_and_Personal_Care,medium,descriptive,hybrid,1,Will this work on man pubes?,"As a girl, I couldn't say for sure but my guess is a big NO! This did not work for me at all - anywhere!",KB_01171,0,"[""KB_01174""]","[""Which is to say, if you are a dark-skinned male with coarse hair it probably will not work well for you and cause you mild to moderate annoyance trying.""]",12.579499976709485,"The product may not work well for males with coarse hair, which could include pubic hair. It is likely to cause mild to moderate annoyance. This suggests it may not be suitable for man pubes, especially if they are coarse.",False,424.50904205907136
G_090,REC_090,B0069SQQ2I,Health_and_Personal_Care,long,yesno,hybrid,1,can I add this to wool dryer balls to help my laundry smell better?,Yes,KB_01182,1,"[""KB_01190""]","[""I bought this oil to use on homemade wool dryer balls and it works great.""]",18.75187491532415,"Yes, you can add this oil to wool dryer balls to help your laundry smell better. It has been used for this purpose with success.",False,286.5403749747202
G_091,REC_091,B003L16V9E,Home_and_Kitchen,medium,descriptive,hybrid,1,is the combination color  lime green or sage,more of a sage green. It is really beautiful. I have found this same set on other sites for $2-300.,KB_01201,1,"[""KB_01200""]","[""The &#34;sage&#34; is better described as lime green. Sticthing between colors gaping upon opening. After the first washing, all stuffing has balled up into three clumps...not repairable. very disappointed! !""]",14.353291946463287,"The combination color is actually lime green, not sage. According to the reviews, the ""sage"" color is better described as lime green.",False,302.68308299127966
G_092,REC_092,B0012RTMUY,Home_and_Kitchen,long,descriptive,hybrid,1,"I own this blender, and it is leaking from the bottom of the container (where the blades attach). Does anyone know how to repair this?","Same thing happened to me and it cannot be repaired....the entire jar must be replaced. Call kitchen aid, they offer a one time courtesy replacement jar even if your blender is out of warranty. I have retired mine from smoothie making and purchased a ninja ultima.",KB_01214,1,"[""KB_01210""]","[""I had this blender for about three years and absolutely loved it. Easy to clean. Strong and sturdy base. Chewed up anything I put in it. I make smoothies a couple times a week and it handled frozen ingredients easily. However after three years, the blender began leaking around the bottom nut, as other reviewers have said. Apparently there is no recall and I wish there was. Sure wish this one had some life to it. Don't know what I'm going to go with for a replacement...""]",41.896415990777314,The available reviews do not provide enough information to answer this question.,True,139.7977079031989
G_093,REC_093,B00DDYH9BS,Home_and_Kitchen,medium,descriptive,hybrid,1,Is this a 5 qt. Stockpot?,[UNANSWERABLE],,1,"[""KB_01220""]","[""Downsizing the kitchen, needed something smaller than a 5 qt for just the wife and I. This 3 qt pot fits the bill! Just the right size for two or three, No plastic handles so it can go in the oven, nice heavy bottom for even heating.""]",11.088083032518625,"No, this is not a 5 qt. Stockpot, it is a 3 qt pot. The reviewer mentions they needed something smaller than a 5 qt pot, and this 3 qt pot fits their needs.",False,294.69895793590695
G_094,REC_094,B003U9T9CI,Home_and_Kitchen,short,descriptive,hybrid,1,Does it include power cord,yes there is a power cord,KB_01230,1,"[""KB_01230""]","[""For some reason, the inner bottom of this rice cooker starts to peel off after I use it for only couple of times. And I often have to wash off these small pieces of metal fragments, with attached power cord, it's not very convenience. For sure it's not stainless steel as the advertisement claims.""]",14.421875006519258,"Yes, it includes a power cord. The power cord is attached, according to the review.",False,242.41362500470132
G_095,REC_095,B00BUP5A22,Home_and_Kitchen,long,descriptive,hybrid,1,Does the charger have contacts that the unit sits on or does the charger need to be plugged into the vacuum?,[UNANSWERABLE],,1,"[""KB_01241""]","[""The more careful you do it, the less dust you get everywhere. There is no mess if you do it properly!The suction on this has been great, I've used it for about 2 months and I don't keep it on the charger, but only when I need to.""]",38.03691710345447,"The charger needs to be plugged into the vacuum, as the reviewer mentions they only plug it in when they need to. The charger does not appear to have contacts that the unit sits on.",False,311.8926250608638
G_096,REC_096,B005RK8JF6,Home_and_Kitchen,medium,descriptive,hybrid,1,Can you use oil on this board for doughs ?,My wife uses a little mineral oil to preserve the wood.,KB_01250,1,"[""KB_01254""]","[""I bake a lot - sourdough, baguettes, croissants, rolls, crackers, pie crusts, etc. Having this big board (it is really big!) to put on my counter has made my life so much easier. This is especially great for kneading very wet doughs requiring what I call the &#34;slap and slip&#34; method of kneading.""]",14.110833057202399,The reviews do not mention using oil on the board for doughs. The available information only discusses kneading wet doughs on the board. The reviews do not provide enough information about using oil.,True,332.2275000391528
G_097,REC_097,B004H2SDTM,Home_and_Kitchen,long,descriptive,hybrid,1,"I am mostly interested in flax seeds , or linseed. Does it work?",Yes it works,KB_01261,1,"[""KB_01261""]","[""The ultimate in sustainability! I didn't have so much luck with flax seed, I found that it all compacted towards the end but then I emailed the manufacturer and he got back quickly telling me to just add a little water because flax can be tricky.""]",14.627875061705709,"The reviewer had some issues with flax seed compacting, but adding water helped. This suggests that flax seed can work, although it may require some adjustments. The reviewer was able to find a solution with the manufacturer's help.",False,353.48795901518315
G_098,REC_098,B005I5DO3M,Home_and_Kitchen,short,descriptive,hybrid,1,What is the Height?,[UNANSWERABLE],,1,"[""KB_01272""]","[""The platform is sturdy and provides just the extra height needed so that a tall person can rise without injury. I have arthritis and could not rise without assistance until I got the platform. I have purchased two and totally satisfied. Pricey, but worth it.""]",13.181791990064085,The height of the platform is sufficient for a tall person to rise without injury. The exact height is not specified in the reviews.,True,200.0519580906257
G_099,REC_099,B00A6Z5DK6,Home_and_Kitchen,long,descriptive,hybrid,1,Can these be used with polymer clay and can you bake the silicone mold?,[UNANSWERABLE],,1,"[""KB_01280""]","[""Very nice mold, very adorable. The mold putty was clearly mixed very well, and polymer clay comes out of the mold perfectly.""]",17.06950005609542,"These molds can be used with polymer clay. The reviews also suggest that the mold is suitable for use with polymer clay that will be baked, as it allows the clay to come out perfectly.",False,383.9726250153035
G_100,REC_100,B0027FFPHO,Home_and_Kitchen,long,descriptive,hybrid,1,Is the bottom inside the pot steel or ceramic? I want to make sure the herbal will not contacted with steel at all.,"Hi, there is a metal/steel at the bottom inside the pot, I believed it's a heat element.",KB_01295,1,"[""KB_01291""]","[""I literally can't live without this herbal cooker. I brew herbs 12 out of 14 days and was trying to do it in a stainless steel pot on the stove. The Herbal Medicine Cooker brews the herbs so well that I only have to drink 1/3 of a cup 3 times a day instead of 1 cup 3 times a day. It is totally automatic, so I just have to check the indicator lights now and then and can continue doing other things without worrying.""]",16.393458005040884,The available reviews do not provide enough information to answer this question.,True,127.24379205610603
G_101,REC_101,B000652LWO,Home_and_Kitchen,long,descriptive,hybrid,1,I am planning to use these for drinking glasses for young children. How many ounces do they hold? Are they big enough for little hands? How heavy?,[UNANSWERABLE],,0,"[""KB_01300""]","[""I see a lady who plans to return her 1/2 pt salt & pepper shakers, packed 24 to a box. I have dozens and dozens of them made by Golden Harvest, with the little handles on them like the drinking mugs, but I cannot find the lids and rings for them. Can you help? They are about 3/8\"" smaller than the small Ball Mason Regular Dome lids.""]",35.46941699460149,The available reviews do not provide enough information to answer this question.,True,215.27729101944715
G_102,REC_102,B001V98IRQ,Home_and_Kitchen,medium,descriptive,hybrid,1,Would this paper work with a Silhouette Cameo cutter?,[UNANSWERABLE],,0,"[""KB_01310""]","[""Love this contact paper. Easy to cut, use and adhere. Everyone is noticing the faux \""stainless steel\"" items in my home and can't believe it's contact paper. Would definitely recommend.""]",16.376292100176215,The available reviews do not provide enough information to answer this question.,True,122.08033306524158
G_103,REC_103,B004K3FKL2,Home_and_Kitchen,medium,descriptive,hybrid,1,Can you attach a headboard to this frame?,[UNANSWERABLE],,0,"[""KB_01319""]","[""We have been sleeping well and squeak free! And our allergy problems are better due to the frame. It took my husband 20 minutes to put it together. Awesome frame.""]",11.45554194226861,The available reviews do not provide enough information to answer this question.,True,237.9157500108704
G_104,REC_104,B002S52ZFI,Home_and_Kitchen,long,descriptive,hybrid,1,Tags says it is cotton loops. What is the base? Is it Polyester?,"Hi, I bought these towels in white and according to the tag on the towels, they are 100% Egyptian cotton loop and 100% cotton nothing else! Take care, Andrea",KB_01328,0,"[""KB_01321""]","[""These Pike Street towels seemed like they were good quality on their own, but comparing them next to the other fluffier towels it was a no brainer which to keep. The Pike Street towels look like they are made well; there were no loose threads hanging off, the seams looked solid, and the loops were even throughout the towels. They're not a bad purchase at all, just don't expect something really thick that will feel like a soft blanket when you step out of the shower.""]",14.045250019989908,The available reviews do not provide enough information to answer this question.,True,229.3582910206169
G_105,REC_105,B003VSWZYM,Home_and_Kitchen,medium,descriptive,hybrid,1,BPA FREE ?? Where is its place of origin?,[UNANSWERABLE],,0,"[""KB_01331""]","[""It's great as a portable cup to avoid using any disposable cups. Construction quality is top notch and Zojirushi standard. However the lid is a complicated assembly of several mixed plastic, rubber, and metal components which means I would not trust it to transport liquid from one place to another as the top part of the lid could pop off. I see absolutely no reason why it could not be a simple one-piece lid, unscrew to drink.""]",13.388458057306707,The available reviews do not provide enough information to answer this question.,True,222.69950003828853
G_106,REC_106,B000RZPGCK,Home_and_Kitchen,medium,descriptive,hybrid,1,What is it made of? 100% cotton?,"I believe it is a cotton/poly blend. It was a gift for a grandson and I am pretty sure it was not 100% cotton. It was very soft, though.",KB_01346,0,"[""KB_01346""]","[""This item came up when I searched for flannel sheets. There was no fabric description, and the item was cheap, so I was suspicious. The fabric is a flimsy cotton/poly blend. I returned it.""]",13.716415967792273,"It is made of a cotton/poly blend, not 100% cotton. The fabric is described as flimsy.",False,314.44695906247944
G_107,REC_107,B0000DDXLE,Home_and_Kitchen,medium,yesno,hybrid,1,"Hi, I have a GCG-2 Cuisinart Mini-Prep Plus, will this work?",If you are asking about a replacement for the original where the plastic cracked the answer is yes.,KB_01352,1,"[""KB_01354""]","[""I was looking for a replacement for my Cuisinart Mini Prep which is quite old and the replacement part was PERFECT!!! !""]",14.153792057186365,The available reviews do not provide enough information to answer this question.,True,151.49612503591925
G_108,REC_108,B002IVU5KE,Home_and_Kitchen,short,yesno,hybrid,1,is it dish washer safe,yes,KB_01361,0,"[""KB_01361""]","[""I bought this pitcher because it stated it was dishwasher safe and is made in the USA. The spout is not designed well. When trying to pour without the lid it overflows the spout and spills. With the lid it is much better but liquid sometime leaks around the spout lid and dribbles outside the glass. I bought cheap and it's worth that much but not much more!""]",17.403375008143485,"The product is stated to be dishwasher safe. However, the reviewer's experience focuses on design issues rather than dishwasher safety. The product's actual performance in a dishwasher is not mentioned.",False,367.5904169213027
G_109,REC_109,B005GNQ5E6,Home_and_Kitchen,long,descriptive,hybrid,1,"Does this product come with any pans, trays, etc? Should I purchase any additional accessories?","It comes with one small, shallow tray. I purchased two baking pans. Any 9x13 pan that does not have handles will fit. I use Pyrex, pottery and metal pans, just like a large oven. I also use parchment and foil to line and cover and have had no problems.",KB_01372,1,"[""KB_01388""]","[""I have plenty of other pans to use.""]",18.277083057910204,"The product does not appear to come with pans, as the reviewer mentions using their own. It may be necessary to purchase additional accessories, such as pans.",False,246.06395803857595
G_110,REC_110,B0040VIN18,Home_and_Kitchen,long,descriptive,hybrid,1,Can the metal filter from this be used instead of a paper filter in the ceramic v60 dripper?,"No, you can't. The metal filter is part of the filter and can't be separated. For the ceramic V60 dripper you can only use the paper filter.",KB_01393,1,"[""KB_01404""]","[""Are we using the same terminology?There is no paper filter, and it's a very fine mesh, so you're going to get a rich cup of coffee with all the wonderful oils (that get retained by the paper filter normally).Also, technique is very important (more so than with the V60).""]",13.795208069495857,"The metal filter has a very fine mesh, which suggests it can be used in place of a paper filter, and it's mentioned in the context of the V60. This implies that the metal filter can be used as an alternative to a paper filter in the ceramic V60 dripper. It allows for a rich cup of coffee with retained oils.",False,421.396084013395
G_111,REC_111,B002A1LGH8,Home_and_Kitchen,short,descriptive,hybrid,1,Can you microwave this container??,[UNANSWERABLE],,1,"[""KB_01426""]","[""I like this container much better than containers that have the \""cold spot\"" in the lid only.""]",15.689459047280252,The available reviews do not provide enough information to answer this question.,True,215.27750010136515
G_112,REC_112,B007QZ8NII,Home_and_Kitchen,long,descriptive,hybrid,1,Does anyone know what the reason would be that the number 9 would be displayed on the unit after it's powered off?   Thank you!!!,[UNANSWERABLE],,1,"[""KB_01447""]","[""The unit reduced the temp by 2 degrees...which is amazing considering the size of the room, but it reduced the humidity by 9%...down to 53%.""]",17.0242500025779,The available reviews do not provide enough information to answer this question.,True,218.0072080809623
G_113,REC_113,B00B4M83MU,Home_and_Kitchen,medium,descriptive,hybrid,1,What is the outside diameter or circumference?,"Way small, I have thicker spaghetti. I don't know the exact measurement but it is very similar to what you'd find at a gas station for coffee. Hope this helps.",KB_01460,0,"[""KB_01459""]","[""Works like a straw should. Great length for the high ball glasses, awesome for the person who likes to sip their drink...""]",14.039875008165836,The available reviews do not provide enough information to answer this question.,True,215.43195901904255
G_114,REC_114,B002865DNI,Home_and_Kitchen,short,descriptive,hybrid,1,Measurements?,[UNANSWERABLE],,0,"[""KB_01479""]","[""Well worth the $$. This is a product that will last a long time and is so much better than smaller versions that you can purchase in the usual mega stores. I am very happy with this purchase.""]",33.831375068984926,The available reviews do not provide enough information to answer this question.,True,227.49020892661065
G_115,REC_115,B004P2LEE0,Home_and_Kitchen,long,descriptive,hybrid,1,I want a slow cooker that I can cook oatmeal in thu the night ?? For one person !!!!,"Yes, this is the perfect size. In fact, the recipe I have makes 3 servings and I've found that it cooks steel cut oats perfectly, and they re-heat great with a little extra milk. Great time-saver for being able to have breakfast before work! The recipe can be found in ""Vegan Slow Cooking For Two - or - Just For You"" by Kathy Hester. She also has a blog online where a bunch of recipes are posted. (Pear Rose Cardamom Oatmeal) I substituted an apple for the pear and skipped the rosewater, but love the cardamom!",KB_01497,1,"[""KB_01490""]","[""I recently landed my first full-time gig after graduating college. for months I basically ate out for every meal, because I craved a warm meal, but had no desire to spend my few hours of free time after work in the kitchen putting together a meal that I would devour in less than ten minutes.So, I got myself this slow cooker and tried out a few recipes. I have to say, I can't imagine life without a slow cooker now! I made a pot roast with red wine a few times and let it cook on low for 12 hours over night.""]",14.350709039717913,The available reviews do not provide enough information to answer this question.,True,224.48383399751037
G_116,REC_116,B00ECH685S,Home_and_Kitchen,long,descriptive,hybrid,1,Where do I find the cover that fits the one gallon crock?  I wish these listings were more clear regarding what size you are getting when you order.,"Search Amazon for Ohio Stoneware 11600 crock cove (""cover"" is misspelled).  It fits the 1 gallon Ohio Stoneware crock. I do not own it myself, as I have the 3 gallon crock and cover instead. Good luck!",KB_01510,1,"[""KB_01510""]","[""This item is a quality item. It fits a 3 gallon crock perfectly. The advertising claimed that it would also fit a one gallon crock, but it doesn't do more than just cover the top of the crock and does not look pleasing with so much of the lid hanging over the top edge. I recommend using it for 3 gallon crocks. I would purchase more of this item.""]",15.280209016054869,The available reviews do not provide enough information to answer this question.,True,376.3647499727085
G_117,REC_117,B009MBW1AK,Home_and_Kitchen,medium,descriptive,hybrid,1,Can this cookware be used in the oven?,"No, the handles are not oven proof. It's the only bad thing I can say about the set. Other than that I absolutely love them. The quality is very good. I use my cast iron in the oven.",KB_01525,1,"[""KB_01537""]","[""This is the best (frying pan) cookware set--ever.""]",13.008832931518555,The available reviews do not provide enough information to answer this question.,True,261.8146660970524
G_118,REC_118,B003QCJHK8,Home_and_Kitchen,long,descriptive,hybrid,1,how long have you had your? is it still sturdy now?  please answer if you you have had it for years.,[UNANSWERABLE],,1,"[""KB_01549""]","[""This table is the best buy I've made in years on Amazon. VERY sturdy, great material and a true pub feel. This thing is my favorite spot for work or coffee. Makes the whole room. Glad I found it and highly recommend this to anyone looking for a well-built table that feels like it was stolen from a local pub or coffee shop.""]",18.37737497407943,The available reviews do not provide enough information to answer this question.,True,172.27700003422797
G_119,REC_119,B00A1ECR2E,Home_and_Kitchen,long,descriptive,hybrid,1,"Did you need to use a mold release spray?  I'm wondering if I need to bother spending extra money on it, or if they will pop right out.  Thanks.",I have used this mold several times now and there was no problem getting the resin out. Hope this helps!,KB_01567,0,"[""KB_01574""]","[""I had ordered another mold that I ended up breaking when trying to get the resin coaster out and this one has some give so you can just pop it out like an ice cube tray.""]",19.50024999678135,"The molds have some give, allowing the resin coasters to be removed easily, similar to an ice cube tray. This suggests that a mold release spray may not be necessary. The resin coasters can be popped out without it.",False,300.12195801828057
G_120,REC_120,B0000BY8S6,Home_and_Kitchen,long,descriptive,hybrid,1,"I just bought 2 (forgot from whom) that were more gray than blue.  Are yours a pretty blue, like sky or baby blue, or grayish?","My Martex Vellux blanket is blue, but I would characterize it as more of a ""grayish"" blue than a baby blue or sky blue.",KB_01595,0,"[""KB_01587""]","[""I own many of these blankets in various colors. They are great during the summer or the winter.""]",14.31695802602917,The available reviews do not provide enough information to answer this question.,True,163.45458303112537
G_121,REC_121,B00E8Y79SK,Home_and_Kitchen,long,descriptive,hybrid,1,How durable is the line itself?  Does it sag much if you hang a hand towel?,The line is very durable.     We have hangers on it all the time -- very little sagging.,KB_01608,1,"[""KB_01606""]","[""The line itself is basically a thin piece of string. I put two pairs of pants on it and it sagged significantly. The line is not coated in plastic/rubber so the clothes slide down to the middle when it sags. I wish I could return the thing. It does secure to the wall pretty well, though. It's just that you can only hang one sock on it at a time.""]",32.1995000122115,"The line is not very durable and sags significantly with a moderate load, such as two pairs of pants. It is likely to sag with a hand towel as well, given its thin and uncoated design. The line's tendency to sag causes clothes to slide down to the middle.",False,482.27041598875076
G_122,REC_122,B001076GP0,Health_and_Personal_Care,long,descriptive,hybrid,1,Does it work for a Series 7   760cc-a shaver? what is the difference in 760cc and 760cc-a?,[UNANSWERABLE],,1,"[""KB_01616""]","[""The cord works for my 760cc Braun Razor. I would have given 5 stars, but the price while comparatively good, is more than a power cord should cost.""]",12.848332989960909,The available reviews do not provide enough information to answer this question.,True,376.33262504823506
G_123,REC_123,B00ANIYKRS,Patio_Lawn_and_Garden,long,descriptive,hybrid,1,The line won't auto-feed and I have to stop and manually pull it out every few minutes. HALP!,"That's only happened to me once. Pop the spool cap off (squeeze the two sides and pull it) and look at the spool of line. It's possible you have some sort of knot in the line stopping it feeding freely. If so, pull it out and rewind it. I've had very few problems with it, though if you're whacking weeds close to concrete or stone, for instance, it will wear quite fast, requiring stopping every minute or two to feed more line. BTW, you should hear the line feed click just before the head stops turning. The thing is designed for about a 1/4"" feed on each stop/start.",KB_01623,1,"[""KB_01624""]","[""After a few uses the trigger auto feed function stopped working. No matter how many times I press the button no line is advanced. There is a manual release button on the side of the spool housing but this requires you flip the tool upside down every few minute or so.If you are looking for a good option please save yourself the money and look somewhere else. What good is paying $150 for something that is not serviceable and didn't last a couple months.""]",12.806750019080937,"The auto-feed function may stop working after a few uses, and a manual release button is available but requires frequent manual intervention. This issue has been reported by at least one user, who had to flip the tool upside down every few minutes to release the line. This problem may be a common issue with the product.",False,427.53120802808553
G_124,REC_124,B009T7H0QM,Home_and_Kitchen,long,descriptive,hybrid,1,"can youadjust the temperature manually or are there just ""settings,"" like on a crock pot ?","There are temperature settings you can set if you use it in ""oven"" mode.  There are also low, high, and keep warm settings if you want to use it like a crockpot.",KB_01637,1,"[""KB_01632""]","[""I have seen  this same crock pot elsewhere for at least $50.00 cheaper!!! A few people have told me that this product was a great way to cook your meals. I tried it and I have to agree, it is so simple to just throw everything in the pot, turn it on, and just sit back and let the crock pot do its thing. The meals I have cooked in this crock pot were very tasty.""]",14.382624998688698,The available reviews do not provide enough information to answer this question.,True,243.13550000078976
G_125,REC_125,B00101TXPG,Baby,long,descriptive,hybrid,1,"I like being able to hear everything that goes on in my baby's room.  Can you clearly hear all background noises (e.g., wave machines, etc.)?",It is quite clear but the volume is not high. We use it for our quadriplegic daughter when she calls in the middle of the night. I like that we don't get static from other electrical objects or the aluminum wiring in this house.,KB_01649,1,"[""KB_01644""]","[""This is a great monitor.I feel like I can hear everything going on in Baby's room, NO interference, no pesky channels to mess with.The design is beautiful.""]",16.41304197255522,"Yes, you can clearly hear all background noises. The monitor picks up all sounds in the baby's room without interference. This allows you to stay aware of your baby's environment.",False,379.5923750149086
G_126,REC_126,B009HRFGNS,Home_and_Kitchen,medium,descriptive,hybrid,1,Is this oven big enough to cook a turkey?,It's only big enough for a 5 lb. chicken or turkey if you can find a really small one.,KB_01652,1,"[""KB_01654""]","[""This toaster oven exceeds my expectations. I wanted something to cook small portion and not use my oven,this oven is perfect to bake and boil in.""]",10.685249930247664,The available reviews do not provide enough information to answer this question.,True,233.7609170936048
G_127,REC_127,B00GYBZURM,Toys_and_Games,long,descriptive,hybrid,1,Does this kit come with a go-pro camera? I am building my own drone and would like to include an FPV system...,No you must buy your own camera,KB_01667,1,"[""KB_01670""]","[""I spent hours and hours researching FPV kits and components, watching many youtube videos. Because I needed a video kit installed on my Phantom in time for my sons upcoming wedding, I went and and threw in the towel and purchased this kit because it was just the easiest thing to do and I couldn't sort out all the conflicting information regarding other similar products.""]",13.151083025150001,The available reviews do not provide enough information to answer this question.,True,229.66970794368535
G_128,REC_128,B00GGN264I,Health_and_Personal_Care,short,descriptive,hybrid,1,Is psyllium better than inulin?,"Most psyllium products need sugar, artificial sugar and color and other additives to make it palatable.  I doubt if any of us need those additives and Clear and Natural is 100percent inulin without additives.  Strange that it costs more without all that other""stuff""!",KB_01673,1,"[""KB_01673""]","[""The active ingredient in Clear & Natural is &#34;inulin&#34;, an insoluble fiber supplement, which has controversial reviews from various users and authorities, regarding its efficacy and effectiveness. I found that it resulted in serious gastrointestinal distress, gas and flatulence. I promptly returned it to Amazon and cannot recommend it.""]",11.302584083750844,The available reviews do not provide enough information to answer this question.,True,218.7777078943327
G_129,REC_129,B008AG5VOQ,Toys_and_Games,long,descriptive,hybrid,1,Does this tricycle have an easy way of taking on and off the push handle and does it fold down for transport?,Push handle easily removed with a single pin under the seat . Does not collapse or fold down.,KB_01685,1,"[""KB_01687""]","[""The tricycle isn't extremely high quality. The pushing handle has alot of slop in it as others mentioned but doesn't make it too hard to navigate with. I compared lots of similar products and if I had to do it again, I would still purchase this.""]",13.724875054322183,The available reviews do not provide enough information to answer this question.,True,241.142375045456
G_130,REC_130,B00004RGB7,Home_and_Kitchen,short,descriptive,hybrid,1,Is it difficult to clean?,No,KB_01693,1,"[""KB_01700""]","[""My husband, the chef, doesn't know how he's ever lived without a double boiler now that he has one. He uses it all the time.Never burn the cheese sauce again! And it is really easy to clean.""]",15.71266702376306,It is really easy to clean. The product has been found to be simple to maintain by at least one user. This suggests that cleaning is not a difficult task.,False,337.7461659256369
G_131,REC_131,B001DEYVXO,Electronics,medium,descriptive,hybrid,1,Anybody know if this works with windows 8?,"Yes, I have been using the Hauppauge TV Tuner with Windows 8 for about a month with no issues.",KB_01707,1,"[""KB_01707""]","[""The Hauppauge works perfectly with my Lenovo laptop running Windows 8. I called the Hauppauge company for advice about which tuner to purchase and received friendly and competent customer service. The tuner works perfectly. Based on reviews, I also decided to purchase Windows Media Center ($100 extra to convert Windows 8 to Windows 8 Pro) and don't regret it. The tuner has worked seamlessly and easily with Windows Media Center.""]",16.40991703607142,"The product works with Windows 8, and it also works seamlessly with Windows Media Center after upgrading to Windows 8 Pro. The tuner is compatible and functions perfectly with a Windows 8 laptop.",False,312.83583294134587
G_132,REC_132,B00276BKBS,Health_and_Personal_Care,short,descriptive,hybrid,1,How many servings per container?,Product label says 28. Using the measuring scoop  provided  you will get 28 single servings per container.P Galie,KB_01711,1,"[""KB_01711""]","[""You get 28 servings per jar, so if you take one a day it will last you all month.I prefer to take it with about 8 ounces of cold water stirred in a glass with a spoon (easier to use a blender). I may try it with other types of drinks, but just the water seems to work quite well.All in all, This stuff is great for Vegans or anyone who wants a fine meal replacer.""]",11.725582997314632,There are 28 servings per container. This is based on the reviewer's statement that the jar will last a month if taken once a day. The container in question is a jar.,False,283.9951659552753
G_133,REC_133,B0063N7OZ2,Electronics,long,descriptive,hybrid,1,Can a cop pull you over in the state of CT for having the detector hanging from your rear view? You can get pulled for hanging an air freshener.,[UNANSWERABLE],,1,"[""KB_01728""]","[""While you can still run your traditional cigarette lighter chord up the the detector, hardwiring it eliminates that curly chord from having to run from your dash up to your mirror. I mean really, if you're going to go through the trouble the make your detector look sleek by mounting it to your rear-view, you might as well go all the way by hardwiring your detector to your car.Overall, great product and a breeze to install!""]",18.12837494071573,The available reviews do not provide enough information to answer this question.,True,218.90104108024389
G_134,REC_134,B003C6RR1E,Health_and_Personal_Care,short,descriptive,hybrid,1,what is the ingredient formula?,[UNANSWERABLE],,1,"[""KB_01731""]","[""eye doctor says this is only formula that works this is only product i could find that matched formula available other then band he sold for much higher price""]",11.085625039413571,"The ingredient formula is not explicitly stated, but it is mentioned that the product matches a specific formula. The available reviews do not provide enough information to answer this question.",True,231.89699999056756
G_135,REC_135,B00A9PKN3A,Sports_and_Outdoors,medium,descriptive,hybrid,1,Does the bike have to be assembled?,Yes,KB_01736,1,"[""KB_01736""]","[""It's delivered in disassemble condition and without any tools. If you are not familiar with bike, so please buy one from bike stores, But the assembled one in bike store is nearly $300 as far as I know. So pay attention.""]",14.00558406021446,"The bike is delivered in a disassembled condition, requiring assembly by the customer. It does not come with any tools for assembly.",False,287.47516602743417
G_136,REC_136,B0090EC7BM,Electronics,medium,descriptive,hybrid,1,if it comes with the wiring connector?,[UNANSWERABLE],,1,"[""KB_01748""]","[""You also need the wiring harness conversion (and wire crimp connectors), a bracket and a molding piece specific for your car/truck. We did successfully install the radio in my sons 97 honda civic where the radio does match the space but still does not allow screws to a mounting bracket to allow vibrations from moving it.""]",11.479833046905696,The available reviews do not provide enough information to answer this question.,True,249.52966696582735
G_137,REC_137,B004CLYAJK,Home_and_Kitchen,medium,descriptive,hybrid,1,How large of an area does this cover?,[UNANSWERABLE],,1,"[""KB_01758""]","[""This is my first air purifier and my second Hoover product. I highly recommend. I plan on purchasing another unit in the future to put in the living room area of our house. Great product!""]",12.134333956055343,The available reviews do not provide enough information to answer this question.,True,254.23187506385148
G_138,REC_138,B00GN5DHH4,Electronics,medium,descriptive,hybrid,1,Does the ear piece come with a microphone to talk into?,"The microphone is not the best quality, several of ours stopped working after just a few days. But the earpieces and the radios were still well worth the purchase.",KB_01770,1,"[""KB_01767""]","[""We ordered 10 walkie talkies for our staff. We operate a large testing lab, where we need to stay in touch. The ear piece is a little uncomfortable, but better than I expected. The sound quality is good and the units appear to be well made. I expect we will receive years of serviced from these walkie talkies.""]",17.46700005605817,The available reviews do not provide enough information to answer this question.,True,119.52387494966388
G_139,REC_139,B00067MVUE,Pet_Supplies,medium,descriptive,hybrid,1,What parts of it are made of metal?,Just the springs are metal. If you leave the Scoop outside they do rust eventually but last for years. Mine was in the weather for many years before they rusted and broke but would have lasted longer if I kept it indoors. I immediately bought another Scoop as it is such a good product.,KB_01784,1,"[""KB_01775""]","[""I love this its great just remember to put some WD40 on the metal parts. Worth a repeat purchase so I did.""]",12.002833071164787,"The product has metal parts, but the specific parts are not specified. The reviews mention that the metal parts require WD40, indicating they may be prone to rust. The exact metal components are not identified.",False,314.9600410833955
G_140,REC_140,B000F6Y686,Electronics,long,descriptive,hybrid,1,Does this let you focus at objects at ~12x telephoto zoom from a closer distance than with the normal lens setup of an FZ200?,[UNANSWERABLE],,1,"[""KB_01788""]","[""At least it works with them, but it adds to the screwing/unscrewing process. Good info to know.-The FZ-200 does focus better if you zoom all the way in to 48X (iZoom) rather than leaving it at 24X and cropping it later. The image quality will be otherwise identical once processed and cropped, but the focus at the time of shooting is better if you zoom in to 48X. Why? It beats me...the camera just handles it better for some reason.""]",16.655625076964498,The available reviews do not provide enough information to answer this question.,True,124.24695794470608
G_141,REC_141,B009KZ20D6,Tools_and_Home_Improvement,long,descriptive,hybrid,1,How durable are the heads on these? I have another precision set I got from RadioShack (lol) and the smallest Phillips head bent painfully easily.,They're quite durable. I purchased this set in September of last year and I have used it on multiple cell phones and laptops. The #000 Phillips screwdriver I have used the most and I took a picture with a macro lens to show you how well it's held up.  http://i.imgur.com/H4MrxbR.jpgHope this helps,KB_01795,1,"[""KB_01796""]","[""I bought this as an extra set, but tips of the Phillips screw driver are not sharp and wont work on most screws. They end on flat.I have other set of another brand that works perfect.""]",16.28675009123981,The available reviews do not provide enough information to answer this question.,True,131.04112492874265
G_142,REC_142,B001BOD9JI,Pet_Supplies,long,descriptive,hybrid,1,can you adjust the flow rate or is it just 3.5 gph. i wanting to use to add Kalk but want to do way slower than that,"Flow isn't adjustable on these. I use one to topoff kalk, but on a digital timer that runs the pump for about 5 minutes at a time, 6 times a day.",KB_01805,1,"[""KB_01805""]","[""Digital timer runs the aqualifter for 5 minutes, once every three hours, which comes out to 40 minutes a day. This is just enough to topoff the 1 gallon or so per day that evaporates from the tank. Actual flow rate of the pump is highly dependent on the height you are pumping. When the bucket is nearly empty, the pump is sucking through about two feet of tubing, plus pumping up about 20 inches, and pumps more like 1.5 to 2 gph.""]",16.470709000714123,"The flow rate is not fixed at 3.5 gph, as it depends on the height being pumped, and can be as low as 1.5 to 2 gph when pumping from a nearly empty bucket. This suggests that the flow rate can be adjusted indirectly by changing the pumping height. The actual flow rate can be lower than 3.5 gph, which may be suitable for adding Kalk at a slower rate.",False,469.810749986209
G_143,REC_143,B00119QDPA,Musical_Instruments,long,descriptive,hybrid,1,What is the measurement of the circle at the bottom? I am wondering if it will work with my mic. Thanks!,[UNANSWERABLE],,1,"[""KB_01816""]","[""The first one, the circle with the threads in it that screw onto the mic stand actually broke in half, becoming a 'c' instead of an 'o.' My second one won't tighten anymore, so the mic just droops. Not really upset because I use my MXL 990 probably the most out of all my mics, taking it to and from gigs, so I'm not surprised I need to buy replacements! Go ahead and get this replacement.""]",15.370082925073802,The available reviews do not provide enough information to answer this question.,True,232.06262500025332
G_144,REC_144,B000063XH7,Home_and_Kitchen,long,descriptive,hybrid,1,Is there a grease channel and catch-area for bacon grease as the bacon cooks?,"There's a guide on one corner that will funnel the grease, but no catch or drop pan.",KB_01831,1,"[""KB_01827""]","[""He explained in one episode how he fries bacon in a waffle maker. While cooking, grease drains away from bacon and splatter is eliminated. Needless to say, this is one of my uses for this machine: cooking organic bacon. Spouts on side of each plate makes it easy to drain grease to refrigerate and use for flavoring other foods later. (Such as homemade fajitas. )Besides waffles, bacon, and grilled items, I use just the grill plates to make home made tortillas!""]",16.480250051245093,"There is a grease drainage system, as grease drains away from the bacon while cooking, and spouts on the side of each plate make it easy to drain grease. This suggests a catch-area for bacon grease, allowing for easy collection and reuse.",False,420.01916700974107
G_145,REC_145,B005JVNQPQ,Automotive,long,descriptive,hybrid,1,"Is it normal that where the rust was that its black and textured?  Is it also normal that the rust just doesn't ""fall off"" and requires rubbing?","I just use some today, and you do have to rub it sometime to get the rust to come off. I have seen the metal turn black and some time metal gray when the rust was removed. I love this product, it just saved me some tools that had gotten wet and rusted badly. I thought I was going to have to throw them away but it saved them. Well worth what I spent when I saved my Harley Davidson gas tank that rusted inside when it sat to long.",KB_01835,0,"[""KB_01836""]","[""I was surprised it really works cleans the rust off like it states. one thing is don't leave it in to long or it will turn the metal black.""]",37.25883399602026,"Yes, it's normal for the area where the rust was to turn black, as this can happen if the product is left on for too long. The texture may also be affected. Rubbing may be required to remove the rust completely.",False,463.7552499771118
G_146,REC_146,B000CPI5XM,Automotive,medium,descriptive,hybrid,1,Does this work for ford 2002 f350 diesel??,Yes it will.,KB_01851,0,"[""KB_01845""]","[""I have a 2002 Mazda B-3000 truck (Ford Ranger) with about 80,000 miles on it and a 5-speed MANUAL transmission (Yes, this trans uses ATF - not gear oil as you would expect).Before the ATF change, my truck shifted a little roughly and I could hear a slight whine in second gear when the truck was cold. This ATF made a huge difference. It still isn't perfectly smooth when shifting into second, but there is no more whine.""]",11.064167018048465,The available reviews do not provide enough information to answer this question.,True,242.13762499857694
G_147,REC_147,B00FM0N514,Home_and_Kitchen,medium,descriptive,hybrid,1,What are the dimensions of the bottom cabinets?  The drawers?,"The two bottom cabinets are each 15.5"" deep, 16"" tall and 19.5"" wide.  There are adjustable shelves that you can opt to put in them.  The drawers are 17.5"" wide, 12.5"" deep and about 3 3/8"" tall.",KB_01862,0,"[""KB_01855""]","[""It really was a lot of work to put together (1 person) but worth it in the end. I had to play around with adjusting the drawers until they finally fit. Once assembled, it is just as pictured. Exactly what I was looking for...very sturdy.""]",11.997750028967857,The available reviews do not provide enough information to answer this question.,True,223.53308403398842
G_148,REC_148,B000X596HU,Tools_and_Home_Improvement,long,descriptive,hybrid,1,I have this can can not get it primed.  The instructions are nto very clear.  Can anyone tell me the correct way to prime it?  I'm about to trash it.,as far as priming it i could only let it sit in a warm spot and it bled itself hahahahaha i know but all i could do to get it going,KB_01874,0,"[""KB_01865""]","[""item was very hard to get primed. Luckily I have lots of experience with grease guns. The instructions for the charger are wrong. One of the batteries was bad and they promptly shipped another one. I also agree with the fitting on end of hose being very hard to remove...bad design. I will be changing it out today with one from my manual Alemite grease gun.""]",42.478666990064085,"The instructions for the charger are incorrect, but the reviewer's experience with grease guns helped them get it primed. The reviewer does not provide the correct priming method. The available reviews do not provide enough information to answer this question.",True,336.72550006303936
G_149,REC_149,B00F5TR1I0,Beauty,medium,descriptive,hybrid,1,Does it have enough space for your books ?,"it's a pretty big purse. fits my digital camera and accessories. I don't know how many school books it would fit, but it'll fit a few reading books",KB_01875,0,"[""KB_01875""]","[""It's not the best but not the worst. I just wanted a cute black bag to carry my school stuff in and it does that. Not as big as it looks in the pictures but it's big enough to hold my notebooks and folders. Cheap leather but hey it doesn't look bad. Be careful with the zippers, they're pretty cheap but as long as you don't pull on them or zip them hella fast, they'll be okay. Overall it's a good bag for the price and where it comes from.""]",11.66883297264576,"The bag is big enough to hold notebooks and folders, but it's not as big as it looks in the pictures. There is no specific mention of books, but it can hold other similar-sized items.",False,406.1911669559777
G_150,REC_150,B001EYYJVC,Automotive,long,descriptive,hybrid,1,why does the listing say its 66/80cc? the sticker on the engine clearly says its a 47cc.,[UNANSWERABLE],,0,"[""KB_01889""]","[""I bought one of these kits to put on my bike.One problem I ran into was the fact that only a couple of bicycles at Wal-Mart have a big enough frame to mount the engine. You need to make sure you measure the inside of the triangle part of the frame. I have a 700c hybrid bike (one of the three biggest bikes at Wal-Mart) that has too small of a frame for this engine.""]",13.861124985851347,The available reviews do not provide enough information to answer this question.,True,148.45120802056044
G_151,REC_151,B00HWM5PMW,Electronics,medium,descriptive,hybrid,1,How long does the battery last?,[UNANSWERABLE],,0,"[""KB_01897""]","[""This is an amazing laptop, it is sleek and has the processing power and ram needed to run software. The keyboard lights up and it looks very nice, not cheesy at all. It's not a touch screen but that is not a big deal. It does have some weight to it, it is not light like a tablet but not big and bulky either.""]",17.5720420666039,The available reviews do not provide enough information to answer this question.,True,226.27637500409037
G_152,REC_152,B00AT93GBM,Electronics,medium,descriptive,hybrid,1,Will it work with an iPod touch 4?,"It works as a standard wireless B/g router, it only requieres a 5volt power supply (not inluded, just a usb cable) yiu can use a computer usb port or any cell phone charger with a usb port for powering it, you only have to plug a usb 3g Modem (mine's an Alcatel, tought many ZTE and other brands are supported) , once  you power it up, you can log on to the setup page and conigure settings such as SSID, wireless security.  Very weak signal, by the way, it only reaches the room I'm using it and the next, sometimes reaches the 1st floor of my house . Hope this answer helps.",KB_01905,0,"[""KB_01903""]","[""No amount of tinkering would get this to work even with a 3g modem it is supposedly compatible with. Sent all 4 back""]",12.696875026449561,The available reviews do not provide enough information to answer this question.,True,223.7850419478491
G_153,REC_153,B002TNIN2S,Beauty,medium,descriptive,hybrid,1,How is this cream supposed to be applied? Finger? Q-tip? Brush?,"A finger tip will work perfectly. However  for spot treatment a Qtip is highly recommended. FYI please avoid direct sunlight when using product or apply at night before bed time, use a towel on pillow if applying at night. Thanks",KB_01911,0,"[""KB_01911""]","[""I am using this cream on my back, legs, arms and face. My dark marks are getting lighter, but it is taking a little more time than expected. But, I am on my third bottle of cream. My husband says, \""have patience and it will work\"". So far my patience is paying off. I will continue to use this product until all the marks are gone. Thanks.""]",13.48924997728318,The available reviews do not provide enough information to answer this question.,True,241.4014160167426
G_154,REC_154,B001J8SYV4,Toys_and_Games,long,descriptive,hybrid,1,Is this waterproof ? I want to use outside to keep chalk for an outsie chalkboard ?,no it is not waterproof. Very poorly made.,KB_01925,0,"[""KB_01922""]","[""I bought each of my boys a small mailbox that they could keep in front of their bedroom doors and write letters to one another. They loved it. Unfortunately, those mailboxes were made of cardboard and didn't last long so I was excited when Santa brough these cute metal ones.I was happy when I first saw them but then we tried to open one. It was really, really hard and I felt like it might break if I pulled too much.""]",16.83620805852115,The available reviews do not provide enough information to answer this question.,True,124.12741698790342
G_155,REC_155,B00DMAGWVG,Sports_and_Outdoors,long,descriptive,hybrid,1,"is this the 2013 model? suitable for 8 yr old in hilly terrain family rides in Colorado? thanks, bobbi",It's quite heavy. My 14 year old loved it til it was stolen. It would be a bike he could grow into. I'd buy it for that age.,KB_01930,0,"[""KB_01931""]","[""I didn't get this bike long ago, and so far it's met many challenges, it holds up really well and it was cheep! That makes it even better.""]",18.68383400142193,The available reviews do not provide enough information to answer this question.,True,238.41620900202543
G_156,REC_156,B00G8IVXZE,Toys_and_Games,long,descriptive,hybrid,1,Can I simply use these as rubber bands? Are they as strong as rubber bands you might buy in an office supply store? What size are they?,"Good idea, but much too small and not elastic enough to replace office supply type bands.",KB_01939,0,"[""KB_01942""]","[""These rubber bands were like the ones purchased at any store. My eleven year old daughter had no complaints while using them.""]",21.490665967576206,"They are comparable to rubber bands bought in a store, but their size is not specified. They appear to be strong enough for typical use, as an 11-year-old user had no complaints.",False,382.0324590196833
G_157,REC_157,B005QIYUMU,Patio_Lawn_and_Garden,long,descriptive,hybrid,1,Has anyone had any problems with this tipping over? I can see my son running back and forth into the sides and would be concerned about it tipping.,[UNANSWERABLE],,0,"[""KB_01943""]","[""My 18-month old son, who is rather wild and active, used this for about three months, until he pulled on the mesh doors, which are connected to the sides (yellow). This caused a tear, and eventually deflated the sides. I contacted Amazon and Intex, both of which pretty much brushed me under the rug and blamed the other.""]",15.438499976880848,"One reviewer's active 18-month-old son caused a tear in the mesh doors, which led to the sides deflating, but it does not specifically mention the product tipping over. However, the incident suggests that the product may be vulnerable to damage from rough handling. The reviewer's experience implies that the product's stability may be a concern with very active children.",False,578.2206249423325
G_158,REC_158,B00523K104,Electronics,short,descriptive,hybrid,1,What is the shutter count?,[UNANSWERABLE],,0,"[""KB_01957""]","[""This camera takes beautiful pictures!!! I've had some very nice moderately priced cameras over the years, but this one has the quality/precision/clarity that gives you back exactly what you are seeing!! !""]",17.391541972756386,The available reviews do not provide enough information to answer this question.,True,226.24762495979667
G_159,REC_159,B00A2AWBKU,Electronics,long,descriptive,hybrid,1,"LENOVO THINKPAD L430 caddy, does the caddy connect to the computer terminals itself, or would I need to open the computer and connect it?",no need to open. just pull out the dvd player and put this one in. all set.,KB_01970,0,"[""KB_01963""]","[""Have been using the caddy for about a month in my Lenovo W530 and have had no problems. The drive fits perfectly into the caddy and is secured by four screws with no need for rubber rails. The caddy fits perfectly into the ultrabay slot and locks into place just like the DVD unit does. So everything is secure and it has performed flawlessly. It even comes with a carrying case that you can use for your DVD unit while the caddy is in use. Would highly recommend.""]",16.495582996867597,"The caddy fits into the ultrabay slot and locks into place, suggesting that it connects to the computer terminals without needing to open the computer. This allows for a secure and straightforward installation.",False,346.35554102715105
G_160,REC_160,B001PGP33M,Toys_and_Games,long,descriptive,hybrid,1,How big is the box or the parts if taken out of the box to get it home from the store?,....massive. We have a F150 and the tray was completely full. Each wall and roof panel is a solid piece.,KB_01978,0,"[""KB_01974""]","[""I was scared when I arrived from work and saw the size of the box this thing came in the garage. But to my surprise the box was easy to handle and the pieces came together very easily.You must use an electric screwdriver because the screws are long and not pre-drilled.I had a small issue then installing the doorknob as I put a little too much force and the screw casing broke. However, I was able to remove the broken piece and install it back without problems.""]",16.383458045311272,"The box is manageable to handle, and the pieces are easy to assemble, but the exact size of the box or the parts is not specified. The reviewer mentions the box was easy to handle, implying it's not excessively large. The parts can be taken out of the box to make it more manageable to get home from the store.",False,592.6854589488357
G_161,REC_161,B008YRG5JQ,Cell_Phones_and_Accessories,medium,yesno,hybrid,1,can it charge a laptop comuter,yes it will charge a laptop.,KB_01984,1,"[""KB_01983""]","[""It fits fine in my laptop case, doesn't get hot when I'm charging it or using it to charge other things. And the fact that I can charge multiple things at once is a bonus.So far it's worked great, and has become my &#34;go to&#34; charger when I'm on the road.""]",11.645499966107309,"The device can charge multiple things at once, but it doesn't specifically mention charging a laptop computer. The available reviews do not provide enough information to confirm if it can charge a laptop computer.",True,318.1885830126703
G_162,REC_162,B004EPXIA6,Patio_Lawn_and_Garden,short,yesno,hybrid,1,can I refill the spools?,"Okay. My earlier response to a similar question was yes and now i have more experience and knowledge to respond more thoroughly. a) yes, one can replace the line in these spools with thicker line. I have done so two times now using 0.08 in line i had leftover form my old dual line trimmer. I have the Greenworks 21242 G-MAX 40V model which is a single line design. These spools are only for single line machines.  They accommodate only one single line. B) When you load them with thicker line, there must-needs be less line length on the spool.  Thicker line works better for thicker stemmed plants and so will break less often in that case. However,...since my Greenworks 21242 G-MAX 40V trimmer has a ""no bump"" automatic line feed, the line is advanced 1/4 in every time you stop and start the motor.  If the weeds don't break the line, the cutter-knife thing will be cutting off that 1/4 in every time you stop. This means if you are only cutting grass and other less resistant weeds, the .065 in line is probably a better bet since there will be more line to use up per spool as you go about your standard trimming operations.  IF you have heavier weeds as i do, the .08 in line is a better bet since it is less likely to break for these tasks and if you are willing to continue trimming without stopping until the line has been shredded by the weeds.  i.e., more weeds per spool under such conditions.",KB_01996,1,"[""KB_01993""]","[""Sure beats buying bulk and winding on the old spools. I don't use the trimmer that much and like having a spare spool.""]",11.66133291553706,"The product comes with spare spools, but it's unclear if the spools can be refilled. The reviewer mentions having a spare spool, implying that refilling may not be necessary. The reviews do not provide explicit information on refilling the spools.",True,378.06200003251433
G_163,REC_163,B003ARSPIO,Cell_Phones_and_Accessories,short,yesno,hybrid,1,is it a smart phone,"It's not a smartphone, but it's smart to have it if you are a SIM card user. It is easy to use and more than worth the price.",KB_02011,1,"[""KB_02008""]","[""when i bought this phone back in 2009 it was a nice descent slide phone. for basic use and a nice keyboard for fast texting camera was ok for cheap phone at time for 98 us. sold it in 2010..""]",14.615750056691468,"The available reviews do not provide enough information to confirm if it is a smartphone, but it is described as a ""slide phone"" with a keyboard and camera, which was considered a ""cheap phone"" at the time. It had basic use and was used for texting.",True,473.4927910612896
G_164,REC_164,B00429NVQA,Electronics,long,yesno,hybrid,1,can i aim this out a closed windw to view my back yard.,Yes and no. The camera has a set of IR LEDs that allow it to see at night. You will have not be able to see what is going on at night unless you do what I did and tape off the LEDs using black electrical tape. What happens is the IRs hit the glass and at night it acts like a mirror and blinds the camera. Without the LEDs it works fine during the day and at night it works decently with ambient/porch light. You could also get an IR LED array for fairly cheap here off amazon and point that into your yard as well. That way it would have pretty good B&W; night vision.,KB_02013,1,"[""KB_02013""]","[""my daughter is in a wheelchair in a basement apartment of our house. She cannot see when her para-transit bus arrives and sometimes had to sit in the rain so she wouldn't miss it. now she can watch on her phone or computer to see when it arrives.I wish there were a way to turn off the night vision IR. We have it in a window and at night the IR reflects from the window back into the camera obliterating the street view.""]",16.790415975265205,"The camera can be placed in a window to view the outside, but the night vision IR may reflect off the window and obstruct the view. This suggests that it may be possible to aim it out a closed window to view the backyard, but the IR reflection could be an issue at night. The camera's functionality during the day is not mentioned as having any issues with window placement.",False,520.7252920372412
G_165,REC_165,B002N3TO36,Automotive,long,yesno,hybrid,1,would it be okay if I wanted to trim (cut) each bar to match the width of the roof of my Volvo V50 for a more flush mount,[UNANSWERABLE],,1,"[""KB_02024""]","[""I'll start with saying that the supplier of these crossbars was great to deal with. They contacted me directly to make sure they were shipping me the color I wanted (chrome or black), and to confirm the make and model of my car. In addition, these crossbars are much less expensive than ones sold by Volvo, or the big name suppliers.The bars themselves are a mixed bag out of the box. On the plus side, the installation is quick and easy.""]",18.135291058570147,The available reviews do not provide enough information to answer this question.,True,116.98383395560086
G_166,REC_166,B0081ILUOI,Automotive,medium,yesno,hybrid,1,"will this fit a 2014 elantra limited with 17"" wheels?",[UNANSWERABLE],,0,"[""KB_02036""]","[""I would recommend this product to all Elantra owners!All the tools needed to complete a tire change were included as well as an organizer.Thank you""]",16.9639999512583,The available reviews do not provide enough information to answer this question.,True,264.09158296883106
G_167,REC_167,B00BI4JXGO,Electronics,short,yesno,hybrid,1,are any cables required,Yes. I purchased an Amazon HDMI (ARC) cable to connect my main unit HTB770 ARC output to the TV HDMI ARC input. It woks great and gives you on/off and volume control.,KB_02041,0,"[""KB_02042""]","[""Pros:Speakers sound goodBluetooth works great with my iPod TouchEasy to set upCons:Receiver was defective out of the box. When switching from one input to another (e.g. from cable box to Blu-ray), either the sound would drop out, or the video became shaky and showed a lot of interference (lines and snow/static on the screen). I checked all connections, all cables were sound. My TV is a Panasonic plasma, by the way.Returning it.""]",13.795915991067886,"Cables are mentioned as being used, specifically for connecting devices such as a cable box and Blu-ray player. The reviewer also mentions checking all connections and cables. This suggests that cables are required for certain functions.",False,418.78100007306784
G_168,REC_168,B006SDI6X6,Home_and_Kitchen,medium,yesno,hybrid,1,can i use this without the bars in the middle,If by bars you are talking about  the spaces between the canvases then yes you can put them as far apart or as close together as you want.  Keep in mind that there will still be a small seam even if they are as close together as you can put them so it will never look quite the same as one canvas.,KB_02050,0,"[""KB_02050""]","[""The painting invites us in for a walk down the lane to the setting sun.Be advised, this series of paintings needs a large wall for placement. Each panel is light and framed for easy installation. I have the paintings pressed tightly together to make one scene, unlike the picture included on Amazon that shows silver bars separating the paintings.""]",14.189707930199802,"Yes, you can use this without the bars in the middle, as one reviewer has installed the panels pressed tightly together to make one scene. The panels are framed for easy installation, allowing for flexible placement.",False,278.54570909403265
G_169,REC_169,B003J8PCL2,Electronics,long,descriptive,hybrid,1,I have an Onyx EZ Model XEZ1.  Will the work with my model?,"I'm sorry not really sure if it will, but the thin wire tends to break very easily right @ the plug. Just breaks cause they're so thin. I'm on my 3rd. Not happy.",KB_02069,1,"[""KB_02063""]","[""It was the wrong one for my xm radio. I put in the model and still got the wrong one that I needed""]",16.446584020741284,The available reviews do not provide enough information to answer this question.,True,119.23524993471801
G_170,REC_170,B00E395L7Q,Electronics,long,descriptive,hybrid,1,Does it have a card reader slot? In the pictures it looks like it does.,"Yes,  but haven't used it yet",KB_02085,1,"[""KB_02089""]","[""It remembers all the passwords and usernames that I need and gets me into these sites by swiping my finger over the reader.""]",15.93041606247425,The available reviews do not provide enough information to answer this question.,True,123.34933294914663
G_171,REC_171,B00F144HYA,Electronics,long,descriptive,hybrid,1,"what size screen do I need with the 5030ube, sitting approx 14 feet from wall where screen would go.","i have a 120"" 16:9 screen at 13 ft away and it is great, it is amazing for movie format which takes about 6inch from top and 6inch on bottom and then the whole screen is used for hdtv which is gigantic but it is not difficult to watch.  i just bought projector last week and even though the resolution from my 4k samsung has spoiled me movies in true 1080p look great using the projector",KB_02103,1,"[""KB_02110""]","[""I have about a 14.5 foot throw, with the projector located 2.5 feet from the top of the screen.""]",14.441250008530915,The available reviews do not provide enough information to answer this question.,True,127.9104579007253
G_172,REC_172,B0048G9LDE,Toys_and_Games,long,descriptive,hybrid,1,How well does this game play with 2 players?  Is it less interesting then 4 players?,"It plays alright. The choices in the different zones are reduced (blocked off) when playing with fewer than 4 players. So, while it's still playable, it's a lot more fun with 4.",KB_02121,1,"[""KB_02121""]","[""Really, the idea behind play is simple, but because you are competing head to head against other players for the same limited spaces on the board, sometimes you'll find yourself fighting other players for the same resources.No one is eliminated early from the game, so everyone can stay in it until the end. While the game can be played with 2 and 3 players, for the best games I recommend playing with 4.This game is out of stock on many websites, so if you see it for sale, pick it up.""]",17.80820800922811,"The game can be played with 2 players, but it's recommended to play with 4 players for the best experience. Playing with 2 players may be less interesting than with 4 players. The game remains competitive with 2 players, but the reviewer suggests it's more enjoyable with a full group.",False,329.1587920393795
G_173,REC_173,B000E8VAIO,Tools_and_Home_Improvement,long,descriptive,hybrid,1,can this be placed in a gang wall switch box? I have a 7 switch gang box and need to place two side by side?,"When we originally bought this item, it replaced a light switch. It fit in fine next to two other light switches. The same switch plate we used before covers all three.",KB_02157,1,"[""KB_02142""]","[""the housing poked out from the wall by about one inch. The EJ500 sits flush with the switch panel. Admittedly, the housing is recessed into the wall by more than an inch. I noticed one reviewer complained, he couldn't fit it into his box. I had to move some of the wires around, but I was able to get mine to fit without too much trouble, and I had a LOT of wires stuffed into my box. I had to wire mine for a 3-way switch configuration, and the electrical box is shared with another 3-way switch and a 2-way switch.The previous generation was just a simple digital 7-day timer, which meant twice a year, I had to adjust it for daylight saving time, and I had to periodically adjust it during the year for seasonal changes in sunset times.""]",17.158165923319757,"The device can fit in a gang wall switch box, as the reviewer was able to fit theirs in a box shared with other switches, although it may require adjusting the wires. The reviewer had a box with multiple switches, including a 3-way switch configuration, and was still able to fit the device. It may be possible to place two side by side in a 7 switch gang box, but wire management may be necessary.",False,569.743208005093
G_174,REC_174,B0044U42LU,Sports_and_Outdoors,medium,descriptive,hybrid,1,Will these kill zombies if i get good at it?,"Projectile weapons typically are not efficient for killings zombies. Throwing knives would be better served as a tool or self defense against humanity's other faction that you'll ultimately have to fight. Likely they will capture you, and their Che Guevara look alike will make you play basketball while only have a couple hours left before a horrible poison destroys your body. Welcome to the human race.",KB_02164,1,"[""KB_02163""]","[""I bought these to get ready for zombies and i wasnt dissapointed! Very sharp and very accurate will hit targt easy!""]",14.761916943825781,"The product is sharp and accurate, which may be useful for hitting targets, but there's no direct evidence it can kill zombies. The reviewer mentions preparing for zombies, implying potential effectiveness. However, the actual ability to kill zombies is not confirmed.",False,393.70408304966986
G_175,REC_175,B000BVQ80E,Home_and_Kitchen,long,descriptive,hybrid,1,Do I only have to use  Sephora chocolate or will any brand do ?,Any brand will work as long as it is formulated to use in a fountain.,KB_02185,1,"[""KB_02195""]","[""I would advise buying the Sephra brand chocolate wafers that are recommended, too, because you don't have to add oil and they melt quickly.""]",14.64099995791912,"The reviews suggest using Sephra brand chocolate wafers, as they melt quickly and do not require adding oil. This implies that not any brand will do, and Sephra is the recommended choice.",False,268.0875830119476
G_176,REC_176,B00HG1L334,Electronics,medium,descriptive,hybrid,1,Is it fit with lifeproofcase ipad mini?,[UNANSWERABLE],,1,"[""KB_02214""]","[""It works perfectly for my new iPad.""]",12.451332993805408,The available reviews do not provide enough information to answer this question.,True,216.91766695585102
G_177,REC_177,B007VFTO0E,Patio_Lawn_and_Garden,short,descriptive,hybrid,1,What size is the hole?,[UNANSWERABLE],,0,"[""KB_02226""]","[""It's Craftsman... do you need to make a review?""]",10.262875002808869,The available reviews do not provide enough information to answer this question.,True,221.9614590285346
G_178,REC_178,B001L1R3SO,Home_and_Kitchen,long,descriptive,hybrid,1,Does this blanket go on top of the bedding or do you sleep on top of it?,[UNANSWERABLE],,0,"[""KB_02227""]","[""We bought the queen-sized blanket for a queen-sized bed. I wish I'd bought the king &#8230; it's hanging over the edge of the mattress but there is NO way I could even come close to tucking it in. But it does keep us super warm and it's so much safer than the antique version that we were using.""]",13.62479105591774,"The blanket is used on top of the bed, as the reviewer mentions it hanging over the edge of the mattress and being unable to tuck it in, indicating it is placed over the existing bedding. It is not slept on top of, but rather used as an additional layer for warmth.",False,471.80837497580796
G_179,REC_179,B005N1190G,Pet_Supplies,short,descriptive,hybrid,1,What gage is the wire?,It looks to be 10 Ga,KB_02242,0,"[""KB_02240""]","[""Folds pretty easily to transport and wire is heavier than others I looked at.""]",12.479375000111759,The available reviews do not provide enough information to answer this question.,True,238.3226250531152
G_180,REC_180,B003F8GH6U,Sports_and_Outdoors,short,descriptive,hybrid,1,Where was it made?,They are made in China. The only water bottle I've found that is made in the US is Liberty Bottles. You can get them here or I saw them on the shelf at Whole Foods.,KB_02254,0,"[""KB_02254""]","[""The cap is made from a smooth and durable plastic.I ordered the Green Energy color, which is much more subtle when you get it.""]",11.087457998655736,The available reviews do not provide enough information to answer this question.,True,249.38104103785008
G_181,REC_181,B005IHAPBY,Automotive,long,descriptive,hybrid,1,"How tall are the top and bottom sides? I'm thinking about getting this engraved, but if it's too small then I can't",[UNANSWERABLE],,0,"[""KB_02270""]","[""After reading many reviews on license plate frames (crazy, I know), I settled on this one. Having received and installed it, I'm glad I did.It is just what it should be. That is, a nice frame that covers the not-so-beautiful edges of the license plate. It is definitely sturdy, and from the reviews I read, it will last better than some others that seem to fade over time.The caps fit nicely over the screws I got at Home Depot for $1.If you're spending your time reading about license plate frames, you can feel good stopping now and purchasing this one.""]",16.106249997392297,The available reviews do not provide enough information to answer this question.,True,158.39174995198846
G_182,REC_182,B009LJ9Z0M,Electronics,medium,yesno,hybrid,1,will this unit include docking for an Ipod and an Iphone 4?,Yes. I have used both my iPhone 4 and my iPod in the docking station and they work fine. One thing that could cause trouble is the size of your phone case. My phone case is small and it fits. A large case would need to be removed to use the dock.,KB_02287,1,"[""KB_02287""]","[""I purchased the radio and it is great! Love the alarm etc.The I-Phone Dock does not work with my Iphone 5C. It has the larger plug and is compatible with the Iphone 4 I think. If you have the new I phone don't waste the money.Otherwise a great product!! !""]",15.97662502899766,"The unit includes an iPhone dock that is compatible with iPhone 4, but it may not work with newer iPhone models. It does not mention iPod docking specifically. The iPhone dock has a larger plug, suggesting it is an older 30-pin connector.",False,474.95887498371303
G_183,REC_183,B003WAOVGY,Home_and_Kitchen,medium,yesno,hybrid,1,does this chair work with xbox one,"Yes, it will work with xbox one as long as you have a headphone jack in the tv or stereo. The chair can then be connected wirelessly or by wire (extra).",KB_02327,1,"[""KB_02308""]","[""My teenage son would blast anyone sitting nearby as he sprawled on the floor playing his Xbox or other games. With the X Rocker Pro gaming chair, he plugs in his earphones (peace and quiet for the rest of the household), experiences all of the special effects vibrations and sounds), and improves his posture too. He loves it (and so does mom)!""]",18.07870902121067,"The chair works with Xbox as the reviewer mentions their son playing his Xbox while using the chair. It also mentions the chair provides special effects vibrations and sounds, indicating compatibility. The chair is suitable for Xbox gaming.",False,429.69295801594853
G_184,REC_184,B00EVC9PQI,Electronics,medium,yesno,hybrid,1,would this tripod fit GE X450 power pro camera?,"It should look at the bottom of your camera, if there is a small hole yes, if its a 2 inch square lock or Oregon scientific mount no. Its a great pod I've had mine and been using it regularly for about a year works like new after some pretty severe beatings including submerging it a bunch of times. Still can't beat the price.",KB_02333,0,"[""KB_02338""]","[""This tripod holds my Panasonic Pro AG-DVX100B camera.""]",12.137292069382966,The available reviews do not provide enough information to answer this question.,True,228.12320804223418
G_185,REC_185,B0077QHF1C,Electronics,medium,descriptive,hybrid,1,"Can I select ""Random mode"" for songs playback?","Yes you can.  Press and hold the play/pause button on the device or the remote.  You will be able to choose between playing ALL songs in sequence, RANDOM within the current directory, FOLDERALL playing all the songs in the current directory only, ONE to repeat the current song.",KB_02363,1,"[""KB_02359""]","[""You can change the frequency, volume and select the songs.After 8 month, this one doesn't work any more.""]",12.434000032953918,The available reviews do not provide enough information to answer this question.,True,315.10866596363485
G_186,REC_186,B004T6M6Y4,Home_and_Kitchen,medium,descriptive,hybrid,1,Is lid transparent or do you know a transparent compatible lid?,no the lid is not transparent. I don't know of a compatible transparent lid.,KB_02388,1,"[""KB_02383""]","[""Displays very nicely on my pot rack and cleverly stores the lid on the long handle.""]",16.58908394165337,The available reviews do not provide enough information to answer this question.,True,123.5709999455139
G_187,REC_187,B000Q5APCC,Electronics,medium,descriptive,hybrid,1,What is the size of this radio?,[UNANSWERABLE],,1,"[""KB_02399""]","[""This radio gets great reception of distant FM stations and the sound quality is great for the size.""]",16.429458046332,"The size of the radio is not explicitly stated, but it is implied to be relatively small, as the reviewer mentions ""for the size"" in relation to the sound quality. The available reviews do not provide enough information to answer this question.",True,258.0790410283953
G_188,REC_188,B004MKJWJO,Electronics,medium,descriptive,hybrid,1,Will this card work with a 375 watt power supply?,"Yes, but I would recommend getting at least a 600 watt sometime in the future if you game a lot",KB_02409,1,"[""KB_02419""]","[""It takes only 1 6-pin power conenctor and comes with molex adapters so as long as you have a 350watt power supply/psu or higher than your good.My brother used this on his stock 350watt psu which has no 6-pin connector and the card works fine (used the molex adapter).""]",13.847500085830688,"The card can work with a power supply of 350 watts or higher, so it should be compatible with a 375 watt power supply. The card only requires one 6-pin power connector and comes with molex adapters for alternative power sources.",False,356.83954192791134
G_189,REC_189,B004MMXB6W,Sports_and_Outdoors,short,descriptive,hybrid,1,How wide is the sheath?,[UNANSWERABLE],,1,"[""KB_02441""]","[""This is a well made sheath for the price.""]",13.036541058681905,The available reviews do not provide enough information to answer this question.,True,216.24495892319828
G_190,REC_190,B002Q0W80W,Electronics,long,descriptive,hybrid,1,will it cpome with a plug in power adapter or do i neet to purchase it seperately,"It comes with the power adapter, and a antenna with VERY long cord. You will need a sound source, like powered computer speakers.",KB_02447,1,"[""KB_02447""]","[""The unit comes with the dock (which isn't cheap plastic, it's \""pleasantly heavy\""), an indoor/outdoor hinged antenna with a metal bracket on the back for sturdy mounting (no screws included that I could find), a headphone-to-RCA cable for connection to your receiver (That I didn't use. I plugged some high-quality computer speakers into the unit and it worked great), a wall-wart, and an instruction manual. Invest in a1-Foot Extension Power Cable, 5-Packif you're going to plug this into a power strip.""]",15.006083063781261,"The unit comes with a wall-wart, which is a type of plug-in power adapter. You do not need to purchase it separately.",False,279.681040905416
G_191,REC_191,B00AU6ED8Y,Sports_and_Outdoors,long,descriptive,hybrid,1,Is the barrel on this Umarex Octane .22 cal rifled? I read a review that said this was a smooth bore barrel???,"Yes, the barrel on the .22 cal is rifled.",KB_02476,1,"[""KB_02465""]","[""I was concerned about break barrel air rifles, but its been a long time since I bought a pellet rifle. I have owned crossman, daisy etc.. and my best was my pump bb rifle that broke and my grandfather replaced the spring.. wow I could shoot holes right through a tin can. This time around I wanted a .22 for small game. Due to govt. overreach there is a shortage of any pistol or rifle ammunition, so getting a .22 pellet rifle had me looking in all the stores.. and then the Umarex shows up as an ad.""]",16.066125012002885,The available reviews do not provide enough information to answer this question.,True,225.28245800640434
G_192,REC_192,B003F8UFC2,Tools_and_Home_Improvement,short,descriptive,hybrid,1,How long are the arms?,[UNANSWERABLE],,1,"[""KB_02494""]","[""They are very easy to install and the padded arms and arm spacing are perfect for SUPs.""]",13.04550003260374,The available reviews do not provide enough information to answer this question.,True,221.7064999276772
G_193,REC_193,B00B2B4OE4,Automotive,medium,descriptive,hybrid,1,for a 2000 xj need somewhere else?,Hi jose....you can use it is very good kit ... take a look on roughcountry page and check for updates... because I change some more parts for the steering..thanks.. in amazon they have a very good price... I use 15 wheel and separator too..,KB_02505,0,"[""KB_02501""]","[""After doing several weeks of searching online to find a good suspension lift for my 2000 Jeep Wrangler, I decided to go with Rough Country. I trust Amazon so I saw several kits at  reasonable prices and decided to purchase from here. A box pops up asking what's the vehicle information ( Style, make, model, year) I entered in my info and this was the kit recommended. I set up an Amazon account went through with purchase and 4 days later I received 3 boxes. I hired a guy to do the install since I have no clue how to piece everything together and he put the fronts on first everything was perfect.""]",15.990082989446819,"The reviews do not mention needing to look elsewhere for a 2000 XJ, they discuss a 2000 Jeep Wrangler. The available reviews do not provide enough information to answer this question.",True,384.64079098775983
G_194,REC_194,B00079EH3U,Sports_and_Outdoors,long,descriptive,hybrid,1,Do you need the back rest that is now available for the Swooper?,No.  The lack of a back rest helps me keep good posture.,KB_02533,0,"[""KB_02517""]","[""For me personally, it doesn't need a back, as It uses your own body for support. I recommend sampling the chair for a few days first to see if it's for you. Most Office Furniture Dealers that have this manufacturer available to them offer this service free of charge. Take it for a test ride prior to buying!""]",17.417624942027032,The Swooper does not necessarily need a back rest as it uses the user's own body for support. It is recommended to test the chair before buying to determine individual needs.,False,247.9207500582561
G_195,REC_195,B00EA1T3G2,Home_and_Kitchen,short,descriptive,hybrid,1,Where is it made?,[UNANSWERABLE],,0,"[""KB_02541""]","[""I trust this brand.So this set was almost a no-brainer for me. We don't use the cups in this set, but we've been loving all the other pieces. It is great for mixing up with some of my other round dinnerware.I've found 10 Strawberry Street to be a reliable brand, and I recommend it.""]",12.283541960641742,The available reviews do not provide enough information to answer this question.,True,118.1777500314638
G_196,REC_196,B004Q3PE30,Sports_and_Outdoors,medium,descriptive,hybrid,1,Are the brakes powerful enough when descending steep hills?,"Based on feedback from other reviews I replaced the brakes before I used the bike! I am very very happy with the bike overall - by upgrading the brakes, the chain tensioner, and new rim tape. This is a screaming bike,make sure you have a bike shop give it a tune-up before riding.",KB_02565,0,"[""KB_02567""]","[""I live in San Francisco, and given the hills we have, I couldn't rely on the factory brakes that came with the bike (mass times velocity gets into some big numbers on tandems!).""]",17.589833005331457,"The brakes that came with the bike were not reliable for descending steep hills, implying they may not be powerful enough. The reviewer had to replace the factory brakes, suggesting the originals were inadequate. This indicates the original brakes may not be sufficient for steep hills.",False,525.0842910027131
G_197,REC_197,B00873AO8A,Home_and_Kitchen,medium,descriptive,hybrid,1,Does it come with both unperforated and perforated insets?,Just a perforated.,KB_02598,0,"[""KB_02582""]","[""It was tender and delicious even without adding BBQ sauce. Tested it out boiling water and have also steamed beets. I was reluctant to go the pressure cooker route (I'm a slow foodie) but my family wanted the option of quick meals of beans and rice so there you go. I read the reviews in Cook's Illustrated and after comparing this to the lower priced option decided to go for the Fissler. Really glad I did. It arrived quickly and in great condition.""]",12.491000001318753,The available reviews do not provide enough information to answer this question.,True,116.73000000882894
G_198,REC_198,B00FORK3R4,Cell_Phones_and_Accessories,medium,yesno,hybrid,1,can i use this for maxboost,[UNANSWERABLE],,1,"[""KB_02613""]","[""Buy the Maxboost version of this.""]",12.997165904380381,"The product is recommended to be bought in the Maxboost version, implying it is compatible with Maxboost. It can be used for Maxboost. The reviews suggest a Maxboost version of the product exists.",False,366.5395829593763
G_199,REC_199,B004I4FRZW,Sports_and_Outdoors,medium,yesno,hybrid,1,"I have a oversized bag, will this cart work for larger bags?","Yes. I have a ""tour"" sized bag and there is no problem with it on this cart.",KB_02622,1,"[""KB_02630""]","[""my golf bag fits perfectly, its actually a little larger that I thought it would be.""]",16.04837493505329,"The cart appears to accommodate larger items, as one reviewer mentioned their golf bag, which is a bit larger than expected, fits perfectly. This suggests the cart may work for oversized bags.",False,356.09887493774295
G_200,REC_200,B006AVLS22,Tools_and_Home_Improvement,medium,yesno,hybrid,1,"will this one also remove heavy metals ( ie: arsenic,lead etc.) ?",[UNANSWERABLE],,0,"[""KB_02646""]","[""it also filters similarly to the non radiological filter but not to as fine a degree as the regular filter.i would recommend this to anyone to use your daily water bottle replacement.""]",16.485832980833948,The available reviews do not provide enough information to answer this question.,True,118.78358293324709
