golden_id,record_id,asin,category,q_bucket,question_type,pipeline,k,question,gold_answer,evidence_doc_id,is_answerable,retrieved_doc_ids,retrieved_context,retrieval_ms,generated_answer,refused,generation_ms
G_001,REC_001,B00E7LVBCE,Electronics,medium,descriptive,hybrid,5,My computer is DVI-I.  This monitor is DVI-D.  Is it compatible?,[UNANSWERABLE],,1,"[""KB_00001"", ""KB_00002"", ""KB_00003"", ""KB_00006"", ""KB_00005""]","[""Excellent. I wanted a monitor to connect to my laptop. I am enjoying with my new dell monitor good.It has both VGA and DVI options. Would have given 5 rating if the VGA cable was of good quality. Its of very poor quality."", ""I bought this to be used in my lab for my test servers. For less than a $100 I think I got a pretty good monitor. No - its not supper great for starring at all day - but its good enough to be used as a second monitor. Its attached to a DVI KVM."", ""This item arrived on time as promised. I unpacked the monitor, connected it to the computer, turned it on and it began to work correctly without any problems. I will buy another one if I need in the future."", ""Not too many reviews on this  but I think its a great monitor. Bought it for a new Dell pc and it looks great. The picture is fine and its a larger screen size than you would think. The dimensions are a little different. The monitor itself feels very wide or elongated but you get used to it. Not that big of a deal. Mine came with two cords, the VGA and DVI were included. Great purchase/ I would definitely recommend."", ""I bought this monitor because of its low price and thought I had gotten a good deal at the time. I should have payed more attention to the reviews. It was hard to look at for any length of time and it could not be seen from a angle. Disappointing at best although I now have a monitor to go with my old computer when I sell it.""]",16.317208064720035,The available reviews do not provide enough information to answer this question.,True,193.8040000386536
G_002,REC_002,B008N7CCJY,Electronics,medium,descriptive,hybrid,5,Can I use this for my android tablet in the car,"Dear Ann I do not own a tablet,however the purpose of this transmitter is to broadcast a signal thru your car stereo from outside devices, when you carstereo does not have an 3.5mm cable port this is a substitute.So if you are planing to play music thru your tablet ( AND ) if your tablet has a ear phone jack then yes it should work",KB_00016,1,"[""KB_00012"", ""KB_00015"", ""KB_00014"", ""KB_00017"", ""KB_00011""]","[""I use this in my car all of the time when I'm waiting in my car for someone or when I am driving. I love it a lot I definitely recommend!"", ""I just got this for my wife's car so we could listen to music from our phones. We used to use a tape deck adapter but the tape deck in her car just stopped working, so I got this."", ""This transmitter works great . . I love it . I can now use my phone in the car . The only couple of problems is that of course there's a little bit of static depending where your at but over all a great product"", ""I have a friend who has a similar product and he showed it to me and I thought that was cool beings I have a older car that doesn't have that .Hooked it up and works GREAT and also you can get phone calls though your car speakers which is quite helpful with the Laws in my State you can't use a cell while driving and it solves that problem. I would recommend this product to anyone THANX AMAZON : ) !! Very Happy"", ""Works great! Works with android phones well which is what both my fiance and I have. Easy to use too.""]",15.357999945990741,"This product works with Android phones, and several reviewers have successfully used it in their cars. It allows for music playback and hands-free phone calls through the car speakers.",False,319.7647089837119
G_003,REC_003,B008VGQ4VO,Electronics,long,descriptive,hybrid,5,"Can anyone provide the cord length? My CPU is under my desk, and most earbuds only provide about 4', which is too short.",[UNANSWERABLE],,1,"[""KB_00023"", ""KB_00027"", ""KB_00028"", ""KB_00025"", ""KB_00021""]","[""Comfortable earbuds but there's already a short the sound and I'd say I've had these about a month. Not too happy about that."", ""I recently bought these here and in my opinion....the new flat cord was a terrible idea....I had a pair before these with the round cord and they were great until they developed a short of course....unless you only listen motionless these new one's are worthless....the cord noise is so bad it's ridicules...why they would want to lose good customers like myself is a mystery to me...but they have...."", ""There is also a lot of cord noise. I sit at my desk and listen to pandora, and have to take the headphones out because the cord noise becomes very distracting - the slightest shift is incredibly loud.3. The tip. The eartips were very soft in the original S4 and could be removed easily for cleaning. These tips are made of much stiffer plastic that is unpleasant to use for long periods."", ""After doing a huge amount of researches, l finally decided to choose klipsch s4ii. I was looking for sth that could provide me the best sound under $100. I was thinking about Bose, but most other people were saying that these were worth the money. I put them on....the mids and background details are really nice! however! the baas is kinda bad. I was pretty disappointed by that. Even those $20 earbuds have stronger baas than it does."", ""the sound is great if u are not moving. good for desk work or laying in bed listening to music. the cords DO make a noise when u move them. when i called klipsch to ask about the noise they said they never heard of that before. i doubt that but will be returning them more than likely. also they short out easily if ur ears get sweaty.""]",17.1299590729177,The available reviews do not provide enough information to answer this question.,True,276.3079999713227
G_004,REC_004,B00C53831I,Electronics,medium,descriptive,hybrid,5,Will These Work In My Dell Optiplex GX 620sff?,"Yes, they should work on your Dell Optiplex 620. I have a desktop of that vintage and these modules worked on mine. Here's a suggestion: Go to Crucial.com and take advantage of their memory scanner-----this will verify the kind of memory modules your computer needs-----this doesn't commit you to buying theirs.",KB_00033,1,"[""KB_00033"", ""KB_00031"", ""KB_00034"", ""KB_00036"", ""KB_00032""]","[""One needs to be careful in buying memory modules without the advice of the makers of these modules. If you know the exact nomenclature of the description (by a little research) of the modules you need, then it is safe to purchase same. These modules were just what I needed to expand the memory on my Dell desktop computer. Easy to install and ran my memory stress tests with no errors. A good buy at a bargain price."", ""The memory was a perfect fit for my Dell desktop computers and I had no problem with installing the memory myself. I received my purchase ahead of time and you can not beat the price."", ""Ordered this a few days ago in order to replace some failing ram sticks, and to my surprise, the packaged arrived early! When I opened it, I thought to myself &#34;this is it, these will last me for a lifetime&#34;, and to my dismay, the ram sticks did NOT match at all! But the worst and most stressing part about this is that the new sticks did not work!"", ""i ordered two matching sticks and got two different ones. according to CPU-Z one stick is PC2-5300 and the other is PC2-6400 both made by MELCO. although the 6400 stick will revert back to 5300 it kinda makes you wonder how this could happen. you get what you pay for i guess."", ""The memory I received was made in 2007. It passed the performance test with average scores on the old Dell I put it in. Works good and I'm satisfied. Three stars.... I save higher ratings for excellence.""]",19.24454199615866,The available reviews do not provide enough information to answer this question.,True,253.37766599841416
G_005,REC_005,B006YVFGAS,Electronics,medium,descriptive,hybrid,5,Would I need to still buy a converter box for this antenna?,"Depends on your display monitor or TV. It needs to have a tuner built in to the display to go without a converter box. If it's an old heavy box CRT TV you will probably need a converter box. If it's a newer LCD TV than you probably don't. In a nutshell, your monitor or TV needs to be able to receive ATSC signals.",KB_00041,1,"[""KB_00041"", ""KB_00042"", ""KB_00049"", ""KB_00045"", ""KB_00043""]","[""I was a little worried that this antenna would be a waste of money, but I was wrong. After years of pixelation and moving my old rabbit ears around to try to get stations, I wanted to try something better. I have this going in to a digital converter box as I still have a tube TV. After messing around with the placement, I get more channels than before and I no longer have to worry about if where I sit in the room will affect my reception. Very good antenna!"", ""power, and with a new converter box scan I was able to somewhat pick up WTMV and its 2 sub-channels, 29-1, 29-2, and 29-3. It was VERY scrambled, and then I tried messing around with the placement of the antenna, and subsequent converter box scans couldn't pick that station up anymore."", ""Sometimes the cables not working too great so I switch to this Antenna and get all the channels I need, never miss a show"", ""This antenna did very poorly and was able only to get reception on 2 channels which formerly got 15 on old antenna .I would not recommend this product to anyone. I went back to old unit sold at Best Buy . It was a total waste of money."", ""It has been years since I bought an antenna, and so, even with digital TV, I was a little skeptical. Setting it up where I wanted it to go served no issue whatsoever. I plugged in the antenna, positioned it with the help of the converter box, and found the ideal position. The picture is comparable to that of satellite, and I am really impressed. Not only can I watch the channels I want to watch, but I can also record any program with the best of quality.""]",19.841875066049397,"Some reviewers used this antenna with a digital converter box, suggesting that a converter box may still be necessary, especially for older TVs. However, one reviewer mentioned getting all the channels they need without mentioning a converter box. The available reviews do not provide enough information to answer this question definitively for all users.",True,514.0283749205992
G_006,REC_006,B00CGW74YU,Electronics,long,descriptive,hybrid,5,It appears to be an elastic band around the middle part of the lens. OUESTION: will this band interfere with the lens when  auto focusing?,[UNANSWERABLE],,1,"[""KB_00053"", ""KB_00060"", ""KB_00054"", ""KB_00052"", ""KB_00057""]","[""I love this product. The band fits great around the lens. No more worrying where to put the lens cap!"", ""I just received the lens caps earlier this week and put them to good use immediately. These lens caps fit my lenses very well, as they will on any 58 mm lens. While I am not going to use the elastic band, I believe I will try to use the cords that come without the elastic. This seems a better fit for my needs.I will definitely recommend this product to a friend . . . but not an enemy."", ""Many similar elastic band retainers have bee criticized for falling off various lens caps and that may be the result of insufficient pressure when installing them."", ""I recently purchased a Nikon D5200 single lens reflex camera and am quite happy with it, except for one thing. The lens caps that came on the lenses have the brand name NIKON deeply embossed on the middle of the outward facing portion of the lens cap. Very good looking, but unfortunately because of that embossing it is impossible to have the adhesive that holds the lens cap to the elastic that goes around the lens adhere to the lens cap."", ""How often have you lost a lens cap? I have many times so I bought several of these and they are great and easy to use, especially with the nifty keeper. Just slip the elastic band on the lens itself and stick the sticky end on the lens cover and off you go!""]",17.56624993868172,The available reviews do not provide enough information to answer this question.,True,198.01016605924815
G_007,REC_007,B004HW6F9M,Electronics,medium,descriptive,hybrid,5,Do you need an amp for it?,Yes you do need an amp for it. I suggest pairing it with a pioneer digital amp. I have 2 of these In my TDI golf 2013 and they save so much space but have higher decibel readings then some of the extensive setups my friends have installed so far.,KB_00061,1,"[""KB_00061"", ""KB_00064"", ""KB_00062"", ""KB_00066"", ""KB_00063""]","[""i read all the reviews before i bought this and didnt see many bad ones. but i had to hear for myself. all i can say is holy crap. this thing is so small and sounds so huge. i have it in a 07 saturn vue running it with a pyramid 1000watt artic amp. if you need space and huuuuge sound buy this. buy it now!!!!!!!! !"", ""It sounds great, I have it running through an ancient RF punch amp and it hits HARD. Granted its an older RF amp and they are SERIOUSLY underrated. Its a sealed enclosure, so it\""s a quick,  solid hard hitting bass, rather than a really deep ultra low tone bass. It does need to break in and i feel that it will only get better after break in."", ""I ordered this not really expecting this much sound out of such a small box. I had an old Hifonics 50 x 50 amp that connected in bridge mode. This thing is awesome! Much more bass than I need. You will not hear it unless you are sitting in the truck and then it rocks. Vibrates the rear view mirror and the seats."", ""I was looking for a sub for my 2000 mustang ragtop to give me some bass when the top was down. Almost spent 600.00  plus at an electronics store, they said I would need a special setup to get bass. I read the reviews on this sub with the boss R1100M. Bought it, installed it, exceeded my expectations. Great sounding bass on the highway with the top down. The adjustable bass control that comes with the amp works great to adjust the sub to different music."", ""I have this laying in the trunk of my 2009 Civic. It takes up a small amount of space, but I can stack luggage on top if I need the space. The Pioneer GM-3500T amp driving it has plenty of power to drown out road noise on the freeway and rattle the trunk if I turn it up. Overall it is a great combination.""]",15.047249966301024,"Yes, an amp is needed for it, as all reviewers used an amp with the product, including a Pyramid 1000watt artic amp, an RF punch amp, a Hifonics 50 x 50 amp, a Boss R1100M, and a Pioneer GM-3500T amp.",False,516.1147919716313
G_008,REC_008,B00CAN8ETE,Electronics,medium,descriptive,hybrid,5,Has any one tried this with any car stereo 30-pin adapters?,It works with most 30 pin adapters. There are a get radios however that will not use the same protocol and do not work with the NAXA,KB_00072,1,"[""KB_00076"", ""KB_00073"", ""KB_00074"", ""KB_00071"", ""KB_00075""]","[""This thing never connected to any of my docks or with my car's 30pin cable. I sent it back and ordered the ViseeO Tune2Air WMA1000 which is more expensive, but works perfectly with every device I have and connects instantly in my car for A2DP Stereo Bluetooth music. Do yourself a favor and spend the extra money to get the ViseeO."", ""I tried this product with two different Sony bookshelf stereo systems and four different smart phones. It powered up and paired with each phone (iPhone 5, HTC One, and Samsung Galaxy), but it would not play any music through either stereo's speakers. I verified each docking station by directly connecting and playing music with an iPod. I returned the bluetooth adapter for a refund."", ""If I could, give this negative stars, I would. Not only did it not work (it just got super hot), when I plugged my iPod back in there was now a thumping noise, and it would no longer charge the iPod. I have one of those USA Spec adapters that hooks into my stereo. So while I was able to return the NAXA, I'm out $100 for the iPod adapter that I now have to replace. Super pissed about this thing."", ""Easy to plug into 30 pin socket and connect to Bluetooth devices. Volume is a bit low so need to crank up stereo then turn volume down for other sources."", ""I thought this would work on my car. My car has a plugin for an ipod so i tried to use this so I can play music from my galaxy s2. Didn't work.""]",16.52779197320342,"Some users have tried this product with 30-pin car stereo adapters, but it did not work for them, while one user found it easy to plug in and connect to Bluetooth devices, albeit with low volume.",False,264.1572499414906
G_009,REC_009,B0013V3CQY,Electronics,long,descriptive,hybrid,5,Can this be connected to a laptop anyway to record if so what do I need if not what will I need to get,"Yes, mine is hooked up to a lap top via an EasyCAP DC60 - USB 2.0 Audio/video Creator Capture High-quality Analog Video and I use a software video capture program to record to the hard drive, however its tedious and I reccomend getting aZmodo PKD-DK4216-500GB H.264 Internet & 3G Phone Accessible 4-Channel DVR with 4 Night Vision Cameras and 500 GB HD for about 100 bucks more for easy recording of surveillance video.",KB_00086,1,"[""KB_00082"", ""KB_00084"", ""KB_00085"", ""KB_00090"", ""KB_00086""]","[""The LCD even has an option to scroll back and forth between the two.Cons:1) To record you do need to hook it up to a recording device. Sadly it does not record on its own which does limit it's helpfulness a bit.2) Sometimes when viewed on a larger TV, the screen can be a bit snowy. However it has never gotten nearly bad enough for me that I couldn't see what was going on outside.3)The camera does need to be sheltered when used outside."", ""This is the second monitor and camera that I have purchased and if another one is needed I will not hesitate to order the same one again. It is just what we need for our vewing. Easy to use."", ""I love this little security camera. I bought it back in 2011 for $50 off Amazon.com from a seller. I mainly bought this to catch my sister&#8217;s ex boyfriend that stalks her constantly. I have yet to catch him, but I have caught many other crazy things outside with this camera. I attached it to my DVD recorder, so I can record for up to several hours non stop and catch anything I might miss."", ""the video baby monitor transmitted a crystal clear picture and great sound. ...therefore, I PACKAGED THE GE CAMERA AND MONITOR UP AND RETURNED IT FOR A REFUND  :(not sure what we're going to get to replace this - would like something that can be placed outside - but the baby monitor worked so well, i may end up with one of those  ;-)sorry that i can't say anything good about this system."", ""It views everything in a black and white picture, but does still have a picture whereas most cameras would just show black.3) The camera can and will record if and only if you hook it up to a VCR, DVD recorder, or some other recording device that works with AV cables.""]",20.538582932204008,"This can be connected to a laptop to record if you have a recording device that works with AV cables, such as a VCR or DVD recorder, to connect in between. You will need a recording device to record, as the camera does not record on its own.",False,337.9417919786647
G_010,REC_010,B004JKBVBY,Electronics,long,descriptive,hybrid,5,Polaroid GL10 PC Driver Does anyone know if Polaroid has issued a printer driver for PC (Win 7) to allow printing on the GL10?I have emailed the Polaroid Customer Contact with no reply.The product instructions say to contact poloriod.com for the software.  I can't find it on that site.Thanks.,"You have to go to, http://www.polaroid.com/en/greylabel and drag the large gray slider bar at the bottom of the page about half way to the right. There you will find links to the Android App, Mac, 32bit and 64bit Windows versions.",KB_00091,1,"[""KB_00094"", ""KB_00091"", ""KB_00096"", ""KB_00097"", ""KB_00093""]","[""I recently purchased the Portable GL10 Zink Printer from Amazon.com. I purchased the product in the view that it was a great idea and an extremely useful way of bringing back the old polaroid photograph style.However, whenever I downloaded the software from the Polaroid website which accompanies the printer, and decided to choose one of the overlaying filters for the photograph, my printer is no longer able to print the normal white border or any other filter."", ""Before noticing the button, I had sent and resent the file multiple times thinking it wasn't working.It took two weeks to find the mythical software on the Polaroid site that allows you to print from your computer. You have to go to polaroid dot com /en/greylabel  That's where you find the software for your PC and android smartphones. If you don't have a cable to print from the computer, one is not supplied. It's a standard cable so I probably have one somewhere."", ""The first printer I got was DOA. Would not power up or connect no matter what I did. No help files, FAQ, drivers, anything really on Polaroid's page. So, I used Amazon's great return policy and just ordered a new one. 2nd one worked fine. But the instructions say \""get the GL10 application\"". OK, where? I had to do some searching to find how to get to the link. Just bad support/design, in my opinion."", ""I just received this today. I'm glad I checked it out before giving it to my husband. The printer would not connect to the computer. After waiting 25 minutes on hold with Polaroid they just told me to return it. Also, it's nearly impossible to find the link for the computer software on the website. Don't bother looking for any instructions online either. To connect to the computer you need a USB to USB cable. This is not supplied and they are hard to find."", ""My expectations were met regarding the picture quality considering the price I paid and the product description. I understood this product was trying to recreate original Polaroid instant photos when I bought it.Ultimately, I returned the GL10. I like Polaroid's concept regarding this printer. However, the printing jams and the poor user interface in both the PC and Android applications make this product unsatisfactory.""]",26.358583010733128,"The Polaroid GL10 printer driver for PC is available on the Polaroid website, but it can be difficult to find, specifically at polaroid dot com /en/greylabel. A standard USB to USB cable is required to connect the printer to the computer, but it is not supplied with the product.",False,332.74387498386204
G_011,REC_011,B00CVK49LI,Electronics,medium,descriptive,hybrid,5,How can I order this case in Italy? Help me please.,[UNANSWERABLE],,0,"[""KB_00101"", ""KB_00106"", ""KB_00105"", ""KB_00102"", ""KB_00107""]","[""Great product! The color and contrast of the case looks really nice and it fits on the laptop well. The case snaps onto the laptop sides, the bottom one seems to be more sturdier though. Would definitely buy another one if I ever needed it (or maybe a different color). Very happy with the product."", ""inexpensive plastic cover works fine. Make break or become brittle in the future but great for the price. Very happy with this"", ""I just got this today and immediately put it on my laptop. It was very easy- only took about twenty seconds to put it on and it looks great- even better than it looked in the online pictures. After going back and forth trying to decide between the color choices, I went with the aqua and it is very pretty, so I'm happy. The one nagging concern is that I'm wondering how to clean this thing."", ""I give up the second cover that was supposed to fit y Dell. Both were junk and they both would Not stay on my laptop."", ""Fits my Dell Inspiron 15z Touch Ultrabook like a glove. Snapped right on and looks quite nice. It is see-through, but it looks kind of cool that way.""]",15.190583071671426,The available reviews do not provide enough information to answer this question.,True,142.88249996025115
G_012,REC_012,B0045ZZKOM,Electronics,medium,descriptive,hybrid,5,Will this work with a D3200??,[UNANSWERABLE],,0,"[""KB_00115"", ""KB_00109"", ""KB_00116"", ""KB_00113"", ""KB_00110""]","[""Makes my pictures looks great. I have D7000 and fits perfectly and plus the kits great... so you dont need to buy anything else cuz it's included. Easy to use too, i'm a newbie in this ... quite easy to figure it out, if not.. it's always google it to find the answer."", ""This flash works perfectly. It has very good light power and can reach out for those long shots. It also is easy on the batteries permitting a lot of work before recharging."", ""Just used this today. Perfect results. Good power, though not Nikon's most powerful. It will be fine for most situations."", ""This Speedlight was highly recommended at a Nikon class I took & now that I have used it, I can see why. Easy to use, very versatile. The package I bought (from Cameta Camera) came with some very good additions; only item I needed to purchase separately was the cord."", ""I am very satisfied with my Nikon Speedlight SB-700. I have not used all of the accessories yet, but those that I have used work just fine. I look forward to future use of these products.""]",15.29687491711229,The available reviews do not provide enough information to answer this question.,True,133.71058308985084
G_013,REC_013,B007KMFXZ8,Electronics,medium,descriptive,hybrid,5,how to add a new genre,[UNANSWERABLE],,0,"[""KB_00122"", ""KB_00123"", ""KB_00121"", ""KB_00119"", ""KB_00118""]","[""No resume, which means if you stop in the middle of a recording and then go back to watch you have to find where you left off. Like taking a bookmark feature out of a book, ridiculous. But typically, new improved isn't always improved. And we lose the ability to rename a recording. That made no sense."", ""I don't know how many times I have seen a commercial, or saw a recap, for a favorite show and rushed home to watch it before it got \""spoiled\"" by the media only to find it did not record and when I look up the timer schedule it tells me there are no instances of the show to find and record, new or reruns."", ""The guide data was instantly available in my guide. What would make a great box even better would be some minor tweaks I am sure that are software driven. Please allow more folders and sub folders. Add some of the more mainstream apps like Netflix, Amazon Prime and many of the other great apps found on a Roku box. Web surfing would be cool but might simply be a novelty, if you add the YouTube app and some others you would probably cover the bulk of what people are surfing."", ""You can still personalize favorite channels and the interface for doing that is great since it is clear to see what the channel is that you are selecting. You have to set up favorite channels for each Joey though.Transferring content from an external hard drive was easy and as before, you can add an external hard drive for additional recording storage. There are some apps available (which run through your internet). We connected to the internet via WiFi using the provided antenna."", ""First off, 4 TVs can't watch independently, only 3 can. There are only 3 tuners on the Hopper. The Hopper \""supports\"" 3 Joeys, but if you add a third Joey then one of the Joeys has to watch the same as one of the other TVs, or something recorded. This is VERY misleading advertising on Dish's part.We got the Hopper and 2 Joeys for a 3-TV two-story household.""]",15.636292053386569,The available reviews do not provide enough information to answer this question.,True,138.827208080329
G_014,REC_014,B00009R95W,Electronics,long,descriptive,hybrid,5,Difference between Hoya 58CIR or Hoya HMC ? Trying to decide between the regular Hoya Circular Polaraizing Filter or the HMC. Does the more expensive HMC give that much better results to justify the price?,"Yes it does.  I would never consider using a non-multi-coated filter on a digital camera.  The reason is simple.  The sensor has a flat glass protecting it (called a low-pass filter - LPF).  Some light will bounce off the LPF and head out the lens.  Since lens elements are multi-coated and curved, very little light will reflect back to the sensor.  But since the front filter IS flat, you can get a lot of light bouncing back.  If you use a non-coated, or single-coated filter, you get a lot of light reflected back into the sensor.  This shows up as a loss of contrast (veiling flair) or as ghosts and hot spots.  Multi-coated filters are designed to reduce this effect, but cannot eliminate it.  This is a real problem when you shoot into a light source.When shooing into a light, ANY filter will degrade the image.  Multi-coated filters are much better, though.",KB_00132,0,"[""KB_00129"", ""KB_00130"", ""KB_00131"", ""KB_00128"", ""KB_00133""]","[""This is a very good circular polarizer it not the newest one that the Hoya NTX But it still very good for the price can not beat it."", ""I have used both a cheap no-name circ-polarizer but it is was not even worth the shipping price. The threads on the knock off were rough and the adjustment ring difficult to turn. The Hoya is of a much higher quality. It adjusts with ease and threads onto your lens very smoothly. The filter is clean with zero imperfections. Highly recommended.The only improvement I would like to see is a mark on the adjustment filter for reference."", ""Excellent circular polarizer filter by Hoya. I'm using this for anOlympus PEN E-P1 12.3 MP Micro Four Thirds Interchangeable Lens Digital Camera with 14-42mm f/3.5-5.6 Zuiko Digital Zoom Lens (Silver Body/Black Lens)camera. The filter does what it is supposed to, cut back reflections, improve tonality of blue-green and give an extra punch to outdoor photographs."", ""Screwed it on my camera. Turned the the filter while photographing water with sun glinting off it and couldn't see any difference no matter how I turned the filter (I turned it 360 degrees). Could be operator error and if it is I'm happy to change my review but I don't think it's worth anything to me. I've put polarized sunglasses in front of my point and shoot and gotten better results."", ""The new zoom lens for the NEX SONY cameras uses a smaller filter size than the 49mm diameter which fits most of the other lenses currently being provided for these cameras. For polarizing effects it is therefore necessary to get the 40.5 mm diameter lens. It does provide adequate polarization control.""]",19.791999948211014,The available reviews do not provide enough information to answer this question.,True,272.5011670263484
G_015,REC_015,B008A4H67I,Electronics,long,descriptive,hybrid,5,"Is this compatible with the new dell inspiron 11 3000 series, the 2-in-1?",[UNANSWERABLE],,0,"[""KB_00137"", ""KB_00136"", ""KB_00134"", ""KB_00138"", ""KB_00135""]","[""So, the instructions are BACKWARDS. Like, part of the instructions say to twist something clockwise. Ergo, you should twist it COUNTER-CLOCKWISE!Other than that, I like this product. The color is cute (and matches my laptop) and the lock seems to work well."", ""This is sturdy, easy to use and a pretty color. You will need a tiny Philip's screwdriver to set your combination but after that it is really a good accessory to have if you use your laptop in public. No one wants to have to pack everything up and lose that prime spot in Starbuck's with the wide table and outlet just to go to the bathroom. It's a great deal."", ""works great and very easy to use. I much prefer this type rather than the ones with keys. I highly recommend."", ""My toddler loves my laptop. If I turn my head away for a second, he's already figured how to pop keys off. So in order to protect my computer, I ordered this security cable. (It's really very long, so I made sure to wrap it tight to keep my toddler safe, too. )I can easily lock my laptop to its desk and not worry about it being damaged. It allows for a four-digit combination, which is useful on the road."", ""after reviewing several different types of locks to send my daughter to college with, this lock was simple and not complicated to use. It is lightweight to throw into her backpack and is aware it is to hopefully slow down a would be thief--not necessarily prevent the theft. For now, its worth the investment""]",14.456291100941598,The available reviews do not provide enough information to answer this question.,True,251.9785420736298
G_016,REC_016,B004R7A9NU,Electronics,medium,yesno,hybrid,5,does it work for ipad 4,Yes it does indeed! I have the ipad 4 and its fits it perfectly,KB_00148,1,"[""KB_00140"", ""KB_00147"", ""KB_00148"", ""KB_00139"", ""KB_00141""]","[""The sleep / awake funtion on this case does not work for the new iPad. So, 1 star for using this with the iPad 3 but 4 stars for using it with the iPad 2 (sleep awake works for the older model). Unfortunately, I bought it for the iPad 3!! I was hesitant to purchase a case before the iPad 3 was released for just this reason, but I bought from this seller because they specifically said it would work with the new iPad. Bummer."", ""This is a nice looking Ipad 4 case. I love it. It does its job protecting the cover. Highly recommended."", ""I have an iPad 4 and this case fits perfect. Nice looking at a reasonable price. Very happy with this case."", ""Looks like it's luck of the draw. If you get one that doesn't work, keep exchanging it until you get one that does.Upgraded to 4 stars. If all the cases worked correctly with the iPad 3s and 4s out of the gate, it would be a 5."", ""Review changed from one to 4 stars. The magnets in the case do not line up to allow auto shutoff of the IPad when cover is closed. Function does work on IPad 2 models as we own one of those as well. As of 3/24 the vendor should only be shipping the new case that supports IPad 2 and IPad3 so review was changed to reflect the fix. They promptly got me a replacement case when the older IPad 2 case would not work.""]",12.934083002619445,"The case works for iPad 4, as multiple reviewers have confirmed it fits perfectly and does its job protecting the cover. Reviewers with iPad 4 models have expressed satisfaction with the case.",False,372.0627080183476
G_017,REC_017,B002PWHOYG,Electronics,medium,yesno,hybrid,5,will it position for a vertical shot?,Absolutely. The ball flips the camera on its side.,KB_00149,1,"[""KB_00149"", ""KB_00152"", ""KB_00154"", ""KB_00150"", ""KB_00156""]","[""It took me a little while to get a good operating process down when using the head but I am now able to use it with ease. The head does a good job of holding my Canon 40D in place when in the vertical position. I have a Manfrotto tripod that has a center column that can be place in a horizontal position and have have put my camera in this configuration looking down on an object I was photographing."", ""This is a really nice head. It has multiple adjustments and each one can be tighten individually giving you the ability to position the camera just about any way you want. If you are going to pan from side to side you will have no problems, but if you plan to pan up and down the ability will be somewhat limited. My guess is that you can go up to about 10 o'clock very easily but 10 to 12 will be a bit more of a challenge."", ""A spring flew out from underneath the broken plastic cap. I still have the parts. Also added a pic in the customer images.The tension knob still holds a camera in place but I wouldn't walk away from it. It bounces all over the place before settling into place when framing a shot.I got 2 years of acceptable use out of it. Maybe more if I had stuck to lenses under a pound...?"", ""But I now love the short knobs as it is more intimate and fine-tuned. I am no longer dodging around the long release and locking/unlocking is a matter of a few finger twists.Another great function, which speaks as much to the new tripod (Manfrotto 055XPROB Pro Tripod Legs (Black)) is when going to portrait/vertical mode, adjusting the now vertical position is smooth and there is no slack/play in the mechanism.Product arrived quickly as Prime and in retail Manfrotto packaging."", ""I bought this head the end of April this year, and would give it at less a four star rating, until today. The little spring arm that is your safety lock, so that if you accidentally move the release is failing. When I engaged the camera, the smaller spring arm does not fully swing back into it fully elevated position. If that does not happen the release arm has nothing to stop it.""]",12.584874988533556,"The head can hold a camera in place when in the vertical position, and adjusting the vertical position is smooth with no slack/play in the mechanism. This suggests it can position for a vertical shot.",False,371.4199169771746
G_018,REC_018,B003L75CUC,Electronics,medium,yesno,hybrid,5,I've got a nikond90 qith a 18-200 lens (72mm) will it fit?,"Yes, it'll fit.",KB_00167,0,"[""KB_00165"", ""KB_00166"", ""KB_00159"", ""KB_00161"", ""KB_00167""]","[""Overall I like this bag it serves its purpose however you have to be conscious of where the lense is pointing. If you do not pay attention you will end up with a black shadow/ring around your pictures from taking a picture of the bag."", ""I was expecting something a little more fitted since it mentions my camera model in the title of the product. It's HUGE and very hard to adjust outside of the water, let alone inside. I tried a couple photos outside the water and there was a lot of distortion as well as issues with the casing in the edges of the photos. I never return anything, but I will be returning this."", ""Went to pool to take some pictures.Water got in from two spots same time. Lens lid and bottom, I saved my lens but the water which got in from bottom went in to battery and screwed it up. Both sponges they put in the bottom got sock and let water further in. Thanks guys"", ""The case fit by Nikon d7100 camera and was water tight. The problem is that in order to adjust the focus or distance, you have to remove the front cover...which defeats the purpose of it being water tight!. Basically it became a waterproof storage case rather than actually taking pictures with it"", ""I ordered this model for my Nikon D3100. Sent it back.This model is for LARGE DSLR cameras, if you have a Canon Rebel series, or a Nikon D3000, 3100, 5100 or similar, this thing will absolutely swallow the camera.""]",18.02262500859797,The available reviews do not provide enough information to answer this question.,True,153.06650009006262
G_019,REC_019,B000GPHQWO,Electronics,medium,descriptive,hybrid,5,Does this lens fit on a Canon EOS Rebel T3i?,"I am positive that it will fit on Canon EOS Rebel T3i. This camera uses Canon EF Lenses. And this Sigma lens was designed with the same mount as the Canon's EF mounts. Just make sure you buy the one for Canon, and you should be fine.",KB_00170,1,"[""KB_00185"", ""KB_00184"", ""KB_00180"", ""KB_00186"", ""KB_00176""]","[""I used the lens on a Canon 7D."", ""I've been using the Sigma 105mm and 50mm macro primes on my Canon full frame bodies so I decided to pick this lens up for my Nikon D300 to give me a 105mm equiv lens for that system.In a nutshell, this lens is fantastic."", ""I STRONGLY recommend picking up a Tripod with this one, it's a little heavy on my Canon EOS 450D, and I find myself losing out on some real high quality shots cause of those shaky hands!"", ""Canon does not make an equivalent lens, even if I was willing to pay twice for an 'L' lens."", ""This lens does three things very well: (1) Macro, (2) Portraits, (3) Action. The image quality is great. The focus, while very fast and accurate, has some idiosyncrasies. (This review is based on an 11-day rental of this lens. I used the lens on a Canon 7D. )The macro works as specified. The lens is 9.4cm long, focussed at infinity. When you focus to 1:1 (about 25cm from the focal plane), the lens is 14.6 cm long.""]",14.103749999776483,The available reviews do not provide enough information to answer this question.,True,165.51087494008243
G_020,REC_020,B002TV5M5G,Electronics,long,descriptive,hybrid,5,I have an Edge 15 330M ..Is this the correct battery and is it made by Lenovo?,[UNANSWERABLE],,1,"[""KB_00202"", ""KB_00193"", ""KB_00194"", ""KB_00207"", ""KB_00206""]","[""After a week of using this battery, the bios of my Lenovo, before loading Windows, started saying that I wasn't using a genuine Lenovo battery and that Lenovo cannot guarantee the performance of the battery."", ""After a week of using this battery, the bios of my Lenovo, before loading Windows, started saying that I wasn't using a genuine Lenovo battery and that Lenovo cannot guarantee the performance of the battery. Sure does look genuine."", ""My Lenovo accepted it without any problems, and the battery life is good. But I replaced it with the old dead battery because I realized my laptop is less portable than I thought, and because I like having it always on (just lift the lid), instead of going to sleep."", ""My Lenovo accepted it without any problems, and the battery life is good."", ""There is not much to say about it except that it is the same battery that comes with lenovo computers.""]",17.535457969643176,"The battery is compatible with Lenovo laptops, but it is not made by Lenovo, as the BIOS warns that it is not a genuine Lenovo battery. The battery life is reported to be good by some users.",False,305.5226670112461
G_021,REC_021,B003YLZ8J0,Electronics,medium,descriptive,hybrid,5,Are there actually five programmable buttons? How are they programmed?,Yes they're are 5 programmable buttons but I only programmed in for video games.,KB_00219,1,"[""KB_00220"", ""KB_00210"", ""KB_00224"", ""KB_00212"", ""KB_00215""]","[""The programmable buttons are backwards."", ""I needed the buttons programmable so I could create specific custom repetitive tasks, and after installing the software, I only found that I could change the buttons to do pre programmed things already within the software."", ""The buttons are crisp and responsive."", ""This pile of junk can't make up its mind to be on, or off. If left sitting for about 5 min, I haven't timed it, the mouse turns off, and won't turn back on until you pick up the mouse, turn it over, turn off the mouse power switch, leave it that way for at least 5 seconds, turn it back on, and it will work until the next time it falls asleep, and then you can repeat the above process. The programmable buttons are backwards. If you set the function you want for button 4 for button 5, and vice versa."", ""If you decide to forgo the software, the default for the forward and back buttons are backwards.... the further button on the left is back and the closer one is forward... recovering from a digression, decent buy.""]",13.870000024326146,"There are programmable buttons, but the reviews do not specify that there are exactly five. The buttons can be programmed using the software, but it appears they can only be set to pre-programmed functions, and some users found the default settings to be backwards.",True,445.63420792110264
G_022,REC_022,B0083V5SZK,Electronics,long,descriptive,hybrid,5,"What are the 3 chargers i see 30 pin, is that usb mini? Whats the other?","It includes a 30-pin Apple connector, a Micro-USB and a Mini-USB.",KB_00229,0,"[""KB_00230"", ""KB_00229"", ""KB_00238"", ""KB_00237"", ""KB_00235""]","[""I have purchased about 5 of these over the past year, and love them. Very versatile for those who travel--particularly overseas. I live in the UK and constantly travel to other parts of Eurasia where the electrical systems are different. Works great for my Blackberry device, as well as apple devices in our family."", ""This little thing is brilliant. I can carry around one compact little charger and charge both my android phone or my iPad when I'm out somewhere. I don't have an iPhone, so I can't help out others who might need to charge their new phones, but that's the only thing it's lacking. I'm so glad I found this."", ""I can carry around one compact little charger and charge both my android phone or my iPad when I'm out somewhere."", ""I don't have an iPhone, so I can't help out others who might need to charge their new phones, but that's the only thing it's lacking."", ""I live in the UK and constantly travel to other parts of Eurasia where the electrical systems are different.""]",19.355207914486527,The available reviews do not provide enough information to answer this question.,True,169.84191699884832
G_023,REC_023,B000NIQMG0,Electronics,medium,descriptive,hybrid,5,What voltage?  Can the head operate on batteries?,"The external power supply is AC --> DC   12V@200mASo, yes, you could take a small 12vdc battery that has an out of about 200mA and power this unit.  If you did use a 12vdc battery you could charge/recharge the battery with a small solar panel that you could purchase for about $20.For Reference: http://www.emtcompany.com/x10-xm14a-ac-power-supply-charger-adapter/101334292.html",KB_00242,0,"[""KB_00248"", ""KB_00245"", ""KB_00257"", ""KB_00239"", ""KB_00256""]","[""I can operate remotely from about 60 ft. away."", ""I mounted my own wired video security camera (not an X10 camera) with Heavy Duty Velcro on top of this and watch the birds around my feeder along with other animals... It has 5 points to go to automatically. Center and 4 programed positions, then you can slowly move to any other location with the 4 up, down, left, right keys. The Tilt is controlled by a hand held 'RF' remote device. My camera is outdoors, outback and I control it from the front room about 50 feet away."", ""I mounted my own wired video security camera (not an X10 camera) with Heavy Duty Velcro on top of this and watch the birds around my feeder along with other animals... It has 5 points to go to automatically. Center and 4 programed positions, then you can slowly move to any other location with the 4 up, down, left, right keys. The Tilt is controlled by a hand held 'RF' remote device.  My camera is outdoors, outback and I control it from the front room about 50 feet away. The movement is very smooth, slow and quiet (the birds don't even hear it panning). I'll paint it 'camo' or cover it with 'camo tape' later..."", ""This is really cool. I have the camera and panner set up outside under eave of garage. I can operate remotely from about 60 ft. away. That is thru 3 house and garage walls and a 10 ft. breezeway. It can go left and right or up and down. You can preset 4 stops for each camera and keep sweeping or you can push left, right, up, down and go only as far as you want. It has a button to recenter also. The top that holds the cam has only 2 holes which didn't match my camera so I marked and drilled 3 holes to match my cam."", ""The Tilt is controlled by a hand held 'RF' remote device.""]",12.50066701322794,The available reviews do not provide enough information to answer this question.,True,174.76058297324926
G_024,REC_024,B0081XI2Y4,Electronics,short,yesno,hybrid,5,does this play audio?,"A VGA port carries video only, not audio+video like an HDMI cable does. You'll need to run audio through a separate cable (usually through a 3.5mm headphone jack) no matter what adapter you use.",KB_00260,1,"[""KB_00270"", ""KB_00268"", ""KB_00261"", ""KB_00258"", ""KB_00259""]","[""It charges with my phone's charger and it streams audio."", ""This adapter is simple plug and play."", ""This is a great little headset that combines all the features I want and need. It is small, light, loud and comfortable. It charges with my phone's charger and it streams audio. I really love this headset because of its superior noise-cancellation feature and its long battery life."", ""My son loves to play video games on his laptop this adapt make for better play when he can play ona largedscreen also good for viewing videos"", ""This adapter is simple plug and play. Our new Lenovo X1 Carbon have only a mini display port out - so connecting video equipment (large screen TV's or projectors) requires an adapter. This adapter was perfect.""]",15.098167001269758,"Yes, it streams audio. It is also used in a headset that is described as ""loud"", indicating that it is capable of playing audio.",False,292.16737498063594
G_025,REC_025,B006VB6UNI,Electronics,long,descriptive,hybrid,5,if I have no pc how do I charge it.. simple answers please,"You dont need a PC, the Nook have an adapter to connect it to AC power.",KB_00282,1,"[""KB_00287"", ""KB_00289"", ""KB_00279"", ""KB_00285"", ""KB_00293""]","[""I love my Nook Simple Touch."", ""I'd like to get a Nook HD also to watch movies and use as a tablet, but my Nook Simple Touch is perfect for reading."", ""I own a full-sized IPad that's great indoors, but I'm glad I chose a Simple Touch as my on- the-go reader. No worries taking it outdoors, camping, beach or pool. Better yet, I don't have to go to the library or purchase any books...just check them out from our county library via wifi at home! Can't do that on the &#34;other&#34; brands. Liked it so much, we now own four for each member of the family!"", ""I got this for a friend for their birthday. I got a pretty big discount on in and it had a case that came with it and I thought it was a steal until I found out that the Nooks are being discontinued shortly and that you aren't going to be able to get new books for them in the near future."", ""Just wish I had purchased the backlit one and also wished I had purchased a case for the Nook.""]",14.473833027295768,The available reviews do not provide enough information to answer this question.,True,131.5315830288455
G_026,REC_026,B00FGYC9LI,Electronics,short,descriptive,hybrid,5,Is there a laptop warranty?,[UNANSWERABLE],,1,"[""KB_00307"", ""KB_00298"", ""KB_00303"", ""KB_00312"", ""KB_00314""]","[""It does NOT look like warranty can be voided by opening the bottom."", ""ALL FOR $900 LESS than the Air, and $1700 LESS than the MacBook Pro.That's why I say it is the best bargain going in a full feature, desktop replacement laptop."", ""If you can handle just using the touchscreen or not being picky then get this computer! Someone else mentioned the keys. They are a little funny to type on, but it's something you'll get use to.I really wanted to love this laptop. The reviews are dead on about how wonderful this laptop is (minus the trackpad). I went with a Lenovo Yoga and I'm really happy now.Lenovo 13 3 Inch Convertible Touchscreen Ultrabook"", ""They are a little funny to type on, but it's something you'll get use to.I really wanted to love this laptop."", ""The reviews are dead on about how wonderful this laptop is (minus the trackpad).""]",14.041709015145898,The available reviews do not provide enough information to answer this question.,True,140.30979096423835
G_027,REC_027,B002KGXB0I,Electronics,medium,descriptive,hybrid,5,Can you plug headphones into it?,Nope  but if you have an ipod/iPhone you can just plugg headphones into that.,KB_00322,1,"[""KB_00330"", ""KB_00319"", ""KB_00333"", ""KB_00328"", ""KB_00331""]","[""She loves being able to plug her ipod into it."", ""This was purchased as a Christmas gift. The individual who received it loved it and is using it daily. She loves being able to plug her ipod into it."", ""I bought them for a Mexican school use and they want to connect headphones but could not do that."", ""Glad they include a remote because the bottons are hard to push(have to push hard)....on another note after double chevking this product when asked by amazon to answer a question about it i realized the picture shown is not at all what i recieved, there are no plug ins for mp3 player or headphones, half the buttons on the picture are not there."", ""I can't use it unless I use batteries, which is way too expensive, as It did not come with a wall plug.""]",13.373499969020486,"Some reviews indicate that there are no plug-ins for headphones, while another review mentions that the individuals wanted to connect headphones but could not do that. However, other reviews mention plugging an iPod into it, which suggests a possible audio input. The available reviews do not provide enough information to answer this question.",True,371.27295904792845
G_028,REC_028,B00G2BX616,Electronics,long,descriptive,hybrid,5,I heard that there is a problem and this device doesn't work with iOS 8.3?,[UNANSWERABLE],,0,"[""KB_00339"", ""KB_00340"", ""KB_00341"", ""KB_00338"", ""KB_00356""]","[""I am a GPS junky, so was intrigued by this device. The one I received seemed to have problems initializing. I contacted customer support. They were very helpful in trouble shooting the problem, which turned out to be me! But they were concerned enough to want to exchange mine with a replacement so they could double check the first unit. I consider that exceptional customer service, especially in light of finding out I was the problem!"", ""Really great when it worked. I'm a realtor and I bought this to show farms. It worked for about 3 days. Now it won't stay connected to my mini ipad. If you continue to adjust it will connect but it won't stay connected. With the cost of the mini ipad I have about $400 in it.I sent an email to the manufacturer but so far have not heard from them.Was contacted by John at customer support. The company replaced the item and the new unit works as advertised."", ""Questionable accuracy, plastic case, this is hardly a pro-pilot solution. Any older gps phone gets same results as this.I used it with ForeFlight on a mini IPAD. There are dropouts and its reliability is questionable. The only good thing is that it worked right out of the box with ForeFlight, This should sell at $25 a piece.Update:After playing with it longer , I decided to give it 3 stars instead of 2. It works with Foreaflight but it doesn't come close to any cockpit installed Garmin."", ""With a full charge, after an 8 hour day, I  still have about 65% to 70% of my battery. Generally I have an error of about 19 feet horizontally, slightly more vertical error. It holds a fix on satellites very well.However, when I use Bad Elf in the field for work, it has turned about to be a huge time sink. When I switch between the Bad Elf App (free and necessary to download for use on your device) and either my data collection App and/or my topo map App it loses power and fix."", ""I am a GPS junky, so was intrigued by this device.""]",14.141499996185303,The available reviews do not provide enough information to answer this question.,True,156.05833404697478
G_029,REC_029,B00HQXUFYA,Electronics,medium,descriptive,hybrid,5,does the HD run Thunderbolt 1 or Thunderbolt 2 ??  Thanks,[UNANSWERABLE],,0,"[""KB_00376"", ""KB_00379"", ""KB_00374"", ""KB_00372"", ""KB_00377""]","[""Here are my initial observations:Pro: the Thunderbolt is really fast."", ""This is my first G-Drive with Thunderbolt, after owning four other G-Drives without incident over the past few years."", ""I use the Thunderbolt connection primarily with a maxed out 2014 iMac."", ""With the Thunderbolt port, they're lightening fast."", ""Although, I fear that the Thunderbolt technology isn't refined enough yet and power draw could make this flaw all too frequent.""]",14.668292016722262,The available reviews do not provide enough information to answer this question.,True,134.3756669666618
G_030,REC_030,B008O7MEAU,Electronics,medium,yesno,hybrid,5,will this enclosure fit in a 13' chevy impala,[UNANSWERABLE],,1,"[""KB_00383"", ""KB_00392"", ""KB_00393"", ""KB_00384"", ""KB_00385""]","[""This enclosure does everything I expected it to, it's well constructed, looks great, and is very affordable. Every other enclosure I looked at in retail stores were upwards of $100, and that was without carpeting. All around, I'm a happy camper."", ""This enclosure does everything I expected it to, it's well constructed, looks great, and is very affordable."", ""I was actually surprised when I hooked up my two Boss Audio P12DVC subwoofers in this enclosure."", ""The box itself looks and feels nice but i will either have by buy another box or mod this one so my Rockford Fosgate p2 sub will fit which I'm sucks so make sure your sub will fit the box before you buy it or it will just become fire wood like mine probably will"", ""Arrived in 2 days, Great workmanship and materials. I was actually surprised when I hooked up my two Boss Audio P12DVC subwoofers in this enclosure. Using the 2 ohm wiring method, at 15% volume using a 100 watt sub amp (the P12DVC's are rated for 1000 each) I was nearly shaking my car already. This box is a definite steal at $38, its probably the best box that I have ever heard, by far, and I have hooked up subs for friends in $140 boxes. The biggest reason I was amazed was the extremely clear low frequency output and I mean 25 Hz low.Recommend to anyone with 12&#34; subs that wants really low and clean bass.""]",16.57266600523144,The available reviews do not provide enough information to answer this question.,True,143.72787496540695
G_031,REC_031,B007260OOC,Toys_and_Games,medium,descriptive,hybrid,5,How might I go about hanging them from my ceiling?,[UNANSWERABLE],,1,"[""KB_00398"", ""KB_00400"", ""KB_00401"", ""KB_00399"", ""KB_00402""]","[""These will not open to look round, have them hanging and still won't open all the way. Not what I expected."", ""These arrived on time and are perfectly light to hang from the ceiling. They added just the right bling to my granddaughter's room."", ""My 11 year old daughter loves these lanterns hanging over her bean bag reading corner with lights strung through them."", ""I ordered these not so much to use as a party accessory, but to spice up my daughter's room (she's into anything zebra print). These latterns along with other zebra accessories have brought her room to life and she loves it. The latterns are easy to assemble...took less than a minute and we strung them from the ceiling. Just be careful because they are paper..."", ""Just the right addition to my grand daughters zebra themed room. Just a little extra item for Christmas. Looks cute hanging.""]",13.508916017599404,"They can be hung from the ceiling and are light enough to do so. The lanterns are easy to assemble and can be strung from the ceiling, but be careful because they are made of paper.",False,264.5948330173269
G_032,REC_032,B00BSWSFEC,Toys_and_Games,long,descriptive,hybrid,5,Does the hair on this minion really lay down (like in the picture) or does it kind of stick up a bit?,[UNANSWERABLE],,1,"[""KB_00414"", ""KB_00410"", ""KB_00412"", ""KB_00411"", ""KB_00413""]","[""It's in really good shape, size is great (10 inches), the minion's goggles are rubber and it has like popping eyes, price is good for the qualty you get, really adorable. If you like the movie, you'll love this item."", ""This is a really nice plush minion. The goggles are hard plastic, not fabric like I have seen on other minions."", ""I like it but it doesn't look anything like the photo that I bought it under. It will make a great gift though, just wish the photo was a bit more accurate."", ""I've been looking everywhere for a cute little minion plush, ever since the first movie came out. Glad I could actually find one. This one is especially nice, because of how the eyes are made. They're actually plastic goggles so it looks just like the movie minions. Where as most of them have plush goggles that are all lopsided and weird looking. Perfect size. Really well put together. Awesome plush! Fast shipping! No problems! Anyone who loves Despicable Me will love this little guy!"", ""Not exactly sure what happened but it isn't what was in the picture and did not match the other Minion I had ordered.""]",21.167209022678435,The available reviews do not provide enough information to answer this question.,True,248.00637504085898
G_033,REC_033,B00ARQW1C2,Toys_and_Games,short,descriptive,hybrid,5,What is frustration-free packaging,"Agree with previous post.. I think the ""frustration free"" part means 2 things, first of all that it is very easy to wrap. It comes in a plain old cardboard box. Some toys are all kinds of weird shapes and hard to gift wrap. These packages make wrapping simple. The child won't know what the toy is even after unwrapping it. Also the fact that the toy is just simply put in a bag and it comes right out when you open the box. No annoying zip ties, screws, duct tape, twisty-ties or any of the other frustrating things that has your child waiting anxiously in anticipation to play with their toy for 20 minutes while an extremely frustrated Mommy and/or Daddy scramble to find a screwdriver, power scissors, saw or whatever else it takes to get the toy out! The frustration free packaging is so much easier for the gifter and the giftee.",KB_00427,1,"[""KB_00418"", ""KB_00424"", ""KB_00421"", ""KB_00419"", ""KB_00420""]","[""In addition, although the battery pack is difficult to get to, this Elmo comes in frustration-free packing (thank you Playskool)!"", ""They really should make it obvious that they are not sending it in the packaging. If you go on now they have that option but when I purchased this item I DEFINITELY purchased the standard packaging. They sent it without the packaging anyway."", ""Came in a timely manner. Just a heads up - It did NOT come in the store-type packaging, just a box. It works great and makes my son happy."", ""I bought this for my little girl (1 yo) for Christmas, because she is fascinated with talking stuffed animals and Sesame Street. When we pulled it out of the frustration free packing ( I love that feature), I was a little concerned that she would terrified of it. It is a bit bigger than I expected but it could be because she is so young."", ""Shipping was good. I ordered the item six days before Xmas so I knew it may have taken a while to arrive but it came the day before Xmas. I used the frustration free shipping so I understood that the item would not come packaged in it's original box.As for the product itself, my 3 year old loves playing with Elmo... but it stopped working this morning. She only played with him for less than 12 hours!! I used a brand new pack of AA batteries.""]",12.248791055753827,"Frustration-free packaging refers to a type of packaging where the item is shipped without its original box, instead being sent in a simpler box. This type of packaging is optional and can be selected by the customer. It is designed to be easier to open and reduce packaging waste.",False,485.645208042115
G_034,REC_034,B0001YH03U,Toys_and_Games,long,descriptive,hybrid,5,"what is the width and length of the bed? I would like to make a blanket and more but cannot find any measurements for a bed for an 18"" doll.","so sorry, but the doll bed is with my grand daughter.  I did, however, make blankets and pillows.  Bed is about 11 inches wide and 22 inches long... so an overhang and fold over top would be a blanket aprox. 18X 26",KB_00432,1,"[""KB_00434"", ""KB_00435"", ""KB_00431"", ""KB_00429"", ""KB_00428""]","[""Right now my daughter is using a pillowcase as a blanket until we get a little blanket to fit. The pillowcase is the perfect size, by the way. The bed seems very sturdy and looks like it will last a long time. Highly recommended!"", ""My daughter received this doll bed for her 7th birthday for her American girl doll. We are both very happy with it. It fits the doll perfectly both on the top and bottom bunk. I found it very easy to put together and all the pieces were in great condition. I did find that one of the holes for one of the screws wasn't quite deep enough, but that was easy enough too fix by poking a pointed screw inside to get the provided flat screw started. Then it worked fine."", ""My 8 yr. old really wanted to buy a bunk bed for her American Girl dolls with her own money. This bed was great for her budget. We were worried that it would be difficult to fit the doll in the bottom bunk but it was very easy. They fit just great. It's like an \""Ikea version\"" of an American Girl Doll Bed. The only bummer is that the ladder isn't attached. It just lays against the bed. But she is so happy with this product."", ""Had to find a bunk bed for 18&#34; dolls for a little girl in the family we sponsored for Christmas and I was excited when I found this one on Amazon. Most places had the beds but they were $50+ and that was just too far outside of my budget. Then we found this one for less than half that! Nice quality materials and I think it would hold up to the abuse of a 6 year old for quite awhile."", ""I am going to make a trendy-er cover set, but over all this is perfect for the 18 inch dolls like AG!""]",19.415374961681664,The available reviews do not provide enough information to answer this question.,True,252.92908295523375
G_035,REC_035,B000GQ0JZO,Toys_and_Games,medium,descriptive,hybrid,5,what size is this case ?,The case is 14 inches by 8 inches.  It is almost 3 inches deep,KB_00442,1,"[""KB_00439"", ""KB_00440"", ""KB_00438"", ""KB_00443"", ""KB_00441""]","[""The actual size is smaller than what you would guess from the picture (and smaller than other sets that I saw before). But overall, it is ok."", ""I was extremely happy with this backgammon set for the money. A nice little case that is just perfect."", ""Was wonderful but I exchanged it for a bigger one. I wasn't paying attention to the size. Promo return and refund."", ""Just like the one I used to play when I was a kid. So glad to have another classic game to teach my own children. Lovely case - great, well-constructed board."", ""I bought this game for my daughters to play on trips to the beach and love it's easy travel case.""]",11.933999950997531,The available reviews do not provide enough information to answer this question.,True,231.4251250354573
G_036,REC_036,B00172R9O0,Toys_and_Games,long,descriptive,hybrid,5,Need to know how to solve this.  I bought one at a garage sale without instructions.,you just move the ball around until it gets underneath the latch. then push the tab and it should open.,KB_00453,1,"[""KB_00449"", ""KB_00452"", ""KB_00456"", ""KB_00453"", ""KB_00450""]","[""Can't figure out how to solve. Maybe I need a better set of eyes. I think a solution sheet should be provided!"", ""Bought 3 of these for Christmas presents.Fun watching them try to solve the puzzle to get the &#34;prize&#34;. (I used cash instead of a gift card)Nice quality."", ""Every Christmas I give money maze boxes to my grandsons. This one was fun for one to open. I had also put the directions to solving the puzzle inside with the cash positioned where he couldn't see how to solve it. After about thirt minutes he blew hard in the hole to try to move the directions and the drawer popped open. All and all, it was a fun money maze."", ""I bought this as a gag gift for my husband to put money in. When I got the item I decided to try it out first. Lucky all I put in it was a gift card that had no money on it. Upon completion of the maze I gently pushed the button like the instructions said. However the drawer wouldnt come out. I do not recommend this to anyone. It wouldve been a great idea if it would of actually worked."", ""this was completely awful. could not get any cards or cash out. would need a hammer to open. am returning both that I bought.big disappointment. truly not for kids.""]",15.540833002887666,"One reviewer mentioned that their grandson blew hard in the hole to try to move the directions and the drawer popped open. Another reviewer followed the instructions to gently push the button, but the drawer wouldn't come out.",False,400.3695410210639
G_037,REC_037,B0084XZE7E,Toys_and_Games,medium,descriptive,hybrid,5,Is this a good gift for a 6 year old?,"Yes, it is perfect for a 6 year old. It is able to be peeled off if they stick it somewhere they are not suppose to do it on. I intend to buy several for all the young girls on my Christmas list and maybe 1 or 2 extra for Toys for Tots also.We also use it to decorate our postcards we send out for Postcossings. We have had lots of people ask us who sells it, especially people in other countries, it seems she haven't seen a lot of it.WE LOVE THIS ITEM!1!",KB_00458,1,"[""KB_00460"", ""KB_00459"", ""KB_00465"", ""KB_00464"", ""KB_00461""]","[""My 5 year old uses this tape on EVERYTHING and loves it! It's a great gift idea for any craft lover!"", ""I bought it for a nine year old girl and she loved it! She started making things right away! It was a good choice but a little pricey!"", ""Got as a christmas gift for a little 6 yr girl and ended up being jealous and wanting one myself at 26 lol. Perfect for scrapbooking and paper crafts. I personally use them when I ship things in recycled packaging, cute tapes to seal the boxes and envelopes that have been torn open, gives them personality. A+++"", ""I bought this for my ten year old Granddaughter and she really enjoyed decorating her school binder as well as different items.This is a fun gift to give to either boys or girls. Its like using a scotch tape dispenser, very easy to use."", ""This was a successful gift for an eight year old girl who likes tape. There are a lot of choices of style and nothing that would be in poor taste.""]",13.381458004005253,"This product is suitable as a gift for a 6 year old, as one reviewer purchased it for a 6 year old girl and considered it a great gift. It's also easy to use, similar to a scotch tape dispenser, making it accessible for young children. The product is fun for kids to use for decorating and crafting.",False,422.7377499919385
G_038,REC_038,B00004YRPC,Toys_and_Games,medium,descriptive,hybrid,5,what kind of air can it get bruh?,"Well, ""bruh"" if you are 8, it gets sick air! I'm sure the stronger one is, the higher you can go. No, there wouldn't be back flips happening...and it does feel a bit tight right out of the box.",KB_00473,1,"[""KB_00468"", ""KB_00469"", ""KB_00471"", ""KB_00473"", ""KB_00474""]","[""It is well made but is too stiff for a seven year old to use. She can't get any bounce out of it. I haven't been able to find an adjustment of any kind yet."", ""I am 85 pounds and it works great (in fact the pedals go down to the tip when i jump!P.S. You can't get over 1foot of air (unlike flybar)"", ""Whether you are looking to start a life-long hobby of Pogo-Sticking, a new way to exercise, or just want something to do, this is the Pogo-Stick for you. It's an easy option to start with. The weight rating is 80-160 pounds and if you know what you are doing you can get about a 2 feet of air. The product also includes a link for the companies website to get replacement parts. This is a great buy for a beginning Pogo-Sticker."", ""This is a great pogo for  anyone who wants to jump really high. It gets tons of air. In general it's just a great stick plus the custormer service is really good so I would reccomend this to 10-11 year olds and teenagers who are below the weight limit. For more info on this stick go to  [...]"", ""This stick is the the greatest thing ever! My friend just got it a few days ago in just the first few jumps  he was already getting over a foot of air! it was was crazy even he was amazed. Even I who had never really done it before learned pretty fast on this stick. Plus the foam is awsome it feels really good on your hands and legs unlike other pogo sticks.""]",14.589875005185604,"You can get around 1-2 feet of air with this pogo stick, depending on your weight and skill level. Some users have reported getting over a foot of air, while others have achieved up to 2 feet.",False,295.7350420765579
G_039,REC_039,B00GZ1GUSY,Toys_and_Games,medium,descriptive,hybrid,5,It is Singal Player or Two Players,Single player with an online multiplayer component.,KB_00478,1,"[""KB_00486"", ""KB_00481"", ""KB_00479"", ""KB_00485"", ""KB_00478""]","[""I like the games that have a Great campaign rather than Multi player. Tomb Raider Definitive Edition may be one of the Best Single player games EVER! The graphics, game play, story line and upgrade system are Incredible. As the game progresses you wonder, how could it get any better...and it does! This game does Not Disappoint! Buy it on Amazon for $30, it is worth every penny!! !"", ""The single player experience is phenomenal. Tense moments throughout really make you jump with a good pair of headphones. The multi-player is a joke, and brings down the rating 1 star. Bad move on Squeenix's part. Gorgeous graphics on PS4 too."", ""I've beaten the game, and it was such a blast to play that I am going to try to unlock the Platinum trophy for it. The only part that I didn't like about the game was some of the QTE's. I haven't tried the multi-player yet, but plan to soon."", ""It adds a small but considerable aspect to the gameBottom line-This is a different game than the last gen version, so treat it as such. If you have already played the game I wouldn't warrant buying a new one just cause you can, but if you are looking for an action packed 16 hours (single player) than this is your game. The online isn't anything ground breaking but it is entertaining."", ""The multiplayer is pretty undercooked as well.All in all though, this is a fun single player experience for anyone who loves adventure games and great environments.""]",15.041250037029386,"The game has both single player and multi-player options, but the multi-player is considered underwhelming by some reviewers. The single player experience is widely praised as phenomenal and action-packed. It can be played by one player, with an estimated 16 hours of gameplay.",False,428.68154193274677
G_040,REC_040,B000ANKKK2,Toys_and_Games,medium,descriptive,hybrid,5,Do you get a strike every time (like the video shows)?,No. It's just like being at the bowling alley. Fun and challenging.,KB_00488,0,"[""KB_00489"", ""KB_00488"", ""KB_00495"", ""KB_00496"", ""KB_00491""]","[""We bought this for a surprise for the grandchildren - and what a surprise!! The kids range in age from 13 to 18 months, and they are all enjoying it. The little ones (2 under 2 years old) simply love rolling the ball at the pins and knocking things down. The older ones keep score and get very competitive with each other. The board is solid. The pins are wood and are substantial. There's two bowling balls."", ""This is a fun for the whole family low tech game, and made in the USA. It's nicely challenging to the user. Wooden pins...more like an old arcade-type game. Overall a well made toy."", ""Fun for all ages. The ball launcher is good for those with arthritis. The manual pin setter is unnecessary but creates a nice backboard."", ""A well made game that has given hours of trouble-free fun to my grand kids. For the size it's the closest thing to actual bowling, being able to control the ball and the pin spotter action."", ""Purchased for a bed-bound lady who used to bowl. She loves to play this table top, and it brings back so many memories for her.""]",15.970125095918775,The available reviews do not provide enough information to answer this question.,True,226.89775004982948
G_041,REC_041,B004KKX82I,Toys_and_Games,short,descriptive,hybrid,5,what is its stamina level?,It's one of our longest lasting blades. Don't know the number.,KB_00497,0,"[""KB_00501"", ""KB_00500"", ""KB_00504"", ""KB_00498"", ""KB_00505""]","[""Scythe Kronos is one of the best stamina types. It has two modes: stamina mode, attack mode. I LOVE IT and I give it *****"", ""Awesome bey grate stamina the tip is great to help attack beys with low stamina just grate All around bey"", ""FACE: KronosClear Wheel: KronosMetal Wheel: SytheTrack: T/TornadoBottom: EDS E/Eternal D/Defense S/SharpThis beyblade is very good. The EDS is free spinning that makes the beyblade stamina.It is a Stamina Type"", ""It is amazing how long this bey spins even while being hit by strong attacks or against other stamina types."", ""It is free-spining which prolongs the duration and stamina of the beyblade, it has this small spike which gives it a lot more stamina but it will get flat if the beyblade is used wrong or if overused.Its a great beyblade Overall and you will love it as soon as you get it but keeping in mind taking care of the performance tip.""]",11.688917060382664,"The Scythe Kronos has a high stamina level, with features such as free-spinning and a performance tip that prolong its duration and stamina. It can spin for a long time even when hit by strong attacks or against other stamina types. Its stamina is one of its notable strengths.",False,421.75325006246567
G_042,REC_042,B00DJ78H1A,Toys_and_Games,medium,descriptive,hybrid,5,I wonder if I can buy two adapters and connect 3 batteries?,"I don't see why that would be a problem, but your lift-off weight will start reducing the overall flight time so you wouldn't get three times the length, but probably something like 2 1/2 time.",KB_00509,0,"[""KB_00507"", ""KB_00509"", ""KB_00508""]","[""Best way to connect in parallel two batteries of the same make and size to the phantom to extend flight time. You will want to add a twin battery plates to exterior of Phantom to make best use of the Y Harness."", ""I dont see the difference. I think with the DJI Phantom Quadcopter Dual Battery Carbon Fiber Mount they make my DJI quadcoper heavier to fly. or maybe the cable drains the energy from both batteries at the same time. cause by the time i finish exhausting the batteries they are both dead whereas i flew the copter for only 5-7 mn. which is normally the fight time of one battery anyway."", ""These are just what they say they are. They work great for adding extra batteries to your Phantom. I suggest them is you want more flight time.""]",13.931875000707805,The available reviews do not provide enough information to answer this question.,True,126.70879194047302
G_043,REC_043,B00IGXUSGY,Toys_and_Games,short,descriptive,hybrid,5,What age is this for,Great for 2 year olds - anywhere from 1.5 - 5 year olds enjoy at our house!,KB_00517,0,"[""KB_00516"", ""KB_00513"", ""KB_00511"", ""KB_00510"", ""KB_00517""]","[""Sturdy and fun for the kids."", ""This is a good water table. It comes with several little activities to pour water into and is at a good height for my 19 mo. old son. He seems to like! The drain plug sometimes leaks a little and when you go to release the water sometimes the plug comes off entirely which by design it should not. Overall this is a good product."", ""by far the best water table for toddlers"", ""my son loves to splash.... in the tub, in the sink, anywhere he can. he usually gets in trouble for it, so we thought we might get him a place to splash, discipline-free. best birthday present ever!"", ""Setup was literally a snap (all of the parts easily \""snapped\"" together) and it took only about 15 minutes. Assembly instructions were detailed and clear pictures (not idealized drawings that are hard to decipher, like some instructions.) Even before the water went in, my 29 month old daughter was already having fun spinning the octopus and organizing the \""fish.\"" Then her four year old big brother and I filled it up with 4 gallons of water and the fun really started.""]",11.124582961201668,"This product is suitable for toddlers, with reviewers mentioning it's good for a 19-month-old son and a 29-month-old daughter, as well as a four-year-old child. It's described as a good water table for toddlers. The product is likely intended for children around 1-4 years old.",False,479.13237498141825
G_044,REC_044,B0002D00QE,Toys_and_Games,medium,descriptive,hybrid,5,Does this product include any cleaning tools such as swab ?,"It comes with a plastic stick with a loop on the end for attaching a bit of cloth (cloth not included), a fingering chart, and is all in a plastic cover. It was easy enough for me, in my opinion, to get a little of cloth for the cleaning stick to swab it with, some cork greas to have for it, and I additionally made myself a nice instrument roll to have a better place to keep it and accessories than the plastic sleeve it all comes in. I've seen nany inexpensive on etsy on stuff liked that; I just preferred the fun of making my own to customize it and make spots for the accessory supplies I wanted to keep with it.",KB_00518,0,"[""KB_00518"", ""KB_00519"", ""KB_00524"", ""KB_00523"", ""KB_00522""]","[""This is a high quality entry level recorder.I wouldn't recommend it for a very young child because the inside can get damp after use and you need to clean and dry it after you have a session. The sound is richer than the cheaper plastic instruments. It comes with a cleaning rod. The recorder takes apart into two pieces for cleaning."", ""These are (I bought two) very nice recorders. Don't let people tell you the plastic ones sound just as good. I own both, and there's no comparison. It's nice that this comes with a cleaning stick, but the storage case is something that looks like it was made out of clear shower curtain material. I'm going to end up searching for, or making a better case for it."", ""The recorder is okay. It sounds about as good as the much less expensive plastic one, but it is quite difficult to clean/sanitize. I sometimes buy products made in China, but I was under the impression that this recorder was from Germany. When it arrived we saw that it is a German company that manufactures in China. Because my kid puts this in her mouth, I wanted a product manufactured in a place with more stringent rules on toxicity in paints, treated wood etc."", ""Product description says this is made in Germany. I didn't pay 2.5 times more for this recorder than a Tudor or Yamaha that I KNOW is made in China for a recorder that is falsely advertised as made in Germany just to find that it's made in China.Looks like a nice recorder, but I can't say that it sounds any better or will last any longer than a $10 Yamaha or Tudor."", ""This is a good recorder, especially for the price. The wood ones have a great tone that the resin ones cannot compare with. It is a soprano recorder so it is pitched high, but the finger spacings are easy and the product itself is quite decent. This is a great beginning recorder to get used to woodwinds and reward yourself with easy playability.""]",19.51754209585488,"This product comes with a cleaning rod or stick, which can be used for cleaning. The recorder also takes apart into two pieces for easier cleaning.",False,426.991333020851
G_045,REC_045,B00AEQ0JTM,Toys_and_Games,medium,descriptive,hybrid,5,Can it fit in a 1/16 e-revo,[UNANSWERABLE],,0,"[""KB_00527""]","[""No complaints! Great product and great price. Easy to set up with spektrum radio. I'm hooked on spektrum. Plus amazon prime! Can't beat it.""]",12.515084003098309,The available reviews do not provide enough information to answer this question.,True,242.94499994721264
G_046,REC_046,B0092BWWG8,Toys_and_Games,long,yesno,hybrid,5,"This says fulfilled by Amazon, will I actually have it in 2 days (with Prime shipping)?",[UNANSWERABLE],,1,"[""KB_00534"", ""KB_00528"", ""KB_00530"", ""KB_00535"", ""KB_00529""]","[""Yes Pretty, Came quickly, I am happy with the product. The hair clip is weak and the power pack is on the heavier side. (not sure what I was expecting there).It would be better if the Hair clip were stronger to actually hold the thing in the place. I am thinking of modifying the ones I have to make them more practical. Fun things..."", ""They are cheaply made, and I had one break before I ever even used it, because I was trying to figure out how to make it &#34;flash,&#34; as the Amazon description said it would (it doesn't).HOWEVER, they are super cute, and definitely worth the low price. Right now, they are $5.29 with free (Prime) shipping for a 6 pack. That is a good price."", ""Some reviews state that they don't last long. The package says it brings trial batteries so if using for more than one occasion, look up battery size CR1220. I saw some on Amazon for like $4 a five pack which is not bad either. I think if I get to use this for about three occasions in the following months, then I'll get more than my money's worth. Also, the clip is a bit on the big side but it lights up too which is a pro."", ""In the last 30 seconds:-the plastic of the barrette broke when opening metal clip in 3 of the 4 barrettes-the plastic was already broken in the 4th package that I looked at-the light source to the fiber optics is bright and awesomely blinky, but the actually fiber is near useless-I helped potential buyers from buying this crappy product..."", ""I bought 2 packs of 6. 7 of the 12 broke off the barrette as I was taking the outer cellophane off. These are cute and fun, but you would need to buy twice as many as you actually need to make sure you have enough unbroken ones to use. While they did not glow as in the pictured, the flashing lights in the barrette part gave off enough light to be a fun addition to a party. We had a good time with the unbroken ones.""]",15.30520897358656,The available reviews do not provide enough information to answer this question.,True,260.93779201619327
G_047,REC_047,B00000J0NT,Toys_and_Games,medium,yesno,hybrid,5,are there REALLY 120 different colors?,"Yes you get 3 packs of different types of colors, 1 regulars, one neon and one of "" fun"" colors including extra bright, glitter and more.",KB_00542,1,"[""KB_00538"", ""KB_00541"", ""KB_00544"", ""KB_00540"", ""KB_00543""]","[""NOT 120 COLORS! It includes multiple boxes of crayons that are identical, not 120 different colors"", ""There is nothing negative I can about this.There really are 120 different colors. They really are ALL different (unlike the box of 64 colored pencils). It comes in a great sturdy box with a crayon sharpener. I'm 33 and I love coloring!"", ""i like these crayons and they were cheap, but some of my crayons when i got this were broken, but crayons are easily broken so wasnt that big of a deal. i thought when there was 120 crayons there would be more variety of colors nut some arent all that different. some people said there were duplicate colors of the crayons in the box, that is not true they are similar but not the exact same crayon."", ""You really can't beat the quality of Crayola's crayons. Other crayons are too waxy & break far too easy. Crayola's crayons are durable & very vivid. In this box, there really are 120 crayons of different colors. Who knew there even could be that many colors? !"", ""Okay, so when I opened this box I was admittedly confused, I thought, oh no this is just 2 48's and a 24 count box of regular crayons...but when you open the boxes they are all different colors and you really do get 120 different crayons, and amazing colors at that!""]",13.871499919332564,"There are conflicting reviews about the number of different colors, with some stating that there are 120 different colors and others claiming that some colors are similar or identical. Some reviewers have found that the set includes multiple boxes with different colors, totaling 120 unique crayons. However, not all reviewers agree on the variety of colors.",False,448.62029096111655
G_048,REC_048,B0062RKIIY,Toys_and_Games,medium,yesno,hybrid,5,can I get it in silver?,[UNANSWERABLE],,0,"[""KB_00551"", ""KB_00552"", ""KB_00548"", ""KB_00556"", ""KB_00549""]","[""We'll keep trying though. Either way my son is quite upset :(UPDATE:  After waiting almost 30 days I didn't get a response from either the seller or the toy company, so back it went. I still think it's  a good car, but beware of the fragile antenna!"", ""We bought my son this toy for his birthday. He has used it for less than 24 hours and already we have a problem. The antenna is very weak and snapped as we were pushing it back in to put it away. Very disappointing! The car was zippy and durable, but the control antenna breaking was obviously a bummer. Hopefully we can find a replacement or return it. I will update later if we get it all figured out."", ""I bought my great nephew the mustang, so of course I had to get the Camaro for his older brother. Now they race and have a ball. This is a fantastic toy."", ""Very nice car, Grandson wanted this car. I'm sure he will love it. I think it is really neat. Super"", ""Second one of these I bought that has a wiring short in it. It goes until it hits an object, or even just goes up onto a carpet, and it stops. Can't get it to go again unless you pick it up and shake it. Made in China = doesn't work.""]",12.031916994601488,The available reviews do not provide enough information to answer this question.,True,336.7604579543695
G_049,REC_049,B00FDTJQYY,Toys_and_Games,medium,descriptive,hybrid,5,Are the clips s clips or c clips?,They are s clips,KB_00558,1,"[""KB_00568"", ""KB_00558"", ""KB_00559"", ""KB_00574"", ""KB_00570""]","[""The clips are &#34;s&#34; clips which are a little harder to use than the &#34;c&#34; clips that come with the rainbow loom."", ""This was really a good deal and there were lots of colors in the bag. The clips are &#34;s&#34; clips which are a little harder to use than the &#34;c&#34; clips that come with the rainbow loom."", ""like the price and the quantity you get with them, Love that it has the clips, what a bonus that was!! !"", ""The latex loom bands came but no clips."", ""I did get 1200 with clips, but the packages are not of 'assorted colors'.""]",13.399749994277954,"The clips are ""s"" clips, which are a little harder to use than ""c"" clips. They are included with some purchases, but not all. The type of clip is confirmed by multiple reviews.",False,407.12400001939386
G_050,REC_050,B00EZIXA78,Toys_and_Games,medium,descriptive,hybrid,5,what kind of canopy/umbrella do you use with this?,This model doesn't use an umbrella. We have never had any complaints from our three children who are still using this as 3 and a half year old twins and a 20 month old. It is our go to ride.,KB_00583,1,"[""KB_00589"", ""KB_00593"", ""KB_00599"", ""KB_00595"", ""KB_00594""]","[""It would be nice perhaps to have provision to attach an umbrella or canopy, however, the fact that it doesn't have a canopy means that taller children fit into it without a problem.I would definitely recommend this wagon to a family with multiple children.I received the Radio Flyer Triple Play Wagon for my honest review from the Amazon Vine Program."", ""You must buy the deluxe version if you want  a canopy."", ""kids just love going for rides! The cup holders are great for each of them to have a sippy and/or snack. Plus 2 adults can also take drinks along.My only &#34;complaint&#34; about this wagon is that it doesn't have an option for a canopy. You can get the deluxe version with the canopy, but you cannot add it to this version. The holes for installing the canopy were not drilled into this wagon, so it has the spot from the mold where the indent is, but no hole. I would have liked the option to upgrade later if I wanted. So, if you want the canopy on it, get the deluxe version from the start."", ""You can get the deluxe version with the canopy, but you cannot add it to this version."", ""You have to buy the deluxe model for the canopy.""]",12.553749955259264,"The deluxe version of the wagon comes with a canopy, but it cannot be added to the standard version. To have a canopy, you must purchase the deluxe version.",False,309.1395410010591
G_051,REC_051,B0002KW4AC,Toys_and_Games,long,descriptive,hybrid,5,"Does this unit come with tip or need to buy the tip kit?  If it comes with one, what tip is it?  Thanks.","It has been a while, as I recall it comes with a tip. I do not remember what size. I did buy a set of tips because of the different type of soldering I do. I wanted a small tip for surface mount components. Hope that helps.",KB_00605,1,"[""KB_00611"", ""KB_00612"", ""KB_00605"", ""KB_00601"", ""KB_00609""]","[""I've been doing a lot of SMD soldering with the original tip, however I am going to be getting a separate brass tip cleaner.Still one of the best purchases that any hobbyist can make."", ""I was also able to use my Weller soldering iron by just pluging it in, so your not stuck with one size tip and waiting for the iron to cool down to change the tips."", ""PERFECT product for hobbyists and I would venture to say for professionals as well!Don't let a lack of reviews deter your decision! Give Elenco's Station a chance! *****3 years after purchase...And another update nearly a year after the comment I left on this review:Both station and iron are still doing extremely well. I've never replaced the tip and it still works great. I've been doing a lot of SMD soldering with the original tip, however I am going to be getting a separate brass tip cleaner.Still one of the best purchases that any hobbyist can make."", ""I bought this and used it for a week. Mine took a long time to heat up even after tinning the tip it seemed to be a long time before I could solder a decent joint. I tried to desolder a few components on a 360 controller and it took forever but with the radio shack 35 watt Iron it seemed to take no time and it was clean. The iron itself seemed to lack enough power to do the most basic small jobs. LED Soldering, Wire tinning, Adding and removing a component. It really is sad because I had high hopes for the unit but Returning it and getting something better.Pro: Cheap, can plug anything into the unit, Tips are relatively cheap online.Cons: Failed to solder a few components and the joints were not without damage after it finally did solder."", ""First 2 sections are for show, I could not use the iron until I turned it to the end of the third and it still wasn't hot enough which is confusing.Overall : Maybe my unit was defective or the tips were bad but 7 bad tips? I bought the package with it with the spare tips just in case. I would not purchase this unit again. If you are looking for something within the price range, RS Sells a decent but long iron with an adjustable knob which out performed this unit.""]",18.556667026132345,"The unit comes with a tip, and at least one reviewer has been using the original tip for SMD soldering. The type of tip is not specified.",False,235.26512493845075
G_052,REC_052,B000BO63OC,Toys_and_Games,long,descriptive,hybrid,5,We have this in our garage but we want to buy a cover to protect it when not in use. Is there a cover anyone would recommend? Thanks v much.,"OAW, The STIGA InstaPlay is an indoor table; unfortunately, even an outdoor table cover would not fully protect this table from moisture. If the garage is not climate controlled, the table could become warped, even with a table cover. If you are interested in an outdoor table cover, you should consider the STIGA Baja Outdoor Table Tennis Table and STIGA Coronado Outdoor Table Tennis Table Hope this helps! STIGA",KB_00629,0,"[""KB_00621"", ""KB_00620"", ""KB_00631"", ""KB_00624"", ""KB_00639""]","[""I am a patient person (so i've been told) so gave them the benefit of the doubt but delivery attempt #3 sealed the deal. The table is packaged up as if they are delivering you bath towels so it's not shocking there would be damage. I am not sure why you would ship a $600 item with no real padding provided. Amazing. I have a note into Fogdog for a full refund but of course I need to set up another appointment with the delivery company they use! I just hope to have this mangled table out of my garage by the new year.I've read good things about the table itself so it's sad to not be able to try it out."", ""We recommend you buy a better $30-$50 net set, but the table itself is of excellent quality and highly recommended by our club!! UPDATE:  3 months later, we still love the table, have had no problems whatsoever and the table has been absolutely perfect for our use. HIGHLY RECOMMENDED!! UPDATE:  8 months later, it's still perfect, no problems at all. The net we use is the Stiga Premium VM model, as it provides a  set-up for professional-style play."", ""We recommend you buy a better $30-$50 net set, but the table itself is of excellent quality and highly recommended by our club!!"", ""My wife surprised me with the Ping Pong table for Christmas this year (2011). My first thought when the package arrived was \""There goes the rest of my day putting this thing together.\"" To my surprise it came out of the box ready to play. We set it up in the garage and have only left its warm embrace to eat, sleep, and write a review!Great table! Make sure you buy paddles and balls, it does not come with."", ""The delivery team dropped off garage and I had to get neighbor to help me carry down to basement.""]",25.376833975315094,The available reviews do not provide enough information to answer this question.,True,271.5420840540901
G_053,REC_053,B001AEZIY8,Toys_and_Games,long,descriptive,hybrid,5,I'm looking for an X-Wing for my Dagobah themed aquarium.  I need to know if the paint is already on it?  Also are there any metal parts?,There are no metal parts. It is already painted.,KB_00659,0,"[""KB_00645"", ""KB_00659"", ""KB_00642"", ""KB_00659"", ""KB_00646""]","[""I really wanted to get a Star Wars model for a long time, and what better start to simple model building that the X-Wing. Pretty simple to put together, did it in about two hours, filing away the break points and slowly taking my time with it :) The instructions were pretty clear. Well laid out !Now, off to paint it !"", ""many lines all around the hull that can easily be picked out with some paint or a lining marker.As a model kit, it's actually very durable, but I don't reccomend playing with it. As a general rule, models are meant more for display than for play. You have action figure toys for that.Overall, it's a simple, nice, and faithful representation of the classic X-Wing fighter from the original Star Wars Trilogy. It only takes a day or two to build, detail, and paint. If you're looking for a durable, pre-built toy that can take a serious thrashing, though, I'd say look for an actual toy instead of a model."", ""The thrusters and blasters were also painted to add a bit of color seperation. Also, it could really do with some panel lines. Revell has incorperated great detail into this model, with many lines all around the hull that can easily be picked out with some paint or a lining marker.As a model kit, it's actually very durable, but I don't reccomend playing with it. As a general rule, models are meant more for display than for play. You have action figure toys for that.Overall, it's a simple, nice, and faithful representation of the classic X-Wing fighter from the original Star Wars Trilogy."", ""however, looks rather awkward in the cockpit; he simply looks like he's lying down more than he's sitting. Oh, and it also comes with a nice set of landing gear. I suppose it compensates for a lack of a stand, but be warned. The cover for the landing gear in the front is very difficult to remove, evern though they give you a little finger indent. There are no problems with the rear landing gear, though.I will note some downsides to it. This is merely a personal preference, but I feel that the X-Wing is lacking in it's color choices. I went ahead and painted in a lot of the pieces that I didn't like; the blue cockpit looked too mellow (all of the light baby blue on this model generally looked ugly), so I painted it silver, and changed the \""vent\"" colors to a black and gray. The thrusters and blasters were also painted to add a bit of color seperation. Also, it could really do with some panel lines. Revell has incorperated great detail into this model, with many lines all around the hull that can easily be picked out with some paint or a lining marker.As a"", ""Oh, and it also comes with a nice set of landing gear. I suppose it compensates for a lack of a stand, but be warned. The cover for the landing gear in the front is very difficult to remove, evern though they give you a little finger indent. There are no problems with the rear landing gear, though.I will note some downsides to it. This is merely a personal preference, but I feel that the X-Wing is lacking in it's color choices. I went ahead and painted in a lot of the pieces that I didn't like; the blue cockpit looked too mellow (all of the light baby blue on this model generally looked ugly), so I painted it silver, and changed the \""vent\"" colors to a black and gray.""]",19.507416989654303,"The X-Wing model does not come with paint already on it, as reviewers mention painting it themselves. The model also has some metal parts, specifically the landing gear.",False,392.04900001641363
G_054,REC_054,B004G32WA8,Toys_and_Games,short,yesno,hybrid,5,can it hold 5 racks,[UNANSWERABLE],,1,"[""KB_00671"", ""KB_00670"", ""KB_00662"", ""KB_00661"", ""KB_00663""]","[""It does hold everything as stated ( racks, pushers and tiles)  The soft zip bags for the tiles are great."", ""Lovely soft sided case can hold complete set of American Mahjong tiles, four racks, and accessories."", ""I love the concept of this case, however the 2nd time I used it the handle broke off. It does hold everything as stated ( racks, pushers and tiles)  The soft zip bags for the tiles are great. I am going to try to see if I can get it repaired. It is possible I just received one that had a weakness."", ""Lovely soft sided case can hold complete set of American Mahjong tiles, four racks, and accessories. Light weight easy to carry with handle and shoulder strap. The tote is a nice accessory I use both with and without the case."", ""Fits all my mah jongg racks, pushers and tiles. Easy to carry since it is lightweight. Very happy with it.""]",11.99741696473211,The available reviews do not provide enough information to answer this question.,True,241.8257499812171
G_055,REC_055,B00DJ4PJ64,Toys_and_Games,long,descriptive,hybrid,5,Are these Lego Mini figures the same type of figures that come in all the Lego sets? or are these those rubbery type of figures?,They are the same kind as in all the regular Lego sets. Not rubbery.,KB_00680,1,"[""KB_00691"", ""KB_00693"", ""KB_00694"", ""KB_00696"", ""KB_00690""]","[""The mini-figures are cool and he can add those to his many Lego Star Wars sets after the holiday."", ""I'm a big fan and avid collector of Lego Star Wars Mini Figures, so it's great to see so many figures again."", ""As with the previous Lego Star Wars Advent Calendars, one of the best parts about this one is that it included NINE mini figures (including the EXCLUSIVE Santa Jango Fett figure)."", ""My boys are more excited about the mini figures than the mini ships though."", ""This is more in line with the first (2011) Lego Star Wars Advent Calendar (which contained 266 pieces and also had an MSRP or $39.99), and feels more reasonable in general, especially when you can sometimes get it on sale for even less than this.So, whether you collect Lego advent calendars, Lego Star Wars sets, Lego Star Wars mini figures, or some combination of these, I think you'll find something worthwhile about this set.""]",17.27012498304248,"The reviews do not mention the material of the mini-figures, but they are referred to as ""Lego Star Wars Mini Figures"", suggesting they are the same type as those that come in Lego sets. They are also collected by a fan of Lego Star Wars Mini Figures, implying they are the standard type. The reviews do not mention ""rubbery"" figures.",True,509.4844170380384
G_056,REC_056,B003TO4YYC,Toys_and_Games,short,descriptive,hybrid,5,What is the counter height?,"The counter is 21"" from the ground.  The top of the fridge section is 3' from the ground.",KB_00712,1,"[""KB_00713"", ""KB_00711"", ""KB_00714"", ""KB_00715"", ""KB_00712""]","[""The \""granite\"" counter, while obviosly not real granite, has a cute, counter top like finish and doesn't look cheesy."", ""My tallish 2 1/2 year old seems quite comfortable with the height."", ""It is made out of engineered wood with a wood-grain looking finish, and the black and white counter top is realistically styled to look like laminate, corian or granite counters."", ""It doesn't have any \""counter space\"" so we put a little end-table next to it for our daughter to \""prepare\"" her food."", ""The hardest part was aligning the screews under the counter top to the center wall.""]",17.961957957595587,The available reviews do not provide enough information to answer this question.,True,242.20624996814877
G_057,REC_057,B000HCL94W,Toys_and_Games,short,descriptive,hybrid,5,what size batteries,3 double As,KB_00727,1,"[""KB_00736"", ""KB_00734"", ""KB_00738"", ""KB_00739"", ""KB_00737""]","[""It even still has the original batteries in it."", ""They're just button batteries sewn into the ears."", ""After reading other reviews, I'm guessing that the model has changed slightly, since the batteries are now easily located in a hidden pocket right along the horse's mane."", ""\""Lucky\"" for us, the batteries wore out after a week."", ""If it's annoying to you, take out the batteries.""]",12.518708012066782,The batteries are button batteries. They are located in a hidden pocket or sewn into the ears.,False,318.62345908302814
G_058,REC_058,B005V2LJS4,Toys_and_Games,long,descriptive,hybrid,5,"Is this the original, Japanese release (Samurai Sentai Shinkenger branding), or the western release (Power Rangers Samurai branding)?","western most likely. there's really NO difference either way though, only a small logo on the backside of the box and a changed name on the instructions. If I were you, I'd take the plunge and get it, it's only 15 dollars for a premium grade action figure. American release but the same Japanese quality, accessories, and construction.",KB_00742,0,"[""KB_00742"", ""KB_00756"", ""KB_00752"", ""KB_00743"", ""KB_00758""]","[""Was not specific enough in descriptions. Product was not entirely Japanese super sentai figuart, with Japanese instructions, etc. It was the US import of the Japanese Figuarts and had english instructions and Power Ranger logo, etc."", ""I hope Bandai Tamashii Nations makes more figures of the other Power Rangers/Super Sentai teams."", ""Whether you are a fan of Power Rangers Samurai or not, this is a great entry into the world of SH Figuarts collecting as he tends to be the least expensive compared to others PR SHFiguarts, which start at $38."", ""SH Figuarts did an amazing job making these figures with so much detail. I'm glad to have the Red Samurai Ranger in my collection. It really is a work of art. I hope Bandai Tamashii Nations makes more figures of the other Power Rangers/Super Sentai teams. Still waiting for teams such as Dino Thunder/Abaranger and Time Force/Timeranger. Just a heads up, this figure is not for kids, but mostly for collectors since the box does say ages 15 and up. Other than that, Keep up the good work Bandai."", ""I'm glad to have the Red Samurai Ranger in my collection.""]",16.817959025502205,"This is the western release, as indicated by the presence of English instructions and the Power Ranger logo. The product is described as the US import of the Japanese Figuarts. It is specifically referred to as the ""Red Samurai Ranger"", which is the western release branding.",False,390.60658391099423
G_059,REC_059,B00C1TV1F6,Toys_and_Games,short,descriptive,hybrid,5,how big is it,[UNANSWERABLE],,0,"[""KB_00770"", ""KB_00766"", ""KB_00765"", ""KB_00763"", ""KB_00767""]","[""My only regret is the damage to the carton as a collector I prefer to keep my collection MISB and the damaged box will reduce the toy's overall value in the future.Now, as for the toy itself, this is one of the best looking toys from the TFPrime line imho, and the 'bulked up' version with wings from Season 3, Beast Hunters."", ""The toy is one of my faves from the Beast Hunter series.The shipping box and toy carton were damaged, but the toy was okay."", ""There colors on this figure are awesome, the figure is a must have for any transformer collector.the only con would be the head sculpture, never have i collected an optimus prime figure with out the face shield being the primary choice, this figure tries to show off his face with out the shield and it looks bad BUT 3 party products can fix this issue."", ""I collect almost anything Optimus Prime....and couldn't wait to receive this one for my collection. The toy is one of my faves from the Beast Hunter series.The shipping box and toy carton were damaged, but the toy was okay. My only regret is the damage to the carton as a collector I prefer to keep my collection MISB and the damaged box will reduce the toy's overall value in the future.Now, as for the toy itself, this is one of the best looking toys from the TFPrime line imho, and the 'bulked up' version with wings from Season 3, Beast Hunters."", ""The facial features and the attention to body detail give this toy a extra * as desirable for a TFP collection.""]",14.358917018398643,The available reviews do not provide enough information to answer this question.,True,142.86950009409338
G_060,REC_060,B000U8SZ4A,Toys_and_Games,medium,yesno,hybrid,5,"are the buttons labeled, i.e. ""Undo"" or ""Highest Score"" , etc.","There is a button to show ""Highest Score"", but when you need to change batteries, everything goes back to zero till the next game is played. There isn't an ""Undo"" button.",KB_00776,1,"[""KB_00778"", ""KB_00775"", ""KB_00784"", ""KB_00788"", ""KB_00782""]","[""When I saw this online for $14.99, after seeing it in a game store for $21.99, I was ecstatic. Unfortunately, I didn't think to read the reviews first. Several of the buttons on our two older model Radica games were no longer working and it was a struggle to get them to respond. Our old games had the undo button, which this model does not have ~ bummer. Also, the buttons on the newer model feel like pressing old typewriter keys ~ clicky and too tall."", ""What's not to like? Its fun and keeps one thinking of how to get the highest score possible. I am learning how to count the cards and remember where they are."", ""Features such as \""highest score\"", easy to read screen and accuracy are perfect!"", ""Our old games had the undo button, which this model does not have ~ bummer."", ""I would have like a undo button like most games. Just the right size for traveling and carrying in purse.""]",16.281250049360096,"The buttons appear to be labeled, as one review mentions features such as ""highest score"". However, the ""undo"" button is missing in the newer model. The reviews do not provide a comprehensive list of labeled buttons.",True,310.4497909080237
G_061,REC_061,B00GD0N9AO,Health_and_Personal_Care,long,descriptive,hybrid,5,any body know how well this chair would work for a knee replacement in comparison to the transfer bench? thank you :),[UNANSWERABLE],,1,"[""KB_00794"", ""KB_00801"", ""KB_00796"", ""KB_00799"", ""KB_00797""]","[""I had knee replacement surgery and my surgeon and physical therapist advised that I purchase a shower chair. I was more than pleased with this chair. It was very reasonable, is very sturdy (holds up to 300lbs! ), was easy to put together and is very comfortable. I highly recommend this chair! It also arrived very quickly."", ""I read a lot of reviews and chose this chair. It worked perfect , easy to put together. I broke my leg so I was just looking for a chair to use for a few months. I could't be happier with the product, good value."", ""Bought it in case I still needed a bench after 2 knee surgeries to use in  our walk-in shower when we moved to a condo. Found I didn't need to sit anymore when showering but it's ideal to use as a bench to wipe down or shave your legs!"", ""This bench is almost too big for my standard sized shower. This is not the fault of the manufacturer. I should've measured better. Great quality and looks to last for a long time."", ""It served the purpose well and it got me thru my disabled period. I would suggest this seat to others.""]",16.901916009373963,"The chair worked well for a customer who had knee replacement surgery, with their surgeon and physical therapist advising its purchase. It was found to be sturdy and comfortable, making it a good option for recovery. In comparison to a transfer bench, one customer found the chair to be a good alternative for use in a walk-in shower after knee surgeries.",False,369.78300008922815
G_062,REC_062,B004H7GB9G,Health_and_Personal_Care,long,descriptive,hybrid,5,Can the pill be cut in half so you're only getting 5000 mg?,"For the question posted by Sylvia Z. .. first it is micrograms/mcg, not milligrams/mg; very big difference. Web MD and the Mayo Clinic recommend 30mcg and 30mcg-100mcg daily, respectively. 300mcg = 100% of the daily value intake for Biotin. Even if you quarter these pills, you will still be getting 2,500mcg daily which is well beyond the recommended dose.  I have used a half pill off and on with no ill side effects. Also, quartering them will make them last longer.",KB_00805,1,"[""KB_00804"", ""KB_00806"", ""KB_00807"", ""KB_00808"", ""KB_00812""]","[""I cut these pills in half and take half a pill a day (5,000mcg = 5g). I've been taking biotin for over a month and I think my nails feel stronger."", ""I ordered this product around a week ago, as soon as I received it I immediately began taking it. I cut the pill in half because I wasn't too sure on taking the maximum dosage. I am a nail bitter and within days of taking this, my nails were growing rather quickly :) I am extremely surprised with how well this product is working and will continue to use it."", ""This product is amazing and Ur's able to see quick results I was using the 5000 Mg then I saw this one if you want ure. Hair to grow fast I really recommend this product to everyone!"", ""After first use I noticed that the product brought me a fast heart bit, but the dosage was too strong for me, now I just cut the pills in half-and I have no problems after that."", ""After steady use for a month, I have noticed thicker hair follicles and less hair being lost. I had to gradually work my dose up to a full pill. Tried taking a whole pill at the beginning and it gave me horrible migraines and headaches. Then I decreased to a half pill with breakfast or lunch.""]",16.510499990545213,"Yes, the pill can be cut in half to reduce the dosage to 5000 mg. Multiple reviewers have successfully cut the pill in half and taken the reduced dosage without issues.",False,253.62866697832942
G_063,REC_063,B004F4PR6Y,Health_and_Personal_Care,medium,descriptive,hybrid,5,Does this come with a shader gun?,"this comes with two "" amateur""  machines at which they can be tuned  for shading or lining.",KB_00822,1,"[""KB_00822"", ""KB_00815"", ""KB_00818"", ""KB_00821"", ""KB_00814""]","[""when i got it only one gun worked and the gun to shade in tattoos didnt and still doesnt work i tryed to fix it but couldnt !"", ""This item shipped quickly and works well. If you plan on purchasing this make sure you have a way to get your stencil on your body. kit does not come with stencils or carbon paper for steciling.The instruction video is worthless it does not really explain set up and use of this product."", ""I guuss for the price the kits is ok. The down side to it is that it comes without instructions on how to put the guns together and does not give you any tattoing tips. It does come with a dvd but the set up makes it very hard to actually find the file to watch it onces its in the dvd player, and the kit on the dvd is NOT the kit you are ordering here. Its for a much different kit with a lot more items."", ""everything came as described with the package  only problem i am having is that the power supply is not sending power to the gun"", ""This was bought for my fiance for christmas and he went over an old tattoo with the ink it comes with, so i will give more when it heals. He also let the tube that goes on the gun soak in water to remove access ink and it started to rust pretty quick. Idk if it was suppose to be soaked to clean it bc it did not come with care instructions, so my advice is to look on google before using or cleaning any of the items.""]",11.870832997374237,The available reviews do not provide enough information to answer this question.,True,140.68704191595316
G_064,REC_064,B000OR5P5Y,Health_and_Personal_Care,medium,descriptive,hybrid,5,Has anyone tried this on wool coats?,"Yes... on my wool and cashmere coat, and another 100% wool coat. It works! Just follow the directions. Very easy! :)",KB_00829,1,"[""KB_00832"", ""KB_00826"", ""KB_00825"", ""KB_00827"", ""KB_00824""]","[""I use this for all my wool and cashmere knit sweaters, gloves/hats/scarves, blazers, skirts, and even my cashmere winter coats that I used to ship off to the dry cleaners several times throughout the fall and winter seasons. Everything comes out super clean, soft, and nicely scented (would take cedar smell over weird dry cleaning odors any day). The big plus is that I save a ton by no longer needing to dry clean."", ""I tried this instead of baby shampoo and like the subtle cedar sent. It was very gentle and a capful does a couple sweaters. I used it on wool, cashmere, and blends that I didn't trust I dry clean."", ""This is truly a great product, and I would recommend to anyone who wants an all natural, easy, and efficient way to clean their wool and cashmere sweaters (and angora - it worked great on angora)."", ""The Laundress's Wool and Cashmere Shampoo is just all around great. I first tried the product on a grey and black striped sweater, that, if ruined, I wouldn't have been too upset. I filled my kitchen sink up with cool water, added some detergent, swished around to dissolve, then added the sweater (inside out). I swished the sweater around for a couple minutes, paying attention to the edges and underarm area, then left overnight to soak."", ""I purchased this for my wool sweaters and tried it out in my kitchen sink as I don't like to put these items in a washing machine, especially the ones in my apartment complex. There was absolutely no hint of cedar and it never formed suds. I was thinking maybe I got a bad batch of this stuff. Probably wouldn't recommend to anyone because of the fact that it didn't meet my expectations and the price is not worth it.""]",12.733582989312708,"Yes, someone has tried this on wool coats and reported that it works well, cleaning them and leaving a subtle cedar scent. The product was used on cashmere winter coats, which suggests it can be used on wool coats as well. It was gentle and effective, allowing the user to save money by not having to dry clean.",False,515.9282910171896
G_065,REC_065,B006GA21IW,Health_and_Personal_Care,medium,descriptive,hybrid,5,what is the max weight it can hold?,[UNANSWERABLE],,1,"[""KB_00839"", ""KB_00837"", ""KB_00843"", ""KB_00834"", ""KB_00841""]","[""You get what you pay for. It looks good .. and I kind of wish that the height is adjustable so that it can sit in the shower which the floor isn't flat. But it is definitely not that sturdy and some of the pre-drilled holes don't line up."", ""it's sturdy but the edges of the seat were sharp and hurt my legs so my husband sanded them round . Problem solved."", ""This is a great sturdy little bench that was easy to assemble. All the hardware was there and the holds lined up perfectly. Looks just like the picture, not junk! Would buy from this mfg. again. Wish the stuff was not made in China, can't we make something like this in this country??? Love it!!! Perfect for the bathroom, just what I needed for a cute functional accent."", ""High quality. Easy to assemble. I highly recommend this bench. Sits perfectly level too! Feels very sturdy and has a nice weight to it."", ""We purchased this to use as extra storage space in our bathroom, and it's working out perfect. It's sturdy and high-quality. I'm not sure why other people found this hard to put together - it worked just fine for me. There was plenty of glue for the dowels, so long as you don't go crazy with how much you use, and all the screws & holes lined up perfectly. Very happy with this purchase.""]",12.921750079840422,The available reviews do not provide enough information to answer this question.,True,173.74070803634822
G_066,REC_066,B001DAYJOY,Health_and_Personal_Care,short,descriptive,hybrid,5,Is this red maca,[UNANSWERABLE],,1,"[""KB_00845"", ""KB_00851"", ""KB_00849"", ""KB_00850"", ""KB_00848""]","[""Maca (particularly Red) is reputed to provide energy, sex drive and stamina. In capsule form, Maca can be nice as the raw powder can taste pretty bad. NOW is a well known health food maker. Regrettably, I felt nothing from this compound. Everyone is different so your experience may be different but this was a &#34;fail&#34; for me. Sorry."", ""Love macs especially this brand is awesome! I'm about to get another bottle if your looking into maca this is an excellent choice"", ""I have been taking Maca for years, it give me a great energy in the morning, I definitely recommend this product!"", ""Maca is a centuries old product having been used by natives of Peru and now being distributed in the world. It is an energizer products with good results."", ""I've used Whole World Botanicals Maca for years - this gives you more bang for your buck & is exactly the same thing!""]",16.234082984738052,"The product is maca, specifically red maca is mentioned as having certain benefits, but it's not explicitly stated that the product being reviewed is red maca. However, one review mentions ""Maca (particularly Red)"" which suggests a connection to red maca.",False,403.428457910195
G_067,REC_067,B003DLZ0OE,Health_and_Personal_Care,short,descriptive,hybrid,5,How does it work?,"Per the picture, you lay your neck along the area where there's a ballon. Follow the instructions and it helps restore the natural bend that your neck is supposed to have. Mine doesn't. I've been having neck problems for over a month now and this honestly helps relieve the pain and little by little the pops and pain is beginning to subside. Day 1 - inflate a little just enough to put some pressure on the neck. Release. I do this 6-7 times holding it for 10-15 seconds. then I inflate and lay there for 10-15 minutes. I do this about every other day. I started with one pump and now I'm up to 3 pumps and it's been about 3+ weeks.It's a great tool.I hope if you get it you'll have good success too.",KB_00863,1,"[""KB_00854"", ""KB_00859"", ""KB_00855"", ""KB_00860"", ""KB_00863""]","[""Again, does it work? Who knows. But based upon the reviews here I'm not willing to bet that it will."", ""It does work for me, and I feel immediate release and improvement over the a period of time. I don't think it is for everyone. Please check with a professional before ordering stuff like this for yourself."", ""It did help my neck - I had a pinched nerve in my neck.I kept a routine of doing it & it did work."", ""This product does have a great concept but doesn't work at all! Hoping to find relief and what I ended up finding was just a return, cause of no success. Really do believe all these reviews are counterfeits. Just a waste of time. To each its own."", ""I can't say it doesn't work because I'm sure it does for others but for myself I need something that lifts my neck and then pulls it back also and this product only lifts so not the traction that I need for my particular injury.""]",12.594374944455922,"The product appears to work for some users, providing immediate release and improvement over time, particularly for issues like pinched nerves in the neck. However, it may not work for everyone, and some users have reported no success. It seems to provide lifting traction, but may not offer the additional pulling action that some users need.",False,417.2607909422368
G_068,REC_068,B000E59GTW,Health_and_Personal_Care,medium,descriptive,hybrid,5,Can this be warmed by boiling or is microwave required?,Microwave only!!!,KB_00864,1,"[""KB_00865"", ""KB_00866"", ""KB_00867"", ""KB_00869"", ""KB_00868""]","[""A minute or two in the microwave or freezer and it is just right to make that pain go away."", ""Used this for sore muscles. only takes 1.5 minutes in the microwave to warm up and it was not too hot to handle."", ""Keeps my GF warm. Win. Well i need more words to finish this... you pop it in the microwave. Word"", ""This heating pad was very poorly constructed. I have used it fewer than five times before it burst open in the microwave oven."", ""nice and warm on my achy joints! Just one minute in the microwave and I can wrap my sore knees and shoulders in warmth""]",16.601959010586143,"This product can be warmed in the microwave, with heating times ranging from 1 to 2 minutes. There is no mention of boiling as a warming method.",False,340.0842919945717
G_069,REC_069,B00472I1V2,Health_and_Personal_Care,medium,descriptive,hybrid,5,Does this scale show weight from the last time it was used?,"No it doesn't.   It does a great job of telling you your current weight, but doesn't save it.",KB_00880,1,"[""KB_00883"", ""KB_00874"", ""KB_00878"", ""KB_00879"", ""KB_00875""]","[""This scale is very accurate. I appreciate that it gives me pounds and ounces. It gives the same weight, every time I get on it. (My old scale would have a different weight every time you stepped on, even if it was within a minute of the last time you stepped on it!)"", ""I bought this scale a few days ago, and it is not working at all for me. I set it on a hardwood floor and used the batteries provided. I also calibrated the first time. Every time I step on it, it adds 20-30 lbs to my weight compared to the last reading. At this point, the scale has gone up so high that every time I step on it, it says OL (overload)."", ""The scale is built from good quality materials (thick glass/metal/plastic). As far as precision is concerned, it is mostly very good. From time to time it will show slightly different weight for the first measurement - the subsequent times the weight will be correct. Don't know what happens the first time, but this happens only occasionally. The fact that I do not have to press any buttons for it to start working (just step on it) is a good feature."", ""This scale is very classy and works great. Shopping was fast.I would definitely recommend this scale. one of the best features of this beautiful scale is the blue led screen, and no need to tap the top or lift the bottom, just step on the scale and wait for your weight to show up. also  if you  have to move it, then the first time you step on the scale it  calibrates  itself. wait a couple seconds for the light to go off and then it's calibrated and ready!!"", ""It used to show same weight 2 times in a row but when I come in after say 10 minutes without eating or doing anything, the weight just drops down(considerably) and sometimes up. But today it went down about 15 pounds in just 1 day. What a waste of money!Don't buy this scale!""]",25.736916926689446,"The scale does not consistently show the same weight from the last time it was used, with some reviews mentioning variations in weight readings over time. Some users have reported significant fluctuations in weight, even when no changes have been made. However, one review mentions that the scale gives the same weight every time they get on it.",False,379.99775004573166
G_070,REC_070,B00AC6JYXG,Health_and_Personal_Care,medium,descriptive,hybrid,5,How many carbs are in a serving?,"It depends a little on which flavor.  For the chocolate there a 9 carbs of which 7 are fiber.  There are 0 sugars, and if you are counting ""net"" carbs there are 2.",KB_00889,1,"[""KB_00884"", ""KB_00886"", ""KB_00889"", ""KB_00888"", ""KB_00887""]","[""Tastes good and honestly worked as an appetite suppresent. I was however shocked at how small the bottle is and the fact that it takes two scoops for a serving. They should tell you how many total servings in the container somewhere in the product description (or maybe not, if they did no one would buy it).I originally ordered this to save money over buying atkins shakes in the store; as it turns out, these are 3x-4x as expensive per shake."", ""I looked hard for a product that was low in carbs (I don't do sugar), and chemicals. It cost more than some other protein shakes out there, but the quality and taste is first class."", ""this is a great product. It is very low in calorie, ya take 2 scoops mix it with cold water, add a little ice in the blender if you like it a bit frozen and blend it up. It is a good meal replacement. When dieting, one of these is usually my lunch for the day and they are pretty fulfilling. Chocolate and Vanilla are both good, the spiced chai is ok if you like that sort of thing, I drank it but prefer the chocolate or vanilla."", ""Like most people these days, I'm busy running from one thing go the next. Like many people, I really want to feel good and be healthy at the same time. When I found this meal replacement shake, I designed my own meal plan to work with my schedule (something at which I miserably fail), and it has turned into a great experience."", ""This stuff does WONDERS for my willpower when on my VLCDs. It's a great meal replacement (or use a half serving as a snack on those really hungry days). Tastes good, dissolves completely - no chalky texture here! For a great pick-me-up, mix with iced coffee instead of water - yummy!""]",11.419749935157597,The available reviews do not provide enough information to answer this question.,True,231.99324996676296
G_071,REC_071,B002CQU51O,Health_and_Personal_Care,short,descriptive,hybrid,5,fishy taste?,[UNANSWERABLE],,0,"[""KB_00896"", ""KB_00897"", ""KB_00898"", ""KB_00899"", ""KB_00900""]","[""This fish oil is expensive, but has really improved my dry eye problems. I have had dry eye problems for several years. I wear contacts and had given up wearing them most of the time, wearing glasses instead. After taking the Nordic Naturals vision for about three weeks, I noticed a big change in the amount of moisture in my eyes. I now wear my contacts the majority of the time."", ""So I ordered more and it has really made a difference. I'll keep taking it for as long as I need it. It feels wonderful and really helps. I'm down to just the occasional drops at night and in the morning."", ""Seems to be a good product. It has Omega-3 oils as well as Lutein and Zeoxanthin. It is supposed to help moisture levels."", ""SO it's all up to you.Cheers,"", ""Product very good and serves my purpose. Was recommended by my Optomologist and results are good. I would recommend it""]",12.957791914232075,The available reviews do not provide enough information to answer this question.,True,218.66916702128947
G_072,REC_072,B008D5YG3G,Health_and_Personal_Care,medium,descriptive,hybrid,5,Ho many hours / watts will a get from this battiers,"it depends on what you are running. if you only run one 100w light bulb, it will run out of jouice after 10-15 hrs.  if you light up 10 lights you'll run out of power in an hr. the 35 ah. stands for 35 ampe hr. so the more amps. you use the faster the battery will deplete. i have 7 of these battiers and when fully charged will power my computer, refrig. tv, vcr/dvd player, printer, all at the same time for 4-5 hrs. bottom line the more battiers the more you can power.",KB_00906,0,"[""KB_00904"", ""KB_00905"", ""KB_00908"", ""KB_00913"", ""KB_00911""]","[""=)I had set the tv for 120 minutes because I knew that I should get about 2.5 hours of power from the battery for that tv before getting to the 50% mark.It uses 80 watts; 80/12v = 6.7amps34Ah/6.7 = 5 hours."", ""Charged it to 12.7 volts over 24 hours and was only able to run 300 watts about 1.5 hours till it was 10.6 volts and dead. Hopefully will work better once broken in a bit but of course batteries usually don't improve much"", ""After I charged it, it is running good, not the best holding time running 200 Watts but worth being made into a battery stack."", ""Awesome battery and blindingly fast shipping combine for a flawless experience. I use this battery to run a 10&#34; SCT, laptop, DSLR, and iPhone. I've yet to run this battery down even after 6+ hours in the field."", ""It looks good except the handle broken at contacting with the body easily. It is still under test for 50w solar charging. It could handle 40w led rope for 4 hours in AC.""]",11.652542045339942,"The battery can provide around 5 hours of power at 80 watts, 1.5 hours at 300 watts, and 4 hours at 40 watts. Additionally, one user reported using it for over 6 hours with various devices.",False,310.21004205103964
G_073,REC_073,B0010L1KSY,Health_and_Personal_Care,long,descriptive,hybrid,5,"Which cover is made for the 15"" x 24"".  It is not apparent.",[UNANSWERABLE],,0,"[""KB_00914"", ""KB_00916"", ""KB_00915""]","[""This is a high quality, thick cover for the hydrocallator. Just like the kind they have at PT. I'm completely satisfied."", ""I thought for the price, there would be something inside it to heat. It was just a piece of fabric. I was very displeased. The shipping said 8 lbs. So something else should have been with the package."", ""It's necessary for putting steam packs in and makes it less likely to burn you. It's very comfortable to wear.""]",18.351334030739963,The available reviews do not provide enough information to answer this question.,True,215.80479096155614
G_074,REC_074,B00014WCJ2,Health_and_Personal_Care,medium,descriptive,hybrid,5,Where is it made / manufactured?,[UNANSWERABLE],,0,"[""KB_00917"", ""KB_00921"", ""KB_00920"", ""KB_00919"", ""KB_00918""]","[""This product uses CreaPure creatine as its raw material, a branded raw material manufactured by Degussa AG Trostberg (formerly SKW) in Germany and licensed as a pharmaceutical would be there. Optimum Nutrition is one of only a few brands in North America that use only CreaPure raw material, and likeUniversal Micronized Creatine Monohydrate, 1000-Gram Tubis an exceptionally good value for this expensive raw material in a supplement market dominated by cheap Chinese and other amateur manufacturers."", ""ON is the shiznit. Period. This stuff is COMPLETELY tasteless.. you can drink it in a sliver of water and I dare you to taste a thing. Dissolves instantly.. you can dip your finger in it and its like a micropowder. What more do you want? Highest quality, great price. Do it."", ""One thing a lot of folks don't seem to realize is that you don't need a complicated, expensive product to take advantage of the wonders of Creatine. It's a simple compound, and all you need is that simple compound - you don't need it to be a serum, mixed with a bunch of flavoring, or mixed with various ingredients that will supposedly make it absorb better."", ""Subsequently, I've bought several of the few products that use exclusively CreaPure, and found them to be similarly free of these widespread off-flavors. There is still no proof that the common creatine contaminants responsible for these flavors (dicyandiamide or dihydrotriazine) are harmful -- but why anyone (let alone a life extensionist!)"", ""The company insisted that the lot number was fine, but my subsequent research suggests it was not. The important issues are nicely laid out in two very good articles by Will Brink and readily available on the internet: \""What's in your Creatine?\"" and \""What's Really in Your Supplements? - An Update on Creatine\"".""]",13.170249992981553,The CreaPure raw material is manufactured by Degussa AG Trostberg in Germany.,False,176.29304202273488
G_075,REC_075,B004T3QT68,Health_and_Personal_Care,short,descriptive,hybrid,5,ac adaptar,It uses batteries.,KB_00930,0,"[""KB_00924"", ""KB_00923"", ""KB_00930"", ""KB_00929"", ""KB_00925""]","[""item arrived as described, new. just make sure you have a good fit at the distal end near the elbow, especially when someone has a relatively large upper arm vs arm area near elbow"", ""very easy to use, and accurate. Compared results with tests at Doctor's office, and it read BP the same. Would recommend."", ""Very simple to set up-Does not include batteries, so have 3 triple A's ready! Would definitely recommend. Good price, seems to be accurate."", ""Very useful product at great price! My doctor uses same monitor in his office. This was a better bargain than the store brand."", ""it does the job well.but the arm wrap is way too long for me (with a regular size arms)  that I have to fold half of it""]",10.041999979875982,The available reviews do not provide enough information to answer this question.,True,143.33324995823205
G_076,REC_076,B00FAB10ZI,Health_and_Personal_Care,long,descriptive,hybrid,5,"Hi,..did anyone receiced the spurilina tabs all bunched up & stuck together like gummy bears ? Is this normal? I hope it's not defective.",Mine were not like that. I'd probably return them...,KB_00932,0,"[""KB_00934"", ""KB_00931"", ""KB_00933"", ""KB_00940"", ""KB_00937""]","[""It arrived on time and I did start taking it. Not sure how many to take daily????? But will continue to take it"", ""The tablets are small, and easy to swollow, I do like the idea of dealing with a &#34;two-for-one&#34; simple product."", ""These are very convenient in tablet form because I can munch on them. I also like that they put both Chlorella and Spirulina into them so I get a good balance of benefits.If youa re blending a smoothie, tablets are fine. I also have a powder, however, if I'm putting it into a glass of juice and stirring it with a spoon, and skipping the blender.High quality is a concern considering the pollution these days."", ""Very pleased with the tablets, lets you build up your level at your own pace, will be getting more when the supply runs low"", ""I AM PLEASED WITH THE BLEND OF CHLORELLA AND SPIRULINA...THE BODY CAN USE BOTH AND THIS BRAND MAKES IT AFFORDABLE....""]",15.741665964014828,The available reviews do not provide enough information to answer this question.,True,130.47524995636195
G_077,REC_077,B00HFQQ0U6,Health_and_Personal_Care,long,yesno,hybrid,5,can this be used by two people.  Does it come with two tips?,"Yes, mine came with two regular tips and on fine point tip for periodontal pockets whatever that is.",KB_00941,1,"[""KB_00941"", ""KB_00942"", ""KB_00944"", ""KB_00945"", ""KB_00943""]","[""Works fine for me, a bit loud, , but I'm just getting used to using it. Good for two a couple or a single. A family would need more tips"", ""This water pic is great, it has different power settings and it come with 2 types of tips. All i use is just one type of tip. If you have regular teeth and don't need anything special then one tip is all you need."", ""I also like the fact that with Waterpik you get a handle with the capability of rotating the tip with your finger by rotating the knob on the handle versus using your hand to rotate the entire handle. It came with 3 tips including a pik pocket which is great for your gums.Overall I am happy. Now we will just have to see how long this unit lasts. It does come with a 2 year warranty."", ""This is just what I wanted to replace my older model Waterpik. Before I purchased this model I tried the Cordless Flosser from Waterpik. After two uses I returned it as the reservoir did not hold enough and the handle was just too large.This classic model has a giant reservoir and a wand. It also has several pressure setting. I love it!"", ""Does not do the job the Classic model does and my gums will bleed a little for a week or two when I come back and use my home 'powerwasher'. Toughens them up and keeps them healthy while getting out EVERYTHING hiding between your teeth and in any bridgework. Wouldn't be without it!""]",19.20383400283754,"This product can be used by two people, but a family would likely need more tips. It comes with at least 2 types of tips, and some versions come with 3 tips.",False,268.19291699212044
G_078,REC_078,B005OYDID8,Health_and_Personal_Care,medium,yesno,hybrid,5,is the battery a lithium ion?,[UNANSWERABLE],,0,"[""KB_00951"", ""KB_00952"", ""KB_00953"", ""KB_00955"", ""KB_00957""]","[""Although this is a good machine, the battery on it isn't good at all, because it's running on a cord (charger) I would recommend this machine to my friends."", ""Run at least two cycles like this and you battery has the capability of max charge. Excellent product - Will buy another when this one wears out in probably six or eight years. . ."", ""Wonderful razor. I have owned the very best &#34;Made in Germany&#34; Braun razors and this razor is every bit as good. It is light weight which is why many say it feels &#34;cheap&#34;. It is plenty solid and the battery life is incredible. The shave is super close. I have a very heavy beard and a very angular face and neck and this razor clears it right off in short order."", ""this replaced a 10 year-old Panasonic wet/dry shaver. the shave: very close to my skin on its 'out-of-box' setting. i have asian hair (very strong and straight), and this shaver, while it does require a razor for my usual spots for touch-up, puts the Panasonic to shame in terms of closeness. i received mine on sept 5  AND I HAVE YET TO CHARGE IT AFTER TAKING IT OUT OF THE BOX."", ""i received my razor today. i used the close shave head, on 3 or 4 day growth, it took it down like a lawn mower, only had to use the trimmer on a few spots. the razor has tremendous power. i have used wahl products for 29 years and never had a problem with any of them. i will never pay 200.00 bucks for a razor again.""]",12.243166100233793,The available reviews do not provide enough information to answer this question.,True,130.62195794191211
G_079,REC_079,B003PFNSLK,Health_and_Personal_Care,long,descriptive,hybrid,5,Does anyone know if this is a nebulizing or an ultrasonic diffuser? Thanks!,[UNANSWERABLE],,1,"[""KB_00966"", ""KB_00967"", ""KB_00977"", ""KB_00978"", ""KB_00970""]","[""This is a fantastic diffuser. Looks great! Very quiet operation. Diffuses the scent as it should. Lasts long enough for me."", ""This is my second diffuser and I really like it especially for use at night. The 'light off'' feature is an added bonus."", ""This was my first diffuser."", ""This is the first diffuser i have ever purchased."", ""I love this diffuser, it works well and creates a wonderful aroma in my room. I like that it used essential oils.""]",15.375665971077979,The available reviews do not provide enough information to answer this question.,True,124.94087498635054
G_080,REC_080,B002TRL9AM,Health_and_Personal_Care,medium,descriptive,hybrid,5,Are the hair of the broom soft or firm?,"The bristles are soft, yet firm enough not to be matted or quickly worn from frequent use. It is the best broom we have had for our hardwood floor",KB_00982,1,"[""KB_00982"", ""KB_00995"", ""KB_00985"", ""KB_01002"", ""KB_00994""]","[""I love this broom. The bristles are soft enough to pick up lint, and firm enough to push together all other floor debris. I am using it on tile and hardwood floors."", ""I like a very soft bristle broom, and the corn brooms are just too stiff for me."", ""I've spent years and more $$$ than I care to think of trying to find the perfect broom for wood floors, and I'm pleased to report this one is it! I like a very soft bristle broom, and the corn brooms are just too stiff for me. The southeast Asian brooms are soft enough, but they fall apart in what seems to be a matter of days -- what is the point of a broom where you have to continually sweep up the broom straw? The wood is handsome, but I did deduct a star because of the initial challenge presented by installing the head on the handle."", ""My husband bought one of these brooms, because my good old German horse hair broom handle broke and the replacement broom stick was out of stock at the time.First broom arrived, and it was all made of plastic, including the supposedly horse hair. My husband contacted the seller, who said they must have shipped the wrong broom, they will send replacement.New Broom arrives. This one is made of wood, but the hair is still mainly made of plastic, there might be 1% or even less horse hair in that broom, also the broom stick they send does not fit that broom, neither does the one from the first broom.My husband contacts them again and this is what they said:'I contacted the manufacturer and they told me that it can not be 100% horse hair in order you should be able to sweep with this broom. This is definitely a horse hair broom.'They are kidding, right?Horse Hair brooms first of all have been used for many hundred years, they sweep perfectly, in my German opinion they sweep better then those Nylon/plastic brooms because the dirt actually sticks to the hair instead flying through the house. Then it is either horse hair"", ""The southeast Asian brooms are soft enough, but they fall apart in what seems to be a matter of days -- what is the point of a broom where you have to continually sweep up the broom straw?""]",14.082583016715944,"The broom's bristles are soft enough to pick up lint, yet firm enough to push together other floor debris, indicating a balance between softness and firmness. Some reviewers prefer very soft bristle brooms, but this one seems to strike a balance. The bristles are not extremely soft or too stiff.",False,405.5916659999639
G_081,REC_081,B000FVM8C2,Health_and_Personal_Care,medium,descriptive,hybrid,5,is this the 60 or 120 capsule bottle?,120 capsules,KB_01013,1,"[""KB_01013"", ""KB_01003"", ""KB_01015"", ""KB_01008"", ""KB_01004""]","[""Last time I bought my oxy-powder, Im pretty sure it was in a larger bottle although it was 120 capsules."", ""I bought it because it said its from global healing but I just received mine and it said its from some Chinese guy. I'm VERY SKEPTICAL when it comes to things that are from China. They are the country of replica. Last time I bought my oxy-powder, Im pretty sure it was in a larger bottle although it was 120 capsules. This new oxy-powder I received today, the expiration date has been smudged. I'm giving more stars than I should only because I'm not 100% sure if this is legit or not."", ""I use a capsule or two per day and it has been so helpful."", ""This product really works. I will order another bottle so I can use this on a weekly or monthly basis."", ""Have had some elimination issues and read about this cleanser. I use a capsule or two per day and it has been so helpful.""]",13.272291980683804,The available reviews do not provide enough information to answer this question.,True,143.2144169230014
G_082,REC_082,B0009EIMW0,Health_and_Personal_Care,long,descriptive,hybrid,5,im going to las vegas and im looking for good insoles that i could use to walk the strip. would these be good or any suggestions?,I use them every day. I walk a lot and replace every 6 to 8 weeks. I think you'll like them,KB_01033,1,"[""KB_01041"", ""KB_01028"", ""KB_01027"", ""KB_01039"", ""KB_01031""]","[""These insoles seem pretty solid, but they are going to be taking a lot of abuse, so how well they hold up in the long run will be interesting to find out."", ""Had some really great shoes that i like for work, but constant use had broken down the insoles and was on the verge of getting a new pair. Ordered the Dr. Scholl's insoles as an act of desperation i guess. Fed Ex driver pulled up to the front door and i got them out of his hands before he could exit his truck. Opened the box , inserted the insoles into my waiting shoes, no trimming or sizing needed and haven't slow down. This guys are taking a lot of punishment so far and i could not be more satisfied."", ""I got a pair of these to put inside my new boots for work....whew, what a blessing!! However, I felt I could use a thicker cushioning so I got a 2nd pair and added them to my boots after removing the factory insole.....yes, 2 pairs of Dr. Scholl's gel insoles in my boots!! Wow, absolutely perfect and worth every penny!! Highly recommended!"", ""I purchased these at a local store, my rescue boot insoles were worn and I was looking for a replacement."", ""I purchased these at a local store, my rescue boot insoles were worn and I was looking for a replacement. To be honest, they are ok. The original insoles were almost as comfortable as these, but the thing that makes all the difference - the smell. The boots I use them in are Honeywell Pro 6006 USAR boots - [...] - they don't breath the best, but I have work socks for them that are supposed to wick away moisture. Unfortunately, that's not enough. They smell absolutely terrible and they've been in for less than a month.I hope I got a bad set, but I don't think that's the case.""]",18.07012502104044,"These insoles seem to provide good comfort and can withstand heavy use, making them a potential option for walking the strip in Las Vegas. However, one reviewer mentioned that they may not be the best choice for boots that don't breathe well, as they can retain odor.",False,355.19958299119025
G_083,REC_083,B008NIHE78,Health_and_Personal_Care,long,descriptive,hybrid,5,Is this easy to use? and are there a lot of test? Like strips and chemicals? I have a zero pitcher.Alkaline water is so much better though!!!,[UNANSWERABLE],,0,"[""KB_01047"", ""KB_01055"", ""KB_01049"", ""KB_01048"", ""KB_01054""]","[""I imagined with I purchased this filter that I would be waiting eons for a pitcherful of alkaline water, but this thing works fast. The water tastes great and it makes tea and coffee taste that much better. Highly recommended."", ""I imagined with I purchased this filter that I would be waiting eons for a pitcherful of alkaline water, but this thing works fast."", ""I like the pitcher. it does what it is supposed to and the price was right compared to others. it feels a little on the cheaper side, but you know the cartridges are much cheaper than for other pitchers as well. all around i really like it."", ""I love this pitcher I use filtered water I buy in the 5 gallon jugs to make the filters last longer. It seems my thirst for this invigorating water has increased since I started using it. Almost like my body craves it because it is so good for my ph."", ""I love this pitcher I use filtered water I buy in the 5 gallon jugs to make the filters last longer.""]",16.82058395817876,The available reviews do not provide enough information to answer this question.,True,136.96012494619936
G_084,REC_084,B0085A18A8,Health_and_Personal_Care,medium,descriptive,hybrid,5,are there replacement blades? How easy are they to get?,"There is a paper inside the product that gives you a phone number to call to order replacement parts for the item. It gives you the name shows you the picture of it and gives you the produce number.  You do not get any extra parts with the product, but you do have all the information you need.",KB_01074,0,"[""KB_01067"", ""KB_01064"", ""KB_01078"", ""KB_01075"", ""KB_01066""]","[""Its small head (with tiny blades underneath) excellently (and absolutely painlessly) trims nasal hair and fine facial hair (e.g. upper lip). The tip gets warm -- not hot -- within moments so it's best for very brief use on small patches; afterward, it also cools within moments.It's easy to install/replace the single AAA battery, easy on/off to use, easy to clean (requires minor disassembly; a tiny cleaning brush is included). Packaged in a slim, pretty case."", ""Easy to use, pretty, and can fit in your purse. Be careful - it looks harmless but the blade can hurt if you get to close."", ""The tool is easy to take apart to clean and I have not had to replace the battery yet."", ""Its small head (with tiny blades underneath) excellently (and absolutely painlessly) trims nasal hair and fine facial hair (e.g."", ""This is a great product for helping women with those 'mustache' hairs that we can't seem to get rid of. The tool is easy to take apart to clean and I have not had to replace the battery yet. If travelling, you can throw it into a make up bag and bring it with you. I was concerned that I would have to use it more frequently and that the hair would grow back faster but I haven't found that to be the case.""]",14.944375026971102,The available reviews do not provide enough information to answer this question.,True,134.2521250480786
G_085,REC_085,B004TTW2VI,Health_and_Personal_Care,medium,descriptive,hybrid,5,How do you know what size?,"If you read the product description, it will give you the sizing. I measured 1 inch above my knee, which was 16"" so according to the sizing chart,  I bought a large. Perfect fit.",KB_01101,1,"[""KB_01083"", ""KB_01093"", ""KB_01084"", ""KB_01098"", ""KB_01095""]","[""I love this product but wich it came in just one size bigger. I would purchase two if it came in one size bigger. Pro-tec let me know if you ever make it in a XX-Large"", ""'s just had to gety right size I measured 14 ordered med it was always sliding down got a small it is about right just washed my med in washer and dryed on high heat now it fits better I know it says to hand wash and let dry but I figured I try it anyway instead of just letting it lay around no damage and I can wear it now"", ""Really helped my knee. 's just had to gety right size I measured 14 ordered med it was always sliding down got a small it is about right just washed my med in washer and dryed on high heat now it fits better I know it says to hand wash and let dry but I figured I try it anyway instead of just letting it lay around no damage and I can wear it now"", ""Pro-tec let me know if you ever make it in a XX-Large"", ""You hardly know you are wearing them.""]",13.4080839343369,"You can determine the right size by measuring, as one reviewer measured 14 and ordered a medium, but found a small to be a better fit. The product's sizing can also be affected by washing and drying methods. Measuring and trying different sizes may be necessary to find the best fit.",False,376.3590840389952
G_086,REC_086,B001CWT4JI,Health_and_Personal_Care,medium,descriptive,hybrid,5,Mine quits working on me. What should I do?,"Scarlet...Try cleaning your SinuPulse machine with a reservoir of warm water & a little vinegar. Make sure to rinse it at least twice. You could have some calcium & sodium buildup in the pump mechanism. When making your saline solution for your sinus flush,make sure you use USP grade fine saline mix. It dissolves completely. Also,make sure when making your solution that you use nothing but DISTILLED bottled water. If this doesn't work,call the Sinupulse company. They do stand behind their produce. Good luck!",KB_01112,1,"[""KB_01114"", ""KB_01116"", ""KB_01105"", ""KB_01104"", ""KB_01120""]","[""I have had mine for several months and it is working fine."", ""Something else you should know: after I got mine, I broke part of the plastic blue door that fits in the unit's white lid."", ""They think that a simple lubrication of the o ring might have fixed what ailed mine. That is truly amazing customer service, so I can recommend giving the machine a try."", ""This sinus rinser is pretty good. I have had mine for several months and it is working fine. Very easy to keep clean. Not made extremely well but okay."", ""I have had mine a couple of years.""]",11.965292040258646,"You may want to try lubricating the o ring as it has been suggested as a possible fix for a similar issue. This is based on a customer's experience with the product. If that doesn't work, you can reach out to customer service for further assistance.",False,356.4121250528842
G_087,REC_087,B0036WTV2C,Health_and_Personal_Care,long,descriptive,hybrid,5,"my son is 7 years old and grinding a lot, I wonder whether this one will be too big for him or not? Anyone use this on a junior? Thank you!","I wouldn't recommend a NG for a 7 yr old unless your dentist does. He is likely grinding because his jaw is growing & he has primary & adult teeth trying to fit together. Most kids will outgrow the grinding. If he is having jaw pain due to it, see your dentist. This size is too big for a 7 yr old.",KB_01136,1,"[""KB_01126"", ""KB_01142"", ""KB_01131"", ""KB_01136"", ""KB_01134""]","[""After going to three different dentists searching for a solution to my child's chronic night time teeth grinding, I was so desperate I bought this. There wasn't one dentist who would make a bite guard for a child because &#34;their mouths are changing so fast.&#34;  Of course, that makes sense. But, that's exactly why these are so great. You have to change them every couple of months, so growing jaws and missing teeth aren't a problem.My kid is 6 years old, so I just trimmed off about 3/8 of an inch off the rear molar area on each side so it wouldn't be too big."", ""At least this one was cheaper, and I may need it sometime, I have a tooth implant and am supposed to use one to prevent grinding."", ""This was a good buy. I did a lot of research on Mouth Guards on here. With this particular item you will heat up in hot water and form it to your teeth. It's really easy but don't mess up, you only get one time to mold it to your teeth. When you get it there will only be one mold, You can choose to mold it to your lower or upper set of teeth. I would recommend this product to anyone."", ""You have to change them every couple of months, so growing jaws and missing teeth aren't a problem.My kid is 6 years old, so I just trimmed off about 3/8 of an inch off the rear molar area on each side so it wouldn't be too big."", ""I grind my teeth a lot when I sleep and this has been going on for many years. This product really helped me to save my teeth! I had to mold it twice before I can get a good fit. Very easy to use if you follow the instruction closely. Been using it for many months but the wear and tear is minimal even though I am a serious grinder.""]",19.376957905478776,"One reviewer's 6-year-old child used this product, and they had to trim it to fit, so it may be possible to adjust it for a 7-year-old. The product can be trimmed to size, as the reviewer trimmed off about 3/8 of an inch to fit their child's mouth.",False,423.90362499281764
G_088,REC_088,B000RZAIV4,Health_and_Personal_Care,long,descriptive,hybrid,5,"i am a vegetarian, and i have done some research on whether whey protein vegetarian, and i got mixed answers, but most of them saying it depends on the processing.so can you  help me understand if this is a vegetarian protien or not , and why ?",[UNANSWERABLE],,0,"[""KB_01152"", ""KB_01147"", ""KB_01153"", ""KB_01148"", ""KB_01149""]","[""I don't understand why the guy below me rated it with 2 stars since he has never tried it and protein shakes are never the best tasting thing out there anyways.?"", ""I recommend using a rolled quick oats because it makes a really creamy oatmeal when mixed with this. If you add fruit to it it's REALLY good. To people who say Isopure is expensive. It's whey isolate and a quality whey isolate with added vitamins at that..."", ""It's whey isolate and a quality whey isolate with added vitamins at that..."", ""I don't understand why the guy below me rated it with 2 stars since he has never tried it and protein shakes are never the best tasting thing out there anyways.? The product is very good but man its retail value is expensive! I decided to give the product 4 stars instead of 5 since its so expensive."", ""This stuff is seriously good. I've had all of the flavors of Isopure powder. Try the Strawbery, the Chocolate, the Banana and the Vanilla mixed in oatmeal. Cook the Oatmeal first and then stir a scoop into the oatmeal. Use a tad more water than usual and it will come out to the right consistency and it's delicious and usually my breakfast in the morning. If you get the proportions of water incorrect you will either get really watery oatmeal or it's going to be gritty. If you get it spot on however, it's totally DELICIOUS.""]",22.976625012233853,The available reviews do not provide enough information to answer this question.,True,129.4731660746038
G_089,REC_089,B000AAAVZE,Health_and_Personal_Care,medium,descriptive,hybrid,5,Will this work on man pubes?,"As a girl, I couldn't say for sure but my guess is a big NO! This did not work for me at all - anywhere!",KB_01171,0,"[""KB_01174"", ""KB_01165"", ""KB_01167"", ""KB_01162"", ""KB_01173""]","[""Which is to say, if you are a dark-skinned male with coarse hair it probably will not work well for you and cause you mild to moderate annoyance trying."", ""i got this thinking it would work at least somewhat but it didnt work for me at all. all it did was leave my skin red and sticky and took off no hair."", ""Which is to say, if you are a dark-skinned male with coarse hair it probably will not work well for you and cause you mild to moderate annoyance trying. It's for finer hair and skin."", ""This product did not work at all. It was just a sticky mess. I would not recommend this to anyone."", ""i got this thinking it would work at least somewhat but it didnt work for me at all.""]",18.002541037276387,"The available reviews suggest that it may not work well for men with coarse hair, but they do not specifically mention pubic hair. However, one review implies it is for finer hair and skin, which may not be typical of pubic hair.",False,293.93591603729874
G_090,REC_090,B0069SQQ2I,Health_and_Personal_Care,long,yesno,hybrid,5,can I add this to wool dryer balls to help my laundry smell better?,Yes,KB_01182,1,"[""KB_01190"", ""KB_01182"", ""KB_01194"", ""KB_01186"", ""KB_01196""]","[""I bought this oil to use on homemade wool dryer balls and it works great."", ""I bought this oil to use on homemade wool dryer balls and it works great. It leaves a nice light lavender scent on my clothes without leaving behind any kind of oil spotting. It's also safe to use mixed with vinegar as a fabric softener for the washer. It leaves behind a scent that's detectable, but not overpowering. The seller, Plant Therapy Essential Oils, also sent me a jar that had a bonus .5 fl oz in it!"", ""I dropped a little under my pillow (to help sleep) but the strong smell kept me awake..."", ""I wash/process raw wool fleece and put a few drops of this into the rinse water. This leaves a wonderful smell and provides a little bit of oil (i.e., moisture) in the fleece. This is awesome!"", ""I use this to add to my lavender scented lotions as well as use it sometimes on my body before I go to bed.""]",16.83604100253433,"Yes, you can add this oil to wool dryer balls to help your laundry smell better, as it leaves a nice light lavender scent on clothes without leaving oil spots. It can also be used with vinegar as a fabric softener in the washer.",False,266.85329095926136
G_091,REC_091,B003L16V9E,Home_and_Kitchen,medium,descriptive,hybrid,5,is the combination color  lime green or sage,more of a sage green. It is really beautiful. I have found this same set on other sites for $2-300.,KB_01201,1,"[""KB_01200"", ""KB_01201"", ""KB_01203"", ""KB_01204"", ""KB_01205""]","[""The &#34;sage&#34; is better described as lime green. Sticthing between colors gaping upon opening. After the first washing, all stuffing has balled up into three clumps...not repairable. very disappointed! !"", ""I purchased this Sage Queen Size comforter set for my master bedroom. I love the modern look of this beautiful bold stripe, sage green color comforter set. It enhances my room!The material of this comforter set, is very comfortable, especially when you lie under the covers, its feels soft to the touch."", ""In the pic on the actual packaging and on the add it's a green apple color and a chocolate brown. I'm sending it back and going to Target for a real deal."", ""I really love this bedding - it is light weight enough to use all year and looks stylish with great material. The green is a lime and as bright as the picture and the brown is dark chocolate. Has the European shams, shams, decorative pillows, skirt and comforter for a great price! If you like to get new bedding every few years this is a great buy and a sweet way to update a bedroom!"", ""I wish the green matched my green walls but it did not so I am returning. The quality is very good and I even like the kelly green, but it just does not work in my room.""]",13.050207984633744,"The combination color is described as lime green by some reviewers, while others refer to it as sage green, but one reviewer mentions it's more accurately described as lime green. The color is also compared to kelly green and green apple. Overall, the color appears to be a bright, vibrant green, but the exact shade is somewhat debated.",False,473.2682090252638
G_092,REC_092,B0012RTMUY,Home_and_Kitchen,long,descriptive,hybrid,5,"I own this blender, and it is leaking from the bottom of the container (where the blades attach). Does anyone know how to repair this?","Same thing happened to me and it cannot be repaired....the entire jar must be replaced. Call kitchen aid, they offer a one time courtesy replacement jar even if your blender is out of warranty. I have retired mine from smoothie making and purchased a ninja ultima.",KB_01214,1,"[""KB_01210"", ""KB_01211"", ""KB_01215"", ""KB_01212"", ""KB_01214""]","[""I had this blender for about three years and absolutely loved it. Easy to clean. Strong and sturdy base. Chewed up anything I put in it. I make smoothies a couple times a week and it handled frozen ingredients easily. However after three years, the blender began leaking around the bottom nut, as other reviewers have said. Apparently there is no recall and I wish there was. Sure wish this one had some life to it. Don't know what I'm going to go with for a replacement..."", ""I purchased this blender for morning smoothies for the family. After a few uses the jar started to crack, much like a windshield would if hit by a rock, the cracks started from the four drainage holes at the bottom on the outside of the jar and went inward toward the blades. Soy milk or orange juice would leak out everywhere, I dealt with it for a while because the blender was new and it was a hundred dollars. I made my last angry smoothie and dumped the thing in the trash."", ""I love KitchenAid however I am not happy with this product. After using my blender for around a year, off and on, I noticed that it had developed a leak on the bottom of the polycarbonate jar. When I call KitchenAid they assured me that this was unusual so I went ahead and ordered a new jug. It took months for the new jug to come in and when it did I noticed that they had changed the design on the base. I assumed they fixed the problem."", ""Yes, it leaks. I have been making daily smoothies with about 3 or 4 ice cubes, and it quickly started leaking. Just like the other reviewers, mine leaks heavily after just one or two days. I need to retighten the nuts, but they don't stay tightened. Not sure if there is another washer I can get from Kitchenaid, but will call in the morning. The blades are starting to rust as well. Not a good buy."", ""UPDATE 5/24/14Okay, I still can't believe they let this blender go to retail with such an issue with the carafe BUT I went on live chat support with KitchenAid and after giving them the serial# from the bottom of the base they shipped out a redesigned replacement via FedEx, no charge, no questions asked.The base unit of this thing is awesome, super powerful, commercial grade.""]",17.96970807481557,"The available reviews suggest that the leak is a common issue with this blender, and some users have received a redesigned replacement jar from KitchenAid after contacting their support. You may want to try contacting KitchenAid's support to see if they can provide a replacement or a solution.",False,366.09791696537286
G_093,REC_093,B00DDYH9BS,Home_and_Kitchen,medium,descriptive,hybrid,5,Is this a 5 qt. Stockpot?,[UNANSWERABLE],,1,"[""KB_01220"", ""KB_01221"", ""KB_01227"", ""KB_01228"", ""KB_01222""]","[""Downsizing the kitchen, needed something smaller than a 5 qt for just the wife and I. This 3 qt pot fits the bill! Just the right size for two or three, No plastic handles so it can go in the oven, nice heavy bottom for even heating."", ""This is not the 365+ Stock Pot from the IKEA website. That pot is 11 quarts volume. This pot is THREE quarts volume, the one called &#34;Pot with Lid&#34; in the 365+ series. Do not buy this if expecting a good stock pot. It's tiny and disappointing."", ""I am an old man living alone. While I do have a full set of stainless cookware, I have increasing been using a countertop induction grill to do most boiling tasks. I bought this to supplement a larger stock pot, and have found it to be the perfect size for cooking for up to four people on items using smaller sized ingredients. Perfect for chile, Japanese style curry, elbow macaroni and steaming a few items (use it to steam Laulau - yes, I live in Hawaii)."", ""Great size and shape and it works perfectly with my induction cook top. It's just right for a pot of soup for three of us."", ""Perfect just what i needed. perfect size for a couple with a small cat : ) no disgusting non-stick coating just a great pot""]",13.697166927158833,"This is not a 5 qt. Stockpot, it is a 3 qt pot. The reviews consistently mention that it is a smaller pot, suitable for 2-4 people.",False,1424.4096670299768
G_094,REC_094,B003U9T9CI,Home_and_Kitchen,short,descriptive,hybrid,5,Does it include power cord,yes there is a power cord,KB_01230,1,"[""KB_01230"", ""KB_01234"", ""KB_01231"", ""KB_01232"", ""KB_01238""]","[""For some reason, the inner bottom of this rice cooker starts to peel off after I use it for only couple of times. And I often have to wash off these small pieces of metal fragments, with attached power cord, it's not very convenience. For sure it's not stainless steel as the advertisement claims."", ""When I opened the package as received, there was a very noticeable \""ding\"" on the outer shell of the rice cooker. I almost, almost re-packed and shipped it back. I was not sure about the shipping and handling cost reimbursement and I thought it was too much of a hazzle. So I pluged in and tried the functions. It worked. I kept the rice cooker, but I am not happy about the appearance of the cooker that it is dinged and I am not a happy customer."", ""I've used Tatung all my life as did my mother. I like this large size because I can use it for steaming other food items, not only for making rice.The only drawback I feel is that the manufacturer changed the design so that the plug is attached permanently to the rice cooker. Older models used to have the cord detachable so the unit could be washed easily."", ""when i wanted to buy a rice cooker, all my family told me to get one of this. So, even it cost 4 times than other brands, i bought it anyway. After few times cooking, around 2 weeks after I received it, it just don't heat up anymore. I wrote to the seller to request a replacement and not yet received any reply yet. I will update when I got a response, just hold on your purchasing until you know how they handle this kind of problems."", ""This is one of the products that I always recommend to my friends.I have another one that I used for 14 years already and still works great. I bought this because this one is bigger and looks great!""]",12.687791953794658,"Yes, it includes a power cord, and in the newer models, the cord is attached permanently to the rice cooker.",False,340.4216250637546
G_095,REC_095,B00BUP5A22,Home_and_Kitchen,long,descriptive,hybrid,5,Does the charger have contacts that the unit sits on or does the charger need to be plugged into the vacuum?,[UNANSWERABLE],,1,"[""KB_01241"", ""KB_01246"", ""KB_01248"", ""KB_01240"", ""KB_01249""]","[""The more careful you do it, the less dust you get everywhere. There is no mess if you do it properly!The suction on this has been great, I've used it for about 2 months and I don't keep it on the charger, but only when I need to."", ""it works as I expected , easy to storage and charge. It does the job...... well this is my first hand vacuum but Im satisfied."", ""This is a great hand vacuum. The battery hasn't been affected by the fact that I have it charging all the time. It's sleek & easy to install on the wall. I would definitely recommend this product. NOTE:  I have not used this for wet clean up as of yet."", ""This is very easy to use to do quick clean ups. The person that had all the problems with it is either trying to sabotage the rating or has a defective unit. It is easier to use than a normal vacuum for messes that don't need a normal vacuum. I have had this for about 6 months and works perfectly still."", ""This replaced a previous version that was 6 years old. The new (replacement) one has a longer operating charge and more powerful suction. The only negative I found is the thumb on/off switch is hard to operate with your thumb. The vacuum is a quality product and well worth the price. Wall mount is great.""]",16.621166956610978,"The charger needs to be plugged into the vacuum or the unit sits on a wall mount to charge, as one reviewer mentions it's ""easy to install on the wall"" and another mentions a ""wall mount"".",False,337.5942499842495
G_096,REC_096,B005RK8JF6,Home_and_Kitchen,medium,descriptive,hybrid,5,Can you use oil on this board for doughs ?,My wife uses a little mineral oil to preserve the wood.,KB_01250,1,"[""KB_01254"", ""KB_01255"", ""KB_01250"", ""KB_01252"", ""KB_01256""]","[""I bake a lot - sourdough, baguettes, croissants, rolls, crackers, pie crusts, etc. Having this big board (it is really big!) to put on my counter has made my life so much easier. This is especially great for kneading very wet doughs requiring what I call the &#34;slap and slip&#34; method of kneading."", ""Great board,quality is high,size is great!Remember my childhood my Mom using this kind of kneading board,making lots of delicacy.Clean nicely and protect whit recommended oil,and last forever."", ""I put this on an cheap utility shelf and voila! A huge countertop/workspace!I marked one side 'Cut' so hubby knows which side to cut his sandwich so the other side stays smooth for rolling out pastry.Very large. Plenty of space to roll out even the largest crust or fondant. 'Lip' over edge prevents board from moving much when kneading or rolling stiff doughs.Be sure to treat with food grade mineral oil to preserve wood, prevent cracking/splitting, and extend life of board."", ""This is the schnizzle in pastry boards. I am using the heck out of it and I am completely happy with it. It is very large, so be sure you measure where you want to use it to make sure it fits... also, mine was quite dry when it arrived, I recommend treating it with Howard Cutting Board Oil or some other mineral oil before use. All in all, I am glad I bought this one and recommend it to serious bakers."", ""I don&#8217;t know if I need it, but I had one so I have been using it.The board is very substantial. It doesn&#8217;t move, I don&#8217;t have to worry about putting too much pressure on it. I have nothing bad and everything good to say about this board.It is heavy, but I like that. I did season it with cutting board oil before using, very easy to do.""]",13.633792055770755,"Yes, you can use oil on this board for doughs, and it is recommended to treat the board with food grade mineral oil to preserve the wood and extend its life.",False,332.51099998597056
G_097,REC_097,B004H2SDTM,Home_and_Kitchen,long,descriptive,hybrid,5,"I am mostly interested in flax seeds , or linseed. Does it work?",Yes it works,KB_01261,1,"[""KB_01261"", ""KB_01267"", ""KB_01268"", ""KB_01262"", ""KB_01260""]","[""The ultimate in sustainability! I didn't have so much luck with flax seed, I found that it all compacted towards the end but then I emailed the manufacturer and he got back quickly telling me to just add a little water because flax can be tricky."", ""I have yet had time to use this product but the shipping was so fast I was shocked it arrived as fast as it did. I am excited to press my seeds. I wish it had come with a book to explain a little better."", ""Once you get the hang of it, no mess will continue and you will be happily spending your evenings squeezing various nuts and seeds. I recommend using peanuts first and not sunflower seeds, as I did. Enjoy! &iexcl;Viva la Piteba!"", ""I want to give this a 5 star coz I love my oil press but how do you stop the seed from getting compacted at the end bolt? Is flax seed not good? If so what seed shall I use. When it's working I love it."", ""First, this product does work, but is a two person operation. It requires a lot of arm strength and must be worked continuously or it will seize up and you will have a devil of a time getting it unstuck jockeying the crank back and forth. This implies one person cranking while the other person's arm recovers.I bought a small cutting table and mounted it on that using two bolts. Our very first try was with an old bucket of very dry pumpkin and squash seeds.""]",16.214833012782037,"Flax seed can be tricky and may compact, but the issue can be resolved by adding a little water. Some users have had difficulty with flax seed, but it is not stated that it does not work.",False,421.9894999405369
G_098,REC_098,B005I5DO3M,Home_and_Kitchen,short,descriptive,hybrid,5,What is the Height?,[UNANSWERABLE],,1,"[""KB_01272"", ""KB_01276"", ""KB_01273"", ""KB_01277"", ""KB_01270""]","[""The platform is sturdy and provides just the extra height needed so that a tall person can rise without injury. I have arthritis and could not rise without assistance until I got the platform. I have purchased two and totally satisfied. Pricey, but worth it."", ""We needed to raise the height of my Dad's recliner so that he could get up and down without assistance. We wanted to get him a lift chair but he refused. This platform really made a difference. It was very easy to put the recliner on the platform and it is stable and stays in place.I would like to suggest that the description on Amazon should give the dimensions of the platform. I had to call the company to get this info and they were VERY helpful."", ""My mother (who is 93) needed help getting up from her recliner. This riser/booster has made all the difference and she is able to get out of her recliner without any help. I highly recommend this for anyone who needs the extra inches in the height of their recliner to be able to get up alone."", ""I am disabled and need a lift chair, so when it became difficult for me to get out of my lift chair, I noticed that I needed more height to be able to stand and hold on to my walker. Did a lot of research for a \""furniture riser\"", or similar product that would satisfy my need. I found the \""little boost platform\"" and although it seemed a little \""pricey\"" I decided that this is what I needed."", ""Great product! I was amazed how much it improved my ability to get out of my chair. I would recommend it to anyone needing more height from their chair.""]",14.629167038947344,The available reviews do not provide enough information to answer this question.,True,240.57520797941834
G_099,REC_099,B00A6Z5DK6,Home_and_Kitchen,long,descriptive,hybrid,5,Can these be used with polymer clay and can you bake the silicone mold?,[UNANSWERABLE],,1,"[""KB_01280"", ""KB_01281"", ""KB_01282"", ""KB_01283"", ""KB_01285""]","[""Very nice mold, very adorable. The mold putty was clearly mixed very well, and polymer clay comes out of the mold perfectly."", ""The silicone is very flexible, and I had no problems making clay molds with this. I see lots of little bows as part of my projects in the future. :)"", ""Yes I could Make these, but was it worth it to pay the couple bucks and have mailed YES YES ....its a very good durable mold, I will be using it for clay."", ""The three-bows silicone mold is very cute. However, the bows are very small. I can't use them now, but, I will use them in the future whenever I do a small child's birthday cake. Arrived on time."", ""Cute bow embellishments for my clay crafting. Clay pops out quickly and easily.""]",17.304208013229072,"These molds can be used with polymer clay, and while the reviews don't explicitly mention baking the silicone mold, they do indicate that polymer clay can be used with them and comes out perfectly. The molds are also described as durable.",True,391.4597500115633
G_100,REC_100,B0027FFPHO,Home_and_Kitchen,long,descriptive,hybrid,5,Is the bottom inside the pot steel or ceramic? I want to make sure the herbal will not contacted with steel at all.,"Hi, there is a metal/steel at the bottom inside the pot, I believed it's a heat element.",KB_01295,1,"[""KB_01291"", ""KB_01290"", ""KB_01299"", ""KB_01297"", ""KB_01295""]","[""I literally can't live without this herbal cooker. I brew herbs 12 out of 14 days and was trying to do it in a stainless steel pot on the stove. The Herbal Medicine Cooker brews the herbs so well that I only have to drink 1/3 of a cup 3 times a day instead of 1 cup 3 times a day. It is totally automatic, so I just have to check the indicator lights now and then and can continue doing other things without worrying."", ""this is a good herbal medicine cooker. the only thing I don't like is if you put in a big pot of herbal medicine which fills near the top, you will likely also add more water, and it will take a very long time like 3 to 4 hours to cook the medicine. if you fill your medicine only half way up inside, then it will take about 1 hour to cook. being electric with self timer helps a lot when I want to go out, and not have to watch it."", ""This cooker is purchased for my wife to cook the traditional Chinese herbal medicine. This machine is well made, performed all tasks described well, and easy to clean."", ""This is the Fifth Herb Pot in FIVE YEARS. I have Bladder Cancer and Chinese Herbs have beena Life Savor. I have tried to find the best Possible Pot, one that is Reliable, Unfortunately This Pot as all the rest4 from this Co. Do not shut off as Needed &#34;When there is ONE CUP left after 6 cups and herbs are cooked.The Heating Element gets Dirty and isDirected to Not use any Rough Pads to clean?"", ""After just a few uses, the stainless steel heater element began to rust. Now I'm not comfortable using it. Rust can't be healthy. It appears the stainless steel is not very high quality at all.Other than the rusting, which is a big problem, the product is very nice and works well.""]",15.862041036598384,The available reviews do not provide enough information to answer this question.,True,243.48279100377113
G_101,REC_101,B000652LWO,Home_and_Kitchen,long,descriptive,hybrid,5,I am planning to use these for drinking glasses for young children. How many ounces do they hold? Are they big enough for little hands? How heavy?,[UNANSWERABLE],,0,"[""KB_01300"", ""KB_01302"", ""KB_01307"", ""KB_01301"", ""KB_01303""]","[""I see a lady who plans to return her 1/2 pt salt & pepper shakers, packed 24 to a box. I have dozens and dozens of them made by Golden Harvest, with the little handles on them like the drinking mugs, but I cannot find the lids and rings for them. Can you help? They are about 3/8\"" smaller than the small Ball Mason Regular Dome lids."", ""These are perfect for the event we are planning. Very cute and novel. Adds a special touch to the canning jar theme of the party."", ""These are very cute and serve their purpose. Quality does not seem to be an issue. But (a) they are not Ball (they are Golden Harvest), and (b) each individual jar had a Walmart sticker on it that required soaking and scraping to get off. Disappointing on both counts, but once you get over that the jars are just fine - quite nice."", ""I have many people ask where I got these shakers because they cannot find them and I tell them that I bought them at Amazon.com."", ""I ordered Ball salt and pepper shakers--they are Harvest and not Ball ones! I will be sending them back when I am at home later this month....""]",19.55987501423806,The available reviews do not provide enough information to answer this question.,True,227.37370792310685
G_102,REC_102,B001V98IRQ,Home_and_Kitchen,medium,descriptive,hybrid,5,Would this paper work with a Silhouette Cameo cutter?,[UNANSWERABLE],,0,"[""KB_01310"", ""KB_01313"", ""KB_01311"", ""KB_01314"", ""KB_01316""]","[""Love this contact paper. Easy to cut, use and adhere. Everyone is noticing the faux \""stainless steel\"" items in my home and can't believe it's contact paper. Would definitely recommend."", ""I wanted to cover  the side of my refrigerator that was black and not stainless steel. I had used heavier SS  paper before and it was just OK. When I read the reviews they said the paper was &#34;flimsey&#34; like alumminun foil. Well it was and if you take your time and smooth it out it comes out perfect (for me it did). I would recommend this paper but you have to take your time with it."", ""If you want a silver contact paper (not stainless) I would give it a 5. If you want stainless contact paper I would only give it 3.It looks like I painted the cabinet with silver spray paint."", ""This gave a nice shiny stainless steel look to our pantry shelves. While it is thin, I found it easy to work with and it should be convenient to keep clean. I plan on using my leftover contact paper on some shelves in our medicine cabinet to spruce them up a bit!"", ""Yes! So don't put it anywhere that might get dirty.5. It comes off the roll with the design flawed and gashed, and the transparent tape used to stick the roll together will not come off - and you can't rub it, remember?6. I had to touch up some of the silver paint (Ralph Lauren, trust me on this) I had to buy for the corners as this won't work on corners, and some got on the paper.""]",17.585207941010594,The available reviews do not provide enough information to answer this question.,True,231.22287506703287
G_103,REC_103,B004K3FKL2,Home_and_Kitchen,medium,descriptive,hybrid,5,Can you attach a headboard to this frame?,[UNANSWERABLE],,0,"[""KB_01319"", ""KB_01320""]","[""We have been sleeping well and squeak free! And our allergy problems are better due to the frame. It took my husband 20 minutes to put it together. Awesome frame."", ""I was very disappointed in this purchase. It is very strong, however, it is noisy and slides easily over the floor.""]",13.295874930918217,The available reviews do not provide enough information to answer this question.,True,247.18408402986825
G_104,REC_104,B002S52ZFI,Home_and_Kitchen,long,descriptive,hybrid,5,Tags says it is cotton loops. What is the base? Is it Polyester?,"Hi, I bought these towels in white and according to the tag on the towels, they are 100% Egyptian cotton loop and 100% cotton nothing else! Take care, Andrea",KB_01328,0,"[""KB_01321"", ""KB_01329"", ""KB_01328"", ""KB_01330"", ""KB_01322""]","[""These Pike Street towels seemed like they were good quality on their own, but comparing them next to the other fluffier towels it was a no brainer which to keep. The Pike Street towels look like they are made well; there were no loose threads hanging off, the seams looked solid, and the loops were even throughout the towels. They're not a bad purchase at all, just don't expect something really thick that will feel like a soft blanket when you step out of the shower."", ""The Burgundy towels are a sad sad state if affairs. I bought them with the others but never opened them until the end of november 2012 and they were stringy by end of january. First a few strings here and there but then suddenly the edging came apart on all of the towels-bath, hand, and washcloths. These are a mess and it is ridiculous to use them for so short a time, assuming I would pack them up and use them for years and years at Christmastime."", ""The color of these towels is a nice slate grey, and they seemed to be pretty soft when I received them. I imagine they would have gotten even softer after washing and they would have fluffed up a bit."", ""THE DK BLUE IS A BEAUTIFUL JEWEL TONE AND IS THE BEST COLOR OF THEM ALL.THE RED IS A JEWELTONE TOO-ALMOST BURGUNDY. MY CHOCOLATE TOWELS HAVE BEEN WASHED 3 TIMES A WEEK AND ARE STILL CHOCOLATE AND ONLY ONE STRING FOUND SO FAR AND NOW I HAVE ENOUGH WITH THE BLUE AND TAN SO I DON'T HAVE WASH AS OFTEN. THE TAN COLOR IS MY LEAST FAVORITE BECAUSE ITS THAT IN-BETWEEN TAN THAT LOOKS A LITTLE OLD WHEREAS THE OTHERS ARE CRISP AN LUSH AND WONDERFUL."", ""on-screen, the cocoa is the same as in person and I like it, but it doesn't match my bathroom, its just the only decent color.""]",16.09437493607402,The available reviews do not provide enough information to answer this question.,True,258.87799996417016
G_105,REC_105,B003VSWZYM,Home_and_Kitchen,medium,descriptive,hybrid,5,BPA FREE ?? Where is its place of origin?,[UNANSWERABLE],,0,"[""KB_01331"", ""KB_01335"", ""KB_01337"", ""KB_01339"", ""KB_01332""]","[""It's great as a portable cup to avoid using any disposable cups. Construction quality is top notch and Zojirushi standard. However the lid is a complicated assembly of several mixed plastic, rubber, and metal components which means I would not trust it to transport liquid from one place to another as the top part of the lid could pop off. I see absolutely no reason why it could not be a simple one-piece lid, unscrew to drink."", ""nice looking mug, but it has lots of parts and gaskets to clean. they are also on the small side so great for kids or if you don't want to carry a heavy mug around."", ""i have compared it to thermos products and made a hard decision, but i feel lucky that i have finally chosen this one. i had thermos bottles before, but i have to say that zojirushi is really better when you compare two from the same price. ive checked every detail of this bottle and its flawless; the color is even better than seen from the online image thanks to its smooth but not slippery material."", ""Zojirushi SM-JA36BA 0.36-Liter Stainless Steel Vacuum Insulated Mug... good ......keep heat to 3 hours ..may be i return buy anothere"", ""this thermos is just right in size, it keeps warm very well. with the cover removed, 3 to 4 hours of warmth is no problem. with the cover on, it is even longer. it is also stylish. no problem whatsoever.""]",11.685000034049153,The available reviews do not provide enough information to answer this question.,True,240.2170409914106
G_106,REC_106,B000RZPGCK,Home_and_Kitchen,medium,descriptive,hybrid,5,What is it made of? 100% cotton?,"I believe it is a cotton/poly blend. It was a gift for a grandson and I am pretty sure it was not 100% cotton. It was very soft, though.",KB_01346,0,"[""KB_01346"", ""KB_01348"", ""KB_01345"", ""KB_01344"", ""KB_01350""]","[""This item came up when I searched for flannel sheets. There was no fabric description, and the item was cheap, so I was suspicious. The fabric is a flimsy cotton/poly blend. I returned it."", ""Grandson is wild about &#34;Thomas The Train&#34; - thought this would be great, but was not happy with the &#34;feel&#34; or quality of thefabric. This product is made by several different manufacturers depending on where it is purchased, and the fabrics vary...."", ""The fabric these sheets are made out of is terrible. My son loves seeing Thomas and Cranky on his sheets, however, so I have not gotten rid of them. They do not fit very well on a standard twin, either."", ""my son LOVES these sheets!!! i got these for him when he made the transition from toddler bed to twin and he loves them! wash really nice and still look new!"", ""Really like the set but really wish that the thread count were higher so that they were softer but they still are very nice! I love that the pillow slip is different with the big trains on it. It adds a nice touch!!! My grandson loved them and the went well with the fleece blanket and curtains that I made for him! Nice.""]",12.23720796406269,"The item is made of a cotton/poly blend, not 100% cotton. The fabric quality is described as flimsy.",False,325.77474997378886
G_107,REC_107,B0000DDXLE,Home_and_Kitchen,medium,yesno,hybrid,5,"Hi, I have a GCG-2 Cuisinart Mini-Prep Plus, will this work?",If you are asking about a replacement for the original where the plastic cracked the answer is yes.,KB_01352,1,"[""KB_01354"", ""KB_01352"", ""KB_01355"", ""KB_01357"", ""KB_01358""]","[""I was looking for a replacement for my Cuisinart Mini Prep which is quite old and the replacement part was PERFECT!!! !"", ""I've had a Cuisinart mini-prep for many years, and it was still working just fine except that the blade housing cracked. I was looking for a replacement unit when I discovered that I could simply purchase a new blade! It fits perfectly and I expect the small processor to work for years to come:  It's just right for chopping nuts, herbs, and garlic."", ""We have a mini chop prep (I think it's called mini prep) cuisinart that I love, but have been loving less lately because the blade was dull and gross. Replaced it with this and have restored it to it's former glory days of pulverizing nuts in seconds. I wish I'd bought it sooner."", ""This is a replacement blade (the original cracked over time) for my little cuisinart mini-prep. It works perfect and is super sharp."", ""This blade does not fit my Cuisinart Mini Prep. The core of the bowl is too large for the blade to drop down into the bowl. Not happy. Blade is sharp, but can't use it!""]",16.346958000212908,"The available reviews do not provide enough information to confirm compatibility with the GCG-2 Cuisinart Mini-Prep Plus model specifically, although some reviewers have successfully used the replacement blade with their Cuisinart Mini Prep models. One reviewer did mention that the blade did not fit their Cuisinart Mini Prep due to the core of the bowl being too large.",True,477.1922919899225
G_108,REC_108,B002IVU5KE,Home_and_Kitchen,short,yesno,hybrid,5,is it dish washer safe,yes,KB_01361,0,"[""KB_01361"", ""KB_01363"", ""KB_01364"", ""KB_01365"", ""KB_01370""]","[""I bought this pitcher because it stated it was dishwasher safe and is made in the USA. The spout is not designed well. When trying to pour without the lid it overflows the spout and spills. With the lid it is much better but liquid sometime leaks around the spout lid and dribbles outside the glass. I bought cheap and it's worth that much but not much more!"", ""Will probably use it for a little longer then just give it to Goodwill."", ""We purchased this pitcher for daily use at the dinner table, when getting water and ice from our fridge.My 8 year old son easily fills it, the lids stays on nice and snug, and the kids can use it without any problems or spills.It is pretty looking, looks like glass, goes in the dishwasher and the ice doesn't go through the spout, which is great."", ""Wanted a lid that stayed on when pouring - it probably will.....but not taking any chances! Love the design and like that I can see the contents. Nice enough for company!"", ""This pitcher is great! It's big enough for a pitcher of ice tea or lemon water and small enough to fit in my refrigerator. I love the cap, keeps the inside clean. And this product is made in America.""]",12.513666995801032,"The pitcher is dishwasher safe, as stated by one reviewer who mentions it ""goes in the dishwasher"". Another reviewer also initially bought the pitcher because it was stated to be dishwasher safe.",False,379.2062089778483
G_109,REC_109,B005GNQ5E6,Home_and_Kitchen,long,descriptive,hybrid,5,"Does this product come with any pans, trays, etc? Should I purchase any additional accessories?","It comes with one small, shallow tray. I purchased two baking pans. Any 9x13 pan that does not have handles will fit. I use Pyrex, pottery and metal pans, just like a large oven. I also use parchment and foil to line and cover and have had no problems.",KB_01372,1,"[""KB_01388"", ""KB_01386"", ""KB_01372"", ""KB_01387"", ""KB_01376""]","[""I have plenty of other pans to use."", ""(I will post a picture)You can program from a number of choices of types of cooking (bake, broil, toast, bagels, pizza, etc) and choose any number of minutes you need."", ""The pan that comes with it is an after thought and an insult. Every cheap oven has come with a proper broiler pan but not this one. I hope Calphalon reads this. It is not a great company but a result of some paid for pr."", ""bought this so I would not have to turn on large builtin oven and heat up kitchen for small baking projects...works great...I use almost daily to bake authentic gourmet croissants direct from freezer...have made breads, cakes, toast, pastries and pizza in this oven...the pan that comes with it is well made (wish I have more like it as a set for this oven)...did buy smaller baking pans for this oven as 9x13 won't fit...only issue I have is that the door does not shut tightly but still everything still comes out fine...bought this oven from amazon warehouse deal for very good price and shipped quickly and in good shape...overall one of my better purchases for small appliances..."", ""I really like this oven. Managed to find a spot on my counter and lots of reasons to test drive it. Great for pizza, muffins and toast so far. Very easy to use. Sure it gets hot-it's a toaster oven. Also very light weight. Must confess that I found it much cheaper at Macy's online. I just might do a small ham in it for Easter. Now looking for small pans to use in it. Not that much on offer online.""]",16.099417000077665,"This product comes with a pan, but it may not be sufficient for all users, and some reviewers have purchased additional smaller baking pans for their needs. The included pan's quality is also debated among reviewers, with some finding it well-made and others considering it an afterthought.",False,462.17799989972264
G_110,REC_110,B0040VIN18,Home_and_Kitchen,long,descriptive,hybrid,5,Can the metal filter from this be used instead of a paper filter in the ceramic v60 dripper?,"No, you can't. The metal filter is part of the filter and can't be separated. For the ceramic V60 dripper you can only use the paper filter.",KB_01393,1,"[""KB_01404"", ""KB_01392"", ""KB_01399"", ""KB_01393"", ""KB_01396""]","[""Are we using the same terminology?There is no paper filter, and it's a very fine mesh, so you're going to get a rich cup of coffee with all the wonderful oils (that get retained by the paper filter normally).Also, technique is very important (more so than with the V60)."", ""I am very impressed with this filter .....It indeed makes a rich brew without any paper filter use. Wish it was offered in ceramic or glass as I am not a fan of plastic but the functionality and usage comfort outwins other aesthetic reasons . Highly recommend !"", ""This is a fantastic coffee brewer. I have to wonder how fine of a grind people are using to report grinds in the coffee. Sure, there's going to be sediment, but that's a far cry from grinds. Are we using the same terminology?There is no paper filter, and it's a very fine mesh, so you're going to get a rich cup of coffee with all the wonderful oils (that get retained by the paper filter normally).Also, technique is very important (more so than with the V60)."", ""It avoids paper filters and gives you fresh taste. I wonder if that plunger deal with the circle of filter paper at the bottom which you just pour, stir, let sit a moment, and plunge through like a piston in an engine cylinder makes good coffee as was said to me at the kitchen utencil store when I took in my new Hario filter to show them what I'd wanted them to consider carrying.But this is so elegant, sturdy, cleverly built. The plastic frame around the steel mesh is some kind of very dense plastic, almost a ceramic."", ""this dripper works extremely well. no more paper filters for me. rich coffee. awesome dripper. makes your pour-over as good as it gets. thanks hario. thanks amazon.""]",16.18720800615847,"The metal filter can be used instead of a paper filter, and it allows for a rich cup of coffee with the wonderful oils that would normally be retained by a paper filter. The filter has a very fine mesh, which helps to achieve this.",False,390.6720419181511
G_111,REC_111,B002A1LGH8,Home_and_Kitchen,short,descriptive,hybrid,5,Can you microwave this container??,[UNANSWERABLE],,1,"[""KB_01426"", ""KB_01422"", ""KB_01427"", ""KB_01413"", ""KB_01412""]","[""I like this container much better than containers that have the \""cold spot\"" in the lid only."", ""The purpose of a sandwich container is to prevent the use of plastic bags!"", ""They fit nicely into the lunchbox and you can pack yogurt tubes, cheesesticks, or other items that need to stay cold around the outside of the container."", ""These are terrific for my children's lunchboxes. I don't have to worry about turkey, ham, or anything that might spoil getting warm before lunch. Sometimes the children have even told me that the sandwich was too cold! They fit nicely into the lunchbox and you can pack yogurt tubes, cheesesticks, or other items that need to stay cold around the outside of the container. I like this container much better than containers that have the \""cold spot\"" in the lid only. In my opinion, that does not keep the sandwich cold enough."", ""I use this item to store cheese slices that I use when training my dog. The cooling effect lasts much longer than those plastic containers that have the thin rectangular container filled with (water? / some other liquid?) that snaps into the lid. This chiller uses some kind of gel, and it stays cool longer. Good for a few hours.""]",15.190874924883246,The available reviews do not provide enough information to answer this question.,True,249.63620794005692
G_112,REC_112,B007QZ8NII,Home_and_Kitchen,long,descriptive,hybrid,5,Does anyone know what the reason would be that the number 9 would be displayed on the unit after it's powered off?   Thank you!!!,[UNANSWERABLE],,1,"[""KB_01447"", ""KB_01437"", ""KB_01434"", ""KB_01435"", ""KB_01446""]","[""The unit reduced the temp by 2 degrees...which is amazing considering the size of the room, but it reduced the humidity by 9%...down to 53%."", ""I Could Simply Raise The Unit On A Stand So The Drain Port Is Above The Sill.I've Put My Haier 10K BTU Unit Back In Service. Through The Last Four Years, It Has Seen Me Through Many Sweaty Days Without Fail. The Much Shorter Hair Exhaust Adapters Yield The Front Of Its Much Larger Unit 20\"" From The Window. Produces 10,000 BTU At 950 Watts Consumed ( EER - 10.53 ) Draws 9 Amps.As Each Unit Has Same EER, If The Smaller Soleus Unit Were Less Prone To Stopping, I Would Give This Unit Great Preference."", ""But having said that, so far, this little unit works quite well.Update: This past weekend our bldg's central air went out...it was VERY humid even tho the temp inside was only 79d, the humidity was 62%. I set the unit up in the living room to see what would happen even though the area is at least 700 sq ft. The unit reduced the temp by 2 degrees...which is amazing considering the size of the room, but it reduced the humidity by 9%...down to 53%."", ""(Good thing since the drainage access is similarly poorly placed at the absolute bottom of this unit and it would be impossible to elevate this large and heavy 82 lbs. portable unit for manual drainage).For the new smaller unit I am now placing it on a 9 1/2&#34; riser and positioning it with a more direct exhaust hose access from the machine to the outside, hoping that it improves air flow well enough to allow better moisture escape via the air hose."", ""portable unit for manual drainage).For the new smaller unit I am now placing it on a 9 1/2&#34; riser and positioning it with a more direct exhaust hose access from the machine to the outside, hoping that it improves air flow well enough to allow better moisture escape via the air hose.""]",17.279958934523165,The available reviews do not provide enough information to answer this question.,True,238.7094999430701
G_113,REC_113,B00B4M83MU,Home_and_Kitchen,medium,descriptive,hybrid,5,What is the outside diameter or circumference?,"Way small, I have thicker spaghetti. I don't know the exact measurement but it is very similar to what you'd find at a gas station for coffee. Hope this helps.",KB_01460,0,"[""KB_01459"", ""KB_01464"", ""KB_01460"", ""KB_01456"", ""KB_01453""]","[""Works like a straw should. Great length for the high ball glasses, awesome for the person who likes to sip their drink..."", ""version for my travel mugs, this barely sticks out the top..no other cons I can think of.Simple item, easy on the wallet price.."", ""What can I say. they are plastic stir straws for coffee. 1000 will last the office a while too, some of the people here suck down a lot of coffee every day but these are cheap and will go a long way."", ""it was very convenient and i will purchase this again. I love it and last long. another thing use and throw"", ""this was the best bang for your buck! such a great deal and so glad i found it for our company.""]",12.718290905468166,The available reviews do not provide enough information to answer this question.,True,380.4431250318885
G_114,REC_114,B002865DNI,Home_and_Kitchen,short,descriptive,hybrid,5,Measurements?,[UNANSWERABLE],,0,"[""KB_01479"", ""KB_01484"", ""KB_01482"", ""KB_01483"", ""KB_01476""]","[""Well worth the $$. This is a product that will last a long time and is so much better than smaller versions that you can purchase in the usual mega stores. I am very happy with this purchase."", ""seems expensive for its size, I expected it to take more loads."", ""very sturdy frame, easy transport handles on bags."", ""that fall apart, look ugly and/or don't stand up well over time."", ""You look like an adult with good taste.I live in a condo and our washers/dryers aren't in my unit. It was hugely convenient to take the bags and walk to the washers and empty my laundry. Also I find that once one bag is full (to the top) that is roughly equal to two loads of laundry. Unlike the plastic hamper that would get full and sometimes it would be 3 or more loads of laundry. Having two separate bags is a nice way to keep white and dark clothing separate.The laundry hamper looks fantastic.""]",11.708167032338679,"One bag is roughly equal to two loads of laundry when full to the top. The product seems small to one reviewer, who expected it to take more loads.",False,240.39433407597244
G_115,REC_115,B004P2LEE0,Home_and_Kitchen,long,descriptive,hybrid,5,I want a slow cooker that I can cook oatmeal in thu the night ?? For one person !!!!,"Yes, this is the perfect size. In fact, the recipe I have makes 3 servings and I've found that it cooks steel cut oats perfectly, and they re-heat great with a little extra milk. Great time-saver for being able to have breakfast before work! The recipe can be found in ""Vegan Slow Cooking For Two - or - Just For You"" by Kathy Hester. She also has a blog online where a bunch of recipes are posted. (Pear Rose Cardamom Oatmeal) I substituted an apple for the pear and skipped the rosewater, but love the cardamom!",KB_01497,1,"[""KB_01490"", ""KB_01502"", ""KB_01508"", ""KB_01491"", ""KB_01489""]","[""I recently landed my first full-time gig after graduating college. for months I basically ate out for every meal, because I craved a warm meal, but had no desire to spend my few hours of free time after work in the kitchen putting together a meal that I would devour in less than ten minutes.So, I got myself this slow cooker and tried out a few recipes. I have to say, I can't imagine life without a slow cooker now! I made a pot roast with red wine a few times and let it cook on low for 12 hours over night."", ""I ordered a smaller one, a 1.5-quart slow cooker this time, thinking that since I'm only cooking for one that was all I really needed."", ""I bought this to cook oatmeal and so far that is all I have cooked."", ""Oh, how I loved this Crock Pot.....until I totally destroyed it by overfilling it with angel food cake batter, which overflowed into the heating elements and essentially fried it. I ordered a smaller one, a 1.5-quart slow cooker this time, thinking that since I'm only cooking for one that was all I really needed. SO, SO WRONG. You can't fit anything in a tiny little pot like that! Unless you're making breakfast oatmeal or a dip or something, stick with this one, single peeps."", ""A well made slow cooker. Bought this to dedicate to making soap. Didn't want to use the one I have to cook with for soap making.""]",17.38887489773333,"This slow cooker can be used to cook oatmeal overnight, and a 1.5-quart size may be suitable for one person. It is recommended for making breakfast oatmeal or small dishes.",False,366.85045901685953
G_116,REC_116,B00ECH685S,Home_and_Kitchen,long,descriptive,hybrid,5,Where do I find the cover that fits the one gallon crock?  I wish these listings were more clear regarding what size you are getting when you order.,"Search Amazon for Ohio Stoneware 11600 crock cove (""cover"" is misspelled).  It fits the 1 gallon Ohio Stoneware crock. I do not own it myself, as I have the 3 gallon crock and cover instead. Good luck!",KB_01510,1,"[""KB_01510"", ""KB_01518"", ""KB_01511"", ""KB_01520"", ""KB_01516""]","[""This item is a quality item. It fits a 3 gallon crock perfectly. The advertising claimed that it would also fit a one gallon crock, but it doesn't do more than just cover the top of the crock and does not look pleasing with so much of the lid hanging over the top edge. I recommend using it for 3 gallon crocks. I would purchase more of this item."", ""The advertising claimed that it would also fit a one gallon crock, but it doesn't do more than just cover the top of the crock and does not look pleasing with so much of the lid hanging over the top edge."", ""I've ordered these crock covers twice now. The first was canceled because they were out of stock. When Amazon notified me they were available I ordered right away. These covers are very hard to find. With that being said I simply do not understand why they pack these covers with a piece of flimsy cardboard between them. The top one was shattered to bits. $41.14 is a little steep for just one cover and I will be sending for a replacement. I am very happy with the covers themselves and will be making my husband sauerkraut soon!"", ""It fits a 3 gallon crock perfectly."", ""The actual product is a stoneware crock cover.""]",15.612709103152156,The available reviews do not provide enough information to answer this question.,True,238.49558306392282
G_117,REC_117,B009MBW1AK,Home_and_Kitchen,medium,descriptive,hybrid,5,Can this cookware be used in the oven?,"No, the handles are not oven proof. It's the only bad thing I can say about the set. Other than that I absolutely love them. The quality is very good. I use my cast iron in the oven.",KB_01525,1,"[""KB_01537"", ""KB_01536"", ""KB_01541"", ""KB_01535"", ""KB_01542""]","[""This is the best (frying pan) cookware set--ever."", ""I  still love my cast iron and use them for anything that needs to go in the oven or frying, however, many things cannot be cooked in cast iron so these are the ticket!"", ""Maybe cooking in pretty cookware does the same."", ""If you want skillets to put in the oven then you shouldn't purchase these."", ""If ever the need arises to purchase cookware in the future, FlameKiss will be my first choice.""]",12.066791066899896,"This cookware cannot be used in the oven. A reviewer explicitly stated that if you want skillets to put in the oven, you shouldn't purchase these.",False,304.3810419039801
G_118,REC_118,B003QCJHK8,Home_and_Kitchen,long,descriptive,hybrid,5,how long have you had your? is it still sturdy now?  please answer if you you have had it for years.,[UNANSWERABLE],,1,"[""KB_01549"", ""KB_01548"", ""KB_01547"", ""KB_01555"", ""KB_01546""]","[""This table is the best buy I've made in years on Amazon. VERY sturdy, great material and a true pub feel. This thing is my favorite spot for work or coffee. Makes the whole room. Glad I found it and highly recommend this to anyone looking for a well-built table that feels like it was stolen from a local pub or coffee shop."", ""Can't complain. It looks very nice and not at all cheap. The surface is very smooth to the touch and the color complements our white walls very nicely as well. The table feels sturdy and is perfect for the two of us. Assembly was very easy and didn't take too long. I managed to put it together alone."", ""Good little table and a great color, too. The construction is very sturdy and it was easy to put together. I got the matching chairs also and, though there are cheaper options out there, this will last a long time, I can tell. Had it about 6 months and it's great so far!"", ""I bought this table for a small apartment and it is a great find. Looks and feels much more sturdy than your average Ikea table and for only $99. Very happy with this purchase."", ""I am very happy with it.As much as I love it, I wouldn't recommend it for a large family. Only my boyfriend and I use it. I could see it still working if we had a baby, and probably working for four people of average size, as long as you don't want to put anything more than your plates/bowls, silverware, napkins, and maybe a salt and pepper shaker in the on top of it. This is not the kind of table you can use to both serve food from and eat on at the same time.""]",14.941792003810406,One reviewer has had the table for about 6 months and reports that it is still great and sturdy. There is no review evidence of someone having the table for years.,False,451.0917500592768
G_119,REC_119,B00A1ECR2E,Home_and_Kitchen,long,descriptive,hybrid,5,"Did you need to use a mold release spray?  I'm wondering if I need to bother spending extra money on it, or if they will pop right out.  Thanks.",I have used this mold several times now and there was no problem getting the resin out. Hope this helps!,KB_01567,0,"[""KB_01574"", ""KB_01569"", ""KB_01567"", ""KB_01575"", ""KB_01568""]","[""I had ordered another mold that I ended up breaking when trying to get the resin coaster out and this one has some give so you can just pop it out like an ice cube tray."", ""Worked really well! I had ordered another mold that I ended up breaking when trying to get the resin coaster out and this one has some give so you can just pop it out like an ice cube tray."", ""I ordered this to make coasters at home for a Christmas gift. I read other product reviews for something similar and decided not to spend the extra money on a release formula for the resin. I was very happy with that decision. My husband and I have made 10 coasters and not once had a problem getting the finished product out of the mold. It is big enough to make your coaster look beautiful."", ""I read other product reviews for something similar and decided not to spend the extra money on a release formula for the resin."", ""You can pour from either side of the mold (Blyth dudes are useable).Resin pops from mold fairly easily (I use easy cast resin)""]",16.587916994467378,"The molds have some give, allowing the resin coasters to be popped out easily, like an ice cube tray. Some reviewers did not use a mold release spray and had no issues removing the coasters from the mold. This suggests that a mold release spray may not be necessary.",False,355.6707500247285
G_120,REC_120,B0000BY8S6,Home_and_Kitchen,long,descriptive,hybrid,5,"I just bought 2 (forgot from whom) that were more gray than blue.  Are yours a pretty blue, like sky or baby blue, or grayish?","My Martex Vellux blanket is blue, but I would characterize it as more of a ""grayish"" blue than a baby blue or sky blue.",KB_01595,0,"[""KB_01587"", ""KB_01594"", ""KB_01584"", ""KB_01593"", ""KB_01588""]","[""I own many of these blankets in various colors. They are great during the summer or the winter."", ""I ordered the hunter green color and it looks just like the picture."", ""if you want a Martex Vellux blanket this is the only one they are currently manufacturing).My new blanket arrived yesterday. It was just like the one I just had. It is a great blanket with fantastic insulating properties. It is very durable and I would consider it very \""washing machine friendly\"". Mine arrived very soft (i.e. it was not stiff). I ordered the hunter green color and it looks just like the picture. Note: Only the top and bottom are hemmed. The sides are just cut straight; however, due to the construction (kind of a fuzzy faomy material over a mesh) it never ravels."", ""It was just like the one I just had."", ""Excellent quality blanket. Just what I was looking for. Light-weight but, still keeps you warm. Hunter green is a hard color to find. Amazon came through as usual!""]",14.426999958232045,The available reviews do not provide enough information to answer this question.,True,124.60266693960875
G_121,REC_121,B00E8Y79SK,Home_and_Kitchen,long,descriptive,hybrid,5,How durable is the line itself?  Does it sag much if you hang a hand towel?,The line is very durable.     We have hangers on it all the time -- very little sagging.,KB_01608,1,"[""KB_01606"", ""KB_01602"", ""KB_01603"", ""KB_01608"", ""KB_01605""]","[""The line itself is basically a thin piece of string. I put two pairs of pants on it and it sagged significantly. The line is not coated in plastic/rubber so the clothes slide down to the middle when it sags. I wish I could return the thing. It does secure to the wall pretty well, though. It's just that you can only hang one sock on it at a time."", ""This clothesline is just what we needed to replace one in our RV. The locking feature creates a tight line to hang wet towels on, which is what we use it for. I would recommend it for anyone looking for a line that you need occasionally that doesn't take up much space."", ""We've needed a place to hang those clothing items that should drip dry. Finally, this line takes care of that need. DH installed it so that when the line is not in use, it is not noticeable. Yes, it will support a line of wet clothing without sagging so much that the clothes all slide together if you tighten the line tension adjuster. Love it!"", ""This is the sturdiest clothesline we've ever purchased. The line is thick and strong, the tension holds (rather than droops, like some other clotheslines) and is easy to put away.Works great - easy to install and use. . I can hang a. I can hang any clothes I need, then retract the cord when it's not needed. It's EXACTLY what I wanted.ny clothes I need, then retract the cord when it's not needed."", ""This is quality construction and works perfect in our RV garage. The locking mechanism is really great after you hang your wet stuff on it, you just pull in the line and tighten it thereby minimizing the sagging. Very good product!""]",16.44558401312679,"The line's durability varies, with some reviewers finding it saggy and weak, while others describe it as strong and able to support wet clothing without excessive sagging, especially when the tension is adjusted. It can support a hand towel, but the amount of sag may depend on the specific product and usage. Some reviewers mention that tightening the line tension adjuster helps minimize sagging.",False,410.56041698902845
G_122,REC_122,B001076GP0,Health_and_Personal_Care,long,descriptive,hybrid,5,Does it work for a Series 7   760cc-a shaver? what is the difference in 760cc and 760cc-a?,[UNANSWERABLE],,1,"[""KB_01616"", ""KB_01615"", ""KB_01612"", ""KB_01620"", ""KB_01613""]","[""The cord works for my 760cc Braun Razor. I would have given 5 stars, but the price while comparatively good, is more than a power cord should cost."", ""This product works as advertised. Can't say much else about it really besides it works and it fits my 760cc"", ""I bought this charger for my Braun 790CC-4. For those wondering, I got the Hugo Boss edition from a German seller. The charger that originally came with it does not work with the outlets here in the United States. Although the seller provided an adapter, it was still not a really good fit. So I bought this. Now I can charge my shaver with ease."", ""I have a Braun Pulsonic shaver and i left the shaver charger cord in New Jersey and I live in Alaska. I couldn't find the charging cord anywhere in Alaska so i ordered it form Amazon and it got here in half the time Amazon told me it would and it worked like a dream. Thank You"", ""i had to get this adapter coz i forgot to get mine when i moved to the states .... as all braun products it works flawlessly .... but at $30 its ridiculously priced ... i was actually  considering getting one of the cheaper shavers  which were about $50 .... but the quality and the satisfaction of using a series 7 is way too high to compromise ... so i went ahead and bought it ...  but bottom line is TOO EXPENSIVE ! !""]",18.419209052808583,The available reviews do not provide enough information to answer this question.,True,384.19745897408575
G_123,REC_123,B00ANIYKRS,Patio_Lawn_and_Garden,long,descriptive,hybrid,5,The line won't auto-feed and I have to stop and manually pull it out every few minutes. HALP!,"That's only happened to me once. Pop the spool cap off (squeeze the two sides and pull it) and look at the spool of line. It's possible you have some sort of knot in the line stopping it feeding freely. If so, pull it out and rewind it. I've had very few problems with it, though if you're whacking weeds close to concrete or stone, for instance, it will wear quite fast, requiring stopping every minute or two to feed more line. BTW, you should hear the line feed click just before the head stops turning. The thing is designed for about a 1/4"" feed on each stop/start.",KB_01623,1,"[""KB_01624"", ""KB_01625"", ""KB_01623"", ""KB_01627"", ""KB_01622""]","[""After a few uses the trigger auto feed function stopped working. No matter how many times I press the button no line is advanced. There is a manual release button on the side of the spool housing but this requires you flip the tool upside down every few minute or so.If you are looking for a good option please save yourself the money and look somewhere else. What good is paying $150 for something that is not serviceable and didn't last a couple months."", ""Been using this trimmer for about 6 months now, actually using it once in a while as the automatic feed never worked on it. It is so frustrating to have to stop and manually feed the line. The trimmer also does not allow you to get very close to the target area as the bulky front end is way too big for close trimming. I love the lithium power and the concept of this trimmer but will be looking for another brand with the same functionality that works."", ""I've tried different types of string to no avail. Today was the final straw. I did not make it more than 3 linear feet before having to stop, pull off the head, pull out the spool, unwind some string, feed it through the grommet, replace and go only to have it break again within the next 2-3 feet. Bottom line:  GARBAGE"", ""This is a hardliner for me and I NEVER allow myself to deviate from this ever.The trimmer portion works fantastic. Automatic feed, per the instructions when you turn off the trimmer wait 2 seconds and pull the power trigger twice and the line will extend. I use the power saver dial and by turning the dial to a minimum energy use I am able to trim the slightly under an acre yard."", ""This trimmer is decent. The battery charges very quickly, it has enough power, and it's easy to use.The problem is the trimmer line won't feed properly. I have to stop and pull line by hand. It will notauto feed.""]",16.232124995440245,"The issue with the line not auto-feeding is a common problem, with multiple users experiencing it and having to manually pull the line every few minutes. This problem persists even when trying different types of string. Some users have found a workaround by following specific instructions, but for many, the auto-feed function does not work.",False,435.6222919886932
G_124,REC_124,B009T7H0QM,Home_and_Kitchen,long,descriptive,hybrid,5,"can youadjust the temperature manually or are there just ""settings,"" like on a crock pot ?","There are temperature settings you can set if you use it in ""oven"" mode.  There are also low, high, and keep warm settings if you want to use it like a crockpot.",KB_01637,1,"[""KB_01632"", ""KB_01636"", ""KB_01638"", ""KB_01637"", ""KB_01635""]","[""I have seen  this same crock pot elsewhere for at least $50.00 cheaper!!! A few people have told me that this product was a great way to cook your meals. I tried it and I have to agree, it is so simple to just throw everything in the pot, turn it on, and just sit back and let the crock pot do its thing. The meals I have cooked in this crock pot were very tasty."", ""I will not buy any more crock pots that can't sear, but I'm hoping that Crockpot comes out with a searing version at a much lower price. I'm expecting they will in the future."", ""My suggestion is to let the pot cool after cooking and then cleaning immediately to avoid \""stuck\"" on foods. This product is not dishwasher safe, so know going in that you have to hand wash. This isn't a big deal for us either. The \""one pot\"" meal has become our favorite! One con that I can think of is that the product has a timer--but it doesn't make any noise when the time is up."", ""As a bonus, it's much easier to wash than my slow cooker; although instructions say dishwasher safe, I continue to hand wash it.) I've used it on all settings, and have yet to have a meal that's failed."", ""Received this as a Christmas present. I was looking for some type of slow cooker that could sear meat. Cooker does everything it claims to do, but there are a few things that took a star away from my review. 1. The searing temperature is not hot enough. It takes a while for it to heat up and searing meat takes a lot longer than it would on your stove. 2. I don't like that the lid is not dishwasher safe because it can rust. 3.""]",15.985999954864383,The available reviews do not provide enough information to answer this question.,True,132.38979107700288
G_125,REC_125,B00101TXPG,Baby,long,descriptive,hybrid,5,"I like being able to hear everything that goes on in my baby's room.  Can you clearly hear all background noises (e.g., wave machines, etc.)?",It is quite clear but the volume is not high. We use it for our quadriplegic daughter when she calls in the middle of the night. I like that we don't get static from other electrical objects or the aluminum wiring in this house.,KB_01649,1,"[""KB_01644"", ""KB_01643"", ""KB_01646"", ""KB_01642"", ""KB_01645""]","[""This is a great monitor.I feel like I can hear everything going on in Baby's room, NO interference, no pesky channels to mess with.The design is beautiful."", ""My baby is almost 3 years old. I've had several monitors over the years and I can tell you, for this price range this is as good as it gets. It has a great mic, you can definitely hear everything going on in the babys room: a clock ticking, the sound that the curtain makes, etc. Even if the baby breathes deeply and you have the parents unit on loud you can hear it perfectly. I like that about it.There is no static on mine at all."", ""I registered for this product based on the high rating and chose to ignore some people who had complained about the volume :-(. Big mistake. One cannot hear the baby's small noises if there is TV, you are talking to someone, the bathroom fan is on etc. It is really painful. You can hear it if he is crying though - but I don't want him to have to cry to get our attention (that's the whole point of using a monitor, isn't it?"", ""I sleep with a sound machine next to my bed (my baby's shuts off after 20 min), and I can clearly hear him over that.I also like that the fact that if the baby unit fails or the power goes out, the parent unit immediately makes a horrendous beep.CONS:I don't like that there is no battery backup for the baby unit.Finally, I think that the ease of use could be better (hence 4 stars)."", ""I think this is the best choice out there for a monitor. It is lightweight and simple to use. Since it is digital, I have had no problem with interference. The sound quality is great, I can clearly hear the baby noises, even with background noises (white noise maker, music from the swing). The unique aspect of the monitor is the visual sound indicator. Bars of light come on when a new sound comes in-- the more bars, the louder the sound.""]",20.98866691812873,"You can clearly hear background noises, such as wave machines or white noise makers, as well as the baby's noises, with this monitor. Some reviewers have mentioned being able to hear small sounds like a clock ticking or the baby breathing deeply. However, one reviewer noted that it can be difficult to hear small noises if there is other loud noise present, like a TV or conversation.",False,701.0810420615599
G_126,REC_126,B009HRFGNS,Home_and_Kitchen,medium,descriptive,hybrid,5,Is this oven big enough to cook a turkey?,It's only big enough for a 5 lb. chicken or turkey if you can find a really small one.,KB_01652,1,"[""KB_01654"", ""KB_01652"", ""KB_01653"", ""KB_01658"", ""KB_01656""]","[""This toaster oven exceeds my expectations. I wanted something to cook small portion and not use my oven,this oven is perfect to bake and boil in."", ""Works great. Had to find something to replace the little oven that we had and love the griddle on top. This fit the bill. One of the big complaints was that our old oven wasn't big enough to really do a nice chicken in the rotisserie, but this is a little bigger so should do fine (other reviews stated up to 5lbs and I haven't used that feature just yet). Everything else really cooks well in there. I am very happy with it."", ""use this oven all the time. Toast sandwiches, backed cookies, baked muffins, and breakfast. Best rotiserie chicken ever. Convection is awesome. Bake on lower temps and quicker. Recommend the rotiserie baking kit it Fits well. Does everything my big oven does but sits on my counter top. :-)"", ""The oven is plenty functional. I love the top shelf under the lid. The convection fan may make things cook a little quicker. Great for in our RV. The price was very good after comparing other tabletop ovens. I had one of their earlier non convection models and was so happy to have found this on Amazon, can't find it in stores anymore."", ""This is a very nice 6 slice counter top toaster oven, however when you bake or toast with the oven you will have to rotate the dish front to back half way through or the bake will cook more than the front as the door is not insulated and does not stay at the same temperature as the back of the oven.""]",12.22362497355789,The available reviews do not provide enough information to answer this question.,True,127.8465420473367
G_127,REC_127,B00GYBZURM,Toys_and_Games,long,descriptive,hybrid,5,Does this kit come with a go-pro camera? I am building my own drone and would like to include an FPV system...,No you must buy your own camera,KB_01667,1,"[""KB_01670"", ""KB_01662"", ""KB_01666"", ""KB_01668"", ""KB_01664""]","[""I spent hours and hours researching FPV kits and components, watching many youtube videos. Because I needed a video kit installed on my Phantom in time for my sons upcoming wedding, I went and and threw in the towel and purchased this kit because it was just the easiest thing to do and I couldn't sort out all the conflicting information regarding other similar products."", ""I have been using the KumbaCam advanced kit for 3 weeks now and it rocks! I have been doing a lot of flying with my DJI Phantom 2 and F550 Hexacopter for a little bit and wanted to take my flying and filming to the next level. I wanted to be able to comfortably fly far distances out side of my line of sight, and the ability to frame up my shots for ariel video via my go pro 3+."", ""There's also something to be said for a U.S. company to buy from if you have issues.And boy am I glad that I did buy from KumbaCam. I received the kit on a Friday and installed it the next day and performed my first test flights. I was very disappointed with the results. Video reception was breaking up at very short distances and the LCD monitor was just not as high of a resolution as I would expect."", ""Unfortunately I don't of anyone else who owns anything with this or other FPV kits, so I don't have anything to compare mine with.But the way I'm looking at it, it works fine for closeup work, and maybe out to a few hundred feet under good conditions. I'm assuming that it's doing the best it can and I'll go on from here. I am superbly grateful to the KumbaCam team for being so responsive and responsible and helping me through that difficult first few days."", ""I hook my FPV system today and it work perfect and it was very simple to do. I was not flying my DJI phantom 2 but if there is any indacation on how it was going to work I am very happy. Now I can't wait to take it out flying, but it has been way to windy. I use to love the strong wind when I was a avid windsurfer but not now. The only negative thing I have to say about it is no direction.""]",14.441916951909661,The available reviews do not provide enough information to answer this question.,True,158.08612492401153
G_128,REC_128,B00GGN264I,Health_and_Personal_Care,short,descriptive,hybrid,5,Is psyllium better than inulin?,"Most psyllium products need sugar, artificial sugar and color and other additives to make it palatable.  I doubt if any of us need those additives and Clear and Natural is 100percent inulin without additives.  Strange that it costs more without all that other""stuff""!",KB_01673,1,"[""KB_01673"", ""KB_01672"", ""KB_01680"", ""KB_01677"", ""KB_01676""]","[""The active ingredient in Clear & Natural is &#34;inulin&#34;, an insoluble fiber supplement, which has controversial reviews from various users and authorities, regarding its efficacy and effectiveness. I found that it resulted in serious gastrointestinal distress, gas and flatulence. I promptly returned it to Amazon and cannot recommend it."", ""when I found that I couldn't buy this product because the manufacturer wasn't making it anymore I was looking for a replacement but was happy to find it available at a great price on Amazon. this product works so well for me - much better than a wheat product. and I don't like the physillium products"", ""Title says it all! This is the best fiber supplement out there - smooth and tasteless, and mixes in any liquid."", ""What can I say? It's Metamucil. Delivery was quick. Glad I found it as it as this particular Metamucil is not stocked in many stores in my area."", ""Works like a charm and no disgusting grit or slime. I use it everyday with results. Really helped my intetstinal condition.""]",12.954332982189953,The available reviews do not provide enough information to answer this question.,True,382.8802910866216
G_129,REC_129,B008AG5VOQ,Toys_and_Games,long,descriptive,hybrid,5,Does this tricycle have an easy way of taking on and off the push handle and does it fold down for transport?,Push handle easily removed with a single pin under the seat . Does not collapse or fold down.,KB_01685,1,"[""KB_01687"", ""KB_01685"", ""KB_01690"", ""KB_01688"", ""KB_01682""]","[""The tricycle isn't extremely high quality. The pushing handle has alot of slop in it as others mentioned but doesn't make it too hard to navigate with. I compared lots of similar products and if I had to do it again, I would still purchase this."", ""I really like this tricycle. I just with the handle was a little taller for my man and he's only 5'9&#34;."", ""Radio Flyer seems to be putting out cheaper and cheaper products. This looks sturdy, but it's not. It just feels like thin and cheap plastic. The little canopy is difficult to get on and off. While it's on, you can't actually see your toddler--even when you fold it back. The worse is that the pin that olds the handles for the adult to push in the back is loose in its design."", ""I have a 17 month old and a 2 month old, and I can wear my 2 month old in a harness while I push my 17 month old on this trike. I love how it transforms from a &#34;stroller&#34; into a tricycle. You get a lot of use out of this and truly get your money's worth. I do think it could've been easier to assemble."", ""Great growing bike. Easy assembly, I only needed my husband to hammer in one of the wheels. I really like that it will grow with my daughter and that the push handle is adjustable, I am tall at almost 6 foot so I appreciate the adjustable handle.""]",14.83400003053248,"The tricycle has a push handle, but its ease of removal is not mentioned. The tricycle does fold, but the process is not described in detail, and one review mentions that when the canopy is on and folded back, it still obstructs the view of the toddler.",False,403.3282079035416
G_130,REC_130,B00004RGB7,Home_and_Kitchen,short,descriptive,hybrid,5,Is it difficult to clean?,No,KB_01693,1,"[""KB_01700"", ""KB_01691"", ""KB_01698"", ""KB_01695"", ""KB_01692""]","[""My husband, the chef, doesn't know how he's ever lived without a double boiler now that he has one. He uses it all the time.Never burn the cheese sauce again! And it is really easy to clean."", ""The double boiler is perfect for making hollandaise sauce or melting chocolate, and I also use the lower pot (which is thicker and feels more durable than the insert) to cook nearly everyday. The handles stay cool and the pots are still in great condition after two years. My only gripe is that the insert has a groove on the inside (where it sits on the rim of the lower pot) that is difficult to clean if food gets into it."", ""This double boiler is an excellent value and thankfully, 100 percent stainless steel. It arrived promptly, was very reasonably priced, and is easy to clean. Would recommend highly!"", ""Great item does the job well cools even ,ease to clean. and of course no stick  to the bottom of pot. Great for all jobs."", ""My wife makes the best chocolate pie, but her old double boiler was very difficult for her to handle. So, I found this on Amazon and ordered it. She loves it, and I get pie a lot more frequently!""]",22.06179208587855,"Most reviewers found the double boiler easy to clean, but one noted that a groove on the inside of the insert can be difficult to clean if food gets into it. Overall, it seems that cleaning is generally not a problem. The majority of reviewers described it as easy to clean.",False,381.4473330276087
G_131,REC_131,B001DEYVXO,Electronics,medium,descriptive,hybrid,5,Anybody know if this works with windows 8?,"Yes, I have been using the Hauppauge TV Tuner with Windows 8 for about a month with no issues.",KB_01707,1,"[""KB_01707"", ""KB_01708"", ""KB_01701"", ""KB_01705"", ""KB_01709""]","[""The Hauppauge works perfectly with my Lenovo laptop running Windows 8. I called the Hauppauge company for advice about which tuner to purchase and received friendly and competent customer service. The tuner works perfectly. Based on reviews, I also decided to purchase Windows Media Center ($100 extra to convert Windows 8 to Windows 8 Pro) and don't regret it. The tuner has worked seamlessly and easily with Windows Media Center."", ""I'm running Windows 8 Pro. The device is compatible. Software for tuner was easy to install, no problems. Picture is great, tuner works exactly as advertised. Only negative is the remote. Did not work at all. I wasted a few dollars on 2 new batteries; no help. Remote still doesn't work. The tuner does NOT work with Windows Media Center. I've tried numerous times booting Media Center and the program does not recognize the tuner. For the money the tuner is a good buy!"", ""Win7TV update was never able to be installed on Windows 7You know, when you name a program WinTV7, people might think it works with something like... Windows 7. Updates should be provided.This was an atrocious install, for a very minimally valuable product.8 restarts of one computer required during installIt did not work much better on an XP machineAwful, just unbelievably awful."", ""Simple installation, works great. Coulsn't use dvd as I have no drive so downloaded the software. Installed and it works. Can record and playback. I would recommend. OS in Windows 8.1 on a 11.6 netbook with Intel Celeron 1.5ghz 4 gb ram.."", ""I purchased a Hauppauge TV tuner card many years ago in order to use it with my Win98 machine; never worked worth a damn. So I figured they would have only gotten better over a decade, right? Wrong! I have a new Windows 7 machine with 8 cores and more than enough horsepower. This product works with Windows Media Center for about 7 minutes, then hangs. WMC ends up reporting a \""Low Bit Rate\"", but the hardware is frozen solid.""]",11.4920410560444,"The Hauppauge works with Windows 8, as one reviewer confirmed it works perfectly with their Lenovo laptop running Windows 8, and another reviewer stated it is compatible with Windows 8 Pro. However, there is conflicting information about its compatibility with Windows Media Center on Windows 8.",False,332.30966597329825
G_132,REC_132,B00276BKBS,Health_and_Personal_Care,short,descriptive,hybrid,5,How many servings per container?,Product label says 28. Using the measuring scoop  provided  you will get 28 single servings per container.P Galie,KB_01711,1,"[""KB_01711"", ""KB_01712"", ""KB_01713"", ""KB_01718"", ""KB_01720""]","[""You get 28 servings per jar, so if you take one a day it will last you all month.I prefer to take it with about 8 ounces of cold water stirred in a glass with a spoon (easier to use a blender). I may try it with other types of drinks, but just the water seems to work quite well.All in all, This stuff is great for Vegans or anyone who wants a fine meal replacer."", ""I'm a food and protein supplement junkie. I've used many kinds. I'll be sticking with this one. Cheap tastes good, mixes well, and give me a huge burt of energy because it's so easy to digest. I mix it in a blender with apples, bananas oranges and dates. I find it lasts 1-2 days unrefrigerated if kept in a sealed container. Does seem to give me a bit of gas though, as one would expect with a product made of plant-based organic matter."", ""It gives me 215 Calories of solid nutrition and takes the place of the other supplements I would normally take (a multivitamin and a probiotic).As a diet supplement I think this is second to none -- the price per serving is comparable to prepackaged diet shakes and those are nutritional train wrecks compared to this."", ""I have been a fan of the Vega product line for the past couple of years and read Brendan Brazier's books. Although I think the whole lifestyle concept is great, I was less enthused about the high cost per serving of the Vega products. Looking for a healthy and wholesome alternative I came across this product. I read other reviews and checked out its nutritional values which are on par with Vega One. I ordered it and I couldn't be more pleased."", ""wow... I gotta say that this is an excellent product! the taste is excellent, very berry flavored and when mixed with rice milk and some frozen berries and a frozen banana, it makes an EXCELLENT meal replacement! I use ONE SCOOP as two is just way way too thick! Just shy of a full scoop in a 16 ounce tumbler it full to the top with 12-14 ounces of rice milk!Excellent, will definately buy more!""]",12.308374978601933,You get 28 servings per jar.,False,389.297749963589
G_133,REC_133,B0063N7OZ2,Electronics,long,descriptive,hybrid,5,Can a cop pull you over in the state of CT for having the detector hanging from your rear view? You can get pulled for hanging an air freshener.,[UNANSWERABLE],,1,"[""KB_01728"", ""KB_01724"", ""KB_01721"", ""KB_01727"", ""KB_01730""]","[""While you can still run your traditional cigarette lighter chord up the the detector, hardwiring it eliminates that curly chord from having to run from your dash up to your mirror. I mean really, if you're going to go through the trouble the make your detector look sleek by mounting it to your rear-view, you might as well go all the way by hardwiring your detector to your car.Overall, great product and a breeze to install!"", ""Very easy to install. Radar detector looks great hanging under the mirror instead of hanging from the windshield. Gives the radar detector a clearer view of the road."", ""The Radar Detector can be moved around in any direction to assure a level install of the RD. Once installed the only thing I see is the RD hanging under my rear view mirror. The Ultimount is completely hidden behind the mirror, (It was smaller than I imagined it would be when I ordered it)."", ""It does what I need it to.- The hardware is metal, so be careful as it scratches the rear view mirror stem easily- You have to tighten the adjustment screws really tight to keep it from sliding down- I wish it could put the detector closer to the windshield instead of directly under the mirror. Right now it is extended as far into the windshield as possible, but still about a foot away"", ""The package also included the mount for BEL/Escort detectors, no need to reuse your suction cup mount (you can keep this in tack for when temporarily using your detector in another vehicle).The mount seems to be well though out, and provides adjustment along all three axises, allowing you to align and place the detector snugly below your rear mirror.I installed mine with a hardwire kit that taps into the rear view power supply, keeping the install clean.""]",19.58320802077651,The available reviews do not provide enough information to answer this question.,True,134.8711249884218
G_134,REC_134,B003C6RR1E,Health_and_Personal_Care,short,descriptive,hybrid,5,what is the ingredient formula?,[UNANSWERABLE],,1,"[""KB_01731"", ""KB_01734"", ""KB_01733"", ""KB_01735"", ""KB_01732""]","[""eye doctor says this is only formula that works this is only product i could find that matched formula available other then band he sold for much higher price"", ""My eye doctor recommended an ocular supplement. This product contained the ingredients and the amount needed at a price that is cheaper than what my doctor suggested. The package was delivered in a timely manner and in good condition. I will continue to order this product."", ""Packaged differently than in the USA. Package was a bit damaged when it arrived but the product looks the same. It is priced better than in the USA but I wish the packaging was better for the long trip overseas."", ""All I can say is that it works. My eyes have never felt better. I would recommend this too anyone."", ""Saved money purchasing on-line versus at the doctor's office.Product arrived just as described. Very convenient and efficient.Highly recommend!""]",12.579915928654373,The available reviews do not provide enough information to answer this question.,True,137.210207991302
G_135,REC_135,B00A9PKN3A,Sports_and_Outdoors,medium,descriptive,hybrid,5,Does the bike have to be assembled?,Yes,KB_01736,1,"[""KB_01736"", ""KB_01745"", ""KB_01738"", ""KB_01742"", ""KB_01739""]","[""It's delivered in disassemble condition and without any tools. If you are not familiar with bike, so please buy one from bike stores, But the assembled one in bike store is nearly $300 as far as I know. So pay attention."", ""Bike was delivered in a double box so that helped eliminate the chance of damage. The bike went together easily and worked fine. Seems to be a nice bike for the price"", ""It is a nice bike but you need to go to the store have a whole body adjustment to make it safety."", ""This is a wonderful bike. Very light, rides very well, have had it for 2 years with no problems whatsoever. And to all the people saying its crap or doesn't work, its because you didn't put it together correctly!"", ""AROCK used to ride this bike but he broke it in half 87 times before he was ready to fo.""]",12.965834001079202,"The bike is delivered in a disassembled condition and requires assembly. The assembly process can be done easily, but it's recommended to have a whole body adjustment done at a store for safety.",False,501.3746250187978
G_136,REC_136,B0090EC7BM,Electronics,medium,descriptive,hybrid,5,if it comes with the wiring connector?,[UNANSWERABLE],,1,"[""KB_01748"", ""KB_01752"", ""KB_01746"", ""KB_01751"", ""KB_01749""]","[""You also need the wiring harness conversion (and wire crimp connectors), a bracket and a molding piece specific for your car/truck. We did successfully install the radio in my sons 97 honda civic where the radio does match the space but still does not allow screws to a mounting bracket to allow vibrations from moving it."", ""I bought this to replace my OEM radio so I could use an XM tuner. It was fairly easy to install, I had to purchase a connector separately that would connect to the factory harness. XM tuner plugged right in, as well as the Blue tooth Mic. Blue tooth works great, no complaints from callers, and I can hear them clearly."", ""It also comes with a wireless remote control. It was really easy to hook up my small subwoofer with amp. There are built in settings that allow you to make all the base go to the sub instead of the speakers. Love it! I HIGHLY recommend this to anyone!! !"", ""I installed this about a week ago in my 2006 Nissan Frontier. Install was very easy thanks to theMetra 70-7550 Radio Wiring Harness For Nissan 95-Up Power 4 Speakerand theMetra 99-7581 Niss Pathfinder/Frontier 05-Up Dashkit.I was easily able to figure out how to pair with my phone via Bluetooth. Operation is pretty straight forward. I have been using many of the features, simply by playing around with it. I haven't yet looked at the manual."", ""I really love this stereo. It fits perfect in my 2000 Toyota Corolla, despite that Amazon's site says it won't fit. It's perfect. Great sound quality and syncing my iPhone 5 and my wife's via bluetooth was a breeze. Bluetooth works great for playing audio and making phone calls with the stereo. The small mic that comes with the system pics up great for phone calls.""]",12.372832978144288,The available reviews do not provide enough information to answer this question.,True,384.59016697015613
G_137,REC_137,B004CLYAJK,Home_and_Kitchen,medium,descriptive,hybrid,5,How large of an area does this cover?,[UNANSWERABLE],,1,"[""KB_01758"", ""KB_01756"", ""KB_01759"", ""KB_01760"", ""KB_01764""]","[""This is my first air purifier and my second Hoover product. I highly recommend. I plan on purchasing another unit in the future to put in the living room area of our house. Great product!"", ""Great for price!! Reduced a lot dust in rooms! Easily portable to cover all rooms! Wish I bought two when they were on sale!"", ""Good quality, as one would expect from Hoover. Immediately noticed the difference at night when sleeping. Very heavy pollution and allergens in our area and it really cut down on those symptoms. Easy to clean and there was quite a lot on the filters, evidence of  the effectiveness. Only question, as with all products these days, is how long will it last?"", ""A gem. I used to have a $$& Air-Pura. It was a little on the overkill side, but it does a fantastic job. Especially if you have pets and babies under the same roof.This little number is great for one large room. The timer is great - set it and forget it, and I like the three speed settings in case I want it on but don't want to hear it much. And the price? For me a steal at much more. Honest."", ""it generates more cool air than I expected however it is really taking care of the smoke in the homeI purchased this for my parents as one smokes and one can't anymoreit has made the environment much more breathable""]",11.809041956439614,This air purifier is great for one large room and can also be easily portable to cover all rooms. It is effective in reducing dust and allergens in the area.,False,349.7847090475261
G_138,REC_138,B00GN5DHH4,Electronics,medium,descriptive,hybrid,5,Does the ear piece come with a microphone to talk into?,"The microphone is not the best quality, several of ours stopped working after just a few days. But the earpieces and the radios were still well worth the purchase.",KB_01770,1,"[""KB_01767"", ""KB_01769"", ""KB_01768"", ""KB_01766"", ""KB_01772""]","[""We ordered 10 walkie talkies for our staff. We operate a large testing lab, where we need to stay in touch. The ear piece is a little uncomfortable, but better than I expected. The sound quality is good and the units appear to be well made. I expect we will receive years of serviced from these walkie talkies."", ""We purchased the radios to keep in communication when setting up and orchestrating a fireworks show. The radios were great, we were able to speak with each other and hear each other regardless of the noise around us. While the MC was speaking I unplugged my headset and turned up the volume and everyone around me was able to hear the speaker through the radio. We had the speaker keep the mic open on the radio so the crew in the back could hear. The ear pieces work great."", ""I've been using these radios for almost a month now in a ministry setting. I ordered 10 to start, just ordered 5 more. I love them! Great build quality and easy to use. I wanted something that was hard to mess up, dials for power and channels help achieve that simplicity. The ear sets that come with the radios aren't great, I ordered different ones, found one stopped working well the first time I used it. Over they are a fantastic radio and the price is great!"", ""We have had these for over a month now and they work well. We bought them for keeping in touch on the property and at the ball fields etc. They are kid friendly. The battery life is a whole day at least of continuous use and 2 days with light use. They talk to you and tell you which channel it is on and when the power is low. You can use the ear pieces... or not."", ""We've had other walkie talkies in the past, all supposedly with great range, but this is the first one that delivers on that promise. I bought them for road trips. I have my in-laws visiting from Germany and they would not be able to call me using their cell phone when we are in two different cars driving somewhere. I don't want them to get lost and so the idea of buying walkie talkies with good range came to me. I tested the range recently and was really impressed.""]",17.492457991465926,"The ear piece does come with a microphone to talk into, as one review mentions keeping the mic open on the radio so the crew could hear.",False,208.529542083852
G_139,REC_139,B00067MVUE,Pet_Supplies,medium,descriptive,hybrid,5,What parts of it are made of metal?,Just the springs are metal. If you leave the Scoop outside they do rust eventually but last for years. Mine was in the weather for many years before they rusted and broke but would have lasted longer if I kept it indoors. I immediately bought another Scoop as it is such a good product.,KB_01784,1,"[""KB_01775"", ""KB_01780"", ""KB_01778"", ""KB_01776"", ""KB_01779""]","[""I love this its great just remember to put some WD40 on the metal parts. Worth a repeat purchase so I did."", ""It's plastic. Enough said. You are better off purchasing a metal unit that won't break and will last more than a minute."", ""So far so good. Hasn't came flying apart on me. It really REALY needs a flashlight that points down at the scoop. (guess I could get out the duck tape) I wish it was made of metal also so I could wack a stray without worrying about it disintegrating on me.Chris Olsen"", ""THis is a nice scooper works amazing and gets the job done. It is plastic and some metal parts so it would be wise to keep in in a shed or outside closet out of the rain."", ""I got this for my husband for Fathers Day. Kind of a joke of a gift but it sure gets used! We have 3 dogs so this is a must around the yard. No issues with broken parts or malfunctions.""]",13.701500021852553,"The available reviews do not provide enough information to specifically identify which parts of it are made of metal, only that it has some metal parts. It is mentioned that the metal parts should be treated with WD40. The reviews do not provide a detailed description of the metal components.",True,327.9003750067204
G_140,REC_140,B000F6Y686,Electronics,long,descriptive,hybrid,5,Does this let you focus at objects at ~12x telephoto zoom from a closer distance than with the normal lens setup of an FZ200?,[UNANSWERABLE],,1,"[""KB_01788"", ""KB_01786"", ""KB_01791"", ""KB_01790"", ""KB_01787""]","[""At least it works with them, but it adds to the screwing/unscrewing process. Good info to know.-The FZ-200 does focus better if you zoom all the way in to 48X (iZoom) rather than leaving it at 24X and cropping it later. The image quality will be otherwise identical once processed and cropped, but the focus at the time of shooting is better if you zoom in to 48X. Why? It beats me...the camera just handles it better for some reason."", ""It is a one trick pony. It is only for taking shots at long distance. If you decide to quickly pull your zoom back and try to take a shot of a close item, you will be looking down a black tunnel with the circular lens at the end of the tunnel. Sort of like looking down a spyglass. That's what it looks like when you try to take close/average distance shots with this still attached."", ""If you have an an FZ50, this is your only telephoto option. Optically, it works quite well, with good sharpness across the entire lens, but some of the mechanical aspects of it could have been better done. The main problem with it is that since the FZ50 has a fixed lens, the tele-converter attaches to the camera lens by screwing onto the filter thread."", ""I enjoy birdwatching and naturally I wish to photograph the birds I see when I can. I used this lens with the FZ7 on a trip to Maui. I saw the i'iwi and apapane, but those birds flit around too much for me to be able to get a pic. However, I was able to get a couple decent pix of the a'eo (Hawaiian stilt) at a distance of about 300' so I was pleased."", ""I bough the DMW-LT55 to go with my Panasonic FZ200 to use for bird photography. The lens is great, giving me that extra boost of zoom and the images are clear and bright. I highly recommend it.""]",15.17279096879065,The available reviews do not provide enough information to answer this question.,True,270.8344170823693
G_141,REC_141,B009KZ20D6,Tools_and_Home_Improvement,long,descriptive,hybrid,5,How durable are the heads on these? I have another precision set I got from RadioShack (lol) and the smallest Phillips head bent painfully easily.,They're quite durable. I purchased this set in September of last year and I have used it on multiple cell phones and laptops. The #000 Phillips screwdriver I have used the most and I took a picture with a macro lens to show you how well it's held up.  http://i.imgur.com/H4MrxbR.jpgHope this helps,KB_01795,1,"[""KB_01796"", ""KB_01797"", ""KB_01798"", ""KB_01801"", ""KB_01795""]","[""I bought this as an extra set, but tips of the Phillips screw driver are not sharp and wont work on most screws. They end on flat.I have other set of another brand that works perfect."", ""Guess I didn't read the fine print. This jewelers screwdriver set includes three useless star head drivers that I wish were more sizes of Phillips head. Otherwise the quality is good and the design is one of the best I have used so the drivers are easy to handle and grip."", ""The quality of the screwdrivers is excellent. They feel very solid and are long and thin enough to reach nearly any screw. The end of the handle fits comfortable in the hand and I have never had a problem getting a good enough grip. The only way this set could be better is if it included a larger Phillips head.I would recommend this set to anyone who needs to do some work on their computer."", ""I use these daily for disassembling/reassembling laptops at work. For the money, they work quite well and have all the sizes commonly found in laptops. They seem pretty durable, the grips are reasonably comfortable and the carrying case is a nice touch. They have slight magnetism which is useful in retrieving \""lost\"" screws. Also, in the set I received, the two largest torx drivers do have holes in the center, while the smallest one does not."", ""I looked at all the similar products and this is the one. For dirt cheap, it's a very nice, very well designed set of precision screwdrivers, and I need the tiny #00 and #000 phillips heads. I've only used it twice so far, but I really have enjoyed the easy to grasp plastic grips, with a nice tactile feel. They are well shaped so that you can really put some force into the screw, with freely turning tops for your thumb to press on.""]",16.804791055619717,"The available reviews suggest that the screwdrivers seem pretty durable, with one user stating they use them daily for work without issues. However, there is no specific information about the durability of the smallest Phillips head.",False,399.72170908004045
G_142,REC_142,B001BOD9JI,Pet_Supplies,long,descriptive,hybrid,5,can you adjust the flow rate or is it just 3.5 gph. i wanting to use to add Kalk but want to do way slower than that,"Flow isn't adjustable on these. I use one to topoff kalk, but on a digital timer that runs the pump for about 5 minutes at a time, 6 times a day.",KB_01805,1,"[""KB_01805"", ""KB_01808"", ""KB_01807"", ""KB_01806"", ""KB_01809""]","[""Digital timer runs the aqualifter for 5 minutes, once every three hours, which comes out to 40 minutes a day. This is just enough to topoff the 1 gallon or so per day that evaporates from the tank. Actual flow rate of the pump is highly dependent on the height you are pumping. When the bucket is nearly empty, the pump is sucking through about two feet of tubing, plus pumping up about 20 inches, and pumps more like 1.5 to 2 gph."", ""TOM Aquarium Aqua Lifter Pump 3.5gph flow rate to 30 inches height,  works like stated. would recomend to others. Delivery was fast."", ""The pump works as advertised! I get about 2 gph instead of the 3.5 gph, however I am pumping through 4 ft of tubing. This is the second Aqualifter that I have purchased. They are being used as dose pumps in my hydroponics system."", ""I simply don't use the prefilter.In all honesty, What I was looking for was a filter that would circulate  a small volume of water for a small (2.5 gallon) tank. I did not want the noise of an air pump with an air stone. In the end I settled for the &#34;Azoo palm filter&#34; which has a regulator that can redue the flow to much less than any other pump I found (and it's cheap)."", ""I find out the water pump is way to strong for hang on box, so I decide to try this one.Fortunately, this product works perfectly after I diy the pipe head and direct the pipe going to the box where I want to be. The water flow just perfectly for small fish, betta, killifish...etc.I will defiantly get another one for my another tank. I also suggest to get their lifter pump holder. It can help you attach the pump perfectly! !""]",17.688499996438622,"The flow rate can be adjusted by modifying the setup, such as using a longer tubing, which can reduce the flow rate to around 1.5-2 gph. However, the pump itself does not have a built-in regulator to adjust the flow rate.",False,324.1848750039935
G_143,REC_143,B00119QDPA,Musical_Instruments,long,descriptive,hybrid,5,What is the measurement of the circle at the bottom? I am wondering if it will work with my mic. Thanks!,[UNANSWERABLE],,1,"[""KB_01816"", ""KB_01819"", ""KB_01822"", ""KB_01815"", ""KB_01818""]","[""The first one, the circle with the threads in it that screw onto the mic stand actually broke in half, becoming a 'c' instead of an 'o.' My second one won't tighten anymore, so the mic just droops. Not really upset because I use my MXL 990 probably the most out of all my mics, taking it to and from gigs, so I'm not surprised I need to buy replacements! Go ahead and get this replacement."", ""I bought this mount which is EXACTLY like the one that came from the manufacturer when the mic was purchased. My ordering was fast easy and the delivery was quick with no problems. Perfect replacement piece!"", ""I've had an MXL condenser mic for 10 years or so. The threads in the hard mount stripped, and as a result, made the mic difficult to use. Duct tape was a quick fix that lasted until I finally found the replacement. I know I'm not reviewing the MXL large diaphragm condenser mic, but I gotta say for fifty bucks I love it. I have a Shure KSM 32 that is awesome, but it will pickup ant footsteps."", ""One problem with this stand is, that it doesn't come with the inner piece to screw into your Boom stand, and I think it is really unfair for some people. Lucky I had one from my shock mount that broke, so I unscrewed it out and put it into that one. So honestly this will not work with out that inside piece. Note: I am not talking about the piece that holds the mic, im talking about the part that screws on to the stand."", ""Not what I needed for my condenser mic. I couldn't use it, but you get what you pay for. Looking for another product now.""]",15.842333901673555,The available reviews do not provide enough information to answer this question.,True,167.90854197461158
G_144,REC_144,B000063XH7,Home_and_Kitchen,long,descriptive,hybrid,5,Is there a grease channel and catch-area for bacon grease as the bacon cooks?,"There's a guide on one corner that will funnel the grease, but no catch or drop pan.",KB_01831,1,"[""KB_01827"", ""KB_01826"", ""KB_01834"", ""KB_01829"", ""KB_01830""]","[""He explained in one episode how he fries bacon in a waffle maker. While cooking, grease drains away from bacon and splatter is eliminated. Needless to say, this is one of my uses for this machine: cooking organic bacon. Spouts on side of each plate makes it easy to drain grease to refrigerate and use for flavoring other foods later. (Such as homemade fajitas. )Besides waffles, bacon, and grilled items, I use just the grill plates to make home made tortillas!"", ""This waffle maker is great. We cook sandwiches, waffles, and pancakes  daily on it. We tried to cook bacon but the grease kept overflowing over the sides, so won't do that again. Everything  comes out golden brown. The only drawback is it doesn't have an alarm so you have to babysit it. Wonderful product."", ""You should do this after each waffle. I don't wash my grids (I only ever cook waffles and pancakes on it) so I don't know how it works if you do, but as time has gone on I don't need to grease the iron as much and can make a few waffles without needing to oil it."", ""Works great. I bought this specifically for making home made waffles but it cooks other things well also with griddle side. The drip channel takes some care and im not a fan of non stick coatings but it does the job well."", ""I really love this waffle iron. We used it when I was a kid. It makes the best waffles and pancakes. So far I've only been able to use my in the laying flat position to make turkey bacon and pancakes. The turned out so good because the unit cooks evenly. I haven't been able to use it as a waffle maker yet because the top hook that holds the top plate in place is loose. So the top plate slides off while making waffles. I had my husband look at it.""]",18.44091701786965,"There is a drip channel, but its effectiveness for containing bacon grease is disputed, as one review mentions grease overflowing, while another notes that grease drains away from the bacon.",False,294.0491250483319
G_145,REC_145,B005JVNQPQ,Automotive,long,descriptive,hybrid,5,"Is it normal that where the rust was that its black and textured?  Is it also normal that the rust just doesn't ""fall off"" and requires rubbing?","I just use some today, and you do have to rub it sometime to get the rust to come off. I have seen the metal turn black and some time metal gray when the rust was removed. I love this product, it just saved me some tools that had gotten wet and rusted badly. I thought I was going to have to throw them away but it saved them. Well worth what I spent when I saved my Harley Davidson gas tank that rusted inside when it sat to long.",KB_01835,0,"[""KB_01836"", ""KB_01835"", ""KB_01839"", ""KB_01841"", ""KB_01837""]","[""I was surprised it really works cleans the rust off like it states. one thing is don't leave it in to long or it will turn the metal black."", ""just turned fluid dark and left most of rust on a set of dies. leaving rust and black spots. 48 hr soak"", ""Followed the instructions to clean out a very rusty motorcycle tank,  Temp was well above 68 degrees and I let the tank sit for 5 days. When I poured out the rust remover it was black as ink. The inside of the tank looked like new. I have since used the reserved black liquid with good results to remove rust from a variety of rusted items,  I would definitely recommend this product but you must follow the instructions."", ""&#34;Cleaning rust out of a motorcycle gas tank? No problem. Just fill it about half way with some vinegar or rubbing alcohol, add a hand full of metal nuts, cap it off and shake the cr@p out of it for 15 minutes straight."", ""I let my rusted tools sit in liquid over night and took all the rust away left somm black marks on some of the really badly rusted tools but would buy from them again""]",16.774082905612886,"The black and textured appearance where the rust was is a common outcome, as some reviewers mention being left with black spots or marks after using the product. It's also normal that the rust doesn't just ""fall off"" and may require rubbing, as the product seems to loosen the rust but not completely remove it without effort.",False,410.4587499750778
G_146,REC_146,B000CPI5XM,Automotive,medium,descriptive,hybrid,5,Does this work for ford 2002 f350 diesel??,Yes it will.,KB_01851,0,"[""KB_01845"", ""KB_01851"", ""KB_01852"", ""KB_01854"", ""KB_01846""]","[""I have a 2002 Mazda B-3000 truck (Ford Ranger) with about 80,000 miles on it and a 5-speed MANUAL transmission (Yes, this trans uses ATF - not gear oil as you would expect).Before the ATF change, my truck shifted a little roughly and I could hear a slight whine in second gear when the truck was cold. This ATF made a huge difference. It still isn't perfectly smooth when shifting into second, but there is no more whine."", ""Bought this stuff to put in the 6 speed transmission & transfer case of my 99 Ford Powerjoke. Seems to shift fine, can't tell much difference here as I was just doing maintenance."", ""My 1998 Ford Ranger was experiencing transmission problems. A friend recommended I try this stuff before replacing the transmission. It's awesome. Now when I shift through the gears, it feels like a knife going through soft butter. What a fantastic product! It saved me thousands of dollars."", ""I'm using this in a ZF S5-42 manual transmission (Ford truck, 7.3 IDI). Works great, smooth shifts, no problems. Have used it in every climate from 10 below to 120 desert heat, and the trans shifts great. This is one of the ZF approved fluids for this transmission."", ""I have now done 3, 3qt drain and fills on my 2002 Ford Explorer V6 2WD - the latest two with Redline D4. The original transmission failed at 110k and was rebuilt. With 45k miles on the rebuild, I began to experience sluggish shifting. I performed a drain/fill with Mobil1 ATF and symptoms lessened immediately. I did more research and decided to try Redline D4. Two more 3qt drain/fills later, the symptoms are almost gone. Results were again immediate after changing the fluid.""]",14.170499984174967,The available reviews do not provide enough information to answer this question.,True,153.02212501410395
G_147,REC_147,B00FM0N514,Home_and_Kitchen,medium,descriptive,hybrid,5,What are the dimensions of the bottom cabinets?  The drawers?,"The two bottom cabinets are each 15.5"" deep, 16"" tall and 19.5"" wide.  There are adjustable shelves that you can opt to put in them.  The drawers are 17.5"" wide, 12.5"" deep and about 3 3/8"" tall.",KB_01862,0,"[""KB_01855"", ""KB_01856"", ""KB_01857"", ""KB_01858"", ""KB_01859""]","[""It really was a lot of work to put together (1 person) but worth it in the end. I had to play around with adjusting the drawers until they finally fit. Once assembled, it is just as pictured. Exactly what I was looking for...very sturdy."", ""I'm a 30-something gal and I was able to assemble this, by myself, in two hours. The instructions are not hard to follow, as some have warned, and although not all the pieces are labeled it is easy to determine what every piece is. It's nice that the doors and drawers have an adjustment function, though I did not need it."", ""Purchased this for office. Looks nice and was not overly complicated to assemble.When assembling the front legs,  it is easy to get the reversed which would cause the bottom shelf to not line up. Be sure they are flush with the sides on the inside,  not outside. The legs should protrude to the outside of the sides (if that makes sense, lol)Otherwise,  very happy with this purchase."", ""Very nice looking piece of furniture. Provides a surprising amount of storage! Doesn't seem overly large or bulky. An exceptional value for the price-- this will hold up and is equally as attractive as other much more expensive options.Assembly was comparable to Ikea purchases we've made in the past, or even easier. The directions provide some helpful clues, so study the illustrations carefully and it's not a terrible project. Time consuming, yes, but the difficulty was minimal."", ""This sideboard is a good addition to our dining room. It was a good deal and the quality is nice. There are a lot of pieces and the directions are a little difficult to follow but with 2 people putting it together it only took us a couple of days. Some pieces didn't slide together as well as it says they should in the directions and a few of the pieces were scratched. In the end it was a good bargain and we are happy with it.""]",12.271165964193642,The available reviews do not provide enough information to answer this question.,True,147.62308297213167
G_148,REC_148,B000X596HU,Tools_and_Home_Improvement,long,descriptive,hybrid,5,I have this can can not get it primed.  The instructions are nto very clear.  Can anyone tell me the correct way to prime it?  I'm about to trash it.,as far as priming it i could only let it sit in a warm spot and it bled itself hahahahaha i know but all i could do to get it going,KB_01874,0,"[""KB_01865"", ""KB_01867"", ""KB_01874"", ""KB_01866"", ""KB_01871""]","[""item was very hard to get primed. Luckily I have lots of experience with grease guns. The instructions for the charger are wrong. One of the batteries was bad and they promptly shipped another one. I also agree with the fitting on end of hose being very hard to remove...bad design. I will be changing it out today with one from my manual Alemite grease gun."", ""The grease gun won't pick up the grease. Tried two different tubes of grease and spend about two hours to get it work."", ""hey for the price it is not a bad grease gun, 2 so far, and both work fine, i still think a  lithium-ion battery would make it better.just like any grease gun, cold grease can be a pain to pump, so keep it warm,"", ""I have to grease my truck and trailer every two weeks. I have used it twice now and it has lived up to expectations. It was hard to pull off the fitting's but I suppose that will change as the tip is worn (the spring on the end for gripping came off the first time I used it). One area that I am not sure about is how to tell if grease is going in the fitting."", ""I finally ended up cutting this nozzle fitting from the grease fitting.I replaced the fitting that was supplied with this grease gun with one that I had laying around and now this grease gun works great.""]",18.837457988411188,The available reviews do not provide enough information to answer this question.,True,157.17358398251235
G_149,REC_149,B00F5TR1I0,Beauty,medium,descriptive,hybrid,5,Does it have enough space for your books ?,"it's a pretty big purse. fits my digital camera and accessories. I don't know how many school books it would fit, but it'll fit a few reading books",KB_01875,0,"[""KB_01875"", ""KB_01878"", ""KB_01882"", ""KB_01881"", ""KB_01877""]","[""It's not the best but not the worst. I just wanted a cute black bag to carry my school stuff in and it does that. Not as big as it looks in the pictures but it's big enough to hold my notebooks and folders. Cheap leather but hey it doesn't look bad. Be careful with the zippers, they're pretty cheap but as long as you don't pull on them or zip them hella fast, they'll be okay. Overall it's a good bag for the price and where it comes from."", ""i love the handbag i got it for my daughter and she looved it she got it for school and they all lloved it"", ""I just bought this bag, thought it would be nice but instead VERY cheap material! I've had the bag for 4 days and zipper just broke! Inside hardly has any compartments and zipper is very sharp and hard to close. Definitely waste of money."", ""I loved my bag, and I use it every day. I will be ordering again in the future. Thanks for letting me know it arrives. It always gets there on time."", ""i love the handbagits a pretty good size tooI use it for school and for days out during the weekendI would definitely recommend""]",12.201957986690104,The available reviews do not provide enough information to answer this question.,True,145.00470901839435
G_150,REC_150,B001EYYJVC,Automotive,long,descriptive,hybrid,5,why does the listing say its 66/80cc? the sticker on the engine clearly says its a 47cc.,[UNANSWERABLE],,0,"[""KB_01889"", ""KB_01886"", ""KB_01887"", ""KB_01885"", ""KB_01890""]","[""I bought one of these kits to put on my bike.One problem I ran into was the fact that only a couple of bicycles at Wal-Mart have a big enough frame to mount the engine. You need to make sure you measure the inside of the triangle part of the frame. I have a 700c hybrid bike (one of the three biggest bikes at Wal-Mart) that has too small of a frame for this engine."", ""The engine is made to mount on bottom tubes that are not over-sized. Although it does come with an adapter to mount it on over-sized tubes, I have found that the adapter and engine slide sideways on my bottom tube causing the chain to become slack."", ""I received this engine in 4 days from ordering it. I have a Schwinn Stingray Chopper and i planned on putting the engine on this bike, however i was a bit disappointed to find that it wouldnt fit on the chopper because there was no mount for it. I however plan to make a bracket for it,but overall it was a nice buy, sturdy looking, all parts with it, nothing broke."", ""It's no race engine but it had more than enough power for a bicycle! Already put 200miles on mine and it still running strong!"", ""If I mounted another engine kit to the same bike today, it would take me about 3 hours tops, because I know how to do it. I bought a Scwinn cruiser frame 7 speed, available at Walmart for about 150.00. The kit would mount on the \""Scwinn Delmar\"" costing less than a hundred, but I avoided buying a bike with coaster brakes, which require more work when mounting an engine kit.""]",14.979791012592614,The available reviews do not provide enough information to answer this question.,True,145.42670804075897
G_151,REC_151,B00HWM5PMW,Electronics,medium,descriptive,hybrid,5,How long does the battery last?,[UNANSWERABLE],,0,"[""KB_01897"", ""KB_01893"", ""KB_01895"", ""KB_01899"", ""KB_01898""]","[""This is an amazing laptop, it is sleek and has the processing power and ram needed to run software. The keyboard lights up and it looks very nice, not cheesy at all. It's not a touch screen but that is not a big deal. It does have some weight to it, it is not light like a tablet but not big and bulky either."", ""I enjoy the robust speed and quiet sound of the laptop. The speakers are ok, not great, not bad either. The keyboard is smooth and perfectly placed numeric keys, unlike Samsung laptops. However, the plastic framing is rough and kinda annoying. ITs sharp on the ends and you cannot rest your hands very long. Other than that, not bad at all."", ""excellent laptop. Due to the processor, the speed is very good. responds very well.The only downside: few USB ports, but it's a detail.points:Design: 10/10Speed: 9/10Size: CompactAudio: very acceptable 8/10"", ""There is a flaw on this computer. There is literally no way to make the touchpad less sensitive to accidental clicks by tapping. Very bad if you use your computer for power point presentations, etc. If it the tap function required a double tap it wouldn't be a problem, but a single gentle tap will do it. Which is a problem when you only mean to move the cursor, but it clicks something instead. I researched how to fix it, and haven't found anything that works yet."", ""This is a great lap top, windows 8 takes some time to get used to. But this product has exceeded my expectation.""]",12.24241591989994,The available reviews do not provide enough information to answer this question.,True,168.97287499159575
G_152,REC_152,B00AT93GBM,Electronics,medium,descriptive,hybrid,5,Will it work with an iPod touch 4?,"It works as a standard wireless B/g router, it only requieres a 5volt power supply (not inluded, just a usb cable) yiu can use a computer usb port or any cell phone charger with a usb port for powering it, you only have to plug a usb 3g Modem (mine's an Alcatel, tought many ZTE and other brands are supported) , once  you power it up, you can log on to the setup page and conigure settings such as SSID, wireless security.  Very weak signal, by the way, it only reaches the room I'm using it and the next, sometimes reaches the 1st floor of my house . Hope this answer helps.",KB_01905,0,"[""KB_01903"", ""KB_01908"", ""KB_01909"", ""KB_01904"", ""KB_01907""]","[""No amount of tinkering would get this to work even with a 3g modem it is supposedly compatible with. Sent all 4 back"", ""I would give it 5 stars if there was an A/C adapter included."", ""I can only give this item one star. Yes it does power on and it came in a cool box and it was not real expensive but since it doesn't support my 4G modem It's no good to me."", ""it wasnt what i expected i wouldnt let you log into the wifi and occasionally if it didi it was very slow"", ""It was just what I needed, and the alternative products range in the $200s. My only worry is longevity, but so far it has been flawless. This is a really smart product. Great job HAME!""]",11.932792025618255,The available reviews do not provide enough information to answer this question.,True,556.2650830252096
G_153,REC_153,B002TNIN2S,Beauty,medium,descriptive,hybrid,5,How is this cream supposed to be applied? Finger? Q-tip? Brush?,"A finger tip will work perfectly. However  for spot treatment a Qtip is highly recommended. FYI please avoid direct sunlight when using product or apply at night before bed time, use a towel on pillow if applying at night. Thanks",KB_01911,0,"[""KB_01911"", ""KB_01914"", ""KB_01913"", ""KB_01912"", ""KB_01917""]","[""I am using this cream on my back, legs, arms and face. My dark marks are getting lighter, but it is taking a little more time than expected. But, I am on my third bottle of cream. My husband says, \""have patience and it will work\"". So far my patience is paying off. I will continue to use this product until all the marks are gone. Thanks."", ""use this twice a day and you will see remarkable differences. lightens dark spots, but will also lighten general skin tone (unless you dab spots with a q tip.) if you put some lemon or lime juice on your skin first and let it dry (concentrate from a bottle is fine, dilute if too strong)  accelerates the process, and your skin will do some age reversing and be very smooth. only problem is that it may stain clothes or bed linens and it's real greasy."", ""The result after a couple of hours is quite nice, smooth, soft skin. Also one person commented that it turned her face red and that it irritated the skin, caused peeling, etc - I don't think the product is supposed to work that way, I think she had a reaction to it."", ""I bought it since I had some spots on my neck, but after using for one month I notice that those spots were A VERY LITTLE BIT better, so I bought &#34;Triluma&#34; (a prescribed cream), and my spots desapeared, so I am not sure about this product. Perhaps for lighter a little bit your skin but think to use it for at less three moths."", ""Yikes! That would suck!Only time will tell if the product will work for what I bought it for which was to lighten my skin tone. I'll update down the road and let everyone know what happens. But if nothing else I will purchase it again to have on hand for the spot on my nose.""]",15.066375024616718,"The cream can be applied by dabbing spots with a Q-tip, and it is also mentioned that it can be used to lighten general skin tone, implying a broader application method, but the specific method for general application is not specified.",False,389.8134159389883
G_154,REC_154,B001J8SYV4,Toys_and_Games,long,descriptive,hybrid,5,Is this waterproof ? I want to use outside to keep chalk for an outsie chalkboard ?,no it is not waterproof. Very poorly made.,KB_01925,0,"[""KB_01922"", ""KB_01926"", ""KB_01920"", ""KB_01929"", ""KB_01927""]","[""I bought each of my boys a small mailbox that they could keep in front of their bedroom doors and write letters to one another. They loved it. Unfortunately, those mailboxes were made of cardboard and didn't last long so I was excited when Santa brough these cute metal ones.I was happy when I first saw them but then we tried to open one. It was really, really hard and I felt like it might break if I pulled too much."", ""My little guy loves to write letters and play with mailboxes. I bought this for him and he loves it! It is strong and really cute. He put stickers all over it!"", ""I got a pair of these mailboxes for my niece and nephew to use when playing \""mail.\"" My sister and I had similar mailboxes while growing up and really enjoyed them. However I received these today and found them to be very flimsy and not durable at all. I expect that after my nephew pulls on the handle a few times it will break off in his hand. And if they get stepped on they will dent for sure."", ""I should have listened to the other reviews. Not 2 seconds after opening it, the flag came off. My husband had to rig it back together. Also the lid does stick and you literally have to pry it open. This is more like a dollar store toy, not a five dollar one!"", ""I knew it was going to be small but I did not expect it to be THIS small. It really is more for a doll than a kid. My daughter actually uses it now for her american girl dolls.""]",15.965082915499806,The available reviews do not provide enough information to answer this question.,True,230.90933298226446
G_155,REC_155,B00DMAGWVG,Sports_and_Outdoors,long,descriptive,hybrid,5,"is this the 2013 model? suitable for 8 yr old in hilly terrain family rides in Colorado? thanks, bobbi",It's quite heavy. My 14 year old loved it til it was stolen. It would be a bike he could grow into. I'd buy it for that age.,KB_01930,0,"[""KB_01931"", ""KB_01930"", ""KB_01932""]","[""I didn't get this bike long ago, and so far it's met many challenges, it holds up really well and it was cheep! That makes it even better."", ""Just got it, finally! Eh so far it's not necisserily what I was expecting, but it'll do I suppose. It's a tad but heavier than I was hoping/expecting. The description says it comes with a pack of &#34;Frame Forged&#34; sticks which it does not. My bike specifically only came with one air cap(front tire) and the breaks aren't as snappy as I wanted."", ""Great bike for price son loves it easy to put together out of box awesome thank you from me and my son""]",15.344084007665515,The available reviews do not provide enough information to answer this question.,True,232.60250000748783
G_156,REC_156,B00G8IVXZE,Toys_and_Games,long,descriptive,hybrid,5,Can I simply use these as rubber bands? Are they as strong as rubber bands you might buy in an office supply store? What size are they?,"Good idea, but much too small and not elastic enough to replace office supply type bands.",KB_01939,0,"[""KB_01942"", ""KB_01941"", ""KB_01934"", ""KB_01935"", ""KB_01936""]","[""These rubber bands were like the ones purchased at any store. My eleven year old daughter had no complaints while using them."", ""My daughter was in a panic, she needed more rubber bands to make more bracelets. These rubber bands were delievered promptly making an 8-year-old very happy. They were bright colors, strong and I liked how they came with clips."", ""I bought these for my kids so they could use with their rainbow loom. They are good quality rubber bands, they are stretchy and have vibrant colors. Happy kids, happy mom.Update: I would suggest not to buy from \""Customer Satisfaction LLC\"", very unreliable company. They said they were fulfilling a promotion they were running but it's been months now and I'm still waiting."", ""After purchasing bands from a large toy store and having the bands break on everything we made, I decided to purchase these. Great strong bands with nice colors too!"", ""My daughter loved these bands. She has been looming for about a year now and these have been her favorite bands to use. They are thicker and heavier than the store bought bands and came in great colors. We will be buying them again! !""]",16.8656250461936,"These rubber bands are strong, stretchy, and come in vibrant colors, similar to those found in office supply stores. They are thicker and heavier than store-bought bands. The size is not explicitly stated, but they are suitable for use with a rainbow loom and for making bracelets.",False,437.6369579695165
G_157,REC_157,B005QIYUMU,Patio_Lawn_and_Garden,long,descriptive,hybrid,5,Has anyone had any problems with this tipping over? I can see my son running back and forth into the sides and would be concerned about it tipping.,[UNANSWERABLE],,0,"[""KB_01943"", ""KB_01944"", ""KB_01945"", ""KB_01947"", ""KB_01951""]","[""My 18-month old son, who is rather wild and active, used this for about three months, until he pulled on the mesh doors, which are connected to the sides (yellow). This caused a tear, and eventually deflated the sides. I contacted Amazon and Intex, both of which pretty much brushed me under the rug and blamed the other."", ""Very disappointed. My son went to climb inside, and when he pulled the door flaps open, it ripped a hole in it. I sent it back, and received a replacement. The second one did the exact same thing. So now it's patched up with duct tape."", ""They have a blast! The only complaint I have is: my son is really tall for his age, and when he gets in and out, he tries to duck under the top yellow tube, but his back and shoulders still graze were the doors and top tube meet. This has caused a tear in the doors as well as the top tube. I was able to fix this with duct tape and silicone. My daughter doesn't seem to have this problem."", ""I read all of the reviews so it was clearly a buyer beware situation, but somehow I thought our experience would be different. We blew it up for my 4 year old on Christmas morning and it already had a leak in the main jump section. We figured it was slow and we would allow her to just jump on it and blow it back up as needed.We wanted it to work and our expectation were set really low. It is now 2 days after Christmas and the entire thing is ruined."", ""Nevertheless, we cut the sides off and my son uses it as a gigantic (open sided albeit) ball pit, where he still has fun in it! We ordered the non-tear blow up (with a motor) bounce for about $179.99 on Amazon, which seems to be a better longevity item (and you just turn it off when finished to deflate it).""]",14.706500107422471,The available reviews do not provide enough information to answer this question.,True,238.25620801653713
G_158,REC_158,B00523K104,Electronics,short,descriptive,hybrid,5,What is the shutter count?,[UNANSWERABLE],,0,"[""KB_01957"", ""KB_01954"", ""KB_01958"", ""KB_01953"", ""KB_01959""]","[""This camera takes beautiful pictures!!! I've had some very nice moderately priced cameras over the years, but this one has the quality/precision/clarity that gives you back exactly what you are seeing!! !"", ""We bought this camera after seeing all the good reviews and were very happy when we received it. We were very pleased to get a camera bag, tripod, cleaning solution, 32 GB card, etc. with the camera which hadn't been advertised when we bought it! After using it the first time we came home and found the little &#34;door&#34; that protects the battery was gone."", ""This camera takes amazing pics. The lens is unreal how close it brings the images and so clear. I would highly recommend it. My husband always stuck with Olympus and this is his first Nikon and he really likes it better."", ""Would I ever be able to capture meteors, lightening, and other celestial events, with a digital camera, like I did with film?The answer to that question is an astoundingly loud, YES. The internal noise reduction of the Nikon D5100 is amazing. I have done 15&#34; exposures of the sky just after sunset, with amazing results, capturing a passing meteor with no problems using an ISO of 200."", ""This camera is awesome... You just need to know how to click it. It outperforms in all conditions of light. No cons as of yet.The quality of images is excellent...""]",13.830666081048548,The available reviews do not provide enough information to answer this question.,True,242.25862498860806
G_159,REC_159,B00A2AWBKU,Electronics,long,descriptive,hybrid,5,"LENOVO THINKPAD L430 caddy, does the caddy connect to the computer terminals itself, or would I need to open the computer and connect it?",no need to open. just pull out the dvd player and put this one in. all set.,KB_01970,0,"[""KB_01963"", ""KB_01964"", ""KB_01971"", ""KB_01965"", ""KB_01968""]","[""Have been using the caddy for about a month in my Lenovo W530 and have had no problems. The drive fits perfectly into the caddy and is secured by four screws with no need for rubber rails. The caddy fits perfectly into the ultrabay slot and locks into place just like the DVD unit does. So everything is secure and it has performed flawlessly. It even comes with a carrying case that you can use for your DVD unit while the caddy is in use. Would highly recommend."", ""When I bought my T430, I bought a 1TB drive to replace the 320GB drive that came with it... (not knowing that Thinkpad only has a 7mm high drive bay and I bought a 9.5 mm high drive.) I was very disappointed as I need the extra space with my type of work. My extra drive fit very nicely into this caddy, and installed in about 5 minutes. The well built caddy secured the hard drive very nicely."", ""This is a great gadget. Works perfectly and fits seamlessly in the T420.I actually bought this because I could no longer stand the incessantly ejecting cd drive... the bane of Lenovo T420's owners.It's great to have an extra &#34;on board&#34; hard drive, I don't have to constantly push the cd back in, and they provide a hand carrying case so you can safely bring the annoying cd drive with you when you actually need it."", ""2nd HDD or SSD Caddy Lenovo ThinkPadGreat product, good quality, easy to install.Very reliable supplier, would recommend to buy from."", ""Just because the manufacturer says it's compatible doesn't mean that's actually true. I bought one of these for my Lenovo V570 and while it does slide in to the optical drive, and plugs in to the right places, it's much too short and doesn't allow me to firmly attach it to my frame. Long and short of it, it does work, and it does fit, it just happens to come out if i tip my computer the wrong way.""]",19.483832991681993,"The caddy fits into the ultrabay slot and locks into place, suggesting that it connects to the computer terminals itself without needing to open the computer. It is secured by the slot and does not require additional internal connections.",False,416.4015839342028
G_160,REC_160,B001PGP33M,Toys_and_Games,long,descriptive,hybrid,5,How big is the box or the parts if taken out of the box to get it home from the store?,....massive. We have a F150 and the tray was completely full. Each wall and roof panel is a solid piece.,KB_01978,0,"[""KB_01974"", ""KB_01978"", ""KB_01976"", ""KB_01973"", ""KB_01975""]","[""I was scared when I arrived from work and saw the size of the box this thing came in the garage. But to my surprise the box was easy to handle and the pieces came together very easily.You must use an electric screwdriver because the screws are long and not pre-drilled.I had a small issue then installing the doorknob as I put a little too much force and the screw casing broke. However, I was able to remove the broken piece and install it back without problems."", ""first off,  you better have a lot of room to put this, as it's massive! easily big enough to sub-let out to a family if required!it's 18 months old and has been disassembled and reassembled 4 times and it is still holding up as strong as the day it arrived.every kid who comes over goes nuts playing in and around the \""cubby\"". kids smashing things against it, drawing on it with crayons, spilling food and drink all over it, no problems."", ""it was a hit of course, but like others was surprised to see the secret fireplace escape hatch not there.It arrived ahead of schedule and all the parts were correct.The phone is very quiet,but kiddie ears are better then mine"", ""My daughter loves this play house... and it;s big enough for a 2-4 kids to play inside... or in my case..it;s bid=g enough to for me to sit inside and play tea party with her. Super easy to assemble, very sturdy"", ""Our kids love this playhouse. Our 18 month old especially loves ringing the doorbell and our 4 year old daughter loves to play with the little kitchen in it. Right now we have it down in our basement while it's winter out, but when summer comes around, we are anxious to get it outside and let them play out there with it!""]",15.682999975979328,The available reviews do not provide enough information to answer this question.,True,251.9615408964455
G_161,REC_161,B008YRG5JQ,Cell_Phones_and_Accessories,medium,yesno,hybrid,5,can it charge a laptop comuter,yes it will charge a laptop.,KB_01984,1,"[""KB_01983"", ""KB_01991"", ""KB_01986"", ""KB_01985"", ""KB_01992""]","[""It fits fine in my laptop case, doesn't get hot when I'm charging it or using it to charge other things. And the fact that I can charge multiple things at once is a bonus.So far it's worked great, and has become my &#34;go to&#34; charger when I'm on the road."", ""The search is over. This will outperform your expectations, hands down. It can charge you pad and smartphone at the same time."", ""My sons have a tendency to leave a game running, even after they switch over to Legos. Previously I would have to plug into my laptop, or sit by a power cord to use any given device. Not anymore. The unit is a little bulky, nut still very portable. It have 4 different voltage outputs to fit the different charging voltage of various devices. They are all neatly labeled and easy to access. This thing will charge my Ipad mini twice."", ""Best investment I have made for my iPhone and other electronics. This is a must have if you have a phone, tablet, laptop, etc. I highly recommend purchasing a backup battery charger. If you are constantly on the go and need to make sure you have enough juice for your electronics, this is a &#34;no brainer&#34; purchase. This power bank is incredible because you can charge up to 4 devices at once or have 4 full charges for a phone."", ""It works great, use it to charge my tablet all the time. Have had it for about 6 months or so.""]",11.266542016528547,The available reviews do not provide enough information to answer this question.,True,249.00195805821568
G_162,REC_162,B004EPXIA6,Patio_Lawn_and_Garden,short,yesno,hybrid,5,can I refill the spools?,"Okay. My earlier response to a similar question was yes and now i have more experience and knowledge to respond more thoroughly. a) yes, one can replace the line in these spools with thicker line. I have done so two times now using 0.08 in line i had leftover form my old dual line trimmer. I have the Greenworks 21242 G-MAX 40V model which is a single line design. These spools are only for single line machines.  They accommodate only one single line. B) When you load them with thicker line, there must-needs be less line length on the spool.  Thicker line works better for thicker stemmed plants and so will break less often in that case. However,...since my Greenworks 21242 G-MAX 40V trimmer has a ""no bump"" automatic line feed, the line is advanced 1/4 in every time you stop and start the motor.  If the weeds don't break the line, the cutter-knife thing will be cutting off that 1/4 in every time you stop. This means if you are only cutting grass and other less resistant weeds, the .065 in line is probably a better bet since there will be more line to use up per spool as you go about your standard trimming operations.  IF you have heavier weeds as i do, the .08 in line is a better bet since it is less likely to break for these tasks and if you are willing to continue trimming without stopping until the line has been shredded by the weeds.  i.e., more weeds per spool under such conditions.",KB_01996,1,"[""KB_01993"", ""KB_01999"", ""KB_02000"", ""KB_01994"", ""KB_01998""]","[""Sure beats buying bulk and winding on the old spools. I don't use the trimmer that much and like having a spare spool."", ""The spool that came on the trimmer is refillable and so are these. It's good to have spools on hand when one goes empty and these do the trick. Once you buy these you can just keep refilling them."", ""simple easy to use repacement  spools  a no brainer to install  i would recomend to anyone rather than trying to rewind spools  by hand"", ""I would recommend rewinding the spools with your favorite line. This stuff is a helix twist and sticks somewhat on the spool. It will work, but your own might be better.....  Just sayin."", ""Sorry for the one-star rating. The Auto-feed replacement spools I received were for the smaller , possibly the GreenWorks 13&#34; Trimmer. I was viewing the 15&#34; Trimmer and assumed that the picture of the replacement spool was a part for that Trimmer.Now that Spring garden supplies are back on the shelves, I have located the proper spool at a nearby Canadian Tire Store and am ready to trim.Thank you.Ted Pageau""]",9.643416036851704,"Yes, the spools are refillable. The reviews mention that the spools that come with the trimmer and the replacement spools are refillable, and one reviewer recommends rewinding the spools with your own line.",False,386.52099994942546
G_163,REC_163,B003ARSPIO,Cell_Phones_and_Accessories,short,yesno,hybrid,5,is it a smart phone,"It's not a smartphone, but it's smart to have it if you are a SIM card user. It is easy to use and more than worth the price.",KB_02011,1,"[""KB_02008"", ""KB_02004"", ""KB_02007"", ""KB_02006"", ""KB_02005""]","[""when i bought this phone back in 2009 it was a nice descent slide phone. for basic use and a nice keyboard for fast texting camera was ok for cheap phone at time for 98 us. sold it in 2010.."", ""does this phone have GPS?. does it have android operating system? is the keyboard lighted?how is the speaker on the phone?"", ""This phone was horrid. It stalled more than my two year old phone that I was trying to replace. It was very slow and was terrible at receiving calls and messages. Do not by this phone."", ""Love the combination of touch screen and pull-out qwerty keyboard! In addition, the phone seems to be very well made. Great customer service!"", ""the phone is ok ,but the battery life is too short and it take hours to recharge. would i refer this phone to my friends, not likely.""]",10.595083935186267,The available reviews do not provide enough information to answer this question.,True,226.1556671001017
G_164,REC_164,B00429NVQA,Electronics,long,yesno,hybrid,5,can i aim this out a closed windw to view my back yard.,Yes and no. The camera has a set of IR LEDs that allow it to see at night. You will have not be able to see what is going on at night unless you do what I did and tape off the LEDs using black electrical tape. What happens is the IRs hit the glass and at night it acts like a mirror and blinds the camera. Without the LEDs it works fine during the day and at night it works decently with ambient/porch light. You could also get an IR LED array for fairly cheap here off amazon and point that into your yard as well. That way it would have pretty good B&W; night vision.,KB_02013,1,"[""KB_02013"", ""KB_02018"", ""KB_02016"", ""KB_02019"", ""KB_02017""]","[""my daughter is in a wheelchair in a basement apartment of our house. She cannot see when her para-transit bus arrives and sometimes had to sit in the rain so she wouldn't miss it. now she can watch on her phone or computer to see when it arrives.I wish there were a way to turn off the night vision IR. We have it in a window and at night the IR reflects from the window back into the camera obliterating the street view."", ""You aren't going to get super clear pictures or read license plates 30 feet away but if you just want to know if someone/thing has been into your yard or keep an eye on the family pet then this is fine for that.I'd say if you are thinking about this one then spend a bit more and get the newer PTZ camera with 720p output on it."", ""Oddly enough, the best software I've seen for these cameras is on iOS. I've been using Foscam Pro app [...] made by RobotoApps lately and have been happy with it as a remote viewing solution.In general, you'll need to have some basic networking knowledge and be comfortable tweaking settings on your router if you ever hope to be able to view your camera outside of your home network."", ""I just received this unit and was really excited to use it wirelessly. I noticed that out of the box, it didn't find my wireless when I hit scan (or that of my neighbors). I upgraded both firmware (system and webgui) and still no result. Sent it back and ordered another, hopefully the second one will work."", ""}18w series foscam for INDOOR P/T {pan tilt} setups less than 50feet}09w series foscam {this model here} for indoor &#34;fixed position setups less than 50feetall these series cameras WILL work together on the same network ,and are EASY to port forward for remote view {over the enternet}great seller ,buy the way=)""]",16.420917003415525,The available reviews do not provide enough information to answer this question.,True,265.2545840246603
G_165,REC_165,B002N3TO36,Automotive,long,yesno,hybrid,5,would it be okay if I wanted to trim (cut) each bar to match the width of the roof of my Volvo V50 for a more flush mount,[UNANSWERABLE],,1,"[""KB_02024"", ""KB_02025"", ""KB_02027"", ""KB_02028"", ""KB_02030""]","[""I'll start with saying that the supplier of these crossbars was great to deal with. They contacted me directly to make sure they were shipping me the color I wanted (chrome or black), and to confirm the make and model of my car. In addition, these crossbars are much less expensive than ones sold by Volvo, or the big name suppliers.The bars themselves are a mixed bag out of the box. On the plus side, the installation is quick and easy."", ""I was able to mount bike racks to them without issue.The brackets that attach the bars to the roof rails are where things fall short. Although the bracket assembly is made of heavy gauge metal, the nut for tightening the bracket in place is not. Instead, the nut has metal threats inside a soft plastic wing-nut. Because the plastic is soft, the metal in the brackets slowly eats into the nuts, which causes them to come lose."", ""Volvo sells cross bars but they cost significantly more. Thes fit the car and my budget. Most importantly, they work just fine. I don't keep them on the car permanently. They come off and reattach easily. What more could I ask for?"", ""We looked everywhere for a rack to fit our volvo and the costs were insane. We made the perfect choice on this one"", ""Once I figured out to ignore the enclosed instuctions it became much easier to install. I've used it twice and it seems very solid with lighter items. If you have a sunroof, watch your positioning. The air movement at 40-50 mph creates a very loud whistle.""]",18.467499990947545,The available reviews do not provide enough information to answer this question.,True,232.046915916726
G_166,REC_166,B0081ILUOI,Automotive,medium,yesno,hybrid,5,"will this fit a 2014 elantra limited with 17"" wheels?",[UNANSWERABLE],,0,"[""KB_02036"", ""KB_02037"", ""KB_02038"", ""KB_02040"", ""KB_02039""]","[""I would recommend this product to all Elantra owners!All the tools needed to complete a tire change were included as well as an organizer.Thank you"", ""All parts are in labeled plastic bags.Keffer Hyundai ships quickly and does a great job of packing. With this Elantra Spare Tire Kit you won't have to worry about getting a flat tire."", ""Tire is mounted and inflated. Fits in the 2013 Elantra trunk perfectly. Feel safer driving now that I have a spare knowing I won't be stranded. Didn't want to use the mobility kit because once used, the tire cannot be repaired. You have to buy a new one."", ""When we bought our Elantra, we didn't realize that it didn't come with some sort of spare. My wife damaged the sidewall of the right front tire on the way to work, and all there was in the wheel well, was a large piece of fitted Styrofoam, and a glorified Fix-A-Flat kit. The upshot here is that the Fix-A-Flat, is only going to be good if you have a SMALL puncture in the tread."", ""Everything was as advertised. It was great to have the tire already mounted on the rim unlike so many others available for purchase. Saved me a trip to the garage to have the tire mounted. Shipping was very reasonable as well for the size of the item and arrived quickly. If you're looking for an Elantra spare tire kit, this is the one to buy.""]",15.25754202157259,The available reviews do not provide enough information to answer this question.,True,253.53237509261817
G_167,REC_167,B00BI4JXGO,Electronics,short,yesno,hybrid,5,are any cables required,Yes. I purchased an Amazon HDMI (ARC) cable to connect my main unit HTB770 ARC output to the TV HDMI ARC input. It woks great and gives you on/off and volume control.,KB_02041,0,"[""KB_02042"", ""KB_02041"", ""KB_02043"", ""KB_02046"", ""KB_02049""]","[""Pros:Speakers sound goodBluetooth works great with my iPod TouchEasy to set upCons:Receiver was defective out of the box. When switching from one input to another (e.g. from cable box to Blu-ray), either the sound would drop out, or the video became shaky and showed a lot of interference (lines and snow/static on the screen). I checked all connections, all cables were sound. My TV is a Panasonic plasma, by the way.Returning it."", ""This is how I have it set up:2 HDMI cables coming from my 2 sources (blu-ray player and cable tv) right into the tv (input 2 and 3). From the tv  have 1 HDMI cable from input 1 (this is the designated ARC port) going into the ARC input of the home theater main unit. So, basically I am using my tv as the router/switcher (instead of the crappy main  audio unit)."", ""I read all your reviews and I think I may have a work around to help some of you. I bought the SC-HTB770 in November 2013. I also have a Panasonic plasma tv - the TC-P50VT25. It took me 3 years to buy the audio system so I was used to using the speakers from the tv which were becoming over-modulated. Anyway, I followed the theatre systems instructions and hooked up my 2 sources to the main unit using hdmi cables."", ""easy hookup to my panasonic tv ,but not really that happy with overall sound.probably will go for surround sound amp in future ,this will do for now .gs"", ""Would be nice if they send a replacement of the part that didnt work, but an hour long chat with customer support they asked me to mail the part for warranty related fixing. seriously? I cant use my external speakers for the holidays? that SUCKS! I would have easily rated you three or four if you had been working as expected speakers!""]",11.97900006081909,"HDMI cables are required for setup, with some users connecting them from sources like Blu-ray players and cable TV to the TV, and then from the TV to the home theater main unit.",False,264.25875001586974
G_168,REC_168,B006SDI6X6,Home_and_Kitchen,medium,yesno,hybrid,5,can i use this without the bars in the middle,If by bars you are talking about  the spaces between the canvases then yes you can put them as far apart or as close together as you want.  Keep in mind that there will still be a small seam even if they are as close together as you can put them so it will never look quite the same as one canvas.,KB_02050,0,"[""KB_02050"", ""KB_02052"", ""KB_02056"", ""KB_02051"", ""KB_02055""]","[""The painting invites us in for a walk down the lane to the setting sun.Be advised, this series of paintings needs a large wall for placement. Each panel is light and framed for easy installation. I have the paintings pressed tightly together to make one scene, unlike the picture included on Amazon that shows silver bars separating the paintings."", ""When I say this is like a scene from Middle Earth's Shire, my meaning may be unclear. What I mean is that this piece reminds me of the peaceful, joyous atmosphere of the Shire. This print set is a depiction of nature at its purest, and the image is incredibly soothing and relaxing."", ""We just measured, hammered in the hangars and the work was done. Per the manufacturers instructions, we left a couple of inches between each space. The five pieces make a BIG display. In this case, the stretch across the wall behind an oversized green leather sofa. The sofa is fat...overstuffed and fairly plane."", ""The painting it absolutely beautiful and the quality can easily be seen. The canvas is 100% cotton 370gsm artist grade canvas. The frames are 3.8 cm wide and are environmentally friendly MDF wooden bars. As someone who reduces, reuses, and recycles, I truly appreciate this piece. There is also a 100% money back guarantee (30 days) if you are not satisfied with your purchase."", ""We wanted something to accent our new colors and this did it.Product was nicely packaged and went up on the wall with ease.Follow the instructions for spacing and you can't go wrong.""]",11.159125017002225,"Yes, you can use this without the bars in the middle, as one reviewer has the paintings pressed tightly together to make one scene. The manufacturer's instructions also suggest leaving a couple of inches between each space, but it is possible to install without the silver bars separating the paintings.",False,334.25312500912696
G_169,REC_169,B003J8PCL2,Electronics,long,descriptive,hybrid,5,I have an Onyx EZ Model XEZ1.  Will the work with my model?,"I'm sorry not really sure if it will, but the thin wire tends to break very easily right @ the plug. Just breaks cause they're so thin. I'm on my 3rd. Not happy.",KB_02069,1,"[""KB_02063"", ""KB_02060"", ""KB_02072"", ""KB_02076"", ""KB_02073""]","[""It was the wrong one for my xm radio. I put in the model and still got the wrong one that I needed"", ""I have gone through two, nearing the need for a third one. I have tried to find more durable replacements, but have not been able to find one that says it is compatible with the Onyx. XM should work on a thicker cord, for this one breaks at the point right before the thicker part that goes into the cigarette lighter. I thickly wrap with electrical tape, but it is still trying to break in the same place..... again. Other than the flimsy power cord, I love it."", ""I put in the model and still got the wrong one that I needed"", ""I have tried to find more durable replacements, but have not been able to find one that says it is compatible with the Onyx."", ""I love my Onyx system but I really dislike the fact that I have had to replace the power cord twice in the 2+ years I've had it.""]",14.98704100959003,The available reviews do not provide enough information to answer this question.,True,132.3794589843601
G_170,REC_170,B00E395L7Q,Electronics,long,descriptive,hybrid,5,Does it have a card reader slot? In the pictures it looks like it does.,"Yes,  but haven't used it yet",KB_02085,1,"[""KB_02089"", ""KB_02080"", ""KB_02099"", ""KB_02081"", ""KB_02090""]","[""It remembers all the passwords and usernames that I need and gets me into these sites by swiping my finger over the reader."", ""It works great. Another feature I didn't know if I'd use is the fingerprint reader. It remembers all the passwords and usernames that I need and gets me into these sites by swiping my finger over the reader. I logged onto my Amazon account this way to write this review. So it's a great feature, too.Watch for computers that don't have an optical drive. When I was shopping for a computer, this seemed to be the norm. This computer has a built-in Blu-ray Player and DVD burner.My wife and I travel in an RV."", ""come up with an addition to this review after doing some things that the computer is really designed for. As of this writing I have only had the computer for 11 days.It is early morning, and the light is dim so I am using the lighted keyboard instead of an overhead light. It works great. Another feature I didn't know if I'd use is the fingerprint reader. It remembers all the passwords and usernames that I need and gets me into these sites by swiping my finger over the reader. I logged onto my Amazon account this way to write this review. So it's a great feature, too.Watch for computers that don't have an optical drive. When I was shopping for a computer, this seemed to be the norm. This computer has a built-in Blu-ray Player and DVD burner.My wife and I travel in an RV. We could watch TV shows on this computer if we wanted to, but it also has an HDMI output. We haven't tried it yet, but I am told we can connect the computer to our flat screen TV and play the show on the big TV.There is nothing wrong with Windows 8. It is"", ""The graphics card runs my 2 monitor setup perfect and is snappy. Whatever cpu you choose, just make sure it's the 4th generation (I'm pretty sure all HP Envy's at the moment are).It's light-weight and easy to carry. Bonus: when I close the laptop it cuts power to my USP Laptop cooling pad.I just love it. It's saving me about 1 hour of productivity a day."", ""Another feature I didn't know if I'd use is the fingerprint reader.""]",13.945832964964211,The available reviews do not provide enough information to answer this question.,True,146.4463749434799
G_171,REC_171,B00F144HYA,Electronics,long,descriptive,hybrid,5,"what size screen do I need with the 5030ube, sitting approx 14 feet from wall where screen would go.","i have a 120"" 16:9 screen at 13 ft away and it is great, it is amazing for movie format which takes about 6inch from top and 6inch on bottom and then the whole screen is used for hdtv which is gigantic but it is not difficult to watch.  i just bought projector last week and even though the resolution from my 4k samsung has spoiled me movies in true 1080p look great using the projector",KB_02103,1,"[""KB_02110"", ""KB_02117"", ""KB_02107"", ""KB_02101"", ""KB_02113""]","[""I have about a 14.5 foot throw, with the projector located 2.5 feet from the top of the screen."", ""***IMPORTANT*** measure the distance projector to wall/screen."", ""I am projecting 5030ub on to a Elite Screens Inc. R120DHD5 ezFrame CineGrey 5D Projection Screen for 2D and 3D which is about 20 feet away and it looks phenomenal. The black look very well even though I have some indirect ambient light coming in through my living room. Both the 5030ub and 6030ub have the same contrast ratio but the other differences I do not know if it justify the prices differences. The picture looks crisp and clear. Suggest you buy the Peerless PRGS-UNV projector mount from Amazon because it so easy to line up the picture to the screen compare to other mounts."", ""Lag-people talked about lag in the reviews on other websites ***so far it plays everything there is a fast setting for gaming and many others. we have tried several setting all work we do not notice any issues.6. ***IMPORTANT*** measure the distance projector to wall/screen. there are auto programs on the web that know your 5030ub and you plug in number out comes answers. This will also add in better picture. 84\"" TV 8 to 13 feet and 120\"" in greater."", ""I haven't even had to adjust the keystone part - seems to be just fine.I am using this projector with a 120&#34; diagonal screen (Silver Ticket), with the projector mounted from the ceiling 16 feet back from the screen - this works great.""]",14.357958105392754,"For a 14-foot distance, a 120"" screen is recommended as it works great with the 5030ube projector. A screen size between 84"" and 120"" may also be suitable for distances between 8 to 13 feet.",False,363.15162491519004
G_172,REC_172,B0048G9LDE,Toys_and_Games,long,descriptive,hybrid,5,How well does this game play with 2 players?  Is it less interesting then 4 players?,"It plays alright. The choices in the different zones are reduced (blocked off) when playing with fewer than 4 players. So, while it's still playable, it's a lot more fun with 4.",KB_02121,1,"[""KB_02121"", ""KB_02132"", ""KB_02122"", ""KB_02134"", ""KB_02128""]","[""Really, the idea behind play is simple, but because you are competing head to head against other players for the same limited spaces on the board, sometimes you'll find yourself fighting other players for the same resources.No one is eliminated early from the game, so everyone can stay in it until the end. While the game can be played with 2 and 3 players, for the best games I recommend playing with 4.This game is out of stock on many websites, so if you see it for sale, pick it up."", ""While the game can be played with 2 and 3 players, for the best games I recommend playing with 4.This game is out of stock on many websites, so if you see it for sale, pick it up."", ""Very fun game. Game is well thought out and the components are nice quality. I find that it get much more competitive the less players you have."", ""While four (4) is still fun, but it increases the time between turns and overall game length to the point casual players may be turned off (~90 minutes v ~60 minutes with three (3) players)."", ""With over 100 plays, I can say this is a great game. I have over 400 games in my collection, and this one has been played the most, by far. The re-playability is extremely high, allowing for a myriad of possible ways to win, with no one strategy always being the path to victory. Its even better with the expansion cards.Playing with two players completely changes the dynamic of the game. It becomes extremely cutthroat and people who have only played with 4 players will probably not realize the changes in tactics required.""]",16.70504198409617,"The game can be played with 2 players, but it becomes extremely cutthroat and changes the dynamic of the game, requiring different tactics. Some reviewers find it more competitive with fewer players, while others recommend playing with 4 players for the best experience. Playing with 2 players is still fun, but it alters the gameplay compared to playing with 4 players.",False,356.53783404268324
G_173,REC_173,B000E8VAIO,Tools_and_Home_Improvement,long,descriptive,hybrid,5,can this be placed in a gang wall switch box? I have a 7 switch gang box and need to place two side by side?,"When we originally bought this item, it replaced a light switch. It fit in fine next to two other light switches. The same switch plate we used before covers all three.",KB_02157,1,"[""KB_02142"", ""KB_02152"", ""KB_02157"", ""KB_02156"", ""KB_02153""]","[""the housing poked out from the wall by about one inch. The EJ500 sits flush with the switch panel. Admittedly, the housing is recessed into the wall by more than an inch. I noticed one reviewer complained, he couldn't fit it into his box. I had to move some of the wires around, but I was able to get mine to fit without too much trouble, and I had a LOT of wires stuffed into my box. I had to wire mine for a 3-way switch configuration, and the electrical box is shared with another 3-way switch and a 2-way switch.The previous generation was just a simple digital 7-day timer, which meant twice a year, I had to adjust it for daylight saving time, and I had to periodically adjust it during the year for seasonal changes in sunset times."", ""I had to wire mine for a 3-way switch configuration, and the electrical box is shared with another 3-way switch and a 2-way switch.The previous generation was just a simple digital 7-day timer, which meant twice a year, I had to adjust it for daylight saving time, and I had to periodically adjust it during the year for seasonal changes in sunset times."", ""It is also a little deeper than what it replaced so I had to be careful as I moved the house wiring around in the 3 switch box this beast was installed in."", ""Just be aware.The writing on the unit is VERY small and hard to see.The spaces are tight for fat fingers.The unit fills the entire half of a switch box and in my case with new, thick wires and twist caps inside, I had to finagle and bend and adjust to make it fit the space."", ""I (a woman in my early 60's) ordered this to replace a broken wall switch timer to control two overhead porch lights and a pole lamp.""]",17.107666935771704,"The device can fit in a gang wall switch box, but it may require adjusting wires and can fill the entire half of a switch box, making it potentially suitable for placement side by side in a 7 switch gang box with some finagling.",False,329.34816600754857
G_174,REC_174,B0044U42LU,Sports_and_Outdoors,medium,descriptive,hybrid,5,Will these kill zombies if i get good at it?,"Projectile weapons typically are not efficient for killings zombies. Throwing knives would be better served as a tool or self defense against humanity's other faction that you'll ultimately have to fight. Likely they will capture you, and their Che Guevara look alike will make you play basketball while only have a couple hours left before a horrible poison destroys your body. Welcome to the human race.",KB_02164,1,"[""KB_02163"", ""KB_02173"", ""KB_02174"", ""KB_02165"", ""KB_02164""]","[""I bought these to get ready for zombies and i wasnt dissapointed! Very sharp and very accurate will hit targt easy!"", ""I bought these to get ready for zombies and i wasnt dissapointed!"", ""I'm sure there are professional knife throwers somewhere who laugh at these, but we did not buy them for competition or for killing zombies; they were bought for me and my 13 year old to have fun."", ""These knives are good for a beginner. I'd assume that most purchased these because of their affordable price. Taking that into account I think they are quite good. They are very small and light which actually makes you try harder to throw them properly. I gave my first set to my wife. She thinks they are quite fun. I wouldn't sharpen them until you were ready or just throw them at any target however. I set up a compressed cardboard target for my wife and use a bow target for myself. I'm sure they'd work with a cork target too, but it you go slinging them at a hardwood or solid wood product you will kill them quickly."", ""I order one set of these knifes because i wasn't sure how the quality would be after i saw the price of these knifes when i got my i was shocked completely steel metal even came with a pouch for all 3 knifes to fit in an it attaches to your belt so that surprise me as well these knifes can be very good for hunting or for silent kill if you don't wanna use your main weapon an make loud noise i highly recommend these knifes for your bug out bag i bought these for my an will be ordering a couple more sets to so if i was you buy theses knifes while you still can...""]",20.981083041988313,"The available reviews suggest that these knives may be effective for killing zombies if used properly, as one reviewer mentions they are ""very sharp"" and another mentions they can be used for a ""silent kill"".",False,421.3626249693334
G_175,REC_175,B000BVQ80E,Home_and_Kitchen,long,descriptive,hybrid,5,Do I only have to use  Sephora chocolate or will any brand do ?,Any brand will work as long as it is formulated to use in a fountain.,KB_02185,1,"[""KB_02195"", ""KB_02202"", ""KB_02185"", ""KB_02190"", ""KB_02192""]","[""I would advise buying the Sephra brand chocolate wafers that are recommended, too, because you don't have to add oil and they melt quickly."", ""We used Sephra brand chocolate and had no need to burp it."", ""I'm so glad I chose this fountain over all the others that are available. It worked beautifully, and was a huge hit at our party. I would advise buying the Sephra brand chocolate wafers that are recommended, too, because you don't have to add oil and they melt quickly. Also, the milk chocolate was delicious! The cascading chocolate formed a perfect curtain of chocolate, just like the picture on the ad and on the box! We also tried the Wilton Chocolate Pro Melting chocolate wafers, and they also worked perfectly."", ""It looks nice however, I could not get the chocolate warm enough to flow. Perhaps I should have purchased the recommended chocolate. I will keep it and call for help rather than send it back because I really would like to use it again in the future."", ""I bought this fountain, which is the smallest of Sephra's line of chocolate fountains, for my daughter's Sweet 16 Party. It was a huge hit!It is a VERY NICE looking fountain and VERY QUIET! I found it very helpful to watch the YouTube videos by Sephra. This size serves 20-30 people. I thought about getting a bigger one but opted for the smaller one to use for more intimate occasions. This size uses 4 pounds of chocolate.I used the Sephra Milk Chocolate because you don't have to add anything to the chocolate to get the right consistency.""]",13.055208954028785,"While Sephra brand chocolate is recommended, other brands like Wilton Chocolate Pro Melting chocolate wafers also work perfectly. Using Sephra brand chocolate eliminates the need to add oil and they melt quickly.",False,358.43229200690985
G_176,REC_176,B00HG1L334,Electronics,medium,descriptive,hybrid,5,Is it fit with lifeproofcase ipad mini?,[UNANSWERABLE],,1,"[""KB_02214"", ""KB_02216"", ""KB_02217"", ""KB_02218"", ""KB_02205""]","[""It works perfectly for my new iPad."", ""The step down style jack allows it to fit easily on my iPhone in my Otter Box case."", ""Most often the size of the case makes it hard for the cable to fit well into the phone."", ""I tried this cable on some of my problem cases and the fit was perfect."", ""I just received this cable today and cannot believe the quality for this price. It works perfectly for my new iPad. I have it in a case and my old cable would not plug all the way in. This snapped right into place and provides great sound for my desktop speaker. I would highly recommend this cable.""]",12.256541987881064,The available reviews do not provide enough information to answer this question.,True,142.3779159085825
G_177,REC_177,B007VFTO0E,Patio_Lawn_and_Garden,short,descriptive,hybrid,5,What size is the hole?,[UNANSWERABLE],,0,"[""KB_02226"", ""KB_02224"", ""KB_02225""]","[""It's Craftsman... do you need to make a review?"", ""It's Craftsman... do you need to make a review? It's a quality item wouldn't expect anything else from that company."", ""It's a quality item wouldn't expect anything else from that company.""]",12.63204193674028,The available reviews do not provide enough information to answer this question.,True,215.21533303894103
G_178,REC_178,B001L1R3SO,Home_and_Kitchen,long,descriptive,hybrid,5,Does this blanket go on top of the bedding or do you sleep on top of it?,[UNANSWERABLE],,0,"[""KB_02227"", ""KB_02228"", ""KB_02230"", ""KB_02229""]","[""We bought the queen-sized blanket for a queen-sized bed. I wish I'd bought the king &#8230; it's hanging over the edge of the mattress but there is NO way I could even come close to tucking it in. But it does keep us super warm and it's so much safer than the antique version that we were using."", ""We bought the queen-sized blanket for a queen-sized bed."", ""But it does keep us super warm and it's so much safer than the antique version that we were using."", ""I wish I'd bought the king &#8230; it's hanging over the edge of the mattress but there is NO way I could even come close to tucking it in.""]",13.746540993452072,"The blanket is used on top of the bedding, as one reviewer mentions it hangs over the edge of the mattress and can't be tucked in. This suggests it is placed on top of the bed, rather than slept on directly. It keeps the users warm and is used as an additional layer.",False,447.4639589898288
G_179,REC_179,B005N1190G,Pet_Supplies,short,descriptive,hybrid,5,What gage is the wire?,It looks to be 10 Ga,KB_02242,0,"[""KB_02240"", ""KB_02231"", ""KB_02238"", ""KB_02242"", ""KB_02237""]","[""Folds pretty easily to transport and wire is heavier than others I looked at."", ""This crate is more heavy duty than the ones I saw at the pet stores. Has double locks on door for secure closure. Folds pretty easily to transport and wire is heavier than others I looked at. Drawback is only one door, but so far not a problem. A little pricey compared to others, but worth it--you tend to get what you pay for in dog crates. My dog likes it, so I can't say how it would hold up to a large dog who wanted out of it."", ""This cage meets my requirements and I believe that it is a good buy for the quality of the cage. It is easy to put up and take down. Just what I was looking for."", ""was also the size I needed it to be."", ""This is a great crate and the experience of purchasing it was easy from beginning to end. Shipping was fast and the product is great quality...""]",11.437291977927089,The available reviews do not provide enough information to answer this question.,True,227.90920792613178
G_180,REC_180,B003F8GH6U,Sports_and_Outdoors,short,descriptive,hybrid,5,Where was it made?,They are made in China. The only water bottle I've found that is made in the US is Liberty Bottles. You can get them here or I saw them on the shelf at Whole Foods.,KB_02254,0,"[""KB_02254"", ""KB_02247"", ""KB_02260"", ""KB_02262"", ""KB_02248""]","[""The cap is made from a smooth and durable plastic.I ordered the Green Energy color, which is much more subtle when you get it."", ""I love that it is steel, not aluminum. Now my water has no metallic taste or smell- it is just water. The cap is made from a smooth and durable plastic.I ordered the Green Energy color, which is much more subtle when you get it. It is closer to celery, which is beautiful.I have not yet dropped it, so I cannot attest to its durability in that sense, but it has survived a few bike rides so far and has done marvelously. It has also stood up to the daily abuse that is my backpack without a scratch.I appreciate the interchangable caps avaliable through Klean Kanteen, and plan on ordering the sport cap."", ""Love my new kanteen, it arrived quickly and the product is wonderful."", ""It's seems to be a good value to-date."", ""Love my new kanteen, it arrived quickly and the product is wonderful. Klean Kanteen is durable and easy to carry around!""]",11.698000016622245,The available reviews do not provide enough information to answer this question.,True,285.82195891067386
G_181,REC_181,B005IHAPBY,Automotive,long,descriptive,hybrid,5,"How tall are the top and bottom sides? I'm thinking about getting this engraved, but if it's too small then I can't",[UNANSWERABLE],,0,"[""KB_02270"", ""KB_02280"", ""KB_02279"", ""KB_02266"", ""KB_02265""]","[""After reading many reviews on license plate frames (crazy, I know), I settled on this one. Having received and installed it, I'm glad I did.It is just what it should be. That is, a nice frame that covers the not-so-beautiful edges of the license plate. It is definitely sturdy, and from the reviews I read, it will last better than some others that seem to fade over time.The caps fit nicely over the screws I got at Home Depot for $1.If you're spending your time reading about license plate frames, you can feel good stopping now and purchasing this one."", ""Good looking plate frame, I bought this one as NC truck plate has the state name at the bottom of license plate."", ""I thought about putting in my own 2 at the bottom  to keep the plate and holder together (No place on the bumper)  But just the 2 screws kept everything nice and tight."", ""Good looking plate frame, I bought this one as NC truck plate has the state name at the bottom of license plate. Many plates has the wide lower part of the frame with a logo, this covered over the name of state causing the police to get upset.Good quality, sturdy frame."", ""The top question for this product is &#34;does the frame with one or two?&#34;, and the top answer which is displayed says &#34;two&#34;. I assumed for $8 I would be getting two, but that was not the case. Another issue I have with this product is that it is extremely heavy for a license plate frame - an extra 2 pounds on your car is not a big deal... but still. My biggest complaint about this product is the cheap finish.""]",15.795999905094504,The available reviews do not provide enough information to answer this question.,True,279.40737502649426
G_182,REC_182,B009LJ9Z0M,Electronics,medium,yesno,hybrid,5,will this unit include docking for an Ipod and an Iphone 4?,Yes. I have used both my iPhone 4 and my iPod in the docking station and they work fine. One thing that could cause trouble is the size of your phone case. My phone case is small and it fits. A large case would need to be removed to use the dock.,KB_02287,1,"[""KB_02287"", ""KB_02297"", ""KB_02301"", ""KB_02302"", ""KB_02294""]","[""I purchased the radio and it is great! Love the alarm etc.The I-Phone Dock does not work with my Iphone 5C. It has the larger plug and is compatible with the Iphone 4 I think. If you have the new I phone don't waste the money.Otherwise a great product!! !"", ""It has the larger plug and is compatible with the Iphone 4 I think."", ""This is a very well made product, as with most BOSE products......iPod/iTouch connects just fine and sounds good."", ""The sound is rich and full on all settings (radio, tv, CD, iPod) and the small, space saving, sleek design is great.Only a couple of knocks on this purchase, but none on the overall performance of the system itself.First, the iPod dock is way over priced and only comes as an after market accessory."", ""Expensive, but great little system. Set up only took a few minutes and I added an auxiliary cable to run my tv through it as well. The sound is rich and full on all settings (radio, tv, CD, iPod) and the small, space saving, sleek design is great.Only a couple of knocks on this purchase, but none on the overall performance of the system itself.First, the iPod dock is way over priced and only comes as an after market accessory. It should be a third of the price and/or they should offer it as an option w/the system or integrate it into the system itself.Second, the brightness of the display changes with the ambience of the room.""]",15.059083001688123,"The unit is compatible with an iPhone 4 and has docking for an iPod, although the iPod dock may be an additional accessory.",False,405.8513749623671
G_183,REC_183,B003WAOVGY,Home_and_Kitchen,medium,yesno,hybrid,5,does this chair work with xbox one,"Yes, it will work with xbox one as long as you have a headphone jack in the tv or stereo. The chair can then be connected wirelessly or by wire (extra).",KB_02327,1,"[""KB_02308"", ""KB_02312"", ""KB_02313"", ""KB_02323"", ""KB_02318""]","[""My teenage son would blast anyone sitting nearby as he sprawled on the floor playing his Xbox or other games. With the X Rocker Pro gaming chair, he plugs in his earphones (peace and quiet for the rest of the household), experiences all of the special effects vibrations and sounds), and improves his posture too. He loves it (and so does mom)!"", ""My fianc&eacute; loves this chair and so do our children."", ""I bought this for my husband for his birthday and he divorced me a few days later mmmm the chair or me I'm not sure!"", ""With the X Rocker Pro gaming chair, he plugs in his earphones (peace and quiet for the rest of the household), experiences all of the special effects vibrations and sounds), and improves his posture too."", ""My teenage son would blast anyone sitting nearby as he sprawled on the floor playing his Xbox or other games.""]",14.782042009755969,"The X Rocker Pro gaming chair works with Xbox, as one reviewer mentioned their son using it while playing Xbox. It provides special effects vibrations and sounds when used with the console.",False,356.75212496425956
G_184,REC_184,B00EVC9PQI,Electronics,medium,yesno,hybrid,5,would this tripod fit GE X450 power pro camera?,"It should look at the bottom of your camera, if there is a small hole yes, if its a 2 inch square lock or Oregon scientific mount no. Its a great pod I've had mine and been using it regularly for about a year works like new after some pretty severe beatings including submerging it a bunch of times. Still can't beat the price.",KB_02333,0,"[""KB_02338"", ""KB_02328"", ""KB_02341"", ""KB_02334"", ""KB_02340""]","[""This tripod holds my Panasonic Pro AG-DVX100B camera."", ""At first I was skeptic about this tripod because of the price. I've had many tripods throughout the years and I'm very satisfied with this one!! For the price I couldn't believe how well it holds up as I would by another 1!!! This tripod holds my Panasonic Pro AG-DVX100B camera. I'm so glad I didn't waste my money on a $80.00 tripod! !"", ""The base where you attach the camera or chronograph comes apart from the tripod."", ""I'm using one with my little Panasonic Camcorder and the other one with my Fujifilm Finepix DSLR. This tripod will be able to hold cameras much heavier than mine with no problem, I know it can. I would recommend this wonderful tripod to anyone anytime .Even when I raise them all the way to 66 inches, they remained steady and strong! You won't go wrong with this one! BUY IT!"", ""This is more for amateur's (ie me) who just do some simple photography with my phone or point and shoot camera.I do believe this tripod can hold a dslr camera okay.. but if you're gonna spend $600 on a dslr,.. might as well spend more on a good tripod.""]",14.871999970637262,The available reviews do not provide enough information to answer this question.,True,129.19041595887393
G_185,REC_185,B0077QHF1C,Electronics,medium,descriptive,hybrid,5,"Can I select ""Random mode"" for songs playback?","Yes you can.  Press and hold the play/pause button on the device or the remote.  You will be able to choose between playing ALL songs in sequence, RANDOM within the current directory, FOLDERALL playing all the songs in the current directory only, ONE to repeat the current song.",KB_02363,1,"[""KB_02359"", ""KB_02363"", ""KB_02348"", ""KB_02356"", ""KB_02366""]","[""You can change the frequency, volume and select the songs.After 8 month, this one doesn't work any more."", ""I can't find a way to \""random play everything on the SD card\"" - only \""random in this folder\"" and I can't seem to find a way to navigate \""out of this folder and up one level\""."", ""It does shuffle when you hold down the play button, but each folder only reads 999 files in the shuffle (at least on my SD card), so I had to create 5 folders of 999 files. It does not shuffle across folders. There's no real way for me to test if it's really shuffling all the files in each folder, but it seems pretty random at least. Browsing between folders is a pain, but doable. I wish the remote had a simple 4 direction arrows and OK button in the middle, because figuring out what enter/select/OK is is confusing for each mode (folder/delete mode and play mode)."", ""I can't find a way to \""random play everything on the SD card\"" - only \""random in this folder\"" and I can't seem to find a way to navigate \""out of this folder and up one level\"". This means I have to copy all my music over, move everything to the root directory and hit random. And that means I'm now not able to play \""just this album\"".If I hadn't tossed the packaging I would have returned it, but thankfully my commute is pretty short so I'll live with it; thankfully it was only about a tenner."", ""I use it mainly with a SD inserted, seems to only pick up 999 of the 1500 songs on the card.""]",13.600583071820438,"The device has a ""random"" or ""shuffle"" mode, but it only works within a single folder, not across all folders on the SD card. Holding down the play button can activate the shuffle mode.",False,326.5675420407206
G_186,REC_186,B004T6M6Y4,Home_and_Kitchen,medium,descriptive,hybrid,5,Is lid transparent or do you know a transparent compatible lid?,no the lid is not transparent. I don't know of a compatible transparent lid.,KB_02388,1,"[""KB_02383"", ""KB_02379"", ""KB_02380"", ""KB_02382"", ""KB_02369""]","[""Displays very nicely on my pot rack and cleverly stores the lid on the long handle."", ""I don't know if it's problem of my oven or something else, I feel the heat transfer of my 2 quart sauce pan with lid is slower comparing with my other pots (with same level of heat from the oven)."", ""The lid and the handle become pretty hot, so be careful when you want to move the pan around or lift the lid."", ""It cooks well, the lid fits tight and everything else about the pan is fine."", ""I don't know if it's problem of my oven or something else, I feel the heat transfer of my 2 quart sauce pan with lid is slower comparing with my other pots (with same level of heat from the oven). It takes longer for the water to boil. The lid and the handle become pretty hot, so be careful when you want to move the pan around or lift the lid.""]",15.923540922813118,The available reviews do not provide enough information to answer this question.,True,126.16979202721268
G_187,REC_187,B000Q5APCC,Electronics,medium,descriptive,hybrid,5,What is the size of this radio?,[UNANSWERABLE],,1,"[""KB_02399"", ""KB_02404"", ""KB_02400"", ""KB_02391"", ""KB_02389""]","[""This radio gets great reception of distant FM stations and the sound quality is great for the size."", ""Best part of this radio (for me) is the dual-battery size compatibility!"", ""So be clear about the size of the radio you want before you order it."", ""The radio was larger than I expected. So be clear about the size of the radio you want before you order it. When the radio arrived, I put in batteries. It did not work. I then used the AC adapter, pluged it in and turned it on. The radio started to smoke and I pulled the plug. The radio never did work and I have returned it."", ""I love this radio. I am not a techy, but can tell you that the reception is very good, and the radio is very easy on batteries. Size and heft are both comfortable for taking room to room or out to the yard.""]",13.940792065113783,The available reviews do not provide enough information to answer this question.,True,184.22608391847461
G_188,REC_188,B004MKJWJO,Electronics,medium,descriptive,hybrid,5,Will this card work with a 375 watt power supply?,"Yes, but I would recommend getting at least a 600 watt sometime in the future if you game a lot",KB_02409,1,"[""KB_02419"", ""KB_02422"", ""KB_02420"", ""KB_02409"", ""KB_02423""]","[""It takes only 1 6-pin power conenctor and comes with molex adapters so as long as you have a 350watt power supply/psu or higher than your good.My brother used this on his stock 350watt psu which has no 6-pin connector and the card works fine (used the molex adapter)."", ""if you can get one for around that price and have a good Power supply, then this card is awesome."", ""This card provides a lot of power for the price."", ""Just ordered this card which makes 3 total (2 for my brother 1 for my father). My take on this card is that if you want good performance/fps and still have better graphics than the 360 or ps3 and dont care if you max the games graphics out than this card is for you. It takes only 1 6-pin power conenctor and comes with molex adapters so as long as you have a 350watt power supply/psu or higher than your good.My brother used this on his stock 350watt psu which has no 6-pin connector and the card works fine (used the molex adapter)."", ""Just keep in mind that it is fairly big and uses a nice chunk of power, but it still fit in my mATX case.As a primarily console gamer that would still like to play some PC exclusives and pick up some Steam sales, this card is perfect.""]",12.155167059972882,"The card will work with a 375 watt power supply, as it requires a minimum of 350 watts. The card comes with molex adapters, allowing it to work with power supplies that do not have a 6-pin connector. It has been confirmed to work fine with a 350 watt power supply.",False,352.22295799758285
G_189,REC_189,B004MMXB6W,Sports_and_Outdoors,short,descriptive,hybrid,5,How wide is the sheath?,[UNANSWERABLE],,1,"[""KB_02441"", ""KB_02445"", ""KB_02432"", ""KB_02435"", ""KB_02431""]","[""This is a well made sheath for the price."", ""Should have read the description better, did not know it was an over the shoulder type of sheath."", ""I bought this to go with the machete I got my son for his b-day and couldn't believe the quality of the sheath"", ""I do not recomend this sheath the machete itself is very good but this type of sheath is dificult to use and impractical I would suggust just geting a normal belt sheash."", ""This is a well made sheath for the price. Machete slides in easily and the strap holds the handle nicely in place.""]",13.398290961049497,The available reviews do not provide enough information to answer this question.,True,194.38766699749976
G_190,REC_190,B002Q0W80W,Electronics,long,descriptive,hybrid,5,will it cpome with a plug in power adapter or do i neet to purchase it seperately,"It comes with the power adapter, and a antenna with VERY long cord. You will need a sound source, like powered computer speakers.",KB_02447,1,"[""KB_02447"", ""KB_02458"", ""KB_02451"", ""KB_02456"", ""KB_02460""]","[""The unit comes with the dock (which isn't cheap plastic, it's \""pleasantly heavy\""), an indoor/outdoor hinged antenna with a metal bracket on the back for sturdy mounting (no screws included that I could find), a headphone-to-RCA cable for connection to your receiver (That I didn't use. I plugged some high-quality computer speakers into the unit and it worked great), a wall-wart, and an instruction manual. Invest in a1-Foot Extension Power Cable, 5-Packif you're going to plug this into a power strip."", ""Invest in a1-Foot Extension Power Cable, 5-Packif you're going to plug this into a power strip."", ""I believe I returned this product because I needed to purchase an additional adaptor to use with it, which at the time I was unwilling to do--so I can't really review it's productivity."", ""awesome cheap price product to enjoy xm radio inside the home antenna is long enough can plug it into a system or speakers and puts out awesome sound defiantly worth the money A+ Amazon does it again with the lowest pricing"", ""I was able to locate and download a manual online but I don't feel I should have had to.That aside, it was an excellent purchase.""]",16.1531250923872,"The unit comes with a wall-wart, which is a type of plug-in power adapter. You do not need to purchase it separately.",False,271.6182089643553
G_191,REC_191,B00AU6ED8Y,Sports_and_Outdoors,long,descriptive,hybrid,5,Is the barrel on this Umarex Octane .22 cal rifled? I read a review that said this was a smooth bore barrel???,"Yes, the barrel on the .22 cal is rifled.",KB_02476,1,"[""KB_02465"", ""KB_02467"", ""KB_02472"", ""KB_02477"", ""KB_02466""]","[""I was concerned about break barrel air rifles, but its been a long time since I bought a pellet rifle. I have owned crossman, daisy etc.. and my best was my pump bb rifle that broke and my grandfather replaced the spring.. wow I could shoot holes right through a tin can. This time around I wanted a .22 for small game. Due to govt. overreach there is a shortage of any pistol or rifle ammunition, so getting a .22 pellet rifle had me looking in all the stores.. and then the Umarex shows up as an ad."", ""The seems to be very sturdy with good fit and finish. My only complaint is that it is huge! I mean Huge!. Of my twenty real guns, this air rifle is the biggest. It wouldnt even fit in my gun safe. It is longer than me remington 870 12 guage with a 28 inch barrel. This being said, It is to big to pack around in the woods comfortably not that I would anyway."", ""I have never owned an air rifle but recently purchased a Umarex to take care of a ground squirrel problem at my home. This is an extremely powerful weapon and after using it for 2 weeks I am very pleased. First, the cons:1. It is heavy. Your arms will become fatigued if you plan on shooting for any length of time from a standing position.2. It takes quite a bit of strength to cock the break barrel. I'm a middle age male and had to use two arms to cock the barrel by holding it vertically with the rifle butt on the ground."", ""The Umarex .22 caliber air rifle appeared to be the best &#34;bang&#34; for the buck."", ""This should be priced at 150-175 in my opinion. I hope my iron sighting issue was just a random defect. This could be a great rifle for the current price. Good luck and thanks for your patience in taking to read my novel sized review. Good hunting""]",17.381457961164415,The available reviews do not provide enough information to answer this question.,True,164.98175007291138
G_192,REC_192,B003F8UFC2,Tools_and_Home_Improvement,short,descriptive,hybrid,5,How long are the arms?,[UNANSWERABLE],,1,"[""KB_02494"", ""KB_02484"", ""KB_02500"", ""KB_02487"", ""KB_02488""]","[""They are very easy to install and the padded arms and arm spacing are perfect for SUPs."", ""The build quality and functionality of these racks are top notch. I use them to rack two SUPs (one 9'2\"" and one 10') high in my garage, and they work great. They are very easy to install and the padded arms and arm spacing are perfect for SUPs. I highly recommend this rack to anyone looking to get one or more SUPs off the floor and stored nicely."", ""They were quite difficult to install into our walls/ studs, requiring several Home Depot trips for the right hardware, but they are SO worth it."", ""These racks are amazing. They were quite difficult to install into our walls/ studs, requiring several Home Depot trips for the right hardware, but they are SO worth it. They hold our two SUP boards, look gorgeous, and are easy to maneuver when getting the boards on and off. Practical, well-built, and attractive. I would recommend these to anyone, especially in regards to quality. THANK YOU!"", ""These arrived in about 2 days.Easy to install - 4 screws.They work for the two 12' Costco boards I bought.""]",11.991375009529293,The available reviews do not provide enough information to answer this question.,True,238.2606250466779
G_193,REC_193,B00B2B4OE4,Automotive,medium,descriptive,hybrid,5,for a 2000 xj need somewhere else?,Hi jose....you can use it is very good kit ... take a look on roughcountry page and check for updates... because I change some more parts for the steering..thanks.. in amazon they have a very good price... I use 15 wheel and separator too..,KB_02505,0,"[""KB_02501"", ""KB_02508"", ""KB_02502"", ""KB_02512"", ""KB_02503""]","[""After doing several weeks of searching online to find a good suspension lift for my 2000 Jeep Wrangler, I decided to go with Rough Country. I trust Amazon so I saw several kits at  reasonable prices and decided to purchase from here. A box pops up asking what's the vehicle information ( Style, make, model, year) I entered in my info and this was the kit recommended. I set up an Amazon account went through with purchase and 4 days later I received 3 boxes. I hired a guy to do the install since I have no clue how to piece everything together and he put the fronts on first everything was perfect."", ""After doing several weeks of searching online to find a good suspension lift for my 2000 Jeep Wrangler, I decided to go with Rough Country."", ""This took him and another guy  5 hours to instal the front suspension. He started to open the rear box and sure enough NOT the right parts for this complete kit! The rear end is for a Jeep Cherokee style suspension. I emailed Amazon and a Rough Country as directed to do if something was wrong. I'm now waiting a whole day with my Jeep sitting in a garage half way finished trying to solve this problem. My advice google reviews about the product when people receive it because a few other purchases of a a Rough Country Suspension Kits that were sent to people had the wrong parts shipped to them."", ""The rear end is for a Jeep Cherokee style suspension."", ""The drop pitman arm and the front adjustable track bar should come with the kit. That way you dont have to drill into the bracket. Also the intructions are very vague for people that have never installed a lift. The add a leaf that was sold with it doesnt even level it out. Which shows it wasnt meant for a 4.5inch lift.""]",14.190791989676654,The available reviews do not provide enough information to answer this question.,True,181.36129109188914
G_194,REC_194,B00079EH3U,Sports_and_Outdoors,long,descriptive,hybrid,5,Do you need the back rest that is now available for the Swooper?,No.  The lack of a back rest helps me keep good posture.,KB_02533,0,"[""KB_02517"", ""KB_02533"", ""KB_02519"", ""KB_02537"", ""KB_02532""]","[""For me personally, it doesn't need a back, as It uses your own body for support. I recommend sampling the chair for a few days first to see if it's for you. Most Office Furniture Dealers that have this manufacturer available to them offer this service free of charge. Take it for a test ride prior to buying!"", ""Unlike other similarly priced so called ergonomic chairs that have a back support, the lack of one on the swopper actually strengthens the lower back muscles."", ""When considering buying the Swopper, I hadn't been at all worried about it being a backless chair, because I never lean back in my chairs anyway; it causes too much tailbone pain.So I've tried sitting on the Swopper again, but this time sitting all the way on the back edge, rather than square in the middle/top. No tailbone pain! However, it still cuts into my thighs, but the pressure is relieved by turning the base around and putting the opening at the back and using the base as a foot rest."", ""I purchased the swopper after doing a lot of online research. I could return it for a full refund if I didn't like it to the store I purchased it from. The stool/chair has been fantastic and like many other reviews say, really does work and cure lower back issues. Not only that, it promotes the right posture, movement and active sitting. Unlike other similarly priced so called ergonomic chairs that have a back support, the lack of one on the swopper actually strengthens the lower back muscles. Plush ergonomic chairs with back support just weaken the back. I was skeptical about the results of sitting on the swopper before purchase, but I am totally convinced and thrilled that it works. You will never go back to sitting on a regular chair (however expensive) again. Only, get used to sitting on it in stages as the instructions suggest and eventually make it your full-time chair. I liked the chair so much that I now have two, one for work and the other for home use. In fact, I'm sitting on one as I write this review :). Nothing is worth more than the health of your back."", ""When considering buying the Swopper, I hadn't been at all worried about it being a backless chair, because I never lean back in my chairs anyway; it causes too much tailbone pain.So I've tried sitting on the Swopper again, but this time sitting all the way on the back edge, rather than square in the middle/top.""]",15.806916053406894,"The reviews suggest that the back rest is not necessary for the Swooper, as it strengthens the lower back muscles and promotes good posture without one. Users have found that the chair's design allows for active sitting and supports the body without needing a back rest.",False,437.52899998798966
G_195,REC_195,B00EA1T3G2,Home_and_Kitchen,short,descriptive,hybrid,5,Where is it made?,[UNANSWERABLE],,0,"[""KB_02541"", ""KB_02539"", ""KB_02556"", ""KB_02555"", ""KB_02544""]","[""I trust this brand.So this set was almost a no-brainer for me. We don't use the cups in this set, but we've been loving all the other pieces. It is great for mixing up with some of my other round dinnerware.I've found 10 Strawberry Street to be a reliable brand, and I recommend it."", ""The box arrived in perfect condition, so it was packed in its defective state at the factory---poor business practice to say the least."", ""I collect dishes:  All kinds, from 2 place settings up to 16 place settings.  I have so much I'm running out of room.  Good thing we have a large old house with plenty of space....  With all the different kinds of dinnerware that I have, I wanted something square-ish to mix things up a bit.10 Strawberry Street does a lot of white.  Their designs seem to fit in many places.  And they are quality pieces:  They don't chip easily; they don't have flaws in the finish; the undersides are finished nicely; they don't show knife cuts (under normal pressure); the shades of white they use are not too bright.  I trust this brand.So this set was almost a no-brainer for me.  We don't use the cups in this set, but we've been loving all the other pieces.  It is great for mixing up with some of my other round dinnerware.I've found 10 Strawberry Street to be a reliable brand, and I recommend it."", ""The quality is excellent with no flaws in any dish or cup."", ""I bought two of these dinnerware sets as a gift for my son and he says they are perfect. Arrived on time, too!""]",12.836583075113595,The available reviews do not provide enough information to answer this question.,True,169.28270901553333
G_196,REC_196,B004Q3PE30,Sports_and_Outdoors,medium,descriptive,hybrid,5,Are the brakes powerful enough when descending steep hills?,"Based on feedback from other reviews I replaced the brakes before I used the bike! I am very very happy with the bike overall - by upgrading the brakes, the chain tensioner, and new rim tape. This is a screaming bike,make sure you have a bike shop give it a tune-up before riding.",KB_02565,0,"[""KB_02567"", ""KB_02559"", ""KB_02569"", ""KB_02560"", ""KB_02576""]","[""I live in San Francisco, and given the hills we have, I couldn't rely on the factory brakes that came with the bike (mass times velocity gets into some big numbers on tandems!)."", ""Once the upgrades are made, it becomes a long distance cruising machine.After a short test ride, I immediately replaced the BRAKES that came with the bike and would recommend this to everyone. I live in San Francisco, and given the hills we have, I couldn't rely on the factory brakes that came with the bike (mass times velocity gets into some big numbers on tandems!). You'll need a Travel Agent brake pulley for both the front and rear brakes. I installed Avid Single Digit 7 V-brakes which are great value for the money."", ""Everything works great, shifts smoothly (after lots o' adjustment), brakes good-enough.Read the reviews for the lambo, just ignore comments about the brakes, shifters, flats, broken spokes (those things have been addressed in the giordano)With a few upgrades this would be a very solid bike."", ""Everything works great, shifts smoothly (after lots o' adjustment), brakes good-enough.Read the reviews for the lambo, just ignore comments about the brakes, shifters, flats, broken spokes (those things have been addressed in the giordano)With a few upgrades this would be a very solid bike. As-is, it is great for the beginning tandem crew, weekend cruisers, and couples who need to work on their \""communication\""."", ""truing wheels you MUST have this done by a qualified bike mechanic. The bike could be dangerous if not properly assembled and adjusted. Read on.* The stock brake pads SUCK big time. Or at least the did on the Lambo. Add to it that the wheels will probably need to be trued and the brakes adjusted before the bike is ridden. The bike is likely DANGEROUS out of the box until these details are tended to. When I first assembled mine and took it for a very cautions spin, I almost could not stop the bike, and I was solo and on the flat and level. With 2 people on a hill, this thing could be deadly. I took the advice of several others and changed out the break pads to Kool Stop MTB pad. After truing the wheels and properly adjusting the brakes, I can stop on a dime on a hill.* My stock rim tape was crappy. I was warned to remove the tires and tubes, clean any aluminum debris from the spoke holes and rims, and put on new high quality rim tape. I didn't and I blew a tube just inflating the tires the first time.""]",18.18466593977064,"The factory brakes that come with the bike are not reliable, especially when descending steep hills, and many reviewers have replaced them with upgraded brakes. The stock brake pads are also considered to be of poor quality and can be dangerous, particularly with two people on the bike. Upgrading the brakes is highly recommended for safe riding.",False,457.73441705387086
G_197,REC_197,B00873AO8A,Home_and_Kitchen,medium,descriptive,hybrid,5,Does it come with both unperforated and perforated insets?,Just a perforated.,KB_02598,0,"[""KB_02582"", ""KB_02599"", ""KB_02586"", ""KB_02596"", ""KB_02590""]","[""It was tender and delicious even without adding BBQ sauce. Tested it out boiling water and have also steamed beets. I was reluctant to go the pressure cooker route (I'm a slow foodie) but my family wanted the option of quick meals of beans and rice so there you go. I read the reviews in Cook's Illustrated and after comparing this to the lower priced option decided to go for the Fissler. Really glad I did. It arrived quickly and in great condition."", ""I own several Kuhn Rikon pressure cookers which I always thought were the best.  When I read the Cooks Illustrated review of PCs I was intrigued by the top-rated Fissler Vitaquick.  I bought the 6.4 qt. model and now I can see why it is top-rated.  This is one beautiful PC.  And mounting the lid correctly is SO simple.  And the full-size disc bottom is a step up from other PCs.  It heats up fast and it's easy to see the pressure rings.Easy to clean.  I love this cooker.  In fact, I just ordered the smaller 4.2Pressure Pan Set!  Cooking with pressure is a big part of my life and I use my PCs several times in an average week.  This one is a real keeper."", ""I'm so impressed with this cooker. It's really high quality workmanship and it works like a champ. My old jiggler-style pressure cooker blew the gasket once but the main thing is the noise was really unnerving. I didn't like to cook with it so we rarely used it. The Fissler 6 qt is gorgeous, sturdy, and does its job quickly and quietly. We just made the BBQ pulled pork recipe from the included cookbook and it's the best pulled pork we've ever had (and we lived in NC for years)."", ""We just made the BBQ pulled pork recipe from the included cookbook and it's the best pulled pork we've ever had (and we lived in NC for years)."", ""roast and garnishes with no problem.""]",12.679707957431674,The available reviews do not provide enough information to answer this question.,True,237.62945807538927
G_198,REC_198,B00FORK3R4,Cell_Phones_and_Accessories,medium,yesno,hybrid,5,can i use this for maxboost,[UNANSWERABLE],,1,"[""KB_02613"", ""KB_02612"", ""KB_02601"", ""KB_02600"", ""KB_02610""]","[""Buy the Maxboost version of this."", ""I needed a case in a hurry so I ordered the Maxboost and like it very much."", ""Buy the Maxboost version of this. It's the same cover but made with much better material. This one isn't very good. There are better options."", ""It didn't work very well. I needed a case in a hurry so I ordered the Maxboost and like it very much."", ""While the Maxboost case I tried with my S4 offered both portrait and horizontal viewing, it also seemed a bit flimsier and more prone to breaking than the i-Blason version.""]",11.753208003938198,"The product is not recommended for use with Maxboost, as reviewers suggest buying the Maxboost version instead, implying it is a better option. Reviewers who used the Maxboost version liked it very much. It is recommended to buy the Maxboost version for better material and quality.",False,448.9172080066055
G_199,REC_199,B004I4FRZW,Sports_and_Outdoors,medium,yesno,hybrid,5,"I have a oversized bag, will this cart work for larger bags?","Yes. I have a ""tour"" sized bag and there is no problem with it on this cart.",KB_02622,1,"[""KB_02630"", ""KB_02633"", ""KB_02620"", ""KB_02626"", ""KB_02638""]","[""my golf bag fits perfectly, its actually a little larger that I thought it would be."", ""Good, solid cart that handles large bags."", ""Hey all,Recently I decided to join my local golf club and become a member, one of the main reasons besides saving $ was to be able to walk the course; only members have that access. I got my push cart today, it was easy to put together, the design was excellent. the two rear wheels just pop into place, and the front wheel has a single pin with butterfly nut. my golf bag fits perfectly, its actually a little larger that I thought it would be. It rolls very well with my bag on there, the wheels are large, and while they are plastic, I anticipate no issues on the course with them."", ""but really, as long as this cart lasts at least a year, it will have paid for itself many times over. It also folds up rather nicely, and fits in a small space in my closet.Very happy with this purchase, glad I decided to try it.hope to see you on the links!Hit em long and straight."", ""I ordered this cart two weeks ago and received a product with the same SKU but a very different cart.""]",16.415499965660274,"This cart can handle larger bags, as multiple reviewers have mentioned that it fits their golf bags perfectly, even when they are a little larger than expected. The cart is described as being able to handle large bags. It is suitable for oversized bags.",False,339.4585420610383
G_200,REC_200,B006AVLS22,Tools_and_Home_Improvement,medium,yesno,hybrid,5,"will this one also remove heavy metals ( ie: arsenic,lead etc.) ?",[UNANSWERABLE],,0,"[""KB_02646"", ""KB_02644"", ""KB_02645"", ""KB_02639"", ""KB_02640""]","[""it also filters similarly to the non radiological filter but not to as fine a degree as the regular filter.i would recommend this to anyone to use your daily water bottle replacement."", ""It is also the only filter that I know of in the world with its complete cleaning water system."", ""However if this thing does exactly what it claims to do it's one of the best filters you can buy supposedly."", ""I really like this Bottle with a great filter system. I was so impressed I bought one for each member of my family. Hunting, fishing or camping and the zoo is the best. It is also the only filter that I know of in the world with its complete cleaning water system."", ""having a child going to college in Japan and with their ongoing nuclear power plant problems, one can never be too safe when the reports of not to worry, everything's under control and there is no risk to the public is pure bs this product gives me have a chance of sleeping at night knowing that at least the water is safer to drink than if drunk straight from the tap. it also filters similarly to the non radiological filter but not to as fine a degree as the regular filter.i would recommend this to anyone to use your daily water bottle replacement.""]",15.428332961164415,The available reviews do not provide enough information to answer this question.,True,242.59525001980364
