golden_id,record_id,asin,category,q_bucket,question_type,pipeline,k,question,gold_answer,evidence_doc_id,is_answerable,retrieved_doc_ids,retrieved_context,retrieval_ms
G_001,REC_001,B00E7LVBCE,Electronics,medium,descriptive,hybrid,3,My computer is DVI-I.  This monitor is DVI-D.  Is it compatible?,[UNANSWERABLE],,1,"[""KB_00001"", ""KB_00002"", ""KB_00003""]","[""Excellent. I wanted a monitor to connect to my laptop. I am enjoying with my new dell monitor good.It has both VGA and DVI options. Would have given 5 rating if the VGA cable was of good quality. Its of very poor quality."", ""I bought this to be used in my lab for my test servers. For less than a $100 I think I got a pretty good monitor. No - its not supper great for starring at all day - but its good enough to be used as a second monitor. Its attached to a DVI KVM."", ""This item arrived on time as promised. I unpacked the monitor, connected it to the computer, turned it on and it began to work correctly without any problems. I will buy another one if I need in the future.""]",22.34691707417369
G_002,REC_002,B008N7CCJY,Electronics,medium,descriptive,hybrid,3,Can I use this for my android tablet in the car,"Dear Ann I do not own a tablet,however the purpose of this transmitter is to broadcast a signal thru your car stereo from outside devices, when you carstereo does not have an 3.5mm cable port this is a substitute.So if you are planing to play music thru your tablet ( AND ) if your tablet has a ear phone jack then yes it should work",KB_00016,1,"[""KB_00012"", ""KB_00015"", ""KB_00014""]","[""I use this in my car all of the time when I'm waiting in my car for someone or when I am driving. I love it a lot I definitely recommend!"", ""I just got this for my wife's car so we could listen to music from our phones. We used to use a tape deck adapter but the tape deck in her car just stopped working, so I got this."", ""This transmitter works great . . I love it . I can now use my phone in the car . The only couple of problems is that of course there's a little bit of static depending where your at but over all a great product""]",17.905083019286394
G_003,REC_003,B008VGQ4VO,Electronics,long,descriptive,hybrid,3,"Can anyone provide the cord length? My CPU is under my desk, and most earbuds only provide about 4', which is too short.",[UNANSWERABLE],,1,"[""KB_00023"", ""KB_00027"", ""KB_00028""]","[""Comfortable earbuds but there's already a short the sound and I'd say I've had these about a month. Not too happy about that."", ""I recently bought these here and in my opinion....the new flat cord was a terrible idea....I had a pair before these with the round cord and they were great until they developed a short of course....unless you only listen motionless these new one's are worthless....the cord noise is so bad it's ridicules...why they would want to lose good customers like myself is a mystery to me...but they have...."", ""There is also a lot of cord noise. I sit at my desk and listen to pandora, and have to take the headphones out because the cord noise becomes very distracting - the slightest shift is incredibly loud.3. The tip. The eartips were very soft in the original S4 and could be removed easily for cleaning. These tips are made of much stiffer plastic that is unpleasant to use for long periods.""]",19.121624995023012
G_004,REC_004,B00C53831I,Electronics,medium,descriptive,hybrid,3,Will These Work In My Dell Optiplex GX 620sff?,"Yes, they should work on your Dell Optiplex 620. I have a desktop of that vintage and these modules worked on mine. Here's a suggestion: Go to Crucial.com and take advantage of their memory scanner-----this will verify the kind of memory modules your computer needs-----this doesn't commit you to buying theirs.",KB_00033,1,"[""KB_00033"", ""KB_00031"", ""KB_00034""]","[""One needs to be careful in buying memory modules without the advice of the makers of these modules. If you know the exact nomenclature of the description (by a little research) of the modules you need, then it is safe to purchase same. These modules were just what I needed to expand the memory on my Dell desktop computer. Easy to install and ran my memory stress tests with no errors. A good buy at a bargain price."", ""The memory was a perfect fit for my Dell desktop computers and I had no problem with installing the memory myself. I received my purchase ahead of time and you can not beat the price."", ""Ordered this a few days ago in order to replace some failing ram sticks, and to my surprise, the packaged arrived early! When I opened it, I thought to myself &#34;this is it, these will last me for a lifetime&#34;, and to my dismay, the ram sticks did NOT match at all! But the worst and most stressing part about this is that the new sticks did not work!""]",16.904792049899697
G_005,REC_005,B006YVFGAS,Electronics,medium,descriptive,hybrid,3,Would I need to still buy a converter box for this antenna?,"Depends on your display monitor or TV. It needs to have a tuner built in to the display to go without a converter box. If it's an old heavy box CRT TV you will probably need a converter box. If it's a newer LCD TV than you probably don't. In a nutshell, your monitor or TV needs to be able to receive ATSC signals.",KB_00041,1,"[""KB_00041"", ""KB_00042"", ""KB_00049""]","[""I was a little worried that this antenna would be a waste of money, but I was wrong. After years of pixelation and moving my old rabbit ears around to try to get stations, I wanted to try something better. I have this going in to a digital converter box as I still have a tube TV. After messing around with the placement, I get more channels than before and I no longer have to worry about if where I sit in the room will affect my reception. Very good antenna!"", ""power, and with a new converter box scan I was able to somewhat pick up WTMV and its 2 sub-channels, 29-1, 29-2, and 29-3. It was VERY scrambled, and then I tried messing around with the placement of the antenna, and subsequent converter box scans couldn't pick that station up anymore."", ""Sometimes the cables not working too great so I switch to this Antenna and get all the channels I need, never miss a show""]",16.13950007595122
G_006,REC_006,B00CGW74YU,Electronics,long,descriptive,hybrid,3,It appears to be an elastic band around the middle part of the lens. OUESTION: will this band interfere with the lens when  auto focusing?,[UNANSWERABLE],,1,"[""KB_00053"", ""KB_00060"", ""KB_00054""]","[""I love this product. The band fits great around the lens. No more worrying where to put the lens cap!"", ""I just received the lens caps earlier this week and put them to good use immediately. These lens caps fit my lenses very well, as they will on any 58 mm lens. While I am not going to use the elastic band, I believe I will try to use the cords that come without the elastic. This seems a better fit for my needs.I will definitely recommend this product to a friend . . . but not an enemy."", ""Many similar elastic band retainers have bee criticized for falling off various lens caps and that may be the result of insufficient pressure when installing them.""]",16.633916064165533
G_007,REC_007,B004HW6F9M,Electronics,medium,descriptive,hybrid,3,Do you need an amp for it?,Yes you do need an amp for it. I suggest pairing it with a pioneer digital amp. I have 2 of these In my TDI golf 2013 and they save so much space but have higher decibel readings then some of the extensive setups my friends have installed so far.,KB_00061,1,"[""KB_00061"", ""KB_00064"", ""KB_00062""]","[""i read all the reviews before i bought this and didnt see many bad ones. but i had to hear for myself. all i can say is holy crap. this thing is so small and sounds so huge. i have it in a 07 saturn vue running it with a pyramid 1000watt artic amp. if you need space and huuuuge sound buy this. buy it now!!!!!!!! !"", ""It sounds great, I have it running through an ancient RF punch amp and it hits HARD. Granted its an older RF amp and they are SERIOUSLY underrated. Its a sealed enclosure, so it\""s a quick,  solid hard hitting bass, rather than a really deep ultra low tone bass. It does need to break in and i feel that it will only get better after break in."", ""I ordered this not really expecting this much sound out of such a small box. I had an old Hifonics 50 x 50 amp that connected in bridge mode. This thing is awesome! Much more bass than I need. You will not hear it unless you are sitting in the truck and then it rocks. Vibrates the rear view mirror and the seats.""]",20.588374929502606
G_008,REC_008,B00CAN8ETE,Electronics,medium,descriptive,hybrid,3,Has any one tried this with any car stereo 30-pin adapters?,It works with most 30 pin adapters. There are a get radios however that will not use the same protocol and do not work with the NAXA,KB_00072,1,"[""KB_00076"", ""KB_00073"", ""KB_00074""]","[""This thing never connected to any of my docks or with my car's 30pin cable. I sent it back and ordered the ViseeO Tune2Air WMA1000 which is more expensive, but works perfectly with every device I have and connects instantly in my car for A2DP Stereo Bluetooth music. Do yourself a favor and spend the extra money to get the ViseeO."", ""I tried this product with two different Sony bookshelf stereo systems and four different smart phones. It powered up and paired with each phone (iPhone 5, HTC One, and Samsung Galaxy), but it would not play any music through either stereo's speakers. I verified each docking station by directly connecting and playing music with an iPod. I returned the bluetooth adapter for a refund."", ""If I could, give this negative stars, I would. Not only did it not work (it just got super hot), when I plugged my iPod back in there was now a thumping noise, and it would no longer charge the iPod. I have one of those USA Spec adapters that hooks into my stereo. So while I was able to return the NAXA, I'm out $100 for the iPod adapter that I now have to replace. Super pissed about this thing.""]",16.230709035880864
G_009,REC_009,B0013V3CQY,Electronics,long,descriptive,hybrid,3,Can this be connected to a laptop anyway to record if so what do I need if not what will I need to get,"Yes, mine is hooked up to a lap top via an EasyCAP DC60 - USB 2.0 Audio/video Creator Capture High-quality Analog Video and I use a software video capture program to record to the hard drive, however its tedious and I reccomend getting aZmodo PKD-DK4216-500GB H.264 Internet & 3G Phone Accessible 4-Channel DVR with 4 Night Vision Cameras and 500 GB HD for about 100 bucks more for easy recording of surveillance video.",KB_00086,1,"[""KB_00082"", ""KB_00084"", ""KB_00085""]","[""The LCD even has an option to scroll back and forth between the two.Cons:1) To record you do need to hook it up to a recording device. Sadly it does not record on its own which does limit it's helpfulness a bit.2) Sometimes when viewed on a larger TV, the screen can be a bit snowy. However it has never gotten nearly bad enough for me that I couldn't see what was going on outside.3)The camera does need to be sheltered when used outside."", ""This is the second monitor and camera that I have purchased and if another one is needed I will not hesitate to order the same one again. It is just what we need for our vewing. Easy to use."", ""I love this little security camera. I bought it back in 2011 for $50 off Amazon.com from a seller. I mainly bought this to catch my sister&#8217;s ex boyfriend that stalks her constantly. I have yet to catch him, but I have caught many other crazy things outside with this camera. I attached it to my DVD recorder, so I can record for up to several hours non stop and catch anything I might miss.""]",17.848875024355948
G_010,REC_010,B004JKBVBY,Electronics,long,descriptive,hybrid,3,Polaroid GL10 PC Driver Does anyone know if Polaroid has issued a printer driver for PC (Win 7) to allow printing on the GL10?I have emailed the Polaroid Customer Contact with no reply.The product instructions say to contact poloriod.com for the software.  I can't find it on that site.Thanks.,"You have to go to, http://www.polaroid.com/en/greylabel and drag the large gray slider bar at the bottom of the page about half way to the right. There you will find links to the Android App, Mac, 32bit and 64bit Windows versions.",KB_00091,1,"[""KB_00094"", ""KB_00091"", ""KB_00096""]","[""I recently purchased the Portable GL10 Zink Printer from Amazon.com. I purchased the product in the view that it was a great idea and an extremely useful way of bringing back the old polaroid photograph style.However, whenever I downloaded the software from the Polaroid website which accompanies the printer, and decided to choose one of the overlaying filters for the photograph, my printer is no longer able to print the normal white border or any other filter."", ""Before noticing the button, I had sent and resent the file multiple times thinking it wasn't working.It took two weeks to find the mythical software on the Polaroid site that allows you to print from your computer. You have to go to polaroid dot com /en/greylabel  That's where you find the software for your PC and android smartphones. If you don't have a cable to print from the computer, one is not supplied. It's a standard cable so I probably have one somewhere."", ""The first printer I got was DOA. Would not power up or connect no matter what I did. No help files, FAQ, drivers, anything really on Polaroid's page. So, I used Amazon's great return policy and just ordered a new one. 2nd one worked fine. But the instructions say \""get the GL10 application\"". OK, where? I had to do some searching to find how to get to the link. Just bad support/design, in my opinion.""]",23.440166958607733
G_011,REC_011,B00CVK49LI,Electronics,medium,descriptive,hybrid,3,How can I order this case in Italy? Help me please.,[UNANSWERABLE],,0,"[""KB_00101"", ""KB_00106"", ""KB_00105""]","[""Great product! The color and contrast of the case looks really nice and it fits on the laptop well. The case snaps onto the laptop sides, the bottom one seems to be more sturdier though. Would definitely buy another one if I ever needed it (or maybe a different color). Very happy with the product."", ""inexpensive plastic cover works fine. Make break or become brittle in the future but great for the price. Very happy with this"", ""I just got this today and immediately put it on my laptop. It was very easy- only took about twenty seconds to put it on and it looks great- even better than it looked in the online pictures. After going back and forth trying to decide between the color choices, I went with the aqua and it is very pretty, so I'm happy. The one nagging concern is that I'm wondering how to clean this thing.""]",15.538375009782612
G_012,REC_012,B0045ZZKOM,Electronics,medium,descriptive,hybrid,3,Will this work with a D3200??,[UNANSWERABLE],,0,"[""KB_00115"", ""KB_00109"", ""KB_00116""]","[""Makes my pictures looks great. I have D7000 and fits perfectly and plus the kits great... so you dont need to buy anything else cuz it's included. Easy to use too, i'm a newbie in this ... quite easy to figure it out, if not.. it's always google it to find the answer."", ""This flash works perfectly. It has very good light power and can reach out for those long shots. It also is easy on the batteries permitting a lot of work before recharging."", ""Just used this today. Perfect results. Good power, though not Nikon's most powerful. It will be fine for most situations.""]",16.878125024959445
G_013,REC_013,B007KMFXZ8,Electronics,medium,descriptive,hybrid,3,how to add a new genre,[UNANSWERABLE],,0,"[""KB_00122"", ""KB_00123"", ""KB_00121""]","[""No resume, which means if you stop in the middle of a recording and then go back to watch you have to find where you left off. Like taking a bookmark feature out of a book, ridiculous. But typically, new improved isn't always improved. And we lose the ability to rename a recording. That made no sense."", ""I don't know how many times I have seen a commercial, or saw a recap, for a favorite show and rushed home to watch it before it got \""spoiled\"" by the media only to find it did not record and when I look up the timer schedule it tells me there are no instances of the show to find and record, new or reruns."", ""The guide data was instantly available in my guide. What would make a great box even better would be some minor tweaks I am sure that are software driven. Please allow more folders and sub folders. Add some of the more mainstream apps like Netflix, Amazon Prime and many of the other great apps found on a Roku box. Web surfing would be cool but might simply be a novelty, if you add the YouTube app and some others you would probably cover the bulk of what people are surfing.""]",17.431833897717297
G_014,REC_014,B00009R95W,Electronics,long,descriptive,hybrid,3,Difference between Hoya 58CIR or Hoya HMC ? Trying to decide between the regular Hoya Circular Polaraizing Filter or the HMC. Does the more expensive HMC give that much better results to justify the price?,"Yes it does.  I would never consider using a non-multi-coated filter on a digital camera.  The reason is simple.  The sensor has a flat glass protecting it (called a low-pass filter - LPF).  Some light will bounce off the LPF and head out the lens.  Since lens elements are multi-coated and curved, very little light will reflect back to the sensor.  But since the front filter IS flat, you can get a lot of light bouncing back.  If you use a non-coated, or single-coated filter, you get a lot of light reflected back into the sensor.  This shows up as a loss of contrast (veiling flair) or as ghosts and hot spots.  Multi-coated filters are designed to reduce this effect, but cannot eliminate it.  This is a real problem when you shoot into a light source.When shooing into a light, ANY filter will degrade the image.  Multi-coated filters are much better, though.",KB_00132,0,"[""KB_00129"", ""KB_00130"", ""KB_00131""]","[""This is a very good circular polarizer it not the newest one that the Hoya NTX But it still very good for the price can not beat it."", ""I have used both a cheap no-name circ-polarizer but it is was not even worth the shipping price. The threads on the knock off were rough and the adjustment ring difficult to turn. The Hoya is of a much higher quality. It adjusts with ease and threads onto your lens very smoothly. The filter is clean with zero imperfections. Highly recommended.The only improvement I would like to see is a mark on the adjustment filter for reference."", ""Excellent circular polarizer filter by Hoya. I'm using this for anOlympus PEN E-P1 12.3 MP Micro Four Thirds Interchangeable Lens Digital Camera with 14-42mm f/3.5-5.6 Zuiko Digital Zoom Lens (Silver Body/Black Lens)camera. The filter does what it is supposed to, cut back reflections, improve tonality of blue-green and give an extra punch to outdoor photographs.""]",18.48454202990979
G_015,REC_015,B008A4H67I,Electronics,long,descriptive,hybrid,3,"Is this compatible with the new dell inspiron 11 3000 series, the 2-in-1?",[UNANSWERABLE],,0,"[""KB_00137"", ""KB_00136"", ""KB_00134""]","[""So, the instructions are BACKWARDS. Like, part of the instructions say to twist something clockwise. Ergo, you should twist it COUNTER-CLOCKWISE!Other than that, I like this product. The color is cute (and matches my laptop) and the lock seems to work well."", ""This is sturdy, easy to use and a pretty color. You will need a tiny Philip's screwdriver to set your combination but after that it is really a good accessory to have if you use your laptop in public. No one wants to have to pack everything up and lose that prime spot in Starbuck's with the wide table and outlet just to go to the bathroom. It's a great deal."", ""works great and very easy to use. I much prefer this type rather than the ones with keys. I highly recommend.""]",15.252582961693406
G_016,REC_016,B004R7A9NU,Electronics,medium,yesno,hybrid,3,does it work for ipad 4,Yes it does indeed! I have the ipad 4 and its fits it perfectly,KB_00148,1,"[""KB_00140"", ""KB_00147"", ""KB_00148""]","[""The sleep / awake funtion on this case does not work for the new iPad. So, 1 star for using this with the iPad 3 but 4 stars for using it with the iPad 2 (sleep awake works for the older model). Unfortunately, I bought it for the iPad 3!! I was hesitant to purchase a case before the iPad 3 was released for just this reason, but I bought from this seller because they specifically said it would work with the new iPad. Bummer."", ""This is a nice looking Ipad 4 case. I love it. It does its job protecting the cover. Highly recommended."", ""I have an iPad 4 and this case fits perfect. Nice looking at a reasonable price. Very happy with this case.""]",11.651124921627343
G_017,REC_017,B002PWHOYG,Electronics,medium,yesno,hybrid,3,will it position for a vertical shot?,Absolutely. The ball flips the camera on its side.,KB_00149,1,"[""KB_00149"", ""KB_00152"", ""KB_00154""]","[""It took me a little while to get a good operating process down when using the head but I am now able to use it with ease. The head does a good job of holding my Canon 40D in place when in the vertical position. I have a Manfrotto tripod that has a center column that can be place in a horizontal position and have have put my camera in this configuration looking down on an object I was photographing."", ""This is a really nice head. It has multiple adjustments and each one can be tighten individually giving you the ability to position the camera just about any way you want. If you are going to pan from side to side you will have no problems, but if you plan to pan up and down the ability will be somewhat limited. My guess is that you can go up to about 10 o'clock very easily but 10 to 12 will be a bit more of a challenge."", ""A spring flew out from underneath the broken plastic cap. I still have the parts. Also added a pic in the customer images.The tension knob still holds a camera in place but I wouldn't walk away from it. It bounces all over the place before settling into place when framing a shot.I got 2 years of acceptable use out of it. Maybe more if I had stuck to lenses under a pound...?""]",11.326625011861324
G_018,REC_018,B003L75CUC,Electronics,medium,yesno,hybrid,3,I've got a nikond90 qith a 18-200 lens (72mm) will it fit?,"Yes, it'll fit.",KB_00167,0,"[""KB_00165"", ""KB_00166"", ""KB_00159""]","[""Overall I like this bag it serves its purpose however you have to be conscious of where the lense is pointing. If you do not pay attention you will end up with a black shadow/ring around your pictures from taking a picture of the bag."", ""I was expecting something a little more fitted since it mentions my camera model in the title of the product. It's HUGE and very hard to adjust outside of the water, let alone inside. I tried a couple photos outside the water and there was a lot of distortion as well as issues with the casing in the edges of the photos. I never return anything, but I will be returning this."", ""Went to pool to take some pictures.Water got in from two spots same time. Lens lid and bottom, I saved my lens but the water which got in from bottom went in to battery and screwed it up. Both sponges they put in the bottom got sock and let water further in. Thanks guys""]",18.396834027953446
G_019,REC_019,B000GPHQWO,Electronics,medium,descriptive,hybrid,3,Does this lens fit on a Canon EOS Rebel T3i?,"I am positive that it will fit on Canon EOS Rebel T3i. This camera uses Canon EF Lenses. And this Sigma lens was designed with the same mount as the Canon's EF mounts. Just make sure you buy the one for Canon, and you should be fine.",KB_00170,1,"[""KB_00185"", ""KB_00184"", ""KB_00180""]","[""I used the lens on a Canon 7D."", ""I've been using the Sigma 105mm and 50mm macro primes on my Canon full frame bodies so I decided to pick this lens up for my Nikon D300 to give me a 105mm equiv lens for that system.In a nutshell, this lens is fantastic."", ""I STRONGLY recommend picking up a Tripod with this one, it's a little heavy on my Canon EOS 450D, and I find myself losing out on some real high quality shots cause of those shaky hands!""]",12.488208012655377
G_020,REC_020,B002TV5M5G,Electronics,long,descriptive,hybrid,3,I have an Edge 15 330M ..Is this the correct battery and is it made by Lenovo?,[UNANSWERABLE],,1,"[""KB_00202"", ""KB_00193"", ""KB_00194""]","[""After a week of using this battery, the bios of my Lenovo, before loading Windows, started saying that I wasn't using a genuine Lenovo battery and that Lenovo cannot guarantee the performance of the battery."", ""After a week of using this battery, the bios of my Lenovo, before loading Windows, started saying that I wasn't using a genuine Lenovo battery and that Lenovo cannot guarantee the performance of the battery. Sure does look genuine."", ""My Lenovo accepted it without any problems, and the battery life is good. But I replaced it with the old dead battery because I realized my laptop is less portable than I thought, and because I like having it always on (just lift the lid), instead of going to sleep.""]",19.692208035849035
G_021,REC_021,B003YLZ8J0,Electronics,medium,descriptive,hybrid,3,Are there actually five programmable buttons? How are they programmed?,Yes they're are 5 programmable buttons but I only programmed in for video games.,KB_00219,1,"[""KB_00220"", ""KB_00210"", ""KB_00224""]","[""The programmable buttons are backwards."", ""I needed the buttons programmable so I could create specific custom repetitive tasks, and after installing the software, I only found that I could change the buttons to do pre programmed things already within the software."", ""The buttons are crisp and responsive.""]",13.737291097640991
G_022,REC_022,B0083V5SZK,Electronics,long,descriptive,hybrid,3,"What are the 3 chargers i see 30 pin, is that usb mini? Whats the other?","It includes a 30-pin Apple connector, a Micro-USB and a Mini-USB.",KB_00229,0,"[""KB_00230"", ""KB_00229"", ""KB_00238""]","[""I have purchased about 5 of these over the past year, and love them. Very versatile for those who travel--particularly overseas. I live in the UK and constantly travel to other parts of Eurasia where the electrical systems are different. Works great for my Blackberry device, as well as apple devices in our family."", ""This little thing is brilliant. I can carry around one compact little charger and charge both my android phone or my iPad when I'm out somewhere. I don't have an iPhone, so I can't help out others who might need to charge their new phones, but that's the only thing it's lacking. I'm so glad I found this."", ""I can carry around one compact little charger and charge both my android phone or my iPad when I'm out somewhere.""]",18.0749170249328
G_023,REC_023,B000NIQMG0,Electronics,medium,descriptive,hybrid,3,What voltage?  Can the head operate on batteries?,"The external power supply is AC --> DC   12V@200mASo, yes, you could take a small 12vdc battery that has an out of about 200mA and power this unit.  If you did use a 12vdc battery you could charge/recharge the battery with a small solar panel that you could purchase for about $20.For Reference: http://www.emtcompany.com/x10-xm14a-ac-power-supply-charger-adapter/101334292.html",KB_00242,0,"[""KB_00248"", ""KB_00245"", ""KB_00257""]","[""I can operate remotely from about 60 ft. away."", ""I mounted my own wired video security camera (not an X10 camera) with Heavy Duty Velcro on top of this and watch the birds around my feeder along with other animals... It has 5 points to go to automatically. Center and 4 programed positions, then you can slowly move to any other location with the 4 up, down, left, right keys. The Tilt is controlled by a hand held 'RF' remote device. My camera is outdoors, outback and I control it from the front room about 50 feet away."", ""I mounted my own wired video security camera (not an X10 camera) with Heavy Duty Velcro on top of this and watch the birds around my feeder along with other animals... It has 5 points to go to automatically. Center and 4 programed positions, then you can slowly move to any other location with the 4 up, down, left, right keys. The Tilt is controlled by a hand held 'RF' remote device.  My camera is outdoors, outback and I control it from the front room about 50 feet away. The movement is very smooth, slow and quiet (the birds don't even hear it panning). I'll paint it 'camo' or cover it with 'camo tape' later...""]",14.037084067240357
G_024,REC_024,B0081XI2Y4,Electronics,short,yesno,hybrid,3,does this play audio?,"A VGA port carries video only, not audio+video like an HDMI cable does. You'll need to run audio through a separate cable (usually through a 3.5mm headphone jack) no matter what adapter you use.",KB_00260,1,"[""KB_00270"", ""KB_00268"", ""KB_00261""]","[""It charges with my phone's charger and it streams audio."", ""This adapter is simple plug and play."", ""This is a great little headset that combines all the features I want and need. It is small, light, loud and comfortable. It charges with my phone's charger and it streams audio. I really love this headset because of its superior noise-cancellation feature and its long battery life.""]",12.596582993865013
G_025,REC_025,B006VB6UNI,Electronics,long,descriptive,hybrid,3,if I have no pc how do I charge it.. simple answers please,"You dont need a PC, the Nook have an adapter to connect it to AC power.",KB_00282,1,"[""KB_00287"", ""KB_00289"", ""KB_00279""]","[""I love my Nook Simple Touch."", ""I'd like to get a Nook HD also to watch movies and use as a tablet, but my Nook Simple Touch is perfect for reading."", ""I own a full-sized IPad that's great indoors, but I'm glad I chose a Simple Touch as my on- the-go reader. No worries taking it outdoors, camping, beach or pool. Better yet, I don't have to go to the library or purchase any books...just check them out from our county library via wifi at home! Can't do that on the &#34;other&#34; brands. Liked it so much, we now own four for each member of the family!""]",13.84383300319314
G_026,REC_026,B00FGYC9LI,Electronics,short,descriptive,hybrid,3,Is there a laptop warranty?,[UNANSWERABLE],,1,"[""KB_00307"", ""KB_00298"", ""KB_00303""]","[""It does NOT look like warranty can be voided by opening the bottom."", ""ALL FOR $900 LESS than the Air, and $1700 LESS than the MacBook Pro.That's why I say it is the best bargain going in a full feature, desktop replacement laptop."", ""If you can handle just using the touchscreen or not being picky then get this computer! Someone else mentioned the keys. They are a little funny to type on, but it's something you'll get use to.I really wanted to love this laptop. The reviews are dead on about how wonderful this laptop is (minus the trackpad). I went with a Lenovo Yoga and I'm really happy now.Lenovo 13 3 Inch Convertible Touchscreen Ultrabook""]",15.527124982327223
G_027,REC_027,B002KGXB0I,Electronics,medium,descriptive,hybrid,3,Can you plug headphones into it?,Nope  but if you have an ipod/iPhone you can just plugg headphones into that.,KB_00322,1,"[""KB_00330"", ""KB_00319"", ""KB_00333""]","[""She loves being able to plug her ipod into it."", ""This was purchased as a Christmas gift. The individual who received it loved it and is using it daily. She loves being able to plug her ipod into it."", ""I bought them for a Mexican school use and they want to connect headphones but could not do that.""]",11.196041014045477
G_028,REC_028,B00G2BX616,Electronics,long,descriptive,hybrid,3,I heard that there is a problem and this device doesn't work with iOS 8.3?,[UNANSWERABLE],,0,"[""KB_00339"", ""KB_00340"", ""KB_00341""]","[""I am a GPS junky, so was intrigued by this device. The one I received seemed to have problems initializing. I contacted customer support. They were very helpful in trouble shooting the problem, which turned out to be me! But they were concerned enough to want to exchange mine with a replacement so they could double check the first unit. I consider that exceptional customer service, especially in light of finding out I was the problem!"", ""Really great when it worked. I'm a realtor and I bought this to show farms. It worked for about 3 days. Now it won't stay connected to my mini ipad. If you continue to adjust it will connect but it won't stay connected. With the cost of the mini ipad I have about $400 in it.I sent an email to the manufacturer but so far have not heard from them.Was contacted by John at customer support. The company replaced the item and the new unit works as advertised."", ""Questionable accuracy, plastic case, this is hardly a pro-pilot solution. Any older gps phone gets same results as this.I used it with ForeFlight on a mini IPAD. There are dropouts and its reliability is questionable. The only good thing is that it worked right out of the box with ForeFlight, This should sell at $25 a piece.Update:After playing with it longer , I decided to give it 3 stars instead of 2. It works with Foreaflight but it doesn't come close to any cockpit installed Garmin.""]",15.97299997229129
G_029,REC_029,B00HQXUFYA,Electronics,medium,descriptive,hybrid,3,does the HD run Thunderbolt 1 or Thunderbolt 2 ??  Thanks,[UNANSWERABLE],,0,"[""KB_00376"", ""KB_00379"", ""KB_00374""]","[""Here are my initial observations:Pro: the Thunderbolt is really fast."", ""This is my first G-Drive with Thunderbolt, after owning four other G-Drives without incident over the past few years."", ""I use the Thunderbolt connection primarily with a maxed out 2014 iMac.""]",13.172499951906502
G_030,REC_030,B008O7MEAU,Electronics,medium,yesno,hybrid,3,will this enclosure fit in a 13' chevy impala,[UNANSWERABLE],,1,"[""KB_00383"", ""KB_00392"", ""KB_00393""]","[""This enclosure does everything I expected it to, it's well constructed, looks great, and is very affordable. Every other enclosure I looked at in retail stores were upwards of $100, and that was without carpeting. All around, I'm a happy camper."", ""This enclosure does everything I expected it to, it's well constructed, looks great, and is very affordable."", ""I was actually surprised when I hooked up my two Boss Audio P12DVC subwoofers in this enclosure.""]",14.119582949206233
G_031,REC_031,B007260OOC,Toys_and_Games,medium,descriptive,hybrid,3,How might I go about hanging them from my ceiling?,[UNANSWERABLE],,1,"[""KB_00398"", ""KB_00400"", ""KB_00401""]","[""These will not open to look round, have them hanging and still won't open all the way. Not what I expected."", ""These arrived on time and are perfectly light to hang from the ceiling. They added just the right bling to my granddaughter's room."", ""My 11 year old daughter loves these lanterns hanging over her bean bag reading corner with lights strung through them.""]",11.69912505429238
G_032,REC_032,B00BSWSFEC,Toys_and_Games,long,descriptive,hybrid,3,Does the hair on this minion really lay down (like in the picture) or does it kind of stick up a bit?,[UNANSWERABLE],,1,"[""KB_00414"", ""KB_00410"", ""KB_00412""]","[""It's in really good shape, size is great (10 inches), the minion's goggles are rubber and it has like popping eyes, price is good for the qualty you get, really adorable. If you like the movie, you'll love this item."", ""This is a really nice plush minion. The goggles are hard plastic, not fabric like I have seen on other minions."", ""I like it but it doesn't look anything like the photo that I bought it under. It will make a great gift though, just wish the photo was a bit more accurate.""]",18.99595803115517
G_033,REC_033,B00ARQW1C2,Toys_and_Games,short,descriptive,hybrid,3,What is frustration-free packaging,"Agree with previous post.. I think the ""frustration free"" part means 2 things, first of all that it is very easy to wrap. It comes in a plain old cardboard box. Some toys are all kinds of weird shapes and hard to gift wrap. These packages make wrapping simple. The child won't know what the toy is even after unwrapping it. Also the fact that the toy is just simply put in a bag and it comes right out when you open the box. No annoying zip ties, screws, duct tape, twisty-ties or any of the other frustrating things that has your child waiting anxiously in anticipation to play with their toy for 20 minutes while an extremely frustrated Mommy and/or Daddy scramble to find a screwdriver, power scissors, saw or whatever else it takes to get the toy out! The frustration free packaging is so much easier for the gifter and the giftee.",KB_00427,1,"[""KB_00418"", ""KB_00424"", ""KB_00421""]","[""In addition, although the battery pack is difficult to get to, this Elmo comes in frustration-free packing (thank you Playskool)!"", ""They really should make it obvious that they are not sending it in the packaging. If you go on now they have that option but when I purchased this item I DEFINITELY purchased the standard packaging. They sent it without the packaging anyway."", ""Came in a timely manner. Just a heads up - It did NOT come in the store-type packaging, just a box. It works great and makes my son happy.""]",13.003624975681305
G_034,REC_034,B0001YH03U,Toys_and_Games,long,descriptive,hybrid,3,"what is the width and length of the bed? I would like to make a blanket and more but cannot find any measurements for a bed for an 18"" doll.","so sorry, but the doll bed is with my grand daughter.  I did, however, make blankets and pillows.  Bed is about 11 inches wide and 22 inches long... so an overhang and fold over top would be a blanket aprox. 18X 26",KB_00432,1,"[""KB_00434"", ""KB_00435"", ""KB_00431""]","[""Right now my daughter is using a pillowcase as a blanket until we get a little blanket to fit. The pillowcase is the perfect size, by the way. The bed seems very sturdy and looks like it will last a long time. Highly recommended!"", ""My daughter received this doll bed for her 7th birthday for her American girl doll. We are both very happy with it. It fits the doll perfectly both on the top and bottom bunk. I found it very easy to put together and all the pieces were in great condition. I did find that one of the holes for one of the screws wasn't quite deep enough, but that was easy enough too fix by poking a pointed screw inside to get the provided flat screw started. Then it worked fine."", ""My 8 yr. old really wanted to buy a bunk bed for her American Girl dolls with her own money. This bed was great for her budget. We were worried that it would be difficult to fit the doll in the bottom bunk but it was very easy. They fit just great. It's like an \""Ikea version\"" of an American Girl Doll Bed. The only bummer is that the ladder isn't attached. It just lays against the bed. But she is so happy with this product.""]",21.664333064109087
G_035,REC_035,B000GQ0JZO,Toys_and_Games,medium,descriptive,hybrid,3,what size is this case ?,The case is 14 inches by 8 inches.  It is almost 3 inches deep,KB_00442,1,"[""KB_00439"", ""KB_00440"", ""KB_00438""]","[""The actual size is smaller than what you would guess from the picture (and smaller than other sets that I saw before). But overall, it is ok."", ""I was extremely happy with this backgammon set for the money. A nice little case that is just perfect."", ""Was wonderful but I exchanged it for a bigger one. I wasn't paying attention to the size. Promo return and refund.""]",12.610416044481099
G_036,REC_036,B00172R9O0,Toys_and_Games,long,descriptive,hybrid,3,Need to know how to solve this.  I bought one at a garage sale without instructions.,you just move the ball around until it gets underneath the latch. then push the tab and it should open.,KB_00453,1,"[""KB_00449"", ""KB_00452"", ""KB_00456""]","[""Can't figure out how to solve. Maybe I need a better set of eyes. I think a solution sheet should be provided!"", ""Bought 3 of these for Christmas presents.Fun watching them try to solve the puzzle to get the &#34;prize&#34;. (I used cash instead of a gift card)Nice quality."", ""Every Christmas I give money maze boxes to my grandsons. This one was fun for one to open. I had also put the directions to solving the puzzle inside with the cash positioned where he couldn't see how to solve it. After about thirt minutes he blew hard in the hole to try to move the directions and the drawer popped open. All and all, it was a fun money maze.""]",20.3010420082137
G_037,REC_037,B0084XZE7E,Toys_and_Games,medium,descriptive,hybrid,3,Is this a good gift for a 6 year old?,"Yes, it is perfect for a 6 year old. It is able to be peeled off if they stick it somewhere they are not suppose to do it on. I intend to buy several for all the young girls on my Christmas list and maybe 1 or 2 extra for Toys for Tots also.We also use it to decorate our postcards we send out for Postcossings. We have had lots of people ask us who sells it, especially people in other countries, it seems she haven't seen a lot of it.WE LOVE THIS ITEM!1!",KB_00458,1,"[""KB_00460"", ""KB_00459"", ""KB_00465""]","[""My 5 year old uses this tape on EVERYTHING and loves it! It's a great gift idea for any craft lover!"", ""I bought it for a nine year old girl and she loved it! She started making things right away! It was a good choice but a little pricey!"", ""Got as a christmas gift for a little 6 yr girl and ended up being jealous and wanting one myself at 26 lol. Perfect for scrapbooking and paper crafts. I personally use them when I ship things in recycled packaging, cute tapes to seal the boxes and envelopes that have been torn open, gives them personality. A+++""]",12.321082991547883
G_038,REC_038,B00004YRPC,Toys_and_Games,medium,descriptive,hybrid,3,what kind of air can it get bruh?,"Well, ""bruh"" if you are 8, it gets sick air! I'm sure the stronger one is, the higher you can go. No, there wouldn't be back flips happening...and it does feel a bit tight right out of the box.",KB_00473,1,"[""KB_00468"", ""KB_00469"", ""KB_00471""]","[""It is well made but is too stiff for a seven year old to use. She can't get any bounce out of it. I haven't been able to find an adjustment of any kind yet."", ""I am 85 pounds and it works great (in fact the pedals go down to the tip when i jump!P.S. You can't get over 1foot of air (unlike flybar)"", ""Whether you are looking to start a life-long hobby of Pogo-Sticking, a new way to exercise, or just want something to do, this is the Pogo-Stick for you. It's an easy option to start with. The weight rating is 80-160 pounds and if you know what you are doing you can get about a 2 feet of air. The product also includes a link for the companies website to get replacement parts. This is a great buy for a beginning Pogo-Sticker.""]",11.437665903940797
G_039,REC_039,B00GZ1GUSY,Toys_and_Games,medium,descriptive,hybrid,3,It is Singal Player or Two Players,Single player with an online multiplayer component.,KB_00478,1,"[""KB_00486"", ""KB_00481"", ""KB_00479""]","[""I like the games that have a Great campaign rather than Multi player. Tomb Raider Definitive Edition may be one of the Best Single player games EVER! The graphics, game play, story line and upgrade system are Incredible. As the game progresses you wonder, how could it get any better...and it does! This game does Not Disappoint! Buy it on Amazon for $30, it is worth every penny!! !"", ""The single player experience is phenomenal. Tense moments throughout really make you jump with a good pair of headphones. The multi-player is a joke, and brings down the rating 1 star. Bad move on Squeenix's part. Gorgeous graphics on PS4 too."", ""I've beaten the game, and it was such a blast to play that I am going to try to unlock the Platinum trophy for it. The only part that I didn't like about the game was some of the QTE's. I haven't tried the multi-player yet, but plan to soon.""]",16.056542051956058
G_040,REC_040,B000ANKKK2,Toys_and_Games,medium,descriptive,hybrid,3,Do you get a strike every time (like the video shows)?,No. It's just like being at the bowling alley. Fun and challenging.,KB_00488,0,"[""KB_00489"", ""KB_00488"", ""KB_00495""]","[""We bought this for a surprise for the grandchildren - and what a surprise!! The kids range in age from 13 to 18 months, and they are all enjoying it. The little ones (2 under 2 years old) simply love rolling the ball at the pins and knocking things down. The older ones keep score and get very competitive with each other. The board is solid. The pins are wood and are substantial. There's two bowling balls."", ""This is a fun for the whole family low tech game, and made in the USA. It's nicely challenging to the user. Wooden pins...more like an old arcade-type game. Overall a well made toy."", ""Fun for all ages. The ball launcher is good for those with arthritis. The manual pin setter is unnecessary but creates a nice backboard.""]",17.38941704388708
G_041,REC_041,B004KKX82I,Toys_and_Games,short,descriptive,hybrid,3,what is its stamina level?,It's one of our longest lasting blades. Don't know the number.,KB_00497,0,"[""KB_00501"", ""KB_00500"", ""KB_00504""]","[""Scythe Kronos is one of the best stamina types. It has two modes: stamina mode, attack mode. I LOVE IT and I give it *****"", ""Awesome bey grate stamina the tip is great to help attack beys with low stamina just grate All around bey"", ""FACE: KronosClear Wheel: KronosMetal Wheel: SytheTrack: T/TornadoBottom: EDS E/Eternal D/Defense S/SharpThis beyblade is very good. The EDS is free spinning that makes the beyblade stamina.It is a Stamina Type""]",11.824666988104582
G_042,REC_042,B00DJ78H1A,Toys_and_Games,medium,descriptive,hybrid,3,I wonder if I can buy two adapters and connect 3 batteries?,"I don't see why that would be a problem, but your lift-off weight will start reducing the overall flight time so you wouldn't get three times the length, but probably something like 2 1/2 time.",KB_00509,0,"[""KB_00507"", ""KB_00509"", ""KB_00508""]","[""Best way to connect in parallel two batteries of the same make and size to the phantom to extend flight time. You will want to add a twin battery plates to exterior of Phantom to make best use of the Y Harness."", ""I dont see the difference. I think with the DJI Phantom Quadcopter Dual Battery Carbon Fiber Mount they make my DJI quadcoper heavier to fly. or maybe the cable drains the energy from both batteries at the same time. cause by the time i finish exhausting the batteries they are both dead whereas i flew the copter for only 5-7 mn. which is normally the fight time of one battery anyway."", ""These are just what they say they are. They work great for adding extra batteries to your Phantom. I suggest them is you want more flight time.""]",14.818415977060795
G_043,REC_043,B00IGXUSGY,Toys_and_Games,short,descriptive,hybrid,3,What age is this for,Great for 2 year olds - anywhere from 1.5 - 5 year olds enjoy at our house!,KB_00517,0,"[""KB_00516"", ""KB_00513"", ""KB_00511""]","[""Sturdy and fun for the kids."", ""This is a good water table. It comes with several little activities to pour water into and is at a good height for my 19 mo. old son. He seems to like! The drain plug sometimes leaks a little and when you go to release the water sometimes the plug comes off entirely which by design it should not. Overall this is a good product."", ""by far the best water table for toddlers""]",11.351290973834693
G_044,REC_044,B0002D00QE,Toys_and_Games,medium,descriptive,hybrid,3,Does this product include any cleaning tools such as swab ?,"It comes with a plastic stick with a loop on the end for attaching a bit of cloth (cloth not included), a fingering chart, and is all in a plastic cover. It was easy enough for me, in my opinion, to get a little of cloth for the cleaning stick to swab it with, some cork greas to have for it, and I additionally made myself a nice instrument roll to have a better place to keep it and accessories than the plastic sleeve it all comes in. I've seen nany inexpensive on etsy on stuff liked that; I just preferred the fun of making my own to customize it and make spots for the accessory supplies I wanted to keep with it.",KB_00518,0,"[""KB_00518"", ""KB_00519"", ""KB_00524""]","[""This is a high quality entry level recorder.I wouldn't recommend it for a very young child because the inside can get damp after use and you need to clean and dry it after you have a session. The sound is richer than the cheaper plastic instruments. It comes with a cleaning rod. The recorder takes apart into two pieces for cleaning."", ""These are (I bought two) very nice recorders. Don't let people tell you the plastic ones sound just as good. I own both, and there's no comparison. It's nice that this comes with a cleaning stick, but the storage case is something that looks like it was made out of clear shower curtain material. I'm going to end up searching for, or making a better case for it."", ""The recorder is okay. It sounds about as good as the much less expensive plastic one, but it is quite difficult to clean/sanitize. I sometimes buy products made in China, but I was under the impression that this recorder was from Germany. When it arrived we saw that it is a German company that manufactures in China. Because my kid puts this in her mouth, I wanted a product manufactured in a place with more stringent rules on toxicity in paints, treated wood etc.""]",13.883500010706484
G_045,REC_045,B00AEQ0JTM,Toys_and_Games,medium,descriptive,hybrid,3,Can it fit in a 1/16 e-revo,[UNANSWERABLE],,0,"[""KB_00527""]","[""No complaints! Great product and great price. Easy to set up with spektrum radio. I'm hooked on spektrum. Plus amazon prime! Can't beat it.""]",13.079417054541409
G_046,REC_046,B0092BWWG8,Toys_and_Games,long,yesno,hybrid,3,"This says fulfilled by Amazon, will I actually have it in 2 days (with Prime shipping)?",[UNANSWERABLE],,1,"[""KB_00534"", ""KB_00528"", ""KB_00530""]","[""Yes Pretty, Came quickly, I am happy with the product. The hair clip is weak and the power pack is on the heavier side. (not sure what I was expecting there).It would be better if the Hair clip were stronger to actually hold the thing in the place. I am thinking of modifying the ones I have to make them more practical. Fun things..."", ""They are cheaply made, and I had one break before I ever even used it, because I was trying to figure out how to make it &#34;flash,&#34; as the Amazon description said it would (it doesn't).HOWEVER, they are super cute, and definitely worth the low price. Right now, they are $5.29 with free (Prime) shipping for a 6 pack. That is a good price."", ""Some reviews state that they don't last long. The package says it brings trial batteries so if using for more than one occasion, look up battery size CR1220. I saw some on Amazon for like $4 a five pack which is not bad either. I think if I get to use this for about three occasions in the following months, then I'll get more than my money's worth. Also, the clip is a bit on the big side but it lights up too which is a pro.""]",15.558917075395584
G_047,REC_047,B00000J0NT,Toys_and_Games,medium,yesno,hybrid,3,are there REALLY 120 different colors?,"Yes you get 3 packs of different types of colors, 1 regulars, one neon and one of "" fun"" colors including extra bright, glitter and more.",KB_00542,1,"[""KB_00538"", ""KB_00541"", ""KB_00544""]","[""NOT 120 COLORS! It includes multiple boxes of crayons that are identical, not 120 different colors"", ""There is nothing negative I can about this.There really are 120 different colors. They really are ALL different (unlike the box of 64 colored pencils). It comes in a great sturdy box with a crayon sharpener. I'm 33 and I love coloring!"", ""i like these crayons and they were cheap, but some of my crayons when i got this were broken, but crayons are easily broken so wasnt that big of a deal. i thought when there was 120 crayons there would be more variety of colors nut some arent all that different. some people said there were duplicate colors of the crayons in the box, that is not true they are similar but not the exact same crayon.""]",13.827582937665284
G_048,REC_048,B0062RKIIY,Toys_and_Games,medium,yesno,hybrid,3,can I get it in silver?,[UNANSWERABLE],,0,"[""KB_00551"", ""KB_00552"", ""KB_00548""]","[""We'll keep trying though. Either way my son is quite upset :(UPDATE:  After waiting almost 30 days I didn't get a response from either the seller or the toy company, so back it went. I still think it's  a good car, but beware of the fragile antenna!"", ""We bought my son this toy for his birthday. He has used it for less than 24 hours and already we have a problem. The antenna is very weak and snapped as we were pushing it back in to put it away. Very disappointing! The car was zippy and durable, but the control antenna breaking was obviously a bummer. Hopefully we can find a replacement or return it. I will update later if we get it all figured out."", ""I bought my great nephew the mustang, so of course I had to get the Camaro for his older brother. Now they race and have a ball. This is a fantastic toy.""]",13.479624991305172
G_049,REC_049,B00FDTJQYY,Toys_and_Games,medium,descriptive,hybrid,3,Are the clips s clips or c clips?,They are s clips,KB_00558,1,"[""KB_00568"", ""KB_00558"", ""KB_00559""]","[""The clips are &#34;s&#34; clips which are a little harder to use than the &#34;c&#34; clips that come with the rainbow loom."", ""This was really a good deal and there were lots of colors in the bag. The clips are &#34;s&#34; clips which are a little harder to use than the &#34;c&#34; clips that come with the rainbow loom."", ""like the price and the quantity you get with them, Love that it has the clips, what a bonus that was!! !""]",17.108374973759055
G_050,REC_050,B00EZIXA78,Toys_and_Games,medium,descriptive,hybrid,3,what kind of canopy/umbrella do you use with this?,This model doesn't use an umbrella. We have never had any complaints from our three children who are still using this as 3 and a half year old twins and a 20 month old. It is our go to ride.,KB_00583,1,"[""KB_00589"", ""KB_00593"", ""KB_00599""]","[""It would be nice perhaps to have provision to attach an umbrella or canopy, however, the fact that it doesn't have a canopy means that taller children fit into it without a problem.I would definitely recommend this wagon to a family with multiple children.I received the Radio Flyer Triple Play Wagon for my honest review from the Amazon Vine Program."", ""You must buy the deluxe version if you want  a canopy."", ""kids just love going for rides! The cup holders are great for each of them to have a sippy and/or snack. Plus 2 adults can also take drinks along.My only &#34;complaint&#34; about this wagon is that it doesn't have an option for a canopy. You can get the deluxe version with the canopy, but you cannot add it to this version. The holes for installing the canopy were not drilled into this wagon, so it has the spot from the mold where the indent is, but no hole. I would have liked the option to upgrade later if I wanted. So, if you want the canopy on it, get the deluxe version from the start.""]",12.676042038947344
G_051,REC_051,B0002KW4AC,Toys_and_Games,long,descriptive,hybrid,3,"Does this unit come with tip or need to buy the tip kit?  If it comes with one, what tip is it?  Thanks.","It has been a while, as I recall it comes with a tip. I do not remember what size. I did buy a set of tips because of the different type of soldering I do. I wanted a small tip for surface mount components. Hope that helps.",KB_00605,1,"[""KB_00611"", ""KB_00612"", ""KB_00605""]","[""I've been doing a lot of SMD soldering with the original tip, however I am going to be getting a separate brass tip cleaner.Still one of the best purchases that any hobbyist can make."", ""I was also able to use my Weller soldering iron by just pluging it in, so your not stuck with one size tip and waiting for the iron to cool down to change the tips."", ""PERFECT product for hobbyists and I would venture to say for professionals as well!Don't let a lack of reviews deter your decision! Give Elenco's Station a chance! *****3 years after purchase...And another update nearly a year after the comment I left on this review:Both station and iron are still doing extremely well. I've never replaced the tip and it still works great. I've been doing a lot of SMD soldering with the original tip, however I am going to be getting a separate brass tip cleaner.Still one of the best purchases that any hobbyist can make.""]",19.914167001843452
G_052,REC_052,B000BO63OC,Toys_and_Games,long,descriptive,hybrid,3,We have this in our garage but we want to buy a cover to protect it when not in use. Is there a cover anyone would recommend? Thanks v much.,"OAW, The STIGA InstaPlay is an indoor table; unfortunately, even an outdoor table cover would not fully protect this table from moisture. If the garage is not climate controlled, the table could become warped, even with a table cover. If you are interested in an outdoor table cover, you should consider the STIGA Baja Outdoor Table Tennis Table and STIGA Coronado Outdoor Table Tennis Table Hope this helps! STIGA",KB_00629,0,"[""KB_00621"", ""KB_00620"", ""KB_00631""]","[""I am a patient person (so i've been told) so gave them the benefit of the doubt but delivery attempt #3 sealed the deal. The table is packaged up as if they are delivering you bath towels so it's not shocking there would be damage. I am not sure why you would ship a $600 item with no real padding provided. Amazing. I have a note into Fogdog for a full refund but of course I need to set up another appointment with the delivery company they use! I just hope to have this mangled table out of my garage by the new year.I've read good things about the table itself so it's sad to not be able to try it out."", ""We recommend you buy a better $30-$50 net set, but the table itself is of excellent quality and highly recommended by our club!! UPDATE:  3 months later, we still love the table, have had no problems whatsoever and the table has been absolutely perfect for our use. HIGHLY RECOMMENDED!! UPDATE:  8 months later, it's still perfect, no problems at all. The net we use is the Stiga Premium VM model, as it provides a  set-up for professional-style play."", ""We recommend you buy a better $30-$50 net set, but the table itself is of excellent quality and highly recommended by our club!!""]",16.676209052093327
G_053,REC_053,B001AEZIY8,Toys_and_Games,long,descriptive,hybrid,3,I'm looking for an X-Wing for my Dagobah themed aquarium.  I need to know if the paint is already on it?  Also are there any metal parts?,There are no metal parts. It is already painted.,KB_00659,0,"[""KB_00645"", ""KB_00659"", ""KB_00642""]","[""I really wanted to get a Star Wars model for a long time, and what better start to simple model building that the X-Wing. Pretty simple to put together, did it in about two hours, filing away the break points and slowly taking my time with it :) The instructions were pretty clear. Well laid out !Now, off to paint it !"", ""many lines all around the hull that can easily be picked out with some paint or a lining marker.As a model kit, it's actually very durable, but I don't reccomend playing with it. As a general rule, models are meant more for display than for play. You have action figure toys for that.Overall, it's a simple, nice, and faithful representation of the classic X-Wing fighter from the original Star Wars Trilogy. It only takes a day or two to build, detail, and paint. If you're looking for a durable, pre-built toy that can take a serious thrashing, though, I'd say look for an actual toy instead of a model."", ""The thrusters and blasters were also painted to add a bit of color seperation. Also, it could really do with some panel lines. Revell has incorperated great detail into this model, with many lines all around the hull that can easily be picked out with some paint or a lining marker.As a model kit, it's actually very durable, but I don't reccomend playing with it. As a general rule, models are meant more for display than for play. You have action figure toys for that.Overall, it's a simple, nice, and faithful representation of the classic X-Wing fighter from the original Star Wars Trilogy.""]",20.321541000157595
G_054,REC_054,B004G32WA8,Toys_and_Games,short,yesno,hybrid,3,can it hold 5 racks,[UNANSWERABLE],,1,"[""KB_00671"", ""KB_00670"", ""KB_00662""]","[""It does hold everything as stated ( racks, pushers and tiles)  The soft zip bags for the tiles are great."", ""Lovely soft sided case can hold complete set of American Mahjong tiles, four racks, and accessories."", ""I love the concept of this case, however the 2nd time I used it the handle broke off. It does hold everything as stated ( racks, pushers and tiles)  The soft zip bags for the tiles are great. I am going to try to see if I can get it repaired. It is possible I just received one that had a weakness.""]",11.406083009205759
G_055,REC_055,B00DJ4PJ64,Toys_and_Games,long,descriptive,hybrid,3,Are these Lego Mini figures the same type of figures that come in all the Lego sets? or are these those rubbery type of figures?,They are the same kind as in all the regular Lego sets. Not rubbery.,KB_00680,1,"[""KB_00691"", ""KB_00693"", ""KB_00694""]","[""The mini-figures are cool and he can add those to his many Lego Star Wars sets after the holiday."", ""I'm a big fan and avid collector of Lego Star Wars Mini Figures, so it's great to see so many figures again."", ""As with the previous Lego Star Wars Advent Calendars, one of the best parts about this one is that it included NINE mini figures (including the EXCLUSIVE Santa Jango Fett figure).""]",16.996874939650297
G_056,REC_056,B003TO4YYC,Toys_and_Games,short,descriptive,hybrid,3,What is the counter height?,"The counter is 21"" from the ground.  The top of the fridge section is 3' from the ground.",KB_00712,1,"[""KB_00713"", ""KB_00711"", ""KB_00714""]","[""The \""granite\"" counter, while obviosly not real granite, has a cute, counter top like finish and doesn't look cheesy."", ""My tallish 2 1/2 year old seems quite comfortable with the height."", ""It is made out of engineered wood with a wood-grain looking finish, and the black and white counter top is realistically styled to look like laminate, corian or granite counters.""]",15.732917003333569
G_057,REC_057,B000HCL94W,Toys_and_Games,short,descriptive,hybrid,3,what size batteries,3 double As,KB_00727,1,"[""KB_00736"", ""KB_00734"", ""KB_00738""]","[""It even still has the original batteries in it."", ""They're just button batteries sewn into the ears."", ""After reading other reviews, I'm guessing that the model has changed slightly, since the batteries are now easily located in a hidden pocket right along the horse's mane.""]",13.423917000181973
G_058,REC_058,B005V2LJS4,Toys_and_Games,long,descriptive,hybrid,3,"Is this the original, Japanese release (Samurai Sentai Shinkenger branding), or the western release (Power Rangers Samurai branding)?","western most likely. there's really NO difference either way though, only a small logo on the backside of the box and a changed name on the instructions. If I were you, I'd take the plunge and get it, it's only 15 dollars for a premium grade action figure. American release but the same Japanese quality, accessories, and construction.",KB_00742,0,"[""KB_00742"", ""KB_00756"", ""KB_00752""]","[""Was not specific enough in descriptions. Product was not entirely Japanese super sentai figuart, with Japanese instructions, etc. It was the US import of the Japanese Figuarts and had english instructions and Power Ranger logo, etc."", ""I hope Bandai Tamashii Nations makes more figures of the other Power Rangers/Super Sentai teams."", ""Whether you are a fan of Power Rangers Samurai or not, this is a great entry into the world of SH Figuarts collecting as he tends to be the least expensive compared to others PR SHFiguarts, which start at $38.""]",14.542874996550381
G_059,REC_059,B00C1TV1F6,Toys_and_Games,short,descriptive,hybrid,3,how big is it,[UNANSWERABLE],,0,"[""KB_00770"", ""KB_00766"", ""KB_00765""]","[""My only regret is the damage to the carton as a collector I prefer to keep my collection MISB and the damaged box will reduce the toy's overall value in the future.Now, as for the toy itself, this is one of the best looking toys from the TFPrime line imho, and the 'bulked up' version with wings from Season 3, Beast Hunters."", ""The toy is one of my faves from the Beast Hunter series.The shipping box and toy carton were damaged, but the toy was okay."", ""There colors on this figure are awesome, the figure is a must have for any transformer collector.the only con would be the head sculpture, never have i collected an optimus prime figure with out the face shield being the primary choice, this figure tries to show off his face with out the shield and it looks bad BUT 3 party products can fix this issue.""]",13.893957948312163
G_060,REC_060,B000U8SZ4A,Toys_and_Games,medium,yesno,hybrid,3,"are the buttons labeled, i.e. ""Undo"" or ""Highest Score"" , etc.","There is a button to show ""Highest Score"", but when you need to change batteries, everything goes back to zero till the next game is played. There isn't an ""Undo"" button.",KB_00776,1,"[""KB_00778"", ""KB_00775"", ""KB_00784""]","[""When I saw this online for $14.99, after seeing it in a game store for $21.99, I was ecstatic. Unfortunately, I didn't think to read the reviews first. Several of the buttons on our two older model Radica games were no longer working and it was a struggle to get them to respond. Our old games had the undo button, which this model does not have ~ bummer. Also, the buttons on the newer model feel like pressing old typewriter keys ~ clicky and too tall."", ""What's not to like? Its fun and keeps one thinking of how to get the highest score possible. I am learning how to count the cards and remember where they are."", ""Features such as \""highest score\"", easy to read screen and accuracy are perfect!""]",17.77504209894687
G_061,REC_061,B00GD0N9AO,Health_and_Personal_Care,long,descriptive,hybrid,3,any body know how well this chair would work for a knee replacement in comparison to the transfer bench? thank you :),[UNANSWERABLE],,1,"[""KB_00794"", ""KB_00801"", ""KB_00796""]","[""I had knee replacement surgery and my surgeon and physical therapist advised that I purchase a shower chair. I was more than pleased with this chair. It was very reasonable, is very sturdy (holds up to 300lbs! ), was easy to put together and is very comfortable. I highly recommend this chair! It also arrived very quickly."", ""I read a lot of reviews and chose this chair. It worked perfect , easy to put together. I broke my leg so I was just looking for a chair to use for a few months. I could't be happier with the product, good value."", ""Bought it in case I still needed a bench after 2 knee surgeries to use in  our walk-in shower when we moved to a condo. Found I didn't need to sit anymore when showering but it's ideal to use as a bench to wipe down or shave your legs!""]",15.30362491030246
G_062,REC_062,B004H7GB9G,Health_and_Personal_Care,long,descriptive,hybrid,3,Can the pill be cut in half so you're only getting 5000 mg?,"For the question posted by Sylvia Z. .. first it is micrograms/mcg, not milligrams/mg; very big difference. Web MD and the Mayo Clinic recommend 30mcg and 30mcg-100mcg daily, respectively. 300mcg = 100% of the daily value intake for Biotin. Even if you quarter these pills, you will still be getting 2,500mcg daily which is well beyond the recommended dose.  I have used a half pill off and on with no ill side effects. Also, quartering them will make them last longer.",KB_00805,1,"[""KB_00804"", ""KB_00806"", ""KB_00807""]","[""I cut these pills in half and take half a pill a day (5,000mcg = 5g). I've been taking biotin for over a month and I think my nails feel stronger."", ""I ordered this product around a week ago, as soon as I received it I immediately began taking it. I cut the pill in half because I wasn't too sure on taking the maximum dosage. I am a nail bitter and within days of taking this, my nails were growing rather quickly :) I am extremely surprised with how well this product is working and will continue to use it."", ""This product is amazing and Ur's able to see quick results I was using the 5000 Mg then I saw this one if you want ure. Hair to grow fast I really recommend this product to everyone!""]",17.52216601744294
G_063,REC_063,B004F4PR6Y,Health_and_Personal_Care,medium,descriptive,hybrid,3,Does this come with a shader gun?,"this comes with two "" amateur""  machines at which they can be tuned  for shading or lining.",KB_00822,1,"[""KB_00822"", ""KB_00815"", ""KB_00818""]","[""when i got it only one gun worked and the gun to shade in tattoos didnt and still doesnt work i tryed to fix it but couldnt !"", ""This item shipped quickly and works well. If you plan on purchasing this make sure you have a way to get your stencil on your body. kit does not come with stencils or carbon paper for steciling.The instruction video is worthless it does not really explain set up and use of this product."", ""I guuss for the price the kits is ok. The down side to it is that it comes without instructions on how to put the guns together and does not give you any tattoing tips. It does come with a dvd but the set up makes it very hard to actually find the file to watch it onces its in the dvd player, and the kit on the dvd is NOT the kit you are ordering here. Its for a much different kit with a lot more items.""]",13.6643749428913
G_064,REC_064,B000OR5P5Y,Health_and_Personal_Care,medium,descriptive,hybrid,3,Has anyone tried this on wool coats?,"Yes... on my wool and cashmere coat, and another 100% wool coat. It works! Just follow the directions. Very easy! :)",KB_00829,1,"[""KB_00832"", ""KB_00826"", ""KB_00825""]","[""I use this for all my wool and cashmere knit sweaters, gloves/hats/scarves, blazers, skirts, and even my cashmere winter coats that I used to ship off to the dry cleaners several times throughout the fall and winter seasons. Everything comes out super clean, soft, and nicely scented (would take cedar smell over weird dry cleaning odors any day). The big plus is that I save a ton by no longer needing to dry clean."", ""I tried this instead of baby shampoo and like the subtle cedar sent. It was very gentle and a capful does a couple sweaters. I used it on wool, cashmere, and blends that I didn't trust I dry clean."", ""This is truly a great product, and I would recommend to anyone who wants an all natural, easy, and efficient way to clean their wool and cashmere sweaters (and angora - it worked great on angora).""]",11.828208924271166
G_065,REC_065,B006GA21IW,Health_and_Personal_Care,medium,descriptive,hybrid,3,what is the max weight it can hold?,[UNANSWERABLE],,1,"[""KB_00839"", ""KB_00837"", ""KB_00843""]","[""You get what you pay for. It looks good .. and I kind of wish that the height is adjustable so that it can sit in the shower which the floor isn't flat. But it is definitely not that sturdy and some of the pre-drilled holes don't line up."", ""it's sturdy but the edges of the seat were sharp and hurt my legs so my husband sanded them round . Problem solved."", ""This is a great sturdy little bench that was easy to assemble. All the hardware was there and the holds lined up perfectly. Looks just like the picture, not junk! Would buy from this mfg. again. Wish the stuff was not made in China, can't we make something like this in this country??? Love it!!! Perfect for the bathroom, just what I needed for a cute functional accent.""]",13.730832957662642
G_066,REC_066,B001DAYJOY,Health_and_Personal_Care,short,descriptive,hybrid,3,Is this red maca,[UNANSWERABLE],,1,"[""KB_00845"", ""KB_00851"", ""KB_00849""]","[""Maca (particularly Red) is reputed to provide energy, sex drive and stamina. In capsule form, Maca can be nice as the raw powder can taste pretty bad. NOW is a well known health food maker. Regrettably, I felt nothing from this compound. Everyone is different so your experience may be different but this was a &#34;fail&#34; for me. Sorry."", ""Love macs especially this brand is awesome! I'm about to get another bottle if your looking into maca this is an excellent choice"", ""I have been taking Maca for years, it give me a great energy in the morning, I definitely recommend this product!""]",13.900208054110408
G_067,REC_067,B003DLZ0OE,Health_and_Personal_Care,short,descriptive,hybrid,3,How does it work?,"Per the picture, you lay your neck along the area where there's a ballon. Follow the instructions and it helps restore the natural bend that your neck is supposed to have. Mine doesn't. I've been having neck problems for over a month now and this honestly helps relieve the pain and little by little the pops and pain is beginning to subside. Day 1 - inflate a little just enough to put some pressure on the neck. Release. I do this 6-7 times holding it for 10-15 seconds. then I inflate and lay there for 10-15 minutes. I do this about every other day. I started with one pump and now I'm up to 3 pumps and it's been about 3+ weeks.It's a great tool.I hope if you get it you'll have good success too.",KB_00863,1,"[""KB_00854"", ""KB_00859"", ""KB_00855""]","[""Again, does it work? Who knows. But based upon the reviews here I'm not willing to bet that it will."", ""It does work for me, and I feel immediate release and improvement over the a period of time. I don't think it is for everyone. Please check with a professional before ordering stuff like this for yourself."", ""It did help my neck - I had a pinched nerve in my neck.I kept a routine of doing it & it did work.""]",11.131042032502592
G_068,REC_068,B000E59GTW,Health_and_Personal_Care,medium,descriptive,hybrid,3,Can this be warmed by boiling or is microwave required?,Microwave only!!!,KB_00864,1,"[""KB_00865"", ""KB_00866"", ""KB_00867""]","[""A minute or two in the microwave or freezer and it is just right to make that pain go away."", ""Used this for sore muscles. only takes 1.5 minutes in the microwave to warm up and it was not too hot to handle."", ""Keeps my GF warm. Win. Well i need more words to finish this... you pop it in the microwave. Word""]",19.27375001832843
G_069,REC_069,B00472I1V2,Health_and_Personal_Care,medium,descriptive,hybrid,3,Does this scale show weight from the last time it was used?,"No it doesn't.   It does a great job of telling you your current weight, but doesn't save it.",KB_00880,1,"[""KB_00883"", ""KB_00874"", ""KB_00878""]","[""This scale is very accurate. I appreciate that it gives me pounds and ounces. It gives the same weight, every time I get on it. (My old scale would have a different weight every time you stepped on, even if it was within a minute of the last time you stepped on it!)"", ""I bought this scale a few days ago, and it is not working at all for me. I set it on a hardwood floor and used the batteries provided. I also calibrated the first time. Every time I step on it, it adds 20-30 lbs to my weight compared to the last reading. At this point, the scale has gone up so high that every time I step on it, it says OL (overload)."", ""The scale is built from good quality materials (thick glass/metal/plastic). As far as precision is concerned, it is mostly very good. From time to time it will show slightly different weight for the first measurement - the subsequent times the weight will be correct. Don't know what happens the first time, but this happens only occasionally. The fact that I do not have to press any buttons for it to start working (just step on it) is a good feature.""]",15.678292023949325
G_070,REC_070,B00AC6JYXG,Health_and_Personal_Care,medium,descriptive,hybrid,3,How many carbs are in a serving?,"It depends a little on which flavor.  For the chocolate there a 9 carbs of which 7 are fiber.  There are 0 sugars, and if you are counting ""net"" carbs there are 2.",KB_00889,1,"[""KB_00884"", ""KB_00886"", ""KB_00889""]","[""Tastes good and honestly worked as an appetite suppresent. I was however shocked at how small the bottle is and the fact that it takes two scoops for a serving. They should tell you how many total servings in the container somewhere in the product description (or maybe not, if they did no one would buy it).I originally ordered this to save money over buying atkins shakes in the store; as it turns out, these are 3x-4x as expensive per shake."", ""I looked hard for a product that was low in carbs (I don't do sugar), and chemicals. It cost more than some other protein shakes out there, but the quality and taste is first class."", ""this is a great product. It is very low in calorie, ya take 2 scoops mix it with cold water, add a little ice in the blender if you like it a bit frozen and blend it up. It is a good meal replacement. When dieting, one of these is usually my lunch for the day and they are pretty fulfilling. Chocolate and Vanilla are both good, the spiced chai is ok if you like that sort of thing, I drank it but prefer the chocolate or vanilla.""]",12.980500003322959
G_071,REC_071,B002CQU51O,Health_and_Personal_Care,short,descriptive,hybrid,3,fishy taste?,[UNANSWERABLE],,0,"[""KB_00896"", ""KB_00897"", ""KB_00898""]","[""This fish oil is expensive, but has really improved my dry eye problems. I have had dry eye problems for several years. I wear contacts and had given up wearing them most of the time, wearing glasses instead. After taking the Nordic Naturals vision for about three weeks, I noticed a big change in the amount of moisture in my eyes. I now wear my contacts the majority of the time."", ""So I ordered more and it has really made a difference. I'll keep taking it for as long as I need it. It feels wonderful and really helps. I'm down to just the occasional drops at night and in the morning."", ""Seems to be a good product. It has Omega-3 oils as well as Lutein and Zeoxanthin. It is supposed to help moisture levels.""]",11.992166982963681
G_072,REC_072,B008D5YG3G,Health_and_Personal_Care,medium,descriptive,hybrid,3,Ho many hours / watts will a get from this battiers,"it depends on what you are running. if you only run one 100w light bulb, it will run out of jouice after 10-15 hrs.  if you light up 10 lights you'll run out of power in an hr. the 35 ah. stands for 35 ampe hr. so the more amps. you use the faster the battery will deplete. i have 7 of these battiers and when fully charged will power my computer, refrig. tv, vcr/dvd player, printer, all at the same time for 4-5 hrs. bottom line the more battiers the more you can power.",KB_00906,0,"[""KB_00904"", ""KB_00905"", ""KB_00908""]","[""=)I had set the tv for 120 minutes because I knew that I should get about 2.5 hours of power from the battery for that tv before getting to the 50% mark.It uses 80 watts; 80/12v = 6.7amps34Ah/6.7 = 5 hours."", ""Charged it to 12.7 volts over 24 hours and was only able to run 300 watts about 1.5 hours till it was 10.6 volts and dead. Hopefully will work better once broken in a bit but of course batteries usually don't improve much"", ""After I charged it, it is running good, not the best holding time running 200 Watts but worth being made into a battery stack.""]",13.532167067751288
G_073,REC_073,B0010L1KSY,Health_and_Personal_Care,long,descriptive,hybrid,3,"Which cover is made for the 15"" x 24"".  It is not apparent.",[UNANSWERABLE],,0,"[""KB_00914"", ""KB_00916"", ""KB_00915""]","[""This is a high quality, thick cover for the hydrocallator. Just like the kind they have at PT. I'm completely satisfied."", ""I thought for the price, there would be something inside it to heat. It was just a piece of fabric. I was very displeased. The shipping said 8 lbs. So something else should have been with the package."", ""It's necessary for putting steam packs in and makes it less likely to burn you. It's very comfortable to wear.""]",16.196000040508807
G_074,REC_074,B00014WCJ2,Health_and_Personal_Care,medium,descriptive,hybrid,3,Where is it made / manufactured?,[UNANSWERABLE],,0,"[""KB_00917"", ""KB_00921"", ""KB_00920""]","[""This product uses CreaPure creatine as its raw material, a branded raw material manufactured by Degussa AG Trostberg (formerly SKW) in Germany and licensed as a pharmaceutical would be there. Optimum Nutrition is one of only a few brands in North America that use only CreaPure raw material, and likeUniversal Micronized Creatine Monohydrate, 1000-Gram Tubis an exceptionally good value for this expensive raw material in a supplement market dominated by cheap Chinese and other amateur manufacturers."", ""ON is the shiznit. Period. This stuff is COMPLETELY tasteless.. you can drink it in a sliver of water and I dare you to taste a thing. Dissolves instantly.. you can dip your finger in it and its like a micropowder. What more do you want? Highest quality, great price. Do it."", ""One thing a lot of folks don't seem to realize is that you don't need a complicated, expensive product to take advantage of the wonders of Creatine. It's a simple compound, and all you need is that simple compound - you don't need it to be a serum, mixed with a bunch of flavoring, or mixed with various ingredients that will supposedly make it absorb better.""]",20.511707989498973
G_075,REC_075,B004T3QT68,Health_and_Personal_Care,short,descriptive,hybrid,3,ac adaptar,It uses batteries.,KB_00930,0,"[""KB_00924"", ""KB_00923"", ""KB_00930""]","[""item arrived as described, new. just make sure you have a good fit at the distal end near the elbow, especially when someone has a relatively large upper arm vs arm area near elbow"", ""very easy to use, and accurate. Compared results with tests at Doctor's office, and it read BP the same. Would recommend."", ""Very simple to set up-Does not include batteries, so have 3 triple A's ready! Would definitely recommend. Good price, seems to be accurate.""]",10.210208012722433
G_076,REC_076,B00FAB10ZI,Health_and_Personal_Care,long,descriptive,hybrid,3,"Hi,..did anyone receiced the spurilina tabs all bunched up & stuck together like gummy bears ? Is this normal? I hope it's not defective.",Mine were not like that. I'd probably return them...,KB_00932,0,"[""KB_00934"", ""KB_00931"", ""KB_00933""]","[""It arrived on time and I did start taking it. Not sure how many to take daily????? But will continue to take it"", ""The tablets are small, and easy to swollow, I do like the idea of dealing with a &#34;two-for-one&#34; simple product."", ""These are very convenient in tablet form because I can munch on them. I also like that they put both Chlorella and Spirulina into them so I get a good balance of benefits.If youa re blending a smoothie, tablets are fine. I also have a powder, however, if I'm putting it into a glass of juice and stirring it with a spoon, and skipping the blender.High quality is a concern considering the pollution these days.""]",19.547207979485393
G_077,REC_077,B00HFQQ0U6,Health_and_Personal_Care,long,yesno,hybrid,3,can this be used by two people.  Does it come with two tips?,"Yes, mine came with two regular tips and on fine point tip for periodontal pockets whatever that is.",KB_00941,1,"[""KB_00941"", ""KB_00942"", ""KB_00944""]","[""Works fine for me, a bit loud, , but I'm just getting used to using it. Good for two a couple or a single. A family would need more tips"", ""This water pic is great, it has different power settings and it come with 2 types of tips. All i use is just one type of tip. If you have regular teeth and don't need anything special then one tip is all you need."", ""I also like the fact that with Waterpik you get a handle with the capability of rotating the tip with your finger by rotating the knob on the handle versus using your hand to rotate the entire handle. It came with 3 tips including a pik pocket which is great for your gums.Overall I am happy. Now we will just have to see how long this unit lasts. It does come with a 2 year warranty.""]",24.66833300422877
G_078,REC_078,B005OYDID8,Health_and_Personal_Care,medium,yesno,hybrid,3,is the battery a lithium ion?,[UNANSWERABLE],,0,"[""KB_00951"", ""KB_00952"", ""KB_00953""]","[""Although this is a good machine, the battery on it isn't good at all, because it's running on a cord (charger) I would recommend this machine to my friends."", ""Run at least two cycles like this and you battery has the capability of max charge. Excellent product - Will buy another when this one wears out in probably six or eight years. . ."", ""Wonderful razor. I have owned the very best &#34;Made in Germany&#34; Braun razors and this razor is every bit as good. It is light weight which is why many say it feels &#34;cheap&#34;. It is plenty solid and the battery life is incredible. The shave is super close. I have a very heavy beard and a very angular face and neck and this razor clears it right off in short order.""]",12.346874922513962
G_079,REC_079,B003PFNSLK,Health_and_Personal_Care,long,descriptive,hybrid,3,Does anyone know if this is a nebulizing or an ultrasonic diffuser? Thanks!,[UNANSWERABLE],,1,"[""KB_00966"", ""KB_00967"", ""KB_00977""]","[""This is a fantastic diffuser. Looks great! Very quiet operation. Diffuses the scent as it should. Lasts long enough for me."", ""This is my second diffuser and I really like it especially for use at night. The 'light off'' feature is an added bonus."", ""This was my first diffuser.""]",16.007125028409064
G_080,REC_080,B002TRL9AM,Health_and_Personal_Care,medium,descriptive,hybrid,3,Are the hair of the broom soft or firm?,"The bristles are soft, yet firm enough not to be matted or quickly worn from frequent use. It is the best broom we have had for our hardwood floor",KB_00982,1,"[""KB_00982"", ""KB_00995"", ""KB_00985""]","[""I love this broom. The bristles are soft enough to pick up lint, and firm enough to push together all other floor debris. I am using it on tile and hardwood floors."", ""I like a very soft bristle broom, and the corn brooms are just too stiff for me."", ""I've spent years and more $$$ than I care to think of trying to find the perfect broom for wood floors, and I'm pleased to report this one is it! I like a very soft bristle broom, and the corn brooms are just too stiff for me. The southeast Asian brooms are soft enough, but they fall apart in what seems to be a matter of days -- what is the point of a broom where you have to continually sweep up the broom straw? The wood is handsome, but I did deduct a star because of the initial challenge presented by installing the head on the handle.""]",15.1010830886662
G_081,REC_081,B000FVM8C2,Health_and_Personal_Care,medium,descriptive,hybrid,3,is this the 60 or 120 capsule bottle?,120 capsules,KB_01013,1,"[""KB_01013"", ""KB_01003"", ""KB_01015""]","[""Last time I bought my oxy-powder, Im pretty sure it was in a larger bottle although it was 120 capsules."", ""I bought it because it said its from global healing but I just received mine and it said its from some Chinese guy. I'm VERY SKEPTICAL when it comes to things that are from China. They are the country of replica. Last time I bought my oxy-powder, Im pretty sure it was in a larger bottle although it was 120 capsules. This new oxy-powder I received today, the expiration date has been smudged. I'm giving more stars than I should only because I'm not 100% sure if this is legit or not."", ""I use a capsule or two per day and it has been so helpful.""]",15.362375066615641
G_082,REC_082,B0009EIMW0,Health_and_Personal_Care,long,descriptive,hybrid,3,im going to las vegas and im looking for good insoles that i could use to walk the strip. would these be good or any suggestions?,I use them every day. I walk a lot and replace every 6 to 8 weeks. I think you'll like them,KB_01033,1,"[""KB_01041"", ""KB_01028"", ""KB_01027""]","[""These insoles seem pretty solid, but they are going to be taking a lot of abuse, so how well they hold up in the long run will be interesting to find out."", ""Had some really great shoes that i like for work, but constant use had broken down the insoles and was on the verge of getting a new pair. Ordered the Dr. Scholl's insoles as an act of desperation i guess. Fed Ex driver pulled up to the front door and i got them out of his hands before he could exit his truck. Opened the box , inserted the insoles into my waiting shoes, no trimming or sizing needed and haven't slow down. This guys are taking a lot of punishment so far and i could not be more satisfied."", ""I got a pair of these to put inside my new boots for work....whew, what a blessing!! However, I felt I could use a thicker cushioning so I got a 2nd pair and added them to my boots after removing the factory insole.....yes, 2 pairs of Dr. Scholl's gel insoles in my boots!! Wow, absolutely perfect and worth every penny!! Highly recommended!""]",18.230791902169585
G_083,REC_083,B008NIHE78,Health_and_Personal_Care,long,descriptive,hybrid,3,Is this easy to use? and are there a lot of test? Like strips and chemicals? I have a zero pitcher.Alkaline water is so much better though!!!,[UNANSWERABLE],,0,"[""KB_01047"", ""KB_01055"", ""KB_01049""]","[""I imagined with I purchased this filter that I would be waiting eons for a pitcherful of alkaline water, but this thing works fast. The water tastes great and it makes tea and coffee taste that much better. Highly recommended."", ""I imagined with I purchased this filter that I would be waiting eons for a pitcherful of alkaline water, but this thing works fast."", ""I like the pitcher. it does what it is supposed to and the price was right compared to others. it feels a little on the cheaper side, but you know the cartridges are much cheaper than for other pitchers as well. all around i really like it.""]",21.652666036970913
G_084,REC_084,B0085A18A8,Health_and_Personal_Care,medium,descriptive,hybrid,3,are there replacement blades? How easy are they to get?,"There is a paper inside the product that gives you a phone number to call to order replacement parts for the item. It gives you the name shows you the picture of it and gives you the produce number.  You do not get any extra parts with the product, but you do have all the information you need.",KB_01074,0,"[""KB_01067"", ""KB_01064"", ""KB_01078""]","[""Its small head (with tiny blades underneath) excellently (and absolutely painlessly) trims nasal hair and fine facial hair (e.g. upper lip). The tip gets warm -- not hot -- within moments so it's best for very brief use on small patches; afterward, it also cools within moments.It's easy to install/replace the single AAA battery, easy on/off to use, easy to clean (requires minor disassembly; a tiny cleaning brush is included). Packaged in a slim, pretty case."", ""Easy to use, pretty, and can fit in your purse. Be careful - it looks harmless but the blade can hurt if you get to close."", ""The tool is easy to take apart to clean and I have not had to replace the battery yet.""]",14.266166021116078
G_085,REC_085,B004TTW2VI,Health_and_Personal_Care,medium,descriptive,hybrid,3,How do you know what size?,"If you read the product description, it will give you the sizing. I measured 1 inch above my knee, which was 16"" so according to the sizing chart,  I bought a large. Perfect fit.",KB_01101,1,"[""KB_01083"", ""KB_01093"", ""KB_01084""]","[""I love this product but wich it came in just one size bigger. I would purchase two if it came in one size bigger. Pro-tec let me know if you ever make it in a XX-Large"", ""'s just had to gety right size I measured 14 ordered med it was always sliding down got a small it is about right just washed my med in washer and dryed on high heat now it fits better I know it says to hand wash and let dry but I figured I try it anyway instead of just letting it lay around no damage and I can wear it now"", ""Really helped my knee. 's just had to gety right size I measured 14 ordered med it was always sliding down got a small it is about right just washed my med in washer and dryed on high heat now it fits better I know it says to hand wash and let dry but I figured I try it anyway instead of just letting it lay around no damage and I can wear it now""]",11.048167012631893
G_086,REC_086,B001CWT4JI,Health_and_Personal_Care,medium,descriptive,hybrid,3,Mine quits working on me. What should I do?,"Scarlet...Try cleaning your SinuPulse machine with a reservoir of warm water & a little vinegar. Make sure to rinse it at least twice. You could have some calcium & sodium buildup in the pump mechanism. When making your saline solution for your sinus flush,make sure you use USP grade fine saline mix. It dissolves completely. Also,make sure when making your solution that you use nothing but DISTILLED bottled water. If this doesn't work,call the Sinupulse company. They do stand behind their produce. Good luck!",KB_01112,1,"[""KB_01114"", ""KB_01116"", ""KB_01105""]","[""I have had mine for several months and it is working fine."", ""Something else you should know: after I got mine, I broke part of the plastic blue door that fits in the unit's white lid."", ""They think that a simple lubrication of the o ring might have fixed what ailed mine. That is truly amazing customer service, so I can recommend giving the machine a try.""]",11.97395904455334
G_087,REC_087,B0036WTV2C,Health_and_Personal_Care,long,descriptive,hybrid,3,"my son is 7 years old and grinding a lot, I wonder whether this one will be too big for him or not? Anyone use this on a junior? Thank you!","I wouldn't recommend a NG for a 7 yr old unless your dentist does. He is likely grinding because his jaw is growing & he has primary & adult teeth trying to fit together. Most kids will outgrow the grinding. If he is having jaw pain due to it, see your dentist. This size is too big for a 7 yr old.",KB_01136,1,"[""KB_01126"", ""KB_01142"", ""KB_01131""]","[""After going to three different dentists searching for a solution to my child's chronic night time teeth grinding, I was so desperate I bought this. There wasn't one dentist who would make a bite guard for a child because &#34;their mouths are changing so fast.&#34;  Of course, that makes sense. But, that's exactly why these are so great. You have to change them every couple of months, so growing jaws and missing teeth aren't a problem.My kid is 6 years old, so I just trimmed off about 3/8 of an inch off the rear molar area on each side so it wouldn't be too big."", ""At least this one was cheaper, and I may need it sometime, I have a tooth implant and am supposed to use one to prevent grinding."", ""This was a good buy. I did a lot of research on Mouth Guards on here. With this particular item you will heat up in hot water and form it to your teeth. It's really easy but don't mess up, you only get one time to mold it to your teeth. When you get it there will only be one mold, You can choose to mold it to your lower or upper set of teeth. I would recommend this product to anyone.""]",25.085499975830317
G_088,REC_088,B000RZAIV4,Health_and_Personal_Care,long,descriptive,hybrid,3,"i am a vegetarian, and i have done some research on whether whey protein vegetarian, and i got mixed answers, but most of them saying it depends on the processing.so can you  help me understand if this is a vegetarian protien or not , and why ?",[UNANSWERABLE],,0,"[""KB_01152"", ""KB_01147"", ""KB_01153""]","[""I don't understand why the guy below me rated it with 2 stars since he has never tried it and protein shakes are never the best tasting thing out there anyways.?"", ""I recommend using a rolled quick oats because it makes a really creamy oatmeal when mixed with this. If you add fruit to it it's REALLY good. To people who say Isopure is expensive. It's whey isolate and a quality whey isolate with added vitamins at that..."", ""It's whey isolate and a quality whey isolate with added vitamins at that...""]",20.77058400027454
G_089,REC_089,B000AAAVZE,Health_and_Personal_Care,medium,descriptive,hybrid,3,Will this work on man pubes?,"As a girl, I couldn't say for sure but my guess is a big NO! This did not work for me at all - anywhere!",KB_01171,0,"[""KB_01174"", ""KB_01165"", ""KB_01167""]","[""Which is to say, if you are a dark-skinned male with coarse hair it probably will not work well for you and cause you mild to moderate annoyance trying."", ""i got this thinking it would work at least somewhat but it didnt work for me at all. all it did was leave my skin red and sticky and took off no hair."", ""Which is to say, if you are a dark-skinned male with coarse hair it probably will not work well for you and cause you mild to moderate annoyance trying. It's for finer hair and skin.""]",12.560459086671472
G_090,REC_090,B0069SQQ2I,Health_and_Personal_Care,long,yesno,hybrid,3,can I add this to wool dryer balls to help my laundry smell better?,Yes,KB_01182,1,"[""KB_01190"", ""KB_01182"", ""KB_01194""]","[""I bought this oil to use on homemade wool dryer balls and it works great."", ""I bought this oil to use on homemade wool dryer balls and it works great. It leaves a nice light lavender scent on my clothes without leaving behind any kind of oil spotting. It's also safe to use mixed with vinegar as a fabric softener for the washer. It leaves behind a scent that's detectable, but not overpowering. The seller, Plant Therapy Essential Oils, also sent me a jar that had a bonus .5 fl oz in it!"", ""I dropped a little under my pillow (to help sleep) but the strong smell kept me awake...""]",16.14799990784377
G_091,REC_091,B003L16V9E,Home_and_Kitchen,medium,descriptive,hybrid,3,is the combination color  lime green or sage,more of a sage green. It is really beautiful. I have found this same set on other sites for $2-300.,KB_01201,1,"[""KB_01200"", ""KB_01201"", ""KB_01203""]","[""The &#34;sage&#34; is better described as lime green. Sticthing between colors gaping upon opening. After the first washing, all stuffing has balled up into three clumps...not repairable. very disappointed! !"", ""I purchased this Sage Queen Size comforter set for my master bedroom. I love the modern look of this beautiful bold stripe, sage green color comforter set. It enhances my room!The material of this comforter set, is very comfortable, especially when you lie under the covers, its feels soft to the touch."", ""In the pic on the actual packaging and on the add it's a green apple color and a chocolate brown. I'm sending it back and going to Target for a real deal.""]",13.08458298444748
G_092,REC_092,B0012RTMUY,Home_and_Kitchen,long,descriptive,hybrid,3,"I own this blender, and it is leaking from the bottom of the container (where the blades attach). Does anyone know how to repair this?","Same thing happened to me and it cannot be repaired....the entire jar must be replaced. Call kitchen aid, they offer a one time courtesy replacement jar even if your blender is out of warranty. I have retired mine from smoothie making and purchased a ninja ultima.",KB_01214,1,"[""KB_01210"", ""KB_01211"", ""KB_01215""]","[""I had this blender for about three years and absolutely loved it. Easy to clean. Strong and sturdy base. Chewed up anything I put in it. I make smoothies a couple times a week and it handled frozen ingredients easily. However after three years, the blender began leaking around the bottom nut, as other reviewers have said. Apparently there is no recall and I wish there was. Sure wish this one had some life to it. Don't know what I'm going to go with for a replacement..."", ""I purchased this blender for morning smoothies for the family. After a few uses the jar started to crack, much like a windshield would if hit by a rock, the cracks started from the four drainage holes at the bottom on the outside of the jar and went inward toward the blades. Soy milk or orange juice would leak out everywhere, I dealt with it for a while because the blender was new and it was a hundred dollars. I made my last angry smoothie and dumped the thing in the trash."", ""I love KitchenAid however I am not happy with this product. After using my blender for around a year, off and on, I noticed that it had developed a leak on the bottom of the polycarbonate jar. When I call KitchenAid they assured me that this was unusual so I went ahead and ordered a new jug. It took months for the new jug to come in and when it did I noticed that they had changed the design on the base. I assumed they fixed the problem.""]",19.53858300112188
G_093,REC_093,B00DDYH9BS,Home_and_Kitchen,medium,descriptive,hybrid,3,Is this a 5 qt. Stockpot?,[UNANSWERABLE],,1,"[""KB_01220"", ""KB_01221"", ""KB_01227""]","[""Downsizing the kitchen, needed something smaller than a 5 qt for just the wife and I. This 3 qt pot fits the bill! Just the right size for two or three, No plastic handles so it can go in the oven, nice heavy bottom for even heating."", ""This is not the 365+ Stock Pot from the IKEA website. That pot is 11 quarts volume. This pot is THREE quarts volume, the one called &#34;Pot with Lid&#34; in the 365+ series. Do not buy this if expecting a good stock pot. It's tiny and disappointing."", ""I am an old man living alone. While I do have a full set of stainless cookware, I have increasing been using a countertop induction grill to do most boiling tasks. I bought this to supplement a larger stock pot, and have found it to be the perfect size for cooking for up to four people on items using smaller sized ingredients. Perfect for chile, Japanese style curry, elbow macaroni and steaming a few items (use it to steam Laulau - yes, I live in Hawaii).""]",13.01958307158202
G_094,REC_094,B003U9T9CI,Home_and_Kitchen,short,descriptive,hybrid,3,Does it include power cord,yes there is a power cord,KB_01230,1,"[""KB_01230"", ""KB_01234"", ""KB_01231""]","[""For some reason, the inner bottom of this rice cooker starts to peel off after I use it for only couple of times. And I often have to wash off these small pieces of metal fragments, with attached power cord, it's not very convenience. For sure it's not stainless steel as the advertisement claims."", ""When I opened the package as received, there was a very noticeable \""ding\"" on the outer shell of the rice cooker. I almost, almost re-packed and shipped it back. I was not sure about the shipping and handling cost reimbursement and I thought it was too much of a hazzle. So I pluged in and tried the functions. It worked. I kept the rice cooker, but I am not happy about the appearance of the cooker that it is dinged and I am not a happy customer."", ""I've used Tatung all my life as did my mother. I like this large size because I can use it for steaming other food items, not only for making rice.The only drawback I feel is that the manufacturer changed the design so that the plug is attached permanently to the rice cooker. Older models used to have the cord detachable so the unit could be washed easily.""]",12.699750019237399
G_095,REC_095,B00BUP5A22,Home_and_Kitchen,long,descriptive,hybrid,3,Does the charger have contacts that the unit sits on or does the charger need to be plugged into the vacuum?,[UNANSWERABLE],,1,"[""KB_01241"", ""KB_01246"", ""KB_01248""]","[""The more careful you do it, the less dust you get everywhere. There is no mess if you do it properly!The suction on this has been great, I've used it for about 2 months and I don't keep it on the charger, but only when I need to."", ""it works as I expected , easy to storage and charge. It does the job...... well this is my first hand vacuum but Im satisfied."", ""This is a great hand vacuum. The battery hasn't been affected by the fact that I have it charging all the time. It's sleek & easy to install on the wall. I would definitely recommend this product. NOTE:  I have not used this for wet clean up as of yet.""]",15.668083913624287
G_096,REC_096,B005RK8JF6,Home_and_Kitchen,medium,descriptive,hybrid,3,Can you use oil on this board for doughs ?,My wife uses a little mineral oil to preserve the wood.,KB_01250,1,"[""KB_01254"", ""KB_01255"", ""KB_01250""]","[""I bake a lot - sourdough, baguettes, croissants, rolls, crackers, pie crusts, etc. Having this big board (it is really big!) to put on my counter has made my life so much easier. This is especially great for kneading very wet doughs requiring what I call the &#34;slap and slip&#34; method of kneading."", ""Great board,quality is high,size is great!Remember my childhood my Mom using this kind of kneading board,making lots of delicacy.Clean nicely and protect whit recommended oil,and last forever."", ""I put this on an cheap utility shelf and voila! A huge countertop/workspace!I marked one side 'Cut' so hubby knows which side to cut his sandwich so the other side stays smooth for rolling out pastry.Very large. Plenty of space to roll out even the largest crust or fondant. 'Lip' over edge prevents board from moving much when kneading or rolling stiff doughs.Be sure to treat with food grade mineral oil to preserve wood, prevent cracking/splitting, and extend life of board.""]",15.084875049069524
G_097,REC_097,B004H2SDTM,Home_and_Kitchen,long,descriptive,hybrid,3,"I am mostly interested in flax seeds , or linseed. Does it work?",Yes it works,KB_01261,1,"[""KB_01261"", ""KB_01267"", ""KB_01268""]","[""The ultimate in sustainability! I didn't have so much luck with flax seed, I found that it all compacted towards the end but then I emailed the manufacturer and he got back quickly telling me to just add a little water because flax can be tricky."", ""I have yet had time to use this product but the shipping was so fast I was shocked it arrived as fast as it did. I am excited to press my seeds. I wish it had come with a book to explain a little better."", ""Once you get the hang of it, no mess will continue and you will be happily spending your evenings squeezing various nuts and seeds. I recommend using peanuts first and not sunflower seeds, as I did. Enjoy! &iexcl;Viva la Piteba!""]",16.651208978146315
G_098,REC_098,B005I5DO3M,Home_and_Kitchen,short,descriptive,hybrid,3,What is the Height?,[UNANSWERABLE],,1,"[""KB_01272"", ""KB_01276"", ""KB_01273""]","[""The platform is sturdy and provides just the extra height needed so that a tall person can rise without injury. I have arthritis and could not rise without assistance until I got the platform. I have purchased two and totally satisfied. Pricey, but worth it."", ""We needed to raise the height of my Dad's recliner so that he could get up and down without assistance. We wanted to get him a lift chair but he refused. This platform really made a difference. It was very easy to put the recliner on the platform and it is stable and stays in place.I would like to suggest that the description on Amazon should give the dimensions of the platform. I had to call the company to get this info and they were VERY helpful."", ""My mother (who is 93) needed help getting up from her recliner. This riser/booster has made all the difference and she is able to get out of her recliner without any help. I highly recommend this for anyone who needs the extra inches in the height of their recliner to be able to get up alone.""]",9.823166066780686
G_099,REC_099,B00A6Z5DK6,Home_and_Kitchen,long,descriptive,hybrid,3,Can these be used with polymer clay and can you bake the silicone mold?,[UNANSWERABLE],,1,"[""KB_01280"", ""KB_01281"", ""KB_01282""]","[""Very nice mold, very adorable. The mold putty was clearly mixed very well, and polymer clay comes out of the mold perfectly."", ""The silicone is very flexible, and I had no problems making clay molds with this. I see lots of little bows as part of my projects in the future. :)"", ""Yes I could Make these, but was it worth it to pay the couple bucks and have mailed YES YES ....its a very good durable mold, I will be using it for clay.""]",15.834457939490676
G_100,REC_100,B0027FFPHO,Home_and_Kitchen,long,descriptive,hybrid,3,Is the bottom inside the pot steel or ceramic? I want to make sure the herbal will not contacted with steel at all.,"Hi, there is a metal/steel at the bottom inside the pot, I believed it's a heat element.",KB_01295,1,"[""KB_01291"", ""KB_01290"", ""KB_01299""]","[""I literally can't live without this herbal cooker. I brew herbs 12 out of 14 days and was trying to do it in a stainless steel pot on the stove. The Herbal Medicine Cooker brews the herbs so well that I only have to drink 1/3 of a cup 3 times a day instead of 1 cup 3 times a day. It is totally automatic, so I just have to check the indicator lights now and then and can continue doing other things without worrying."", ""this is a good herbal medicine cooker. the only thing I don't like is if you put in a big pot of herbal medicine which fills near the top, you will likely also add more water, and it will take a very long time like 3 to 4 hours to cook the medicine. if you fill your medicine only half way up inside, then it will take about 1 hour to cook. being electric with self timer helps a lot when I want to go out, and not have to watch it."", ""This cooker is purchased for my wife to cook the traditional Chinese herbal medicine. This machine is well made, performed all tasks described well, and easy to clean.""]",15.395416994579136
G_101,REC_101,B000652LWO,Home_and_Kitchen,long,descriptive,hybrid,3,I am planning to use these for drinking glasses for young children. How many ounces do they hold? Are they big enough for little hands? How heavy?,[UNANSWERABLE],,0,"[""KB_01300"", ""KB_01302"", ""KB_01307""]","[""I see a lady who plans to return her 1/2 pt salt & pepper shakers, packed 24 to a box. I have dozens and dozens of them made by Golden Harvest, with the little handles on them like the drinking mugs, but I cannot find the lids and rings for them. Can you help? They are about 3/8\"" smaller than the small Ball Mason Regular Dome lids."", ""These are perfect for the event we are planning. Very cute and novel. Adds a special touch to the canning jar theme of the party."", ""These are very cute and serve their purpose. Quality does not seem to be an issue. But (a) they are not Ball (they are Golden Harvest), and (b) each individual jar had a Walmart sticker on it that required soaking and scraping to get off. Disappointing on both counts, but once you get over that the jars are just fine - quite nice.""]",16.882666968740523
G_102,REC_102,B001V98IRQ,Home_and_Kitchen,medium,descriptive,hybrid,3,Would this paper work with a Silhouette Cameo cutter?,[UNANSWERABLE],,0,"[""KB_01310"", ""KB_01313"", ""KB_01311""]","[""Love this contact paper. Easy to cut, use and adhere. Everyone is noticing the faux \""stainless steel\"" items in my home and can't believe it's contact paper. Would definitely recommend."", ""I wanted to cover  the side of my refrigerator that was black and not stainless steel. I had used heavier SS  paper before and it was just OK. When I read the reviews they said the paper was &#34;flimsey&#34; like alumminun foil. Well it was and if you take your time and smooth it out it comes out perfect (for me it did). I would recommend this paper but you have to take your time with it."", ""If you want a silver contact paper (not stainless) I would give it a 5. If you want stainless contact paper I would only give it 3.It looks like I painted the cabinet with silver spray paint.""]",16.152833006344736
G_103,REC_103,B004K3FKL2,Home_and_Kitchen,medium,descriptive,hybrid,3,Can you attach a headboard to this frame?,[UNANSWERABLE],,0,"[""KB_01319"", ""KB_01320""]","[""We have been sleeping well and squeak free! And our allergy problems are better due to the frame. It took my husband 20 minutes to put it together. Awesome frame."", ""I was very disappointed in this purchase. It is very strong, however, it is noisy and slides easily over the floor.""]",12.244333047419786
G_104,REC_104,B002S52ZFI,Home_and_Kitchen,long,descriptive,hybrid,3,Tags says it is cotton loops. What is the base? Is it Polyester?,"Hi, I bought these towels in white and according to the tag on the towels, they are 100% Egyptian cotton loop and 100% cotton nothing else! Take care, Andrea",KB_01328,0,"[""KB_01321"", ""KB_01329"", ""KB_01328""]","[""These Pike Street towels seemed like they were good quality on their own, but comparing them next to the other fluffier towels it was a no brainer which to keep. The Pike Street towels look like they are made well; there were no loose threads hanging off, the seams looked solid, and the loops were even throughout the towels. They're not a bad purchase at all, just don't expect something really thick that will feel like a soft blanket when you step out of the shower."", ""The Burgundy towels are a sad sad state if affairs. I bought them with the others but never opened them until the end of november 2012 and they were stringy by end of january. First a few strings here and there but then suddenly the edging came apart on all of the towels-bath, hand, and washcloths. These are a mess and it is ridiculous to use them for so short a time, assuming I would pack them up and use them for years and years at Christmastime."", ""The color of these towels is a nice slate grey, and they seemed to be pretty soft when I received them. I imagine they would have gotten even softer after washing and they would have fluffed up a bit.""]",13.031041948124766
G_105,REC_105,B003VSWZYM,Home_and_Kitchen,medium,descriptive,hybrid,3,BPA FREE ?? Where is its place of origin?,[UNANSWERABLE],,0,"[""KB_01331"", ""KB_01335"", ""KB_01337""]","[""It's great as a portable cup to avoid using any disposable cups. Construction quality is top notch and Zojirushi standard. However the lid is a complicated assembly of several mixed plastic, rubber, and metal components which means I would not trust it to transport liquid from one place to another as the top part of the lid could pop off. I see absolutely no reason why it could not be a simple one-piece lid, unscrew to drink."", ""nice looking mug, but it has lots of parts and gaskets to clean. they are also on the small side so great for kids or if you don't want to carry a heavy mug around."", ""i have compared it to thermos products and made a hard decision, but i feel lucky that i have finally chosen this one. i had thermos bottles before, but i have to say that zojirushi is really better when you compare two from the same price. ive checked every detail of this bottle and its flawless; the color is even better than seen from the online image thanks to its smooth but not slippery material.""]",12.473582988604903
G_106,REC_106,B000RZPGCK,Home_and_Kitchen,medium,descriptive,hybrid,3,What is it made of? 100% cotton?,"I believe it is a cotton/poly blend. It was a gift for a grandson and I am pretty sure it was not 100% cotton. It was very soft, though.",KB_01346,0,"[""KB_01346"", ""KB_01348"", ""KB_01345""]","[""This item came up when I searched for flannel sheets. There was no fabric description, and the item was cheap, so I was suspicious. The fabric is a flimsy cotton/poly blend. I returned it."", ""Grandson is wild about &#34;Thomas The Train&#34; - thought this would be great, but was not happy with the &#34;feel&#34; or quality of thefabric. This product is made by several different manufacturers depending on where it is purchased, and the fabrics vary...."", ""The fabric these sheets are made out of is terrible. My son loves seeing Thomas and Cranky on his sheets, however, so I have not gotten rid of them. They do not fit very well on a standard twin, either.""]",11.21891604270786
G_107,REC_107,B0000DDXLE,Home_and_Kitchen,medium,yesno,hybrid,3,"Hi, I have a GCG-2 Cuisinart Mini-Prep Plus, will this work?",If you are asking about a replacement for the original where the plastic cracked the answer is yes.,KB_01352,1,"[""KB_01354"", ""KB_01352"", ""KB_01355""]","[""I was looking for a replacement for my Cuisinart Mini Prep which is quite old and the replacement part was PERFECT!!! !"", ""I've had a Cuisinart mini-prep for many years, and it was still working just fine except that the blade housing cracked. I was looking for a replacement unit when I discovered that I could simply purchase a new blade! It fits perfectly and I expect the small processor to work for years to come:  It's just right for chopping nuts, herbs, and garlic."", ""We have a mini chop prep (I think it's called mini prep) cuisinart that I love, but have been loving less lately because the blade was dull and gross. Replaced it with this and have restored it to it's former glory days of pulverizing nuts in seconds. I wish I'd bought it sooner.""]",17.88233406841755
G_108,REC_108,B002IVU5KE,Home_and_Kitchen,short,yesno,hybrid,3,is it dish washer safe,yes,KB_01361,0,"[""KB_01361"", ""KB_01363"", ""KB_01364""]","[""I bought this pitcher because it stated it was dishwasher safe and is made in the USA. The spout is not designed well. When trying to pour without the lid it overflows the spout and spills. With the lid it is much better but liquid sometime leaks around the spout lid and dribbles outside the glass. I bought cheap and it's worth that much but not much more!"", ""Will probably use it for a little longer then just give it to Goodwill."", ""We purchased this pitcher for daily use at the dinner table, when getting water and ice from our fridge.My 8 year old son easily fills it, the lids stays on nice and snug, and the kids can use it without any problems or spills.It is pretty looking, looks like glass, goes in the dishwasher and the ice doesn't go through the spout, which is great.""]",16.678833053447306
G_109,REC_109,B005GNQ5E6,Home_and_Kitchen,long,descriptive,hybrid,3,"Does this product come with any pans, trays, etc? Should I purchase any additional accessories?","It comes with one small, shallow tray. I purchased two baking pans. Any 9x13 pan that does not have handles will fit. I use Pyrex, pottery and metal pans, just like a large oven. I also use parchment and foil to line and cover and have had no problems.",KB_01372,1,"[""KB_01388"", ""KB_01386"", ""KB_01372""]","[""I have plenty of other pans to use."", ""(I will post a picture)You can program from a number of choices of types of cooking (bake, broil, toast, bagels, pizza, etc) and choose any number of minutes you need."", ""The pan that comes with it is an after thought and an insult. Every cheap oven has come with a proper broiler pan but not this one. I hope Calphalon reads this. It is not a great company but a result of some paid for pr.""]",16.989749972708523
G_110,REC_110,B0040VIN18,Home_and_Kitchen,long,descriptive,hybrid,3,Can the metal filter from this be used instead of a paper filter in the ceramic v60 dripper?,"No, you can't. The metal filter is part of the filter and can't be separated. For the ceramic V60 dripper you can only use the paper filter.",KB_01393,1,"[""KB_01404"", ""KB_01392"", ""KB_01399""]","[""Are we using the same terminology?There is no paper filter, and it's a very fine mesh, so you're going to get a rich cup of coffee with all the wonderful oils (that get retained by the paper filter normally).Also, technique is very important (more so than with the V60)."", ""I am very impressed with this filter .....It indeed makes a rich brew without any paper filter use. Wish it was offered in ceramic or glass as I am not a fan of plastic but the functionality and usage comfort outwins other aesthetic reasons . Highly recommend !"", ""This is a fantastic coffee brewer. I have to wonder how fine of a grind people are using to report grinds in the coffee. Sure, there's going to be sediment, but that's a far cry from grinds. Are we using the same terminology?There is no paper filter, and it's a very fine mesh, so you're going to get a rich cup of coffee with all the wonderful oils (that get retained by the paper filter normally).Also, technique is very important (more so than with the V60).""]",14.673499972559512
G_111,REC_111,B002A1LGH8,Home_and_Kitchen,short,descriptive,hybrid,3,Can you microwave this container??,[UNANSWERABLE],,1,"[""KB_01426"", ""KB_01422"", ""KB_01427""]","[""I like this container much better than containers that have the \""cold spot\"" in the lid only."", ""The purpose of a sandwich container is to prevent the use of plastic bags!"", ""They fit nicely into the lunchbox and you can pack yogurt tubes, cheesesticks, or other items that need to stay cold around the outside of the container.""]",17.772249993868172
G_112,REC_112,B007QZ8NII,Home_and_Kitchen,long,descriptive,hybrid,3,Does anyone know what the reason would be that the number 9 would be displayed on the unit after it's powered off?   Thank you!!!,[UNANSWERABLE],,1,"[""KB_01447"", ""KB_01437"", ""KB_01434""]","[""The unit reduced the temp by 2 degrees...which is amazing considering the size of the room, but it reduced the humidity by 9%...down to 53%."", ""I Could Simply Raise The Unit On A Stand So The Drain Port Is Above The Sill.I've Put My Haier 10K BTU Unit Back In Service. Through The Last Four Years, It Has Seen Me Through Many Sweaty Days Without Fail. The Much Shorter Hair Exhaust Adapters Yield The Front Of Its Much Larger Unit 20\"" From The Window. Produces 10,000 BTU At 950 Watts Consumed ( EER - 10.53 ) Draws 9 Amps.As Each Unit Has Same EER, If The Smaller Soleus Unit Were Less Prone To Stopping, I Would Give This Unit Great Preference."", ""But having said that, so far, this little unit works quite well.Update: This past weekend our bldg's central air went out...it was VERY humid even tho the temp inside was only 79d, the humidity was 62%. I set the unit up in the living room to see what would happen even though the area is at least 700 sq ft. The unit reduced the temp by 2 degrees...which is amazing considering the size of the room, but it reduced the humidity by 9%...down to 53%.""]",17.786333104595542
G_113,REC_113,B00B4M83MU,Home_and_Kitchen,medium,descriptive,hybrid,3,What is the outside diameter or circumference?,"Way small, I have thicker spaghetti. I don't know the exact measurement but it is very similar to what you'd find at a gas station for coffee. Hope this helps.",KB_01460,0,"[""KB_01459"", ""KB_01464"", ""KB_01460""]","[""Works like a straw should. Great length for the high ball glasses, awesome for the person who likes to sip their drink..."", ""version for my travel mugs, this barely sticks out the top..no other cons I can think of.Simple item, easy on the wallet price.."", ""What can I say. they are plastic stir straws for coffee. 1000 will last the office a while too, some of the people here suck down a lot of coffee every day but these are cheap and will go a long way.""]",13.03595898207277
G_114,REC_114,B002865DNI,Home_and_Kitchen,short,descriptive,hybrid,3,Measurements?,[UNANSWERABLE],,0,"[""KB_01479"", ""KB_01484"", ""KB_01482""]","[""Well worth the $$. This is a product that will last a long time and is so much better than smaller versions that you can purchase in the usual mega stores. I am very happy with this purchase."", ""seems expensive for its size, I expected it to take more loads."", ""very sturdy frame, easy transport handles on bags.""]",13.431958039291203
G_115,REC_115,B004P2LEE0,Home_and_Kitchen,long,descriptive,hybrid,3,I want a slow cooker that I can cook oatmeal in thu the night ?? For one person !!!!,"Yes, this is the perfect size. In fact, the recipe I have makes 3 servings and I've found that it cooks steel cut oats perfectly, and they re-heat great with a little extra milk. Great time-saver for being able to have breakfast before work! The recipe can be found in ""Vegan Slow Cooking For Two - or - Just For You"" by Kathy Hester. She also has a blog online where a bunch of recipes are posted. (Pear Rose Cardamom Oatmeal) I substituted an apple for the pear and skipped the rosewater, but love the cardamom!",KB_01497,1,"[""KB_01490"", ""KB_01502"", ""KB_01508""]","[""I recently landed my first full-time gig after graduating college. for months I basically ate out for every meal, because I craved a warm meal, but had no desire to spend my few hours of free time after work in the kitchen putting together a meal that I would devour in less than ten minutes.So, I got myself this slow cooker and tried out a few recipes. I have to say, I can't imagine life without a slow cooker now! I made a pot roast with red wine a few times and let it cook on low for 12 hours over night."", ""I ordered a smaller one, a 1.5-quart slow cooker this time, thinking that since I'm only cooking for one that was all I really needed."", ""I bought this to cook oatmeal and so far that is all I have cooked.""]",18.081666086800396
G_116,REC_116,B00ECH685S,Home_and_Kitchen,long,descriptive,hybrid,3,Where do I find the cover that fits the one gallon crock?  I wish these listings were more clear regarding what size you are getting when you order.,"Search Amazon for Ohio Stoneware 11600 crock cove (""cover"" is misspelled).  It fits the 1 gallon Ohio Stoneware crock. I do not own it myself, as I have the 3 gallon crock and cover instead. Good luck!",KB_01510,1,"[""KB_01510"", ""KB_01518"", ""KB_01511""]","[""This item is a quality item. It fits a 3 gallon crock perfectly. The advertising claimed that it would also fit a one gallon crock, but it doesn't do more than just cover the top of the crock and does not look pleasing with so much of the lid hanging over the top edge. I recommend using it for 3 gallon crocks. I would purchase more of this item."", ""The advertising claimed that it would also fit a one gallon crock, but it doesn't do more than just cover the top of the crock and does not look pleasing with so much of the lid hanging over the top edge."", ""I've ordered these crock covers twice now. The first was canceled because they were out of stock. When Amazon notified me they were available I ordered right away. These covers are very hard to find. With that being said I simply do not understand why they pack these covers with a piece of flimsy cardboard between them. The top one was shattered to bits. $41.14 is a little steep for just one cover and I will be sending for a replacement. I am very happy with the covers themselves and will be making my husband sauerkraut soon!""]",18.23237503413111
G_117,REC_117,B009MBW1AK,Home_and_Kitchen,medium,descriptive,hybrid,3,Can this cookware be used in the oven?,"No, the handles are not oven proof. It's the only bad thing I can say about the set. Other than that I absolutely love them. The quality is very good. I use my cast iron in the oven.",KB_01525,1,"[""KB_01537"", ""KB_01536"", ""KB_01541""]","[""This is the best (frying pan) cookware set--ever."", ""I  still love my cast iron and use them for anything that needs to go in the oven or frying, however, many things cannot be cooked in cast iron so these are the ticket!"", ""Maybe cooking in pretty cookware does the same.""]",13.421542011201382
G_118,REC_118,B003QCJHK8,Home_and_Kitchen,long,descriptive,hybrid,3,how long have you had your? is it still sturdy now?  please answer if you you have had it for years.,[UNANSWERABLE],,1,"[""KB_01549"", ""KB_01548"", ""KB_01547""]","[""This table is the best buy I've made in years on Amazon. VERY sturdy, great material and a true pub feel. This thing is my favorite spot for work or coffee. Makes the whole room. Glad I found it and highly recommend this to anyone looking for a well-built table that feels like it was stolen from a local pub or coffee shop."", ""Can't complain. It looks very nice and not at all cheap. The surface is very smooth to the touch and the color complements our white walls very nicely as well. The table feels sturdy and is perfect for the two of us. Assembly was very easy and didn't take too long. I managed to put it together alone."", ""Good little table and a great color, too. The construction is very sturdy and it was easy to put together. I got the matching chairs also and, though there are cheaper options out there, this will last a long time, I can tell. Had it about 6 months and it's great so far!""]",17.40687503479421
G_119,REC_119,B00A1ECR2E,Home_and_Kitchen,long,descriptive,hybrid,3,"Did you need to use a mold release spray?  I'm wondering if I need to bother spending extra money on it, or if they will pop right out.  Thanks.",I have used this mold several times now and there was no problem getting the resin out. Hope this helps!,KB_01567,0,"[""KB_01574"", ""KB_01569"", ""KB_01567""]","[""I had ordered another mold that I ended up breaking when trying to get the resin coaster out and this one has some give so you can just pop it out like an ice cube tray."", ""Worked really well! I had ordered another mold that I ended up breaking when trying to get the resin coaster out and this one has some give so you can just pop it out like an ice cube tray."", ""I ordered this to make coasters at home for a Christmas gift. I read other product reviews for something similar and decided not to spend the extra money on a release formula for the resin. I was very happy with that decision. My husband and I have made 10 coasters and not once had a problem getting the finished product out of the mold. It is big enough to make your coaster look beautiful.""]",18.142958055250347
G_120,REC_120,B0000BY8S6,Home_and_Kitchen,long,descriptive,hybrid,3,"I just bought 2 (forgot from whom) that were more gray than blue.  Are yours a pretty blue, like sky or baby blue, or grayish?","My Martex Vellux blanket is blue, but I would characterize it as more of a ""grayish"" blue than a baby blue or sky blue.",KB_01595,0,"[""KB_01587"", ""KB_01594"", ""KB_01584""]","[""I own many of these blankets in various colors. They are great during the summer or the winter."", ""I ordered the hunter green color and it looks just like the picture."", ""if you want a Martex Vellux blanket this is the only one they are currently manufacturing).My new blanket arrived yesterday. It was just like the one I just had. It is a great blanket with fantastic insulating properties. It is very durable and I would consider it very \""washing machine friendly\"". Mine arrived very soft (i.e. it was not stiff). I ordered the hunter green color and it looks just like the picture. Note: Only the top and bottom are hemmed. The sides are just cut straight; however, due to the construction (kind of a fuzzy faomy material over a mesh) it never ravels.""]",17.060292069800198
G_121,REC_121,B00E8Y79SK,Home_and_Kitchen,long,descriptive,hybrid,3,How durable is the line itself?  Does it sag much if you hang a hand towel?,The line is very durable.     We have hangers on it all the time -- very little sagging.,KB_01608,1,"[""KB_01606"", ""KB_01602"", ""KB_01603""]","[""The line itself is basically a thin piece of string. I put two pairs of pants on it and it sagged significantly. The line is not coated in plastic/rubber so the clothes slide down to the middle when it sags. I wish I could return the thing. It does secure to the wall pretty well, though. It's just that you can only hang one sock on it at a time."", ""This clothesline is just what we needed to replace one in our RV. The locking feature creates a tight line to hang wet towels on, which is what we use it for. I would recommend it for anyone looking for a line that you need occasionally that doesn't take up much space."", ""We've needed a place to hang those clothing items that should drip dry. Finally, this line takes care of that need. DH installed it so that when the line is not in use, it is not noticeable. Yes, it will support a line of wet clothing without sagging so much that the clothes all slide together if you tighten the line tension adjuster. Love it!""]",16.5034590754658
G_122,REC_122,B001076GP0,Health_and_Personal_Care,long,descriptive,hybrid,3,Does it work for a Series 7   760cc-a shaver? what is the difference in 760cc and 760cc-a?,[UNANSWERABLE],,1,"[""KB_01616"", ""KB_01615"", ""KB_01612""]","[""The cord works for my 760cc Braun Razor. I would have given 5 stars, but the price while comparatively good, is more than a power cord should cost."", ""This product works as advertised. Can't say much else about it really besides it works and it fits my 760cc"", ""I bought this charger for my Braun 790CC-4. For those wondering, I got the Hugo Boss edition from a German seller. The charger that originally came with it does not work with the outlets here in the United States. Although the seller provided an adapter, it was still not a really good fit. So I bought this. Now I can charge my shaver with ease.""]",17.158749978989363
G_123,REC_123,B00ANIYKRS,Patio_Lawn_and_Garden,long,descriptive,hybrid,3,The line won't auto-feed and I have to stop and manually pull it out every few minutes. HALP!,"That's only happened to me once. Pop the spool cap off (squeeze the two sides and pull it) and look at the spool of line. It's possible you have some sort of knot in the line stopping it feeding freely. If so, pull it out and rewind it. I've had very few problems with it, though if you're whacking weeds close to concrete or stone, for instance, it will wear quite fast, requiring stopping every minute or two to feed more line. BTW, you should hear the line feed click just before the head stops turning. The thing is designed for about a 1/4"" feed on each stop/start.",KB_01623,1,"[""KB_01624"", ""KB_01625"", ""KB_01623""]","[""After a few uses the trigger auto feed function stopped working. No matter how many times I press the button no line is advanced. There is a manual release button on the side of the spool housing but this requires you flip the tool upside down every few minute or so.If you are looking for a good option please save yourself the money and look somewhere else. What good is paying $150 for something that is not serviceable and didn't last a couple months."", ""Been using this trimmer for about 6 months now, actually using it once in a while as the automatic feed never worked on it. It is so frustrating to have to stop and manually feed the line. The trimmer also does not allow you to get very close to the target area as the bulky front end is way too big for close trimming. I love the lithium power and the concept of this trimmer but will be looking for another brand with the same functionality that works."", ""I've tried different types of string to no avail. Today was the final straw. I did not make it more than 3 linear feet before having to stop, pull off the head, pull out the spool, unwind some string, feed it through the grommet, replace and go only to have it break again within the next 2-3 feet. Bottom line:  GARBAGE""]",18.70920800138265
G_124,REC_124,B009T7H0QM,Home_and_Kitchen,long,descriptive,hybrid,3,"can youadjust the temperature manually or are there just ""settings,"" like on a crock pot ?","There are temperature settings you can set if you use it in ""oven"" mode.  There are also low, high, and keep warm settings if you want to use it like a crockpot.",KB_01637,1,"[""KB_01632"", ""KB_01636"", ""KB_01638""]","[""I have seen  this same crock pot elsewhere for at least $50.00 cheaper!!! A few people have told me that this product was a great way to cook your meals. I tried it and I have to agree, it is so simple to just throw everything in the pot, turn it on, and just sit back and let the crock pot do its thing. The meals I have cooked in this crock pot were very tasty."", ""I will not buy any more crock pots that can't sear, but I'm hoping that Crockpot comes out with a searing version at a much lower price. I'm expecting they will in the future."", ""My suggestion is to let the pot cool after cooking and then cleaning immediately to avoid \""stuck\"" on foods. This product is not dishwasher safe, so know going in that you have to hand wash. This isn't a big deal for us either. The \""one pot\"" meal has become our favorite! One con that I can think of is that the product has a timer--but it doesn't make any noise when the time is up.""]",15.956084011122584
G_125,REC_125,B00101TXPG,Baby,long,descriptive,hybrid,3,"I like being able to hear everything that goes on in my baby's room.  Can you clearly hear all background noises (e.g., wave machines, etc.)?",It is quite clear but the volume is not high. We use it for our quadriplegic daughter when she calls in the middle of the night. I like that we don't get static from other electrical objects or the aluminum wiring in this house.,KB_01649,1,"[""KB_01644"", ""KB_01643"", ""KB_01646""]","[""This is a great monitor.I feel like I can hear everything going on in Baby's room, NO interference, no pesky channels to mess with.The design is beautiful."", ""My baby is almost 3 years old. I've had several monitors over the years and I can tell you, for this price range this is as good as it gets. It has a great mic, you can definitely hear everything going on in the babys room: a clock ticking, the sound that the curtain makes, etc. Even if the baby breathes deeply and you have the parents unit on loud you can hear it perfectly. I like that about it.There is no static on mine at all."", ""I registered for this product based on the high rating and chose to ignore some people who had complained about the volume :-(. Big mistake. One cannot hear the baby's small noises if there is TV, you are talking to someone, the bathroom fan is on etc. It is really painful. You can hear it if he is crying though - but I don't want him to have to cry to get our attention (that's the whole point of using a monitor, isn't it?""]",17.49379199463874
G_126,REC_126,B009HRFGNS,Home_and_Kitchen,medium,descriptive,hybrid,3,Is this oven big enough to cook a turkey?,It's only big enough for a 5 lb. chicken or turkey if you can find a really small one.,KB_01652,1,"[""KB_01654"", ""KB_01652"", ""KB_01653""]","[""This toaster oven exceeds my expectations. I wanted something to cook small portion and not use my oven,this oven is perfect to bake and boil in."", ""Works great. Had to find something to replace the little oven that we had and love the griddle on top. This fit the bill. One of the big complaints was that our old oven wasn't big enough to really do a nice chicken in the rotisserie, but this is a little bigger so should do fine (other reviews stated up to 5lbs and I haven't used that feature just yet). Everything else really cooks well in there. I am very happy with it."", ""use this oven all the time. Toast sandwiches, backed cookies, baked muffins, and breakfast. Best rotiserie chicken ever. Convection is awesome. Bake on lower temps and quicker. Recommend the rotiserie baking kit it Fits well. Does everything my big oven does but sits on my counter top. :-)""]",13.755875057540834
G_127,REC_127,B00GYBZURM,Toys_and_Games,long,descriptive,hybrid,3,Does this kit come with a go-pro camera? I am building my own drone and would like to include an FPV system...,No you must buy your own camera,KB_01667,1,"[""KB_01670"", ""KB_01662"", ""KB_01666""]","[""I spent hours and hours researching FPV kits and components, watching many youtube videos. Because I needed a video kit installed on my Phantom in time for my sons upcoming wedding, I went and and threw in the towel and purchased this kit because it was just the easiest thing to do and I couldn't sort out all the conflicting information regarding other similar products."", ""I have been using the KumbaCam advanced kit for 3 weeks now and it rocks! I have been doing a lot of flying with my DJI Phantom 2 and F550 Hexacopter for a little bit and wanted to take my flying and filming to the next level. I wanted to be able to comfortably fly far distances out side of my line of sight, and the ability to frame up my shots for ariel video via my go pro 3+."", ""There's also something to be said for a U.S. company to buy from if you have issues.And boy am I glad that I did buy from KumbaCam. I received the kit on a Friday and installed it the next day and performed my first test flights. I was very disappointed with the results. Video reception was breaking up at very short distances and the LCD monitor was just not as high of a resolution as I would expect.""]",16.205625026486814
G_128,REC_128,B00GGN264I,Health_and_Personal_Care,short,descriptive,hybrid,3,Is psyllium better than inulin?,"Most psyllium products need sugar, artificial sugar and color and other additives to make it palatable.  I doubt if any of us need those additives and Clear and Natural is 100percent inulin without additives.  Strange that it costs more without all that other""stuff""!",KB_01673,1,"[""KB_01673"", ""KB_01672"", ""KB_01680""]","[""The active ingredient in Clear & Natural is &#34;inulin&#34;, an insoluble fiber supplement, which has controversial reviews from various users and authorities, regarding its efficacy and effectiveness. I found that it resulted in serious gastrointestinal distress, gas and flatulence. I promptly returned it to Amazon and cannot recommend it."", ""when I found that I couldn't buy this product because the manufacturer wasn't making it anymore I was looking for a replacement but was happy to find it available at a great price on Amazon. this product works so well for me - much better than a wheat product. and I don't like the physillium products"", ""Title says it all! This is the best fiber supplement out there - smooth and tasteless, and mixes in any liquid.""]",11.793291079811752
G_129,REC_129,B008AG5VOQ,Toys_and_Games,long,descriptive,hybrid,3,Does this tricycle have an easy way of taking on and off the push handle and does it fold down for transport?,Push handle easily removed with a single pin under the seat . Does not collapse or fold down.,KB_01685,1,"[""KB_01687"", ""KB_01685"", ""KB_01690""]","[""The tricycle isn't extremely high quality. The pushing handle has alot of slop in it as others mentioned but doesn't make it too hard to navigate with. I compared lots of similar products and if I had to do it again, I would still purchase this."", ""I really like this tricycle. I just with the handle was a little taller for my man and he's only 5'9&#34;."", ""Radio Flyer seems to be putting out cheaper and cheaper products. This looks sturdy, but it's not. It just feels like thin and cheap plastic. The little canopy is difficult to get on and off. While it's on, you can't actually see your toddler--even when you fold it back. The worse is that the pin that olds the handles for the adult to push in the back is loose in its design.""]",16.074415994808078
G_130,REC_130,B00004RGB7,Home_and_Kitchen,short,descriptive,hybrid,3,Is it difficult to clean?,No,KB_01693,1,"[""KB_01700"", ""KB_01691"", ""KB_01698""]","[""My husband, the chef, doesn't know how he's ever lived without a double boiler now that he has one. He uses it all the time.Never burn the cheese sauce again! And it is really easy to clean."", ""The double boiler is perfect for making hollandaise sauce or melting chocolate, and I also use the lower pot (which is thicker and feels more durable than the insert) to cook nearly everyday. The handles stay cool and the pots are still in great condition after two years. My only gripe is that the insert has a groove on the inside (where it sits on the rim of the lower pot) that is difficult to clean if food gets into it."", ""This double boiler is an excellent value and thankfully, 100 percent stainless steel. It arrived promptly, was very reasonably priced, and is easy to clean. Would recommend highly!""]",11.824041954241693
G_131,REC_131,B001DEYVXO,Electronics,medium,descriptive,hybrid,3,Anybody know if this works with windows 8?,"Yes, I have been using the Hauppauge TV Tuner with Windows 8 for about a month with no issues.",KB_01707,1,"[""KB_01707"", ""KB_01708"", ""KB_01701""]","[""The Hauppauge works perfectly with my Lenovo laptop running Windows 8. I called the Hauppauge company for advice about which tuner to purchase and received friendly and competent customer service. The tuner works perfectly. Based on reviews, I also decided to purchase Windows Media Center ($100 extra to convert Windows 8 to Windows 8 Pro) and don't regret it. The tuner has worked seamlessly and easily with Windows Media Center."", ""I'm running Windows 8 Pro. The device is compatible. Software for tuner was easy to install, no problems. Picture is great, tuner works exactly as advertised. Only negative is the remote. Did not work at all. I wasted a few dollars on 2 new batteries; no help. Remote still doesn't work. The tuner does NOT work with Windows Media Center. I've tried numerous times booting Media Center and the program does not recognize the tuner. For the money the tuner is a good buy!"", ""Win7TV update was never able to be installed on Windows 7You know, when you name a program WinTV7, people might think it works with something like... Windows 7. Updates should be provided.This was an atrocious install, for a very minimally valuable product.8 restarts of one computer required during installIt did not work much better on an XP machineAwful, just unbelievably awful.""]",13.408832950517535
G_132,REC_132,B00276BKBS,Health_and_Personal_Care,short,descriptive,hybrid,3,How many servings per container?,Product label says 28. Using the measuring scoop  provided  you will get 28 single servings per container.P Galie,KB_01711,1,"[""KB_01711"", ""KB_01712"", ""KB_01713""]","[""You get 28 servings per jar, so if you take one a day it will last you all month.I prefer to take it with about 8 ounces of cold water stirred in a glass with a spoon (easier to use a blender). I may try it with other types of drinks, but just the water seems to work quite well.All in all, This stuff is great for Vegans or anyone who wants a fine meal replacer."", ""I'm a food and protein supplement junkie. I've used many kinds. I'll be sticking with this one. Cheap tastes good, mixes well, and give me a huge burt of energy because it's so easy to digest. I mix it in a blender with apples, bananas oranges and dates. I find it lasts 1-2 days unrefrigerated if kept in a sealed container. Does seem to give me a bit of gas though, as one would expect with a product made of plant-based organic matter."", ""It gives me 215 Calories of solid nutrition and takes the place of the other supplements I would normally take (a multivitamin and a probiotic).As a diet supplement I think this is second to none -- the price per serving is comparable to prepackaged diet shakes and those are nutritional train wrecks compared to this.""]",11.913541005924344
G_133,REC_133,B0063N7OZ2,Electronics,long,descriptive,hybrid,3,Can a cop pull you over in the state of CT for having the detector hanging from your rear view? You can get pulled for hanging an air freshener.,[UNANSWERABLE],,1,"[""KB_01728"", ""KB_01724"", ""KB_01721""]","[""While you can still run your traditional cigarette lighter chord up the the detector, hardwiring it eliminates that curly chord from having to run from your dash up to your mirror. I mean really, if you're going to go through the trouble the make your detector look sleek by mounting it to your rear-view, you might as well go all the way by hardwiring your detector to your car.Overall, great product and a breeze to install!"", ""Very easy to install. Radar detector looks great hanging under the mirror instead of hanging from the windshield. Gives the radar detector a clearer view of the road."", ""The Radar Detector can be moved around in any direction to assure a level install of the RD. Once installed the only thing I see is the RD hanging under my rear view mirror. The Ultimount is completely hidden behind the mirror, (It was smaller than I imagined it would be when I ordered it).""]",21.91450004465878
G_134,REC_134,B003C6RR1E,Health_and_Personal_Care,short,descriptive,hybrid,3,what is the ingredient formula?,[UNANSWERABLE],,1,"[""KB_01731"", ""KB_01734"", ""KB_01733""]","[""eye doctor says this is only formula that works this is only product i could find that matched formula available other then band he sold for much higher price"", ""My eye doctor recommended an ocular supplement. This product contained the ingredients and the amount needed at a price that is cheaper than what my doctor suggested. The package was delivered in a timely manner and in good condition. I will continue to order this product."", ""Packaged differently than in the USA. Package was a bit damaged when it arrived but the product looks the same. It is priced better than in the USA but I wish the packaging was better for the long trip overseas.""]",10.430374997667968
G_135,REC_135,B00A9PKN3A,Sports_and_Outdoors,medium,descriptive,hybrid,3,Does the bike have to be assembled?,Yes,KB_01736,1,"[""KB_01736"", ""KB_01745"", ""KB_01738""]","[""It's delivered in disassemble condition and without any tools. If you are not familiar with bike, so please buy one from bike stores, But the assembled one in bike store is nearly $300 as far as I know. So pay attention."", ""Bike was delivered in a double box so that helped eliminate the chance of damage. The bike went together easily and worked fine. Seems to be a nice bike for the price"", ""It is a nice bike but you need to go to the store have a whole body adjustment to make it safety.""]",13.554250006563962
G_136,REC_136,B0090EC7BM,Electronics,medium,descriptive,hybrid,3,if it comes with the wiring connector?,[UNANSWERABLE],,1,"[""KB_01748"", ""KB_01752"", ""KB_01746""]","[""You also need the wiring harness conversion (and wire crimp connectors), a bracket and a molding piece specific for your car/truck. We did successfully install the radio in my sons 97 honda civic where the radio does match the space but still does not allow screws to a mounting bracket to allow vibrations from moving it."", ""I bought this to replace my OEM radio so I could use an XM tuner. It was fairly easy to install, I had to purchase a connector separately that would connect to the factory harness. XM tuner plugged right in, as well as the Blue tooth Mic. Blue tooth works great, no complaints from callers, and I can hear them clearly."", ""It also comes with a wireless remote control. It was really easy to hook up my small subwoofer with amp. There are built in settings that allow you to make all the base go to the sub instead of the speakers. Love it! I HIGHLY recommend this to anyone!! !""]",12.833834043703973
G_137,REC_137,B004CLYAJK,Home_and_Kitchen,medium,descriptive,hybrid,3,How large of an area does this cover?,[UNANSWERABLE],,1,"[""KB_01758"", ""KB_01756"", ""KB_01759""]","[""This is my first air purifier and my second Hoover product. I highly recommend. I plan on purchasing another unit in the future to put in the living room area of our house. Great product!"", ""Great for price!! Reduced a lot dust in rooms! Easily portable to cover all rooms! Wish I bought two when they were on sale!"", ""Good quality, as one would expect from Hoover. Immediately noticed the difference at night when sleeping. Very heavy pollution and allergens in our area and it really cut down on those symptoms. Easy to clean and there was quite a lot on the filters, evidence of  the effectiveness. Only question, as with all products these days, is how long will it last?""]",11.177957989275455
G_138,REC_138,B00GN5DHH4,Electronics,medium,descriptive,hybrid,3,Does the ear piece come with a microphone to talk into?,"The microphone is not the best quality, several of ours stopped working after just a few days. But the earpieces and the radios were still well worth the purchase.",KB_01770,1,"[""KB_01767"", ""KB_01769"", ""KB_01768""]","[""We ordered 10 walkie talkies for our staff. We operate a large testing lab, where we need to stay in touch. The ear piece is a little uncomfortable, but better than I expected. The sound quality is good and the units appear to be well made. I expect we will receive years of serviced from these walkie talkies."", ""We purchased the radios to keep in communication when setting up and orchestrating a fireworks show. The radios were great, we were able to speak with each other and hear each other regardless of the noise around us. While the MC was speaking I unplugged my headset and turned up the volume and everyone around me was able to hear the speaker through the radio. We had the speaker keep the mic open on the radio so the crew in the back could hear. The ear pieces work great."", ""I've been using these radios for almost a month now in a ministry setting. I ordered 10 to start, just ordered 5 more. I love them! Great build quality and easy to use. I wanted something that was hard to mess up, dials for power and channels help achieve that simplicity. The ear sets that come with the radios aren't great, I ordered different ones, found one stopped working well the first time I used it. Over they are a fantastic radio and the price is great!""]",17.1886250609532
G_139,REC_139,B00067MVUE,Pet_Supplies,medium,descriptive,hybrid,3,What parts of it are made of metal?,Just the springs are metal. If you leave the Scoop outside they do rust eventually but last for years. Mine was in the weather for many years before they rusted and broke but would have lasted longer if I kept it indoors. I immediately bought another Scoop as it is such a good product.,KB_01784,1,"[""KB_01775"", ""KB_01780"", ""KB_01778""]","[""I love this its great just remember to put some WD40 on the metal parts. Worth a repeat purchase so I did."", ""It's plastic. Enough said. You are better off purchasing a metal unit that won't break and will last more than a minute."", ""So far so good. Hasn't came flying apart on me. It really REALY needs a flashlight that points down at the scoop. (guess I could get out the duck tape) I wish it was made of metal also so I could wack a stray without worrying about it disintegrating on me.Chris Olsen""]",12.313041021116078
G_140,REC_140,B000F6Y686,Electronics,long,descriptive,hybrid,3,Does this let you focus at objects at ~12x telephoto zoom from a closer distance than with the normal lens setup of an FZ200?,[UNANSWERABLE],,1,"[""KB_01788"", ""KB_01786"", ""KB_01791""]","[""At least it works with them, but it adds to the screwing/unscrewing process. Good info to know.-The FZ-200 does focus better if you zoom all the way in to 48X (iZoom) rather than leaving it at 24X and cropping it later. The image quality will be otherwise identical once processed and cropped, but the focus at the time of shooting is better if you zoom in to 48X. Why? It beats me...the camera just handles it better for some reason."", ""It is a one trick pony. It is only for taking shots at long distance. If you decide to quickly pull your zoom back and try to take a shot of a close item, you will be looking down a black tunnel with the circular lens at the end of the tunnel. Sort of like looking down a spyglass. That's what it looks like when you try to take close/average distance shots with this still attached."", ""If you have an an FZ50, this is your only telephoto option. Optically, it works quite well, with good sharpness across the entire lens, but some of the mechanical aspects of it could have been better done. The main problem with it is that since the FZ50 has a fixed lens, the tele-converter attaches to the camera lens by screwing onto the filter thread.""]",16.89524995163083
G_141,REC_141,B009KZ20D6,Tools_and_Home_Improvement,long,descriptive,hybrid,3,How durable are the heads on these? I have another precision set I got from RadioShack (lol) and the smallest Phillips head bent painfully easily.,They're quite durable. I purchased this set in September of last year and I have used it on multiple cell phones and laptops. The #000 Phillips screwdriver I have used the most and I took a picture with a macro lens to show you how well it's held up.  http://i.imgur.com/H4MrxbR.jpgHope this helps,KB_01795,1,"[""KB_01796"", ""KB_01797"", ""KB_01798""]","[""I bought this as an extra set, but tips of the Phillips screw driver are not sharp and wont work on most screws. They end on flat.I have other set of another brand that works perfect."", ""Guess I didn't read the fine print. This jewelers screwdriver set includes three useless star head drivers that I wish were more sizes of Phillips head. Otherwise the quality is good and the design is one of the best I have used so the drivers are easy to handle and grip."", ""The quality of the screwdrivers is excellent. They feel very solid and are long and thin enough to reach nearly any screw. The end of the handle fits comfortable in the hand and I have never had a problem getting a good enough grip. The only way this set could be better is if it included a larger Phillips head.I would recommend this set to anyone who needs to do some work on their computer.""]",16.809207969345152
G_142,REC_142,B001BOD9JI,Pet_Supplies,long,descriptive,hybrid,3,can you adjust the flow rate or is it just 3.5 gph. i wanting to use to add Kalk but want to do way slower than that,"Flow isn't adjustable on these. I use one to topoff kalk, but on a digital timer that runs the pump for about 5 minutes at a time, 6 times a day.",KB_01805,1,"[""KB_01805"", ""KB_01808"", ""KB_01807""]","[""Digital timer runs the aqualifter for 5 minutes, once every three hours, which comes out to 40 minutes a day. This is just enough to topoff the 1 gallon or so per day that evaporates from the tank. Actual flow rate of the pump is highly dependent on the height you are pumping. When the bucket is nearly empty, the pump is sucking through about two feet of tubing, plus pumping up about 20 inches, and pumps more like 1.5 to 2 gph."", ""TOM Aquarium Aqua Lifter Pump 3.5gph flow rate to 30 inches height,  works like stated. would recomend to others. Delivery was fast."", ""The pump works as advertised! I get about 2 gph instead of the 3.5 gph, however I am pumping through 4 ft of tubing. This is the second Aqualifter that I have purchased. They are being used as dose pumps in my hydroponics system.""]",16.697791987098753
G_143,REC_143,B00119QDPA,Musical_Instruments,long,descriptive,hybrid,3,What is the measurement of the circle at the bottom? I am wondering if it will work with my mic. Thanks!,[UNANSWERABLE],,1,"[""KB_01816"", ""KB_01819"", ""KB_01822""]","[""The first one, the circle with the threads in it that screw onto the mic stand actually broke in half, becoming a 'c' instead of an 'o.' My second one won't tighten anymore, so the mic just droops. Not really upset because I use my MXL 990 probably the most out of all my mics, taking it to and from gigs, so I'm not surprised I need to buy replacements! Go ahead and get this replacement."", ""I bought this mount which is EXACTLY like the one that came from the manufacturer when the mic was purchased. My ordering was fast easy and the delivery was quick with no problems. Perfect replacement piece!"", ""I've had an MXL condenser mic for 10 years or so. The threads in the hard mount stripped, and as a result, made the mic difficult to use. Duct tape was a quick fix that lasted until I finally found the replacement. I know I'm not reviewing the MXL large diaphragm condenser mic, but I gotta say for fifty bucks I love it. I have a Shure KSM 32 that is awesome, but it will pickup ant footsteps.""]",15.713583095930517
G_144,REC_144,B000063XH7,Home_and_Kitchen,long,descriptive,hybrid,3,Is there a grease channel and catch-area for bacon grease as the bacon cooks?,"There's a guide on one corner that will funnel the grease, but no catch or drop pan.",KB_01831,1,"[""KB_01827"", ""KB_01826"", ""KB_01834""]","[""He explained in one episode how he fries bacon in a waffle maker. While cooking, grease drains away from bacon and splatter is eliminated. Needless to say, this is one of my uses for this machine: cooking organic bacon. Spouts on side of each plate makes it easy to drain grease to refrigerate and use for flavoring other foods later. (Such as homemade fajitas. )Besides waffles, bacon, and grilled items, I use just the grill plates to make home made tortillas!"", ""This waffle maker is great. We cook sandwiches, waffles, and pancakes  daily on it. We tried to cook bacon but the grease kept overflowing over the sides, so won't do that again. Everything  comes out golden brown. The only drawback is it doesn't have an alarm so you have to babysit it. Wonderful product."", ""You should do this after each waffle. I don't wash my grids (I only ever cook waffles and pancakes on it) so I don't know how it works if you do, but as time has gone on I don't need to grease the iron as much and can make a few waffles without needing to oil it.""]",22.453999961726367
G_145,REC_145,B005JVNQPQ,Automotive,long,descriptive,hybrid,3,"Is it normal that where the rust was that its black and textured?  Is it also normal that the rust just doesn't ""fall off"" and requires rubbing?","I just use some today, and you do have to rub it sometime to get the rust to come off. I have seen the metal turn black and some time metal gray when the rust was removed. I love this product, it just saved me some tools that had gotten wet and rusted badly. I thought I was going to have to throw them away but it saved them. Well worth what I spent when I saved my Harley Davidson gas tank that rusted inside when it sat to long.",KB_01835,0,"[""KB_01836"", ""KB_01835"", ""KB_01839""]","[""I was surprised it really works cleans the rust off like it states. one thing is don't leave it in to long or it will turn the metal black."", ""just turned fluid dark and left most of rust on a set of dies. leaving rust and black spots. 48 hr soak"", ""Followed the instructions to clean out a very rusty motorcycle tank,  Temp was well above 68 degrees and I let the tank sit for 5 days. When I poured out the rust remover it was black as ink. The inside of the tank looked like new. I have since used the reserved black liquid with good results to remove rust from a variety of rusted items,  I would definitely recommend this product but you must follow the instructions.""]",18.228999921120703
G_146,REC_146,B000CPI5XM,Automotive,medium,descriptive,hybrid,3,Does this work for ford 2002 f350 diesel??,Yes it will.,KB_01851,0,"[""KB_01845"", ""KB_01851"", ""KB_01852""]","[""I have a 2002 Mazda B-3000 truck (Ford Ranger) with about 80,000 miles on it and a 5-speed MANUAL transmission (Yes, this trans uses ATF - not gear oil as you would expect).Before the ATF change, my truck shifted a little roughly and I could hear a slight whine in second gear when the truck was cold. This ATF made a huge difference. It still isn't perfectly smooth when shifting into second, but there is no more whine."", ""Bought this stuff to put in the 6 speed transmission & transfer case of my 99 Ford Powerjoke. Seems to shift fine, can't tell much difference here as I was just doing maintenance."", ""My 1998 Ford Ranger was experiencing transmission problems. A friend recommended I try this stuff before replacing the transmission. It's awesome. Now when I shift through the gears, it feels like a knife going through soft butter. What a fantastic product! It saved me thousands of dollars.""]",12.416666955687106
G_147,REC_147,B00FM0N514,Home_and_Kitchen,medium,descriptive,hybrid,3,What are the dimensions of the bottom cabinets?  The drawers?,"The two bottom cabinets are each 15.5"" deep, 16"" tall and 19.5"" wide.  There are adjustable shelves that you can opt to put in them.  The drawers are 17.5"" wide, 12.5"" deep and about 3 3/8"" tall.",KB_01862,0,"[""KB_01855"", ""KB_01856"", ""KB_01857""]","[""It really was a lot of work to put together (1 person) but worth it in the end. I had to play around with adjusting the drawers until they finally fit. Once assembled, it is just as pictured. Exactly what I was looking for...very sturdy."", ""I'm a 30-something gal and I was able to assemble this, by myself, in two hours. The instructions are not hard to follow, as some have warned, and although not all the pieces are labeled it is easy to determine what every piece is. It's nice that the doors and drawers have an adjustment function, though I did not need it."", ""Purchased this for office. Looks nice and was not overly complicated to assemble.When assembling the front legs,  it is easy to get the reversed which would cause the bottom shelf to not line up. Be sure they are flush with the sides on the inside,  not outside. The legs should protrude to the outside of the sides (if that makes sense, lol)Otherwise,  very happy with this purchase.""]",14.020542032085359
G_148,REC_148,B000X596HU,Tools_and_Home_Improvement,long,descriptive,hybrid,3,I have this can can not get it primed.  The instructions are nto very clear.  Can anyone tell me the correct way to prime it?  I'm about to trash it.,as far as priming it i could only let it sit in a warm spot and it bled itself hahahahaha i know but all i could do to get it going,KB_01874,0,"[""KB_01865"", ""KB_01867"", ""KB_01874""]","[""item was very hard to get primed. Luckily I have lots of experience with grease guns. The instructions for the charger are wrong. One of the batteries was bad and they promptly shipped another one. I also agree with the fitting on end of hose being very hard to remove...bad design. I will be changing it out today with one from my manual Alemite grease gun."", ""The grease gun won't pick up the grease. Tried two different tubes of grease and spend about two hours to get it work."", ""hey for the price it is not a bad grease gun, 2 so far, and both work fine, i still think a  lithium-ion battery would make it better.just like any grease gun, cold grease can be a pain to pump, so keep it warm,""]",19.93529195897281
G_149,REC_149,B00F5TR1I0,Beauty,medium,descriptive,hybrid,3,Does it have enough space for your books ?,"it's a pretty big purse. fits my digital camera and accessories. I don't know how many school books it would fit, but it'll fit a few reading books",KB_01875,0,"[""KB_01875"", ""KB_01878"", ""KB_01882""]","[""It's not the best but not the worst. I just wanted a cute black bag to carry my school stuff in and it does that. Not as big as it looks in the pictures but it's big enough to hold my notebooks and folders. Cheap leather but hey it doesn't look bad. Be careful with the zippers, they're pretty cheap but as long as you don't pull on them or zip them hella fast, they'll be okay. Overall it's a good bag for the price and where it comes from."", ""i love the handbag i got it for my daughter and she looved it she got it for school and they all lloved it"", ""I just bought this bag, thought it would be nice but instead VERY cheap material! I've had the bag for 4 days and zipper just broke! Inside hardly has any compartments and zipper is very sharp and hard to close. Definitely waste of money.""]",12.661166954785585
G_150,REC_150,B001EYYJVC,Automotive,long,descriptive,hybrid,3,why does the listing say its 66/80cc? the sticker on the engine clearly says its a 47cc.,[UNANSWERABLE],,0,"[""KB_01889"", ""KB_01886"", ""KB_01887""]","[""I bought one of these kits to put on my bike.One problem I ran into was the fact that only a couple of bicycles at Wal-Mart have a big enough frame to mount the engine. You need to make sure you measure the inside of the triangle part of the frame. I have a 700c hybrid bike (one of the three biggest bikes at Wal-Mart) that has too small of a frame for this engine."", ""The engine is made to mount on bottom tubes that are not over-sized. Although it does come with an adapter to mount it on over-sized tubes, I have found that the adapter and engine slide sideways on my bottom tube causing the chain to become slack."", ""I received this engine in 4 days from ordering it. I have a Schwinn Stingray Chopper and i planned on putting the engine on this bike, however i was a bit disappointed to find that it wouldnt fit on the chopper because there was no mount for it. I however plan to make a bracket for it,but overall it was a nice buy, sturdy looking, all parts with it, nothing broke.""]",16.87325001694262
G_151,REC_151,B00HWM5PMW,Electronics,medium,descriptive,hybrid,3,How long does the battery last?,[UNANSWERABLE],,0,"[""KB_01897"", ""KB_01893"", ""KB_01895""]","[""This is an amazing laptop, it is sleek and has the processing power and ram needed to run software. The keyboard lights up and it looks very nice, not cheesy at all. It's not a touch screen but that is not a big deal. It does have some weight to it, it is not light like a tablet but not big and bulky either."", ""I enjoy the robust speed and quiet sound of the laptop. The speakers are ok, not great, not bad either. The keyboard is smooth and perfectly placed numeric keys, unlike Samsung laptops. However, the plastic framing is rough and kinda annoying. ITs sharp on the ends and you cannot rest your hands very long. Other than that, not bad at all."", ""excellent laptop. Due to the processor, the speed is very good. responds very well.The only downside: few USB ports, but it's a detail.points:Design: 10/10Speed: 9/10Size: CompactAudio: very acceptable 8/10""]",12.68645899835974
G_152,REC_152,B00AT93GBM,Electronics,medium,descriptive,hybrid,3,Will it work with an iPod touch 4?,"It works as a standard wireless B/g router, it only requieres a 5volt power supply (not inluded, just a usb cable) yiu can use a computer usb port or any cell phone charger with a usb port for powering it, you only have to plug a usb 3g Modem (mine's an Alcatel, tought many ZTE and other brands are supported) , once  you power it up, you can log on to the setup page and conigure settings such as SSID, wireless security.  Very weak signal, by the way, it only reaches the room I'm using it and the next, sometimes reaches the 1st floor of my house . Hope this answer helps.",KB_01905,0,"[""KB_01903"", ""KB_01908"", ""KB_01909""]","[""No amount of tinkering would get this to work even with a 3g modem it is supposedly compatible with. Sent all 4 back"", ""I would give it 5 stars if there was an A/C adapter included."", ""I can only give this item one star. Yes it does power on and it came in a cool box and it was not real expensive but since it doesn't support my 4G modem It's no good to me.""]",11.3579579629004
G_153,REC_153,B002TNIN2S,Beauty,medium,descriptive,hybrid,3,How is this cream supposed to be applied? Finger? Q-tip? Brush?,"A finger tip will work perfectly. However  for spot treatment a Qtip is highly recommended. FYI please avoid direct sunlight when using product or apply at night before bed time, use a towel on pillow if applying at night. Thanks",KB_01911,0,"[""KB_01911"", ""KB_01914"", ""KB_01913""]","[""I am using this cream on my back, legs, arms and face. My dark marks are getting lighter, but it is taking a little more time than expected. But, I am on my third bottle of cream. My husband says, \""have patience and it will work\"". So far my patience is paying off. I will continue to use this product until all the marks are gone. Thanks."", ""use this twice a day and you will see remarkable differences. lightens dark spots, but will also lighten general skin tone (unless you dab spots with a q tip.) if you put some lemon or lime juice on your skin first and let it dry (concentrate from a bottle is fine, dilute if too strong)  accelerates the process, and your skin will do some age reversing and be very smooth. only problem is that it may stain clothes or bed linens and it's real greasy."", ""The result after a couple of hours is quite nice, smooth, soft skin. Also one person commented that it turned her face red and that it irritated the skin, caused peeling, etc - I don't think the product is supposed to work that way, I think she had a reaction to it.""]",14.573708060197532
G_154,REC_154,B001J8SYV4,Toys_and_Games,long,descriptive,hybrid,3,Is this waterproof ? I want to use outside to keep chalk for an outsie chalkboard ?,no it is not waterproof. Very poorly made.,KB_01925,0,"[""KB_01922"", ""KB_01926"", ""KB_01920""]","[""I bought each of my boys a small mailbox that they could keep in front of their bedroom doors and write letters to one another. They loved it. Unfortunately, those mailboxes were made of cardboard and didn't last long so I was excited when Santa brough these cute metal ones.I was happy when I first saw them but then we tried to open one. It was really, really hard and I felt like it might break if I pulled too much."", ""My little guy loves to write letters and play with mailboxes. I bought this for him and he loves it! It is strong and really cute. He put stickers all over it!"", ""I got a pair of these mailboxes for my niece and nephew to use when playing \""mail.\"" My sister and I had similar mailboxes while growing up and really enjoyed them. However I received these today and found them to be very flimsy and not durable at all. I expect that after my nephew pulls on the handle a few times it will break off in his hand. And if they get stepped on they will dent for sure.""]",15.739290975034237
G_155,REC_155,B00DMAGWVG,Sports_and_Outdoors,long,descriptive,hybrid,3,"is this the 2013 model? suitable for 8 yr old in hilly terrain family rides in Colorado? thanks, bobbi",It's quite heavy. My 14 year old loved it til it was stolen. It would be a bike he could grow into. I'd buy it for that age.,KB_01930,0,"[""KB_01931"", ""KB_01930"", ""KB_01932""]","[""I didn't get this bike long ago, and so far it's met many challenges, it holds up really well and it was cheep! That makes it even better."", ""Just got it, finally! Eh so far it's not necisserily what I was expecting, but it'll do I suppose. It's a tad but heavier than I was hoping/expecting. The description says it comes with a pack of &#34;Frame Forged&#34; sticks which it does not. My bike specifically only came with one air cap(front tire) and the breaks aren't as snappy as I wanted."", ""Great bike for price son loves it easy to put together out of box awesome thank you from me and my son""]",15.153208980336785
G_156,REC_156,B00G8IVXZE,Toys_and_Games,long,descriptive,hybrid,3,Can I simply use these as rubber bands? Are they as strong as rubber bands you might buy in an office supply store? What size are they?,"Good idea, but much too small and not elastic enough to replace office supply type bands.",KB_01939,0,"[""KB_01942"", ""KB_01941"", ""KB_01934""]","[""These rubber bands were like the ones purchased at any store. My eleven year old daughter had no complaints while using them."", ""My daughter was in a panic, she needed more rubber bands to make more bracelets. These rubber bands were delievered promptly making an 8-year-old very happy. They were bright colors, strong and I liked how they came with clips."", ""I bought these for my kids so they could use with their rainbow loom. They are good quality rubber bands, they are stretchy and have vibrant colors. Happy kids, happy mom.Update: I would suggest not to buy from \""Customer Satisfaction LLC\"", very unreliable company. They said they were fulfilling a promotion they were running but it's been months now and I'm still waiting.""]",17.126166028901935
G_157,REC_157,B005QIYUMU,Patio_Lawn_and_Garden,long,descriptive,hybrid,3,Has anyone had any problems with this tipping over? I can see my son running back and forth into the sides and would be concerned about it tipping.,[UNANSWERABLE],,0,"[""KB_01943"", ""KB_01944"", ""KB_01945""]","[""My 18-month old son, who is rather wild and active, used this for about three months, until he pulled on the mesh doors, which are connected to the sides (yellow). This caused a tear, and eventually deflated the sides. I contacted Amazon and Intex, both of which pretty much brushed me under the rug and blamed the other."", ""Very disappointed. My son went to climb inside, and when he pulled the door flaps open, it ripped a hole in it. I sent it back, and received a replacement. The second one did the exact same thing. So now it's patched up with duct tape."", ""They have a blast! The only complaint I have is: my son is really tall for his age, and when he gets in and out, he tries to duck under the top yellow tube, but his back and shoulders still graze were the doors and top tube meet. This has caused a tear in the doors as well as the top tube. I was able to fix this with duct tape and silicone. My daughter doesn't seem to have this problem.""]",15.455625019967556
G_158,REC_158,B00523K104,Electronics,short,descriptive,hybrid,3,What is the shutter count?,[UNANSWERABLE],,0,"[""KB_01957"", ""KB_01954"", ""KB_01958""]","[""This camera takes beautiful pictures!!! I've had some very nice moderately priced cameras over the years, but this one has the quality/precision/clarity that gives you back exactly what you are seeing!! !"", ""We bought this camera after seeing all the good reviews and were very happy when we received it. We were very pleased to get a camera bag, tripod, cleaning solution, 32 GB card, etc. with the camera which hadn't been advertised when we bought it! After using it the first time we came home and found the little &#34;door&#34; that protects the battery was gone."", ""This camera takes amazing pics. The lens is unreal how close it brings the images and so clear. I would highly recommend it. My husband always stuck with Olympus and this is his first Nikon and he really likes it better.""]",18.365416093729436
G_159,REC_159,B00A2AWBKU,Electronics,long,descriptive,hybrid,3,"LENOVO THINKPAD L430 caddy, does the caddy connect to the computer terminals itself, or would I need to open the computer and connect it?",no need to open. just pull out the dvd player and put this one in. all set.,KB_01970,0,"[""KB_01963"", ""KB_01964"", ""KB_01971""]","[""Have been using the caddy for about a month in my Lenovo W530 and have had no problems. The drive fits perfectly into the caddy and is secured by four screws with no need for rubber rails. The caddy fits perfectly into the ultrabay slot and locks into place just like the DVD unit does. So everything is secure and it has performed flawlessly. It even comes with a carrying case that you can use for your DVD unit while the caddy is in use. Would highly recommend."", ""When I bought my T430, I bought a 1TB drive to replace the 320GB drive that came with it... (not knowing that Thinkpad only has a 7mm high drive bay and I bought a 9.5 mm high drive.) I was very disappointed as I need the extra space with my type of work. My extra drive fit very nicely into this caddy, and installed in about 5 minutes. The well built caddy secured the hard drive very nicely."", ""This is a great gadget. Works perfectly and fits seamlessly in the T420.I actually bought this because I could no longer stand the incessantly ejecting cd drive... the bane of Lenovo T420's owners.It's great to have an extra &#34;on board&#34; hard drive, I don't have to constantly push the cd back in, and they provide a hand carrying case so you can safely bring the annoying cd drive with you when you actually need it.""]",20.182749954983592
G_160,REC_160,B001PGP33M,Toys_and_Games,long,descriptive,hybrid,3,How big is the box or the parts if taken out of the box to get it home from the store?,....massive. We have a F150 and the tray was completely full. Each wall and roof panel is a solid piece.,KB_01978,0,"[""KB_01974"", ""KB_01978"", ""KB_01976""]","[""I was scared when I arrived from work and saw the size of the box this thing came in the garage. But to my surprise the box was easy to handle and the pieces came together very easily.You must use an electric screwdriver because the screws are long and not pre-drilled.I had a small issue then installing the doorknob as I put a little too much force and the screw casing broke. However, I was able to remove the broken piece and install it back without problems."", ""first off,  you better have a lot of room to put this, as it's massive! easily big enough to sub-let out to a family if required!it's 18 months old and has been disassembled and reassembled 4 times and it is still holding up as strong as the day it arrived.every kid who comes over goes nuts playing in and around the \""cubby\"". kids smashing things against it, drawing on it with crayons, spilling food and drink all over it, no problems."", ""it was a hit of course, but like others was surprised to see the secret fireplace escape hatch not there.It arrived ahead of schedule and all the parts were correct.The phone is very quiet,but kiddie ears are better then mine""]",15.987291932106018
G_161,REC_161,B008YRG5JQ,Cell_Phones_and_Accessories,medium,yesno,hybrid,3,can it charge a laptop comuter,yes it will charge a laptop.,KB_01984,1,"[""KB_01983"", ""KB_01991"", ""KB_01986""]","[""It fits fine in my laptop case, doesn't get hot when I'm charging it or using it to charge other things. And the fact that I can charge multiple things at once is a bonus.So far it's worked great, and has become my &#34;go to&#34; charger when I'm on the road."", ""The search is over. This will outperform your expectations, hands down. It can charge you pad and smartphone at the same time."", ""My sons have a tendency to leave a game running, even after they switch over to Legos. Previously I would have to plug into my laptop, or sit by a power cord to use any given device. Not anymore. The unit is a little bulky, nut still very portable. It have 4 different voltage outputs to fit the different charging voltage of various devices. They are all neatly labeled and easy to access. This thing will charge my Ipad mini twice.""]",13.126458041369915
G_162,REC_162,B004EPXIA6,Patio_Lawn_and_Garden,short,yesno,hybrid,3,can I refill the spools?,"Okay. My earlier response to a similar question was yes and now i have more experience and knowledge to respond more thoroughly. a) yes, one can replace the line in these spools with thicker line. I have done so two times now using 0.08 in line i had leftover form my old dual line trimmer. I have the Greenworks 21242 G-MAX 40V model which is a single line design. These spools are only for single line machines.  They accommodate only one single line. B) When you load them with thicker line, there must-needs be less line length on the spool.  Thicker line works better for thicker stemmed plants and so will break less often in that case. However,...since my Greenworks 21242 G-MAX 40V trimmer has a ""no bump"" automatic line feed, the line is advanced 1/4 in every time you stop and start the motor.  If the weeds don't break the line, the cutter-knife thing will be cutting off that 1/4 in every time you stop. This means if you are only cutting grass and other less resistant weeds, the .065 in line is probably a better bet since there will be more line to use up per spool as you go about your standard trimming operations.  IF you have heavier weeds as i do, the .08 in line is a better bet since it is less likely to break for these tasks and if you are willing to continue trimming without stopping until the line has been shredded by the weeds.  i.e., more weeds per spool under such conditions.",KB_01996,1,"[""KB_01993"", ""KB_01999"", ""KB_02000""]","[""Sure beats buying bulk and winding on the old spools. I don't use the trimmer that much and like having a spare spool."", ""The spool that came on the trimmer is refillable and so are these. It's good to have spools on hand when one goes empty and these do the trick. Once you buy these you can just keep refilling them."", ""simple easy to use repacement  spools  a no brainer to install  i would recomend to anyone rather than trying to rewind spools  by hand""]",12.720583006739616
G_163,REC_163,B003ARSPIO,Cell_Phones_and_Accessories,short,yesno,hybrid,3,is it a smart phone,"It's not a smartphone, but it's smart to have it if you are a SIM card user. It is easy to use and more than worth the price.",KB_02011,1,"[""KB_02008"", ""KB_02004"", ""KB_02007""]","[""when i bought this phone back in 2009 it was a nice descent slide phone. for basic use and a nice keyboard for fast texting camera was ok for cheap phone at time for 98 us. sold it in 2010.."", ""does this phone have GPS?. does it have android operating system? is the keyboard lighted?how is the speaker on the phone?"", ""This phone was horrid. It stalled more than my two year old phone that I was trying to replace. It was very slow and was terrible at receiving calls and messages. Do not by this phone.""]",11.910833069123328
G_164,REC_164,B00429NVQA,Electronics,long,yesno,hybrid,3,can i aim this out a closed windw to view my back yard.,Yes and no. The camera has a set of IR LEDs that allow it to see at night. You will have not be able to see what is going on at night unless you do what I did and tape off the LEDs using black electrical tape. What happens is the IRs hit the glass and at night it acts like a mirror and blinds the camera. Without the LEDs it works fine during the day and at night it works decently with ambient/porch light. You could also get an IR LED array for fairly cheap here off amazon and point that into your yard as well. That way it would have pretty good B&W; night vision.,KB_02013,1,"[""KB_02013"", ""KB_02018"", ""KB_02016""]","[""my daughter is in a wheelchair in a basement apartment of our house. She cannot see when her para-transit bus arrives and sometimes had to sit in the rain so she wouldn't miss it. now she can watch on her phone or computer to see when it arrives.I wish there were a way to turn off the night vision IR. We have it in a window and at night the IR reflects from the window back into the camera obliterating the street view."", ""You aren't going to get super clear pictures or read license plates 30 feet away but if you just want to know if someone/thing has been into your yard or keep an eye on the family pet then this is fine for that.I'd say if you are thinking about this one then spend a bit more and get the newer PTZ camera with 720p output on it."", ""Oddly enough, the best software I've seen for these cameras is on iOS. I've been using Foscam Pro app [...] made by RobotoApps lately and have been happy with it as a remote viewing solution.In general, you'll need to have some basic networking knowledge and be comfortable tweaking settings on your router if you ever hope to be able to view your camera outside of your home network.""]",17.69124995917082
G_165,REC_165,B002N3TO36,Automotive,long,yesno,hybrid,3,would it be okay if I wanted to trim (cut) each bar to match the width of the roof of my Volvo V50 for a more flush mount,[UNANSWERABLE],,1,"[""KB_02024"", ""KB_02025"", ""KB_02027""]","[""I'll start with saying that the supplier of these crossbars was great to deal with. They contacted me directly to make sure they were shipping me the color I wanted (chrome or black), and to confirm the make and model of my car. In addition, these crossbars are much less expensive than ones sold by Volvo, or the big name suppliers.The bars themselves are a mixed bag out of the box. On the plus side, the installation is quick and easy."", ""I was able to mount bike racks to them without issue.The brackets that attach the bars to the roof rails are where things fall short. Although the bracket assembly is made of heavy gauge metal, the nut for tightening the bracket in place is not. Instead, the nut has metal threats inside a soft plastic wing-nut. Because the plastic is soft, the metal in the brackets slowly eats into the nuts, which causes them to come lose."", ""Volvo sells cross bars but they cost significantly more. Thes fit the car and my budget. Most importantly, they work just fine. I don't keep them on the car permanently. They come off and reattach easily. What more could I ask for?""]",19.645499996840954
G_166,REC_166,B0081ILUOI,Automotive,medium,yesno,hybrid,3,"will this fit a 2014 elantra limited with 17"" wheels?",[UNANSWERABLE],,0,"[""KB_02036"", ""KB_02037"", ""KB_02038""]","[""I would recommend this product to all Elantra owners!All the tools needed to complete a tire change were included as well as an organizer.Thank you"", ""All parts are in labeled plastic bags.Keffer Hyundai ships quickly and does a great job of packing. With this Elantra Spare Tire Kit you won't have to worry about getting a flat tire."", ""Tire is mounted and inflated. Fits in the 2013 Elantra trunk perfectly. Feel safer driving now that I have a spare knowing I won't be stranded. Didn't want to use the mobility kit because once used, the tire cannot be repaired. You have to buy a new one.""]",14.125250047072768
G_167,REC_167,B00BI4JXGO,Electronics,short,yesno,hybrid,3,are any cables required,Yes. I purchased an Amazon HDMI (ARC) cable to connect my main unit HTB770 ARC output to the TV HDMI ARC input. It woks great and gives you on/off and volume control.,KB_02041,0,"[""KB_02042"", ""KB_02041"", ""KB_02043""]","[""Pros:Speakers sound goodBluetooth works great with my iPod TouchEasy to set upCons:Receiver was defective out of the box. When switching from one input to another (e.g. from cable box to Blu-ray), either the sound would drop out, or the video became shaky and showed a lot of interference (lines and snow/static on the screen). I checked all connections, all cables were sound. My TV is a Panasonic plasma, by the way.Returning it."", ""This is how I have it set up:2 HDMI cables coming from my 2 sources (blu-ray player and cable tv) right into the tv (input 2 and 3). From the tv  have 1 HDMI cable from input 1 (this is the designated ARC port) going into the ARC input of the home theater main unit. So, basically I am using my tv as the router/switcher (instead of the crappy main  audio unit)."", ""I read all your reviews and I think I may have a work around to help some of you. I bought the SC-HTB770 in November 2013. I also have a Panasonic plasma tv - the TC-P50VT25. It took me 3 years to buy the audio system so I was used to using the speakers from the tv which were becoming over-modulated. Anyway, I followed the theatre systems instructions and hooked up my 2 sources to the main unit using hdmi cables.""]",12.97504105605185
G_168,REC_168,B006SDI6X6,Home_and_Kitchen,medium,yesno,hybrid,3,can i use this without the bars in the middle,If by bars you are talking about  the spaces between the canvases then yes you can put them as far apart or as close together as you want.  Keep in mind that there will still be a small seam even if they are as close together as you can put them so it will never look quite the same as one canvas.,KB_02050,0,"[""KB_02050"", ""KB_02052"", ""KB_02056""]","[""The painting invites us in for a walk down the lane to the setting sun.Be advised, this series of paintings needs a large wall for placement. Each panel is light and framed for easy installation. I have the paintings pressed tightly together to make one scene, unlike the picture included on Amazon that shows silver bars separating the paintings."", ""When I say this is like a scene from Middle Earth's Shire, my meaning may be unclear. What I mean is that this piece reminds me of the peaceful, joyous atmosphere of the Shire. This print set is a depiction of nature at its purest, and the image is incredibly soothing and relaxing."", ""We just measured, hammered in the hangars and the work was done. Per the manufacturers instructions, we left a couple of inches between each space. The five pieces make a BIG display. In this case, the stretch across the wall behind an oversized green leather sofa. The sofa is fat...overstuffed and fairly plane.""]",17.760667018592358
G_169,REC_169,B003J8PCL2,Electronics,long,descriptive,hybrid,3,I have an Onyx EZ Model XEZ1.  Will the work with my model?,"I'm sorry not really sure if it will, but the thin wire tends to break very easily right @ the plug. Just breaks cause they're so thin. I'm on my 3rd. Not happy.",KB_02069,1,"[""KB_02063"", ""KB_02060"", ""KB_02072""]","[""It was the wrong one for my xm radio. I put in the model and still got the wrong one that I needed"", ""I have gone through two, nearing the need for a third one. I have tried to find more durable replacements, but have not been able to find one that says it is compatible with the Onyx. XM should work on a thicker cord, for this one breaks at the point right before the thicker part that goes into the cigarette lighter. I thickly wrap with electrical tape, but it is still trying to break in the same place..... again. Other than the flimsy power cord, I love it."", ""I put in the model and still got the wrong one that I needed""]",16.29737508483231
G_170,REC_170,B00E395L7Q,Electronics,long,descriptive,hybrid,3,Does it have a card reader slot? In the pictures it looks like it does.,"Yes,  but haven't used it yet",KB_02085,1,"[""KB_02089"", ""KB_02080"", ""KB_02099""]","[""It remembers all the passwords and usernames that I need and gets me into these sites by swiping my finger over the reader."", ""It works great. Another feature I didn't know if I'd use is the fingerprint reader. It remembers all the passwords and usernames that I need and gets me into these sites by swiping my finger over the reader. I logged onto my Amazon account this way to write this review. So it's a great feature, too.Watch for computers that don't have an optical drive. When I was shopping for a computer, this seemed to be the norm. This computer has a built-in Blu-ray Player and DVD burner.My wife and I travel in an RV."", ""come up with an addition to this review after doing some things that the computer is really designed for. As of this writing I have only had the computer for 11 days.It is early morning, and the light is dim so I am using the lighted keyboard instead of an overhead light. It works great. Another feature I didn't know if I'd use is the fingerprint reader. It remembers all the passwords and usernames that I need and gets me into these sites by swiping my finger over the reader. I logged onto my Amazon account this way to write this review. So it's a great feature, too.Watch for computers that don't have an optical drive. When I was shopping for a computer, this seemed to be the norm. This computer has a built-in Blu-ray Player and DVD burner.My wife and I travel in an RV. We could watch TV shows on this computer if we wanted to, but it also has an HDMI output. We haven't tried it yet, but I am told we can connect the computer to our flat screen TV and play the show on the big TV.There is nothing wrong with Windows 8. It is""]",23.330832947976887
G_171,REC_171,B00F144HYA,Electronics,long,descriptive,hybrid,3,"what size screen do I need with the 5030ube, sitting approx 14 feet from wall where screen would go.","i have a 120"" 16:9 screen at 13 ft away and it is great, it is amazing for movie format which takes about 6inch from top and 6inch on bottom and then the whole screen is used for hdtv which is gigantic but it is not difficult to watch.  i just bought projector last week and even though the resolution from my 4k samsung has spoiled me movies in true 1080p look great using the projector",KB_02103,1,"[""KB_02110"", ""KB_02117"", ""KB_02107""]","[""I have about a 14.5 foot throw, with the projector located 2.5 feet from the top of the screen."", ""***IMPORTANT*** measure the distance projector to wall/screen."", ""I am projecting 5030ub on to a Elite Screens Inc. R120DHD5 ezFrame CineGrey 5D Projection Screen for 2D and 3D which is about 20 feet away and it looks phenomenal. The black look very well even though I have some indirect ambient light coming in through my living room. Both the 5030ub and 6030ub have the same contrast ratio but the other differences I do not know if it justify the prices differences. The picture looks crisp and clear. Suggest you buy the Peerless PRGS-UNV projector mount from Amazon because it so easy to line up the picture to the screen compare to other mounts.""]",18.16974999383092
G_172,REC_172,B0048G9LDE,Toys_and_Games,long,descriptive,hybrid,3,How well does this game play with 2 players?  Is it less interesting then 4 players?,"It plays alright. The choices in the different zones are reduced (blocked off) when playing with fewer than 4 players. So, while it's still playable, it's a lot more fun with 4.",KB_02121,1,"[""KB_02121"", ""KB_02132"", ""KB_02122""]","[""Really, the idea behind play is simple, but because you are competing head to head against other players for the same limited spaces on the board, sometimes you'll find yourself fighting other players for the same resources.No one is eliminated early from the game, so everyone can stay in it until the end. While the game can be played with 2 and 3 players, for the best games I recommend playing with 4.This game is out of stock on many websites, so if you see it for sale, pick it up."", ""While the game can be played with 2 and 3 players, for the best games I recommend playing with 4.This game is out of stock on many websites, so if you see it for sale, pick it up."", ""Very fun game. Game is well thought out and the components are nice quality. I find that it get much more competitive the less players you have.""]",17.038833000697196
G_173,REC_173,B000E8VAIO,Tools_and_Home_Improvement,long,descriptive,hybrid,3,can this be placed in a gang wall switch box? I have a 7 switch gang box and need to place two side by side?,"When we originally bought this item, it replaced a light switch. It fit in fine next to two other light switches. The same switch plate we used before covers all three.",KB_02157,1,"[""KB_02142"", ""KB_02152"", ""KB_02157""]","[""the housing poked out from the wall by about one inch. The EJ500 sits flush with the switch panel. Admittedly, the housing is recessed into the wall by more than an inch. I noticed one reviewer complained, he couldn't fit it into his box. I had to move some of the wires around, but I was able to get mine to fit without too much trouble, and I had a LOT of wires stuffed into my box. I had to wire mine for a 3-way switch configuration, and the electrical box is shared with another 3-way switch and a 2-way switch.The previous generation was just a simple digital 7-day timer, which meant twice a year, I had to adjust it for daylight saving time, and I had to periodically adjust it during the year for seasonal changes in sunset times."", ""I had to wire mine for a 3-way switch configuration, and the electrical box is shared with another 3-way switch and a 2-way switch.The previous generation was just a simple digital 7-day timer, which meant twice a year, I had to adjust it for daylight saving time, and I had to periodically adjust it during the year for seasonal changes in sunset times."", ""It is also a little deeper than what it replaced so I had to be careful as I moved the house wiring around in the 3 switch box this beast was installed in.""]",19.837292027659714
G_174,REC_174,B0044U42LU,Sports_and_Outdoors,medium,descriptive,hybrid,3,Will these kill zombies if i get good at it?,"Projectile weapons typically are not efficient for killings zombies. Throwing knives would be better served as a tool or self defense against humanity's other faction that you'll ultimately have to fight. Likely they will capture you, and their Che Guevara look alike will make you play basketball while only have a couple hours left before a horrible poison destroys your body. Welcome to the human race.",KB_02164,1,"[""KB_02163"", ""KB_02173"", ""KB_02174""]","[""I bought these to get ready for zombies and i wasnt dissapointed! Very sharp and very accurate will hit targt easy!"", ""I bought these to get ready for zombies and i wasnt dissapointed!"", ""I'm sure there are professional knife throwers somewhere who laugh at these, but we did not buy them for competition or for killing zombies; they were bought for me and my 13 year old to have fun.""]",12.877250090241432
G_175,REC_175,B000BVQ80E,Home_and_Kitchen,long,descriptive,hybrid,3,Do I only have to use  Sephora chocolate or will any brand do ?,Any brand will work as long as it is formulated to use in a fountain.,KB_02185,1,"[""KB_02195"", ""KB_02202"", ""KB_02185""]","[""I would advise buying the Sephra brand chocolate wafers that are recommended, too, because you don't have to add oil and they melt quickly."", ""We used Sephra brand chocolate and had no need to burp it."", ""I'm so glad I chose this fountain over all the others that are available. It worked beautifully, and was a huge hit at our party. I would advise buying the Sephra brand chocolate wafers that are recommended, too, because you don't have to add oil and they melt quickly. Also, the milk chocolate was delicious! The cascading chocolate formed a perfect curtain of chocolate, just like the picture on the ad and on the box! We also tried the Wilton Chocolate Pro Melting chocolate wafers, and they also worked perfectly.""]",13.925084029324353
G_176,REC_176,B00HG1L334,Electronics,medium,descriptive,hybrid,3,Is it fit with lifeproofcase ipad mini?,[UNANSWERABLE],,1,"[""KB_02214"", ""KB_02216"", ""KB_02217""]","[""It works perfectly for my new iPad."", ""The step down style jack allows it to fit easily on my iPhone in my Otter Box case."", ""Most often the size of the case makes it hard for the cable to fit well into the phone.""]",11.90433301962912
G_177,REC_177,B007VFTO0E,Patio_Lawn_and_Garden,short,descriptive,hybrid,3,What size is the hole?,[UNANSWERABLE],,0,"[""KB_02226"", ""KB_02224"", ""KB_02225""]","[""It's Craftsman... do you need to make a review?"", ""It's Craftsman... do you need to make a review? It's a quality item wouldn't expect anything else from that company."", ""It's a quality item wouldn't expect anything else from that company.""]",12.301290989853442
G_178,REC_178,B001L1R3SO,Home_and_Kitchen,long,descriptive,hybrid,3,Does this blanket go on top of the bedding or do you sleep on top of it?,[UNANSWERABLE],,0,"[""KB_02227"", ""KB_02228"", ""KB_02230""]","[""We bought the queen-sized blanket for a queen-sized bed. I wish I'd bought the king &#8230; it's hanging over the edge of the mattress but there is NO way I could even come close to tucking it in. But it does keep us super warm and it's so much safer than the antique version that we were using."", ""We bought the queen-sized blanket for a queen-sized bed."", ""But it does keep us super warm and it's so much safer than the antique version that we were using.""]",15.080792014487088
G_179,REC_179,B005N1190G,Pet_Supplies,short,descriptive,hybrid,3,What gage is the wire?,It looks to be 10 Ga,KB_02242,0,"[""KB_02240"", ""KB_02231"", ""KB_02238""]","[""Folds pretty easily to transport and wire is heavier than others I looked at."", ""This crate is more heavy duty than the ones I saw at the pet stores. Has double locks on door for secure closure. Folds pretty easily to transport and wire is heavier than others I looked at. Drawback is only one door, but so far not a problem. A little pricey compared to others, but worth it--you tend to get what you pay for in dog crates. My dog likes it, so I can't say how it would hold up to a large dog who wanted out of it."", ""This cage meets my requirements and I believe that it is a good buy for the quality of the cage. It is easy to put up and take down. Just what I was looking for.""]",11.301790946163237
G_180,REC_180,B003F8GH6U,Sports_and_Outdoors,short,descriptive,hybrid,3,Where was it made?,They are made in China. The only water bottle I've found that is made in the US is Liberty Bottles. You can get them here or I saw them on the shelf at Whole Foods.,KB_02254,0,"[""KB_02254"", ""KB_02247"", ""KB_02260""]","[""The cap is made from a smooth and durable plastic.I ordered the Green Energy color, which is much more subtle when you get it."", ""I love that it is steel, not aluminum. Now my water has no metallic taste or smell- it is just water. The cap is made from a smooth and durable plastic.I ordered the Green Energy color, which is much more subtle when you get it. It is closer to celery, which is beautiful.I have not yet dropped it, so I cannot attest to its durability in that sense, but it has survived a few bike rides so far and has done marvelously. It has also stood up to the daily abuse that is my backpack without a scratch.I appreciate the interchangable caps avaliable through Klean Kanteen, and plan on ordering the sport cap."", ""Love my new kanteen, it arrived quickly and the product is wonderful.""]",10.676541947759688
G_181,REC_181,B005IHAPBY,Automotive,long,descriptive,hybrid,3,"How tall are the top and bottom sides? I'm thinking about getting this engraved, but if it's too small then I can't",[UNANSWERABLE],,0,"[""KB_02270"", ""KB_02280"", ""KB_02279""]","[""After reading many reviews on license plate frames (crazy, I know), I settled on this one. Having received and installed it, I'm glad I did.It is just what it should be. That is, a nice frame that covers the not-so-beautiful edges of the license plate. It is definitely sturdy, and from the reviews I read, it will last better than some others that seem to fade over time.The caps fit nicely over the screws I got at Home Depot for $1.If you're spending your time reading about license plate frames, you can feel good stopping now and purchasing this one."", ""Good looking plate frame, I bought this one as NC truck plate has the state name at the bottom of license plate."", ""I thought about putting in my own 2 at the bottom  to keep the plate and holder together (No place on the bumper)  But just the 2 screws kept everything nice and tight.""]",16.107083996757865
G_182,REC_182,B009LJ9Z0M,Electronics,medium,yesno,hybrid,3,will this unit include docking for an Ipod and an Iphone 4?,Yes. I have used both my iPhone 4 and my iPod in the docking station and they work fine. One thing that could cause trouble is the size of your phone case. My phone case is small and it fits. A large case would need to be removed to use the dock.,KB_02287,1,"[""KB_02287"", ""KB_02297"", ""KB_02301""]","[""I purchased the radio and it is great! Love the alarm etc.The I-Phone Dock does not work with my Iphone 5C. It has the larger plug and is compatible with the Iphone 4 I think. If you have the new I phone don't waste the money.Otherwise a great product!! !"", ""It has the larger plug and is compatible with the Iphone 4 I think."", ""This is a very well made product, as with most BOSE products......iPod/iTouch connects just fine and sounds good.""]",14.59658402018249
G_183,REC_183,B003WAOVGY,Home_and_Kitchen,medium,yesno,hybrid,3,does this chair work with xbox one,"Yes, it will work with xbox one as long as you have a headphone jack in the tv or stereo. The chair can then be connected wirelessly or by wire (extra).",KB_02327,1,"[""KB_02308"", ""KB_02312"", ""KB_02313""]","[""My teenage son would blast anyone sitting nearby as he sprawled on the floor playing his Xbox or other games. With the X Rocker Pro gaming chair, he plugs in his earphones (peace and quiet for the rest of the household), experiences all of the special effects vibrations and sounds), and improves his posture too. He loves it (and so does mom)!"", ""My fianc&eacute; loves this chair and so do our children."", ""I bought this for my husband for his birthday and he divorced me a few days later mmmm the chair or me I'm not sure!""]",14.250874985009432
G_184,REC_184,B00EVC9PQI,Electronics,medium,yesno,hybrid,3,would this tripod fit GE X450 power pro camera?,"It should look at the bottom of your camera, if there is a small hole yes, if its a 2 inch square lock or Oregon scientific mount no. Its a great pod I've had mine and been using it regularly for about a year works like new after some pretty severe beatings including submerging it a bunch of times. Still can't beat the price.",KB_02333,0,"[""KB_02338"", ""KB_02328"", ""KB_02341""]","[""This tripod holds my Panasonic Pro AG-DVX100B camera."", ""At first I was skeptic about this tripod because of the price. I've had many tripods throughout the years and I'm very satisfied with this one!! For the price I couldn't believe how well it holds up as I would by another 1!!! This tripod holds my Panasonic Pro AG-DVX100B camera. I'm so glad I didn't waste my money on a $80.00 tripod! !"", ""The base where you attach the camera or chronograph comes apart from the tripod.""]",12.021958944387734
G_185,REC_185,B0077QHF1C,Electronics,medium,descriptive,hybrid,3,"Can I select ""Random mode"" for songs playback?","Yes you can.  Press and hold the play/pause button on the device or the remote.  You will be able to choose between playing ALL songs in sequence, RANDOM within the current directory, FOLDERALL playing all the songs in the current directory only, ONE to repeat the current song.",KB_02363,1,"[""KB_02359"", ""KB_02363"", ""KB_02348""]","[""You can change the frequency, volume and select the songs.After 8 month, this one doesn't work any more."", ""I can't find a way to \""random play everything on the SD card\"" - only \""random in this folder\"" and I can't seem to find a way to navigate \""out of this folder and up one level\""."", ""It does shuffle when you hold down the play button, but each folder only reads 999 files in the shuffle (at least on my SD card), so I had to create 5 folders of 999 files. It does not shuffle across folders. There's no real way for me to test if it's really shuffling all the files in each folder, but it seems pretty random at least. Browsing between folders is a pain, but doable. I wish the remote had a simple 4 direction arrows and OK button in the middle, because figuring out what enter/select/OK is is confusing for each mode (folder/delete mode and play mode).""]",14.205000014044344
G_186,REC_186,B004T6M6Y4,Home_and_Kitchen,medium,descriptive,hybrid,3,Is lid transparent or do you know a transparent compatible lid?,no the lid is not transparent. I don't know of a compatible transparent lid.,KB_02388,1,"[""KB_02383"", ""KB_02379"", ""KB_02380""]","[""Displays very nicely on my pot rack and cleverly stores the lid on the long handle."", ""I don't know if it's problem of my oven or something else, I feel the heat transfer of my 2 quart sauce pan with lid is slower comparing with my other pots (with same level of heat from the oven)."", ""The lid and the handle become pretty hot, so be careful when you want to move the pan around or lift the lid.""]",15.622249920852482
G_187,REC_187,B000Q5APCC,Electronics,medium,descriptive,hybrid,3,What is the size of this radio?,[UNANSWERABLE],,1,"[""KB_02399"", ""KB_02404"", ""KB_02400""]","[""This radio gets great reception of distant FM stations and the sound quality is great for the size."", ""Best part of this radio (for me) is the dual-battery size compatibility!"", ""So be clear about the size of the radio you want before you order it.""]",13.836833997629583
G_188,REC_188,B004MKJWJO,Electronics,medium,descriptive,hybrid,3,Will this card work with a 375 watt power supply?,"Yes, but I would recommend getting at least a 600 watt sometime in the future if you game a lot",KB_02409,1,"[""KB_02419"", ""KB_02422"", ""KB_02420""]","[""It takes only 1 6-pin power conenctor and comes with molex adapters so as long as you have a 350watt power supply/psu or higher than your good.My brother used this on his stock 350watt psu which has no 6-pin connector and the card works fine (used the molex adapter)."", ""if you can get one for around that price and have a good Power supply, then this card is awesome."", ""This card provides a lot of power for the price.""]",13.461624970659614
G_189,REC_189,B004MMXB6W,Sports_and_Outdoors,short,descriptive,hybrid,3,How wide is the sheath?,[UNANSWERABLE],,1,"[""KB_02441"", ""KB_02445"", ""KB_02432""]","[""This is a well made sheath for the price."", ""Should have read the description better, did not know it was an over the shoulder type of sheath."", ""I bought this to go with the machete I got my son for his b-day and couldn't believe the quality of the sheath""]",13.731707935221493
G_190,REC_190,B002Q0W80W,Electronics,long,descriptive,hybrid,3,will it cpome with a plug in power adapter or do i neet to purchase it seperately,"It comes with the power adapter, and a antenna with VERY long cord. You will need a sound source, like powered computer speakers.",KB_02447,1,"[""KB_02447"", ""KB_02458"", ""KB_02451""]","[""The unit comes with the dock (which isn't cheap plastic, it's \""pleasantly heavy\""), an indoor/outdoor hinged antenna with a metal bracket on the back for sturdy mounting (no screws included that I could find), a headphone-to-RCA cable for connection to your receiver (That I didn't use. I plugged some high-quality computer speakers into the unit and it worked great), a wall-wart, and an instruction manual. Invest in a1-Foot Extension Power Cable, 5-Packif you're going to plug this into a power strip."", ""Invest in a1-Foot Extension Power Cable, 5-Packif you're going to plug this into a power strip."", ""I believe I returned this product because I needed to purchase an additional adaptor to use with it, which at the time I was unwilling to do--so I can't really review it's productivity.""]",16.353874932974577
G_191,REC_191,B00AU6ED8Y,Sports_and_Outdoors,long,descriptive,hybrid,3,Is the barrel on this Umarex Octane .22 cal rifled? I read a review that said this was a smooth bore barrel???,"Yes, the barrel on the .22 cal is rifled.",KB_02476,1,"[""KB_02465"", ""KB_02467"", ""KB_02472""]","[""I was concerned about break barrel air rifles, but its been a long time since I bought a pellet rifle. I have owned crossman, daisy etc.. and my best was my pump bb rifle that broke and my grandfather replaced the spring.. wow I could shoot holes right through a tin can. This time around I wanted a .22 for small game. Due to govt. overreach there is a shortage of any pistol or rifle ammunition, so getting a .22 pellet rifle had me looking in all the stores.. and then the Umarex shows up as an ad."", ""The seems to be very sturdy with good fit and finish. My only complaint is that it is huge! I mean Huge!. Of my twenty real guns, this air rifle is the biggest. It wouldnt even fit in my gun safe. It is longer than me remington 870 12 guage with a 28 inch barrel. This being said, It is to big to pack around in the woods comfortably not that I would anyway."", ""I have never owned an air rifle but recently purchased a Umarex to take care of a ground squirrel problem at my home. This is an extremely powerful weapon and after using it for 2 weeks I am very pleased. First, the cons:1. It is heavy. Your arms will become fatigued if you plan on shooting for any length of time from a standing position.2. It takes quite a bit of strength to cock the break barrel. I'm a middle age male and had to use two arms to cock the barrel by holding it vertically with the rifle butt on the ground.""]",16.187166911549866
G_192,REC_192,B003F8UFC2,Tools_and_Home_Improvement,short,descriptive,hybrid,3,How long are the arms?,[UNANSWERABLE],,1,"[""KB_02494"", ""KB_02484"", ""KB_02500""]","[""They are very easy to install and the padded arms and arm spacing are perfect for SUPs."", ""The build quality and functionality of these racks are top notch. I use them to rack two SUPs (one 9'2\"" and one 10') high in my garage, and they work great. They are very easy to install and the padded arms and arm spacing are perfect for SUPs. I highly recommend this rack to anyone looking to get one or more SUPs off the floor and stored nicely."", ""They were quite difficult to install into our walls/ studs, requiring several Home Depot trips for the right hardware, but they are SO worth it.""]",11.502792011015117
G_193,REC_193,B00B2B4OE4,Automotive,medium,descriptive,hybrid,3,for a 2000 xj need somewhere else?,Hi jose....you can use it is very good kit ... take a look on roughcountry page and check for updates... because I change some more parts for the steering..thanks.. in amazon they have a very good price... I use 15 wheel and separator too..,KB_02505,0,"[""KB_02501"", ""KB_02508"", ""KB_02502""]","[""After doing several weeks of searching online to find a good suspension lift for my 2000 Jeep Wrangler, I decided to go with Rough Country. I trust Amazon so I saw several kits at  reasonable prices and decided to purchase from here. A box pops up asking what's the vehicle information ( Style, make, model, year) I entered in my info and this was the kit recommended. I set up an Amazon account went through with purchase and 4 days later I received 3 boxes. I hired a guy to do the install since I have no clue how to piece everything together and he put the fronts on first everything was perfect."", ""After doing several weeks of searching online to find a good suspension lift for my 2000 Jeep Wrangler, I decided to go with Rough Country."", ""This took him and another guy  5 hours to instal the front suspension. He started to open the rear box and sure enough NOT the right parts for this complete kit! The rear end is for a Jeep Cherokee style suspension. I emailed Amazon and a Rough Country as directed to do if something was wrong. I'm now waiting a whole day with my Jeep sitting in a garage half way finished trying to solve this problem. My advice google reviews about the product when people receive it because a few other purchases of a a Rough Country Suspension Kits that were sent to people had the wrong parts shipped to them.""]",17.968792002648115
G_194,REC_194,B00079EH3U,Sports_and_Outdoors,long,descriptive,hybrid,3,Do you need the back rest that is now available for the Swooper?,No.  The lack of a back rest helps me keep good posture.,KB_02533,0,"[""KB_02517"", ""KB_02533"", ""KB_02519""]","[""For me personally, it doesn't need a back, as It uses your own body for support. I recommend sampling the chair for a few days first to see if it's for you. Most Office Furniture Dealers that have this manufacturer available to them offer this service free of charge. Take it for a test ride prior to buying!"", ""Unlike other similarly priced so called ergonomic chairs that have a back support, the lack of one on the swopper actually strengthens the lower back muscles."", ""When considering buying the Swopper, I hadn't been at all worried about it being a backless chair, because I never lean back in my chairs anyway; it causes too much tailbone pain.So I've tried sitting on the Swopper again, but this time sitting all the way on the back edge, rather than square in the middle/top. No tailbone pain! However, it still cuts into my thighs, but the pressure is relieved by turning the base around and putting the opening at the back and using the base as a foot rest.""]",25.000124936923385
G_195,REC_195,B00EA1T3G2,Home_and_Kitchen,short,descriptive,hybrid,3,Where is it made?,[UNANSWERABLE],,0,"[""KB_02541"", ""KB_02539"", ""KB_02556""]","[""I trust this brand.So this set was almost a no-brainer for me. We don't use the cups in this set, but we've been loving all the other pieces. It is great for mixing up with some of my other round dinnerware.I've found 10 Strawberry Street to be a reliable brand, and I recommend it."", ""The box arrived in perfect condition, so it was packed in its defective state at the factory---poor business practice to say the least."", ""I collect dishes:  All kinds, from 2 place settings up to 16 place settings.  I have so much I'm running out of room.  Good thing we have a large old house with plenty of space....  With all the different kinds of dinnerware that I have, I wanted something square-ish to mix things up a bit.10 Strawberry Street does a lot of white.  Their designs seem to fit in many places.  And they are quality pieces:  They don't chip easily; they don't have flaws in the finish; the undersides are finished nicely; they don't show knife cuts (under normal pressure); the shades of white they use are not too bright.  I trust this brand.So this set was almost a no-brainer for me.  We don't use the cups in this set, but we've been loving all the other pieces.  It is great for mixing up with some of my other round dinnerware.I've found 10 Strawberry Street to be a reliable brand, and I recommend it.""]",15.225291950628161
G_196,REC_196,B004Q3PE30,Sports_and_Outdoors,medium,descriptive,hybrid,3,Are the brakes powerful enough when descending steep hills?,"Based on feedback from other reviews I replaced the brakes before I used the bike! I am very very happy with the bike overall - by upgrading the brakes, the chain tensioner, and new rim tape. This is a screaming bike,make sure you have a bike shop give it a tune-up before riding.",KB_02565,0,"[""KB_02567"", ""KB_02559"", ""KB_02569""]","[""I live in San Francisco, and given the hills we have, I couldn't rely on the factory brakes that came with the bike (mass times velocity gets into some big numbers on tandems!)."", ""Once the upgrades are made, it becomes a long distance cruising machine.After a short test ride, I immediately replaced the BRAKES that came with the bike and would recommend this to everyone. I live in San Francisco, and given the hills we have, I couldn't rely on the factory brakes that came with the bike (mass times velocity gets into some big numbers on tandems!). You'll need a Travel Agent brake pulley for both the front and rear brakes. I installed Avid Single Digit 7 V-brakes which are great value for the money."", ""Everything works great, shifts smoothly (after lots o' adjustment), brakes good-enough.Read the reviews for the lambo, just ignore comments about the brakes, shifters, flats, broken spokes (those things have been addressed in the giordano)With a few upgrades this would be a very solid bike.""]",15.86779102217406
G_197,REC_197,B00873AO8A,Home_and_Kitchen,medium,descriptive,hybrid,3,Does it come with both unperforated and perforated insets?,Just a perforated.,KB_02598,0,"[""KB_02582"", ""KB_02599"", ""KB_02586""]","[""It was tender and delicious even without adding BBQ sauce. Tested it out boiling water and have also steamed beets. I was reluctant to go the pressure cooker route (I'm a slow foodie) but my family wanted the option of quick meals of beans and rice so there you go. I read the reviews in Cook's Illustrated and after comparing this to the lower priced option decided to go for the Fissler. Really glad I did. It arrived quickly and in great condition."", ""I own several Kuhn Rikon pressure cookers which I always thought were the best.  When I read the Cooks Illustrated review of PCs I was intrigued by the top-rated Fissler Vitaquick.  I bought the 6.4 qt. model and now I can see why it is top-rated.  This is one beautiful PC.  And mounting the lid correctly is SO simple.  And the full-size disc bottom is a step up from other PCs.  It heats up fast and it's easy to see the pressure rings.Easy to clean.  I love this cooker.  In fact, I just ordered the smaller 4.2Pressure Pan Set!  Cooking with pressure is a big part of my life and I use my PCs several times in an average week.  This one is a real keeper."", ""I'm so impressed with this cooker. It's really high quality workmanship and it works like a champ. My old jiggler-style pressure cooker blew the gasket once but the main thing is the noise was really unnerving. I didn't like to cook with it so we rarely used it. The Fissler 6 qt is gorgeous, sturdy, and does its job quickly and quietly. We just made the BBQ pulled pork recipe from the included cookbook and it's the best pulled pork we've ever had (and we lived in NC for years).""]",15.892541036009789
G_198,REC_198,B00FORK3R4,Cell_Phones_and_Accessories,medium,yesno,hybrid,3,can i use this for maxboost,[UNANSWERABLE],,1,"[""KB_02613"", ""KB_02612"", ""KB_02601""]","[""Buy the Maxboost version of this."", ""I needed a case in a hurry so I ordered the Maxboost and like it very much."", ""Buy the Maxboost version of this. It's the same cover but made with much better material. This one isn't very good. There are better options.""]",13.735000044107437
G_199,REC_199,B004I4FRZW,Sports_and_Outdoors,medium,yesno,hybrid,3,"I have a oversized bag, will this cart work for larger bags?","Yes. I have a ""tour"" sized bag and there is no problem with it on this cart.",KB_02622,1,"[""KB_02630"", ""KB_02633"", ""KB_02620""]","[""my golf bag fits perfectly, its actually a little larger that I thought it would be."", ""Good, solid cart that handles large bags."", ""Hey all,Recently I decided to join my local golf club and become a member, one of the main reasons besides saving $ was to be able to walk the course; only members have that access. I got my push cart today, it was easy to put together, the design was excellent. the two rear wheels just pop into place, and the front wheel has a single pin with butterfly nut. my golf bag fits perfectly, its actually a little larger that I thought it would be. It rolls very well with my bag on there, the wheels are large, and while they are plastic, I anticipate no issues on the course with them.""]",22.682457929477096
G_200,REC_200,B006AVLS22,Tools_and_Home_Improvement,medium,yesno,hybrid,3,"will this one also remove heavy metals ( ie: arsenic,lead etc.) ?",[UNANSWERABLE],,0,"[""KB_02646"", ""KB_02644"", ""KB_02645""]","[""it also filters similarly to the non radiological filter but not to as fine a degree as the regular filter.i would recommend this to anyone to use your daily water bottle replacement."", ""It is also the only filter that I know of in the world with its complete cleaning water system."", ""However if this thing does exactly what it claims to do it's one of the best filters you can buy supposedly.""]",24.011290981434286
