golden_id,record_id,asin,category,q_bucket,question_type,pipeline,k,question,gold_answer,evidence_doc_id,is_answerable,retrieved_doc_ids,retrieved_context,retrieval_ms,generated_answer,refused,generation_ms
G_001,REC_001,B00E7LVBCE,Electronics,medium,descriptive,sentwin,5,My computer is DVI-I.  This monitor is DVI-D.  Is it compatible?,[UNANSWERABLE],,1,"[""KB_00001"", ""KB_00004"", ""KB_00001"", ""KB_00002"", ""KB_00005""]","[""I wanted a monitor to connect to my laptop. I am enjoying with my new dell monitor good.It has both VGA and DVI options. Would have given 5 rating if the VGA cable was of good quality."", ""No generic names. My Dell monitor fits my Dell computer just wonderful! And, I received it within 3 days!"", ""Excellent. I wanted a monitor to connect to my laptop. I am enjoying with my new dell monitor good.It has both VGA and DVI options."", ""No - its not supper great for starring at all day - but its good enough to be used as a second monitor. Its attached to a DVI KVM."", ""I bought this monitor because of its low price and thought I had gotten a good deal at the time. I should have payed more attention to the reviews.""]",102.41229203529656,The available reviews do not provide enough information to answer this question.,True,270.72529203724116
G_002,REC_002,B008N7CCJY,Electronics,medium,descriptive,sentwin,5,Can I use this for my android tablet in the car,"Dear Ann I do not own a tablet,however the purpose of this transmitter is to broadcast a signal thru your car stereo from outside devices, when you carstereo does not have an 3.5mm cable port this is a substitute.So if you are planing to play music thru your tablet ( AND ) if your tablet has a ear phone jack then yes it should work",KB_00016,1,"[""KB_00014"", ""KB_00015"", ""KB_00012"", ""KB_00020"", ""KB_00018""]","[""I love it . I can now use my phone in the car . The only couple of problems is that of course there's a little bit of static depending where your at but over all a great product"", ""I just got this for my wife's car so we could listen to music from our phones. We used to use a tape deck adapter but the tape deck in her car just stopped working, so I got this."", ""I use this in my car all of the time when I'm waiting in my car for someone or when I am driving. I love it a lot I definitely recommend!"", ""Got this for my husband and he says it works great, better than the old one. Easy to use & read in the car."", ""And also it charges the phone fast. I have an iphone and one android phone, it's working fine for both.""]",32.61120792012662,"The product works with android phones, and it can be used in a car, so it is likely compatible with an android tablet in the car. However, the reviews do not specifically mention using it with a tablet. The product has been used with both iphone and android phones.",True,492.90012498386204
G_003,REC_003,B008VGQ4VO,Electronics,long,descriptive,sentwin,5,"Can anyone provide the cord length? My CPU is under my desk, and most earbuds only provide about 4', which is too short.",[UNANSWERABLE],,1,"[""KB_00023"", ""KB_00027"", ""KB_00028"", ""KB_00028"", ""KB_00021""]","[""Comfortable earbuds but there's already a short the sound and I'd say I've had these about a month. Not too happy about that."", ""I recently bought these here and in my opinion....the new flat cord was a terrible idea....I had a pair before these with the round cord and they were great until they developed a short of course....unless you only listen motionless these new one's are worthless....the cord noise is so bad it's ridicules...why they would want to lose good customers like myself is a mystery to me...but they have...."", ""There is also a lot of cord noise. I sit at my desk and listen to pandora, and have to take the headphones out because the cord noise becomes very distracting - the slightest shift is incredibly loud.3."", ""There is also a lot of cord noise. I sit at my desk and listen to pandora, and have to take the headphones out because the cord noise becomes very distracting - the slightest shift is incredibly loud.3. The tip."", ""good for desk work or laying in bed listening to music. the cords DO make a noise when u move them. when i called klipsch to ask about the noise they said they never heard of that before.""]",29.044292052276433,The available reviews do not provide enough information to answer this question.,True,309.18345891404897
G_004,REC_004,B00C53831I,Electronics,medium,descriptive,sentwin,5,Will These Work In My Dell Optiplex GX 620sff?,"Yes, they should work on your Dell Optiplex 620. I have a desktop of that vintage and these modules worked on mine. Here's a suggestion: Go to Crucial.com and take advantage of their memory scanner-----this will verify the kind of memory modules your computer needs-----this doesn't commit you to buying theirs.",KB_00033,1,"[""KB_00033"", ""KB_00031"", ""KB_00033"", ""KB_00032"", ""KB_00033""]","[""If you know the exact nomenclature of the description (by a little research) of the modules you need, then it is safe to purchase same. These modules were just what I needed to expand the memory on my Dell desktop computer. Easy to install and ran my memory stress tests with no errors."", ""The memory was a perfect fit for my Dell desktop computers and I had no problem with installing the memory myself. I received my purchase ahead of time and you can not beat the price."", ""One needs to be careful in buying memory modules without the advice of the makers of these modules. If you know the exact nomenclature of the description (by a little research) of the modules you need, then it is safe to purchase same."", ""The memory I received was made in 2007. It passed the performance test with average scores on the old Dell I put it in. Works good and I'm satisfied."", ""One needs to be careful in buying memory modules without the advice of the makers of these modules. If you know the exact nomenclature of the description (by a little research) of the modules you need, then it is safe to purchase same. These modules were just what I needed to expand the memory on my Dell desktop computer.""]",25.541833019815385,"These modules worked in the reviewers' Dell desktop computers, but it is recommended to research the exact nomenclature of the modules needed to ensure compatibility. The reviews do not specifically mention the Dell Optiplex GX 620sff model. Compatibility with the specific model is not confirmed.",True,495.5152089241892
G_005,REC_005,B006YVFGAS,Electronics,medium,descriptive,sentwin,5,Would I need to still buy a converter box for this antenna?,"Depends on your display monitor or TV. It needs to have a tuner built in to the display to go without a converter box. If it's an old heavy box CRT TV you will probably need a converter box. If it's a newer LCD TV than you probably don't. In a nutshell, your monitor or TV needs to be able to receive ATSC signals.",KB_00041,1,"[""KB_00041"", ""KB_00041"", ""KB_00048"", ""KB_00045"", ""KB_00049""]","[""I was a little worried that this antenna would be a waste of money, but I was wrong. After years of pixelation and moving my old rabbit ears around to try to get stations, I wanted to try something better."", ""After years of pixelation and moving my old rabbit ears around to try to get stations, I wanted to try something better. I have this going in to a digital converter box as I still have a tube TV. After messing around with the placement, I get more channels than before and I no longer have to worry about if where I sit in the room will affect my reception."", ""When using the amp u can get channel 11 and a few others as well. Also,my antenna box was opened and repacked  like it was a return. Not happy about that."", ""This antenna did very poorly and was able only to get reception on 2 channels which formerly got 15 on old antenna .I would not recommend this product to anyone. I went back to old unit sold at Best Buy ."", ""Sometimes the cables not working too great so I switch to this Antenna and get all the channels I need, never miss a show""]",23.7831249833107,"At least one user still needed a digital converter box to use with this antenna, as they have a tube TV. The antenna may not be compatible with all older TVs without a converter box.",False,473.7300840206444
G_006,REC_006,B00CGW74YU,Electronics,long,descriptive,sentwin,5,It appears to be an elastic band around the middle part of the lens. OUESTION: will this band interfere with the lens when  auto focusing?,[UNANSWERABLE],,1,"[""KB_00053"", ""KB_00051"", ""KB_00055"", ""KB_00057"", ""KB_00052""]","[""I love this product. The band fits great around the lens. No more worrying where to put the lens cap!"", ""The caps are spares, so I didn't need to use them, but I did snap on onto my lens and it appears to fit just fine and is made of heavy plastic...doesn't feel flimsy at all.The cap-keepers are wonderful! I really like the elastic to fit around the lens instead of hooking on to the strap anchor on the camera. It's much less in the way."", ""The caps arrived a timely manner and were appropriately packaged for shipment. They fit the lens as advertised and the elastic band does an excellent job of holding onto the lens barrel. Completely satisfied with the quality and price."", ""I have many times so I bought several of these and they are great and easy to use, especially with the nifty keeper. Just slip the elastic band on the lens itself and stick the sticky end on the lens cover and off you go!"", ""The lens caps that came on the lenses have the brand name NIKON deeply embossed on the middle of the outward facing portion of the lens cap. Very good looking, but unfortunately because of that embossing it is impossible to have the adhesive that holds the lens cap to the elastic that goes around the lens adhere to the lens cap.""]",10.16712503042072,The available reviews do not provide enough information to answer this question.,True,273.53229199070483
G_007,REC_007,B004HW6F9M,Electronics,medium,descriptive,sentwin,5,Do you need an amp for it?,Yes you do need an amp for it. I suggest pairing it with a pioneer digital amp. I have 2 of these In my TDI golf 2013 and they save so much space but have higher decibel readings then some of the extensive setups my friends have installed so far.,KB_00061,1,"[""KB_00065"", ""KB_00069"", ""KB_00066"", ""KB_00063"", ""KB_00064""]","[""Not sure if that is a mistake or what, but it is rated for 200 Watts. I am currently giving it 200 Watts (from a bridged RF 4 channel amp) and let me tell you, it will need no more. I've had sound systems that were insane in my younger days, so I know what to expect from a shallow mount 10&#34; sub."", ""I am not a person that likes a high amount of bass. This unit has enough bass anybody needs."", ""I was looking for a sub for my 2000 mustang ragtop to give me some bass when the top was down. Almost spent 600.00  plus at an electronics store, they said I would need a special setup to get bass. I read the reviews on this sub with the boss R1100M."", ""It takes up a small amount of space, but I can stack luggage on top if I need the space. The Pioneer GM-3500T amp driving it has plenty of power to drown out road noise on the freeway and rattle the trunk if I turn it up. Overall it is a great combination."", ""It sounds great, I have it running through an ancient RF punch amp and it hits HARD. Granted its an older RF amp and they are SERIOUSLY underrated.""]",27.52808399964124,"The reviews suggest that an amp is needed, as several reviewers mention using an amp, such as a bridged RF 4 channel amp or a Pioneer GM-3500T amp, to power the sub.",False,422.67220793291926
G_008,REC_008,B00CAN8ETE,Electronics,medium,descriptive,sentwin,5,Has any one tried this with any car stereo 30-pin adapters?,It works with most 30 pin adapters. There are a get radios however that will not use the same protocol and do not work with the NAXA,KB_00072,1,"[""KB_00074"", ""KB_00076"", ""KB_00075"", ""KB_00073"", ""KB_00076""]","[""Not only did it not work (it just got super hot), when I plugged my iPod back in there was now a thumping noise, and it would no longer charge the iPod. I have one of those USA Spec adapters that hooks into my stereo. So while I was able to return the NAXA, I'm out $100 for the iPod adapter that I now have to replace."", ""This thing never connected to any of my docks or with my car's 30pin cable. I sent it back and ordered the ViseeO Tune2Air WMA1000 which is more expensive, but works perfectly with every device I have and connects instantly in my car for A2DP Stereo Bluetooth music."", ""I thought this would work on my car. My car has a plugin for an ipod so i tried to use this so I can play music from my galaxy s2. Didn't work."", ""I tried this product with two different Sony bookshelf stereo systems and four different smart phones. It powered up and paired with each phone (iPhone 5, HTC One, and Samsung Galaxy), but it would not play any music through either stereo's speakers."", ""This thing never connected to any of my docks or with my car's 30pin cable. I sent it back and ordered the ViseeO Tune2Air WMA1000 which is more expensive, but works perfectly with every device I have and connects instantly in my car for A2DP Stereo Bluetooth music. Do yourself a favor and spend the extra money to get the ViseeO.""]",27.418041019700468,"Yes, some reviewers have tried this with car stereo 30-pin adapters, but it did not work for them. One reviewer mentioned that it never connected to their car's 30pin cable, while another had issues with a USA Spec adapter.",False,262.38037494476885
G_009,REC_009,B0013V3CQY,Electronics,long,descriptive,sentwin,5,Can this be connected to a laptop anyway to record if so what do I need if not what will I need to get,"Yes, mine is hooked up to a lap top via an EasyCAP DC60 - USB 2.0 Audio/video Creator Capture High-quality Analog Video and I use a software video capture program to record to the hard drive, however its tedious and I reccomend getting aZmodo PKD-DK4216-500GB H.264 Internet & 3G Phone Accessible 4-Channel DVR with 4 Night Vision Cameras and 500 GB HD for about 100 bucks more for easy recording of surveillance video.",KB_00086,1,"[""KB_00085"", ""KB_00082"", ""KB_00082"", ""KB_00086"", ""KB_00088""]","[""I have yet to catch him, but I have caught many other crazy things outside with this camera. I attached it to my DVD recorder, so I can record for up to several hours non stop and catch anything I might miss."", ""The LCD even has an option to scroll back and forth between the two.Cons:1) To record you do need to hook it up to a recording device. Sadly it does not record on its own which does limit it's helpfulness a bit.2) Sometimes when viewed on a larger TV, the screen can be a bit snowy. However it has never gotten nearly bad enough for me that I couldn't see what was going on outside.3)The camera does need to be sheltered when used outside."", ""The LCD even has an option to scroll back and forth between the two.Cons:1) To record you do need to hook it up to a recording device. Sadly it does not record on its own which does limit it's helpfulness a bit.2) Sometimes when viewed on a larger TV, the screen can be a bit snowy."", ""It views everything in a black and white picture, but does still have a picture whereas most cameras would just show black.3) The camera can and will record if and only if you hook it up to a VCR, DVD recorder, or some other recording device that works with AV cables."", ""Of course I have it in a spot under where hopefully no water will hit it. Just make sure you have somewhere to plug it in outside, I think you can get a rechargeable battery from GE as well for extra of course.""]",25.983292027376592,"This camera can be connected to a laptop to record if the laptop has a compatible input, such as AV cables, and a recording device or software. To record, you will need a recording device like a VCR, DVD recorder, or a laptop with the necessary inputs and software.",False,335.59279202017933
G_010,REC_010,B004JKBVBY,Electronics,long,descriptive,sentwin,5,Polaroid GL10 PC Driver Does anyone know if Polaroid has issued a printer driver for PC (Win 7) to allow printing on the GL10?I have emailed the Polaroid Customer Contact with no reply.The product instructions say to contact poloriod.com for the software.  I can't find it on that site.Thanks.,"You have to go to, http://www.polaroid.com/en/greylabel and drag the large gray slider bar at the bottom of the page about half way to the right. There you will find links to the Android App, Mac, 32bit and 64bit Windows versions.",KB_00091,1,"[""KB_00091"", ""KB_00093"", ""KB_00094"", ""KB_00091"", ""KB_00100""]","[""Before noticing the button, I had sent and resent the file multiple times thinking it wasn't working.It took two weeks to find the mythical software on the Polaroid site that allows you to print from your computer. You have to go to polaroid dot com /en/greylabel  That's where you find the software for your PC and android smartphones."", ""I understood this product was trying to recreate original Polaroid instant photos when I bought it.Ultimately, I returned the GL10. I like Polaroid's concept regarding this printer. However, the printing jams and the poor user interface in both the PC and Android applications make this product unsatisfactory."", ""I recently purchased the Portable GL10 Zink Printer from Amazon.com. I purchased the product in the view that it was a great idea and an extremely useful way of bringing back the old polaroid photograph style.However, whenever I downloaded the software from the Polaroid website which accompanies the printer, and decided to choose one of the overlaying filters for the photograph, my printer is no longer able to print the normal white border or any other filter."", ""Before noticing the button, I had sent and resent the file multiple times thinking it wasn't working.It took two weeks to find the mythical software on the Polaroid site that allows you to print from your computer. You have to go to polaroid dot com /en/greylabel  That's where you find the software for your PC and android smartphones. If you don't have a cable to print from the computer, one is not supplied."", ""If you try to connect with the USB, you will need drivers. The manual says you should go to the polaroid.com and download the software from there. Which I did but I couldn't find any.""]",25.454542017541826,"The Polaroid GL10 PC driver is available on the Polaroid website at polaroid.com/en/greylabel, which allows printing from a computer. The driver is necessary for USB connection.",False,281.86637500766665
G_011,REC_011,B00CVK49LI,Electronics,medium,descriptive,sentwin,5,How can I order this case in Italy? Help me please.,[UNANSWERABLE],,0,"[""KB_00102"", ""KB_00101"", ""KB_00107"", ""KB_00101"", ""KB_00107""]","[""I give up the second cover that was supposed to fit y Dell. Both were junk and they both would Not stay on my laptop."", ""The color and contrast of the case looks really nice and it fits on the laptop well. The case snaps onto the laptop sides, the bottom one seems to be more sturdier though. Would definitely buy another one if I ever needed it (or maybe a different color)."", ""Fits my Dell Inspiron 15z Touch Ultrabook like a glove. Snapped right on and looks quite nice."", ""Great product! The color and contrast of the case looks really nice and it fits on the laptop well. The case snaps onto the laptop sides, the bottom one seems to be more sturdier though."", ""Fits my Dell Inspiron 15z Touch Ultrabook like a glove. Snapped right on and looks quite nice. It is see-through, but it looks kind of cool that way.""]",23.205625009723008,The available reviews do not provide enough information to answer this question.,True,163.90275000594556
G_012,REC_012,B0045ZZKOM,Electronics,medium,descriptive,sentwin,5,Will this work with a D3200??,[UNANSWERABLE],,0,"[""KB_00115"", ""KB_00111"", ""KB_00110"", ""KB_00109"", ""KB_00112""]","[""Makes my pictures looks great. I have D7000 and fits perfectly and plus the kits great... so you dont need to buy anything else cuz it's included. Easy to use too, i'm a newbie in this ... quite easy to figure it out, if not.. it's always google it to find the answer."", ""I ordered the flash kit for my Nikon D3100. I was tasked with taking pictures at my school's graduation ceremony and I felt that the built-in flash wouldn't be enough."", ""I am very satisfied with my Nikon Speedlight SB-700. I have not used all of the accessories yet, but those that I have used work just fine."", ""This flash works perfectly. It has very good light power and can reach out for those long shots."", ""Just what I was looking for. I haven't had time to put the flash through its paces yet, but am sure it will deliver what I wanted. The vendor delivered just as promised.""]",22.783624939620495,The available reviews do not provide enough information to answer this question.,True,133.48416599910706
G_013,REC_013,B007KMFXZ8,Electronics,medium,descriptive,sentwin,5,how to add a new genre,[UNANSWERABLE],,0,"[""KB_00127"", ""KB_00122"", ""KB_00121"", ""KB_00119"", ""KB_00119""]","[""After he watches the new episode, he'll delete it so I can't see it anymore. Before, my recordings could not be altered by other viewers and I had my own space."", ""But typically, new improved isn't always improved. And we lose the ability to rename a recording. That made no sense."", ""What would make a great box even better would be some minor tweaks I am sure that are software driven. Please allow more folders and sub folders. Add some of the more mainstream apps like Netflix, Amazon Prime and many of the other great apps found on a Roku box."", ""You can still personalize favorite channels and the interface for doing that is great since it is clear to see what the channel is that you are selecting. You have to set up favorite channels for each Joey though.Transferring content from an external hard drive was easy and as before, you can add an external hard drive for additional recording storage."", ""You can still personalize favorite channels and the interface for doing that is great since it is clear to see what the channel is that you are selecting. You have to set up favorite channels for each Joey though.Transferring content from an external hard drive was easy and as before, you can add an external hard drive for additional recording storage. There are some apps available (which run through your internet).""]",26.066040969453752,The available reviews do not provide enough information to answer this question.,True,308.2646660041064
G_014,REC_014,B00009R95W,Electronics,long,descriptive,sentwin,5,Difference between Hoya 58CIR or Hoya HMC ? Trying to decide between the regular Hoya Circular Polaraizing Filter or the HMC. Does the more expensive HMC give that much better results to justify the price?,"Yes it does.  I would never consider using a non-multi-coated filter on a digital camera.  The reason is simple.  The sensor has a flat glass protecting it (called a low-pass filter - LPF).  Some light will bounce off the LPF and head out the lens.  Since lens elements are multi-coated and curved, very little light will reflect back to the sensor.  But since the front filter IS flat, you can get a lot of light bouncing back.  If you use a non-coated, or single-coated filter, you get a lot of light reflected back into the sensor.  This shows up as a loss of contrast (veiling flair) or as ghosts and hot spots.  Multi-coated filters are designed to reduce this effect, but cannot eliminate it.  This is a real problem when you shoot into a light source.When shooing into a light, ANY filter will degrade the image.  Multi-coated filters are much better, though.",KB_00132,0,"[""KB_00131"", ""KB_00129"", ""KB_00130"", ""KB_00130"", ""KB_00133""]","[""Excellent circular polarizer filter by Hoya. I'm using this for anOlympus PEN E-P1 12.3 MP Micro Four Thirds Interchangeable Lens Digital Camera with 14-42mm f/3.5-5.6 Zuiko Digital Zoom Lens (Silver Body/Black Lens)camera."", ""This is a very good circular polarizer it not the newest one that the Hoya NTX But it still very good for the price can not beat it."", ""The threads on the knock off were rough and the adjustment ring difficult to turn. The Hoya is of a much higher quality. It adjusts with ease and threads onto your lens very smoothly."", ""I have used both a cheap no-name circ-polarizer but it is was not even worth the shipping price. The threads on the knock off were rough and the adjustment ring difficult to turn."", ""The new zoom lens for the NEX SONY cameras uses a smaller filter size than the 49mm diameter which fits most of the other lenses currently being provided for these cameras. For polarizing effects it is therefore necessary to get the 40.5 mm diameter lens. It does provide adequate polarization control.""]",25.987875065766275,The available reviews do not provide enough information to answer this question.,True,283.3842500112951
G_015,REC_015,B008A4H67I,Electronics,long,descriptive,sentwin,5,"Is this compatible with the new dell inspiron 11 3000 series, the 2-in-1?",[UNANSWERABLE],,0,"[""KB_00138"", ""KB_00137"", ""KB_00138"", ""KB_00136"", ""KB_00138""]","[""My toddler loves my laptop. If I turn my head away for a second, he's already figured how to pop keys off."", ""Ergo, you should twist it COUNTER-CLOCKWISE!Other than that, I like this product. The color is cute (and matches my laptop) and the lock seems to work well."", ""If I turn my head away for a second, he's already figured how to pop keys off. So in order to protect my computer, I ordered this security cable. (It's really very long, so I made sure to wrap it tight to keep my toddler safe, too."", ""This is sturdy, easy to use and a pretty color. You will need a tiny Philip's screwdriver to set your combination but after that it is really a good accessory to have if you use your laptop in public. No one wants to have to pack everything up and lose that prime spot in Starbuck's with the wide table and outlet just to go to the bathroom."", ""(It's really very long, so I made sure to wrap it tight to keep my toddler safe, too. )I can easily lock my laptop to its desk and not worry about it being damaged. It allows for a four-digit combination, which is useful on the road.""]",24.98145797289908,The available reviews do not provide enough information to answer this question.,True,273.0097089661285
G_016,REC_016,B004R7A9NU,Electronics,medium,yesno,sentwin,5,does it work for ipad 4,Yes it does indeed! I have the ipad 4 and its fits it perfectly,KB_00148,1,"[""KB_00140"", ""KB_00141"", ""KB_00142"", ""KB_00148"", ""KB_00141""]","[""So, 1 star for using this with the iPad 3 but 4 stars for using it with the iPad 2 (sleep awake works for the older model). Unfortunately, I bought it for the iPad 3!! I was hesitant to purchase a case before the iPad 3 was released for just this reason, but I bought from this seller because they specifically said it would work with the new iPad."", ""The magnets in the case do not line up to allow auto shutoff of the IPad when cover is closed. Function does work on IPad 2 models as we own one of those as well. As of 3/24 the vendor should only be shipping the new case that supports IPad 2 and IPad3 so review was changed to reflect the fix."", ""I have bought 4 of these now for myself and family, all for iPad 3 (New). They fit fine, nice quality for the price and is the closest case to the original iPad thin vinyl case made by Apple."", ""I have an iPad 4 and this case fits perfect. Nice looking at a reasonable price."", ""As of 3/24 the vendor should only be shipping the new case that supports IPad 2 and IPad3 so review was changed to reflect the fix. They promptly got me a replacement case when the older IPad 2 case would not work.""]",9.731665952131152,"The case fits an iPad 4, according to a reviewer who has one and says it fits perfectly. It is also nice looking and reasonably priced.",False,294.79224991519004
G_017,REC_017,B002PWHOYG,Electronics,medium,yesno,sentwin,5,will it position for a vertical shot?,Absolutely. The ball flips the camera on its side.,KB_00149,1,"[""KB_00149"", ""KB_00156"", ""KB_00149"", ""KB_00152"", ""KB_00154""]","[""It took me a little while to get a good operating process down when using the head but I am now able to use it with ease. The head does a good job of holding my Canon 40D in place when in the vertical position. I have a Manfrotto tripod that has a center column that can be place in a horizontal position and have have put my camera in this configuration looking down on an object I was photographing."", ""The little spring arm that is your safety lock, so that if you accidentally move the release is failing. When I engaged the camera, the smaller spring arm does not fully swing back into it fully elevated position. If that does not happen the release arm has nothing to stop it."", ""The head does a good job of holding my Canon 40D in place when in the vertical position. I have a Manfrotto tripod that has a center column that can be place in a horizontal position and have have put my camera in this configuration looking down on an object I was photographing."", ""This is a really nice head. It has multiple adjustments and each one can be tighten individually giving you the ability to position the camera just about any way you want. If you are going to pan from side to side you will have no problems, but if you plan to pan up and down the ability will be somewhat limited."", ""Also added a pic in the customer images.The tension knob still holds a camera in place but I wouldn't walk away from it. It bounces all over the place before settling into place when framing a shot.I got 2 years of acceptable use out of it. Maybe more if I had stuck to lenses under a pound...?""]",10.456959018483758,"The head can hold a camera in place when in the vertical position. It allows for multiple adjustments to position the camera as desired. However, panning up and down may be somewhat limited.",False,317.64358398504555
G_018,REC_018,B003L75CUC,Electronics,medium,yesno,sentwin,5,I've got a nikond90 qith a 18-200 lens (72mm) will it fit?,"Yes, it'll fit.",KB_00167,0,"[""KB_00161"", ""KB_00165"", ""KB_00166"", ""KB_00162"", ""KB_00167""]","[""The case fit by Nikon d7100 camera and was water tight. The problem is that in order to adjust the focus or distance, you have to remove the front cover...which defeats the purpose of it being water tight!."", ""Overall I like this bag it serves its purpose however you have to be conscious of where the lense is pointing. If you do not pay attention you will end up with a black shadow/ring around your pictures from taking a picture of the bag."", ""I was expecting something a little more fitted since it mentions my camera model in the title of the product. It's HUGE and very hard to adjust outside of the water, let alone inside."", ""Also, it floats, or atleast, it was determined to float for me. Which is great, because if you accidentally let it go, atleast you can get it back.The only bad points about the bag is that it's very large (but if I upgrade my camera, I'll be able to use it for that one), it's nearly impossible to zoom the lens under water through the finger grips."", ""I ordered this model for my Nikon D3100. Sent it back.This model is for LARGE DSLR cameras, if you have a Canon Rebel series, or a Nikon D3000, 3100, 5100 or similar, this thing will absolutely swallow the camera.""]",22.6541250012815,The available reviews do not provide enough information to answer this question.,True,153.4444580320269
G_019,REC_019,B000GPHQWO,Electronics,medium,descriptive,sentwin,5,Does this lens fit on a Canon EOS Rebel T3i?,"I am positive that it will fit on Canon EOS Rebel T3i. This camera uses Canon EF Lenses. And this Sigma lens was designed with the same mount as the Canon's EF mounts. Just make sure you buy the one for Canon, and you should be fine.",KB_00170,1,"[""KB_00185"", ""KB_00176"", ""KB_00186"", ""KB_00174"", ""KB_00189""]","[""I used the lens on a Canon 7D."", ""(This review is based on an 11-day rental of this lens. I used the lens on a Canon 7D. )The macro works as specified."", ""Canon does not make an equivalent lens, even if I was willing to pay twice for an 'L' lens."", ""I think it wasn't built strong enough. Was it a Canon or Nikon lens, it should have withstood this much impact. I know that I should have been careful about this."", ""At 1:1 magnification, 3-4 inches away, maximum aperture is f4.8. This is not really what I had in mind when I bought this lens, and I may return it because it's not going to work as well as I had hoped. I bought an f2.8 lens expecting a constant aperture.""]",12.360500055365264,The available reviews do not provide enough information to answer this question.,True,149.12129193544388
G_020,REC_020,B002TV5M5G,Electronics,long,descriptive,sentwin,5,I have an Edge 15 330M ..Is this the correct battery and is it made by Lenovo?,[UNANSWERABLE],,1,"[""KB_00202"", ""KB_00193"", ""KB_00197"", ""KB_00206"", ""KB_00207""]","[""After a week of using this battery, the bios of my Lenovo, before loading Windows, started saying that I wasn't using a genuine Lenovo battery and that Lenovo cannot guarantee the performance of the battery."", ""After a week of using this battery, the bios of my Lenovo, before loading Windows, started saying that I wasn't using a genuine Lenovo battery and that Lenovo cannot guarantee the performance of the battery. Sure does look genuine."", ""Its a good battery and it works well. There is not much to say about it except that it is the same battery that comes with lenovo computers."", ""There is not much to say about it except that it is the same battery that comes with lenovo computers."", ""My Lenovo accepted it without any problems, and the battery life is good.""]",24.924167082645,"The available reviews suggest that this battery is compatible with Lenovo computers, but it is not made by Lenovo, as the BIOS warns that it is not a genuine Lenovo battery. The battery still works well and provides good battery life.",False,352.8775000013411
G_021,REC_021,B003YLZ8J0,Electronics,medium,descriptive,sentwin,5,Are there actually five programmable buttons? How are they programmed?,Yes they're are 5 programmable buttons but I only programmed in for video games.,KB_00219,1,"[""KB_00220"", ""KB_00212"", ""KB_00210"", ""KB_00212"", ""KB_00224""]","[""The programmable buttons are backwards."", ""If left sitting for about 5 min, I haven't timed it, the mouse turns off, and won't turn back on until you pick up the mouse, turn it over, turn off the mouse power switch, leave it that way for at least 5 seconds, turn it back on, and it will work until the next time it falls asleep, and then you can repeat the above process. The programmable buttons are backwards. If you set the function you want for button 4 for button 5, and vice versa."", ""I needed the buttons programmable so I could create specific custom repetitive tasks, and after installing the software, I only found that I could change the buttons to do pre programmed things already within the software."", ""The programmable buttons are backwards. If you set the function you want for button 4 for button 5, and vice versa."", ""The buttons are crisp and responsive.""]",10.602999944239855,"There are programmable buttons, but the reviews do not specify how many. The buttons can be programmed using software, but the available reviews do not provide detailed information on the programming process, only that button 4 and 5 are backwards.",True,428.3862500451505
G_022,REC_022,B0083V5SZK,Electronics,long,descriptive,sentwin,5,"What are the 3 chargers i see 30 pin, is that usb mini? Whats the other?","It includes a 30-pin Apple connector, a Micro-USB and a Mini-USB.",KB_00229,0,"[""KB_00229"", ""KB_00238"", ""KB_00230"", ""KB_00231"", ""KB_00237""]","[""This little thing is brilliant. I can carry around one compact little charger and charge both my android phone or my iPad when I'm out somewhere. I don't have an iPhone, so I can't help out others who might need to charge their new phones, but that's the only thing it's lacking."", ""I can carry around one compact little charger and charge both my android phone or my iPad when I'm out somewhere."", ""I live in the UK and constantly travel to other parts of Eurasia where the electrical systems are different. Works great for my Blackberry device, as well as apple devices in our family."", ""Works great for my Blackberry device, as well as apple devices in our family."", ""I don't have an iPhone, so I can't help out others who might need to charge their new phones, but that's the only thing it's lacking.""]",13.633499969728291,The available reviews do not provide enough information to answer this question.,True,233.80112496670336
G_023,REC_023,B000NIQMG0,Electronics,medium,descriptive,sentwin,5,What voltage?  Can the head operate on batteries?,"The external power supply is AC --> DC   12V@200mASo, yes, you could take a small 12vdc battery that has an out of about 200mA and power this unit.  If you did use a 12vdc battery you could charge/recharge the battery with a small solar panel that you could purchase for about $20.For Reference: http://www.emtcompany.com/x10-xm14a-ac-power-supply-charger-adapter/101334292.html",KB_00242,0,"[""KB_00243"", ""KB_00245"", ""KB_00256"", ""KB_00257"", ""KB_00239""]","[""I'd send it back but because we used a Lorex camera we had to slightly modify the holes to attach the camera. So can't return it for a working one. Our loss."", ""Center and 4 programed positions, then you can slowly move to any other location with the 4 up, down, left, right keys. The Tilt is controlled by a hand held 'RF' remote device. My camera is outdoors, outback and I control it from the front room about 50 feet away."", ""The Tilt is controlled by a hand held 'RF' remote device."", ""Center and 4 programed positions, then you can slowly move to any other location with the 4 up, down, left, right keys. The Tilt is controlled by a hand held 'RF' remote device. My camera is outdoors, outback and I control it from the front room about 50 feet away."", ""That is thru 3 house and garage walls and a 10 ft. breezeway. It can go left and right or up and down. You can preset 4 stops for each camera and keep sweeping or you can push left, right, up, down and go only as far as you want.""]",11.73520798329264,The available reviews do not provide enough information to answer this question.,True,250.13979198411107
G_024,REC_024,B0081XI2Y4,Electronics,short,yesno,sentwin,5,does this play audio?,"A VGA port carries video only, not audio+video like an HDMI cable does. You'll need to run audio through a separate cable (usually through a 3.5mm headphone jack) no matter what adapter you use.",KB_00260,1,"[""KB_00261"", ""KB_00270"", ""KB_00268"", ""KB_00259"", ""KB_00261""]","[""It is small, light, loud and comfortable. It charges with my phone's charger and it streams audio. I really love this headset because of its superior noise-cancellation feature and its long battery life."", ""It charges with my phone's charger and it streams audio."", ""This adapter is simple plug and play."", ""This adapter is simple plug and play. Our new Lenovo X1 Carbon have only a mini display port out - so connecting video equipment (large screen TV's or projectors) requires an adapter."", ""This is a great little headset that combines all the features I want and need. It is small, light, loud and comfortable.""]",30.721624963916838,"This product streams audio. It is also described as ""loud"", indicating that it can play audio. The product is a headset, which further supports its ability to play audio.",False,391.7504580458626
G_025,REC_025,B006VB6UNI,Electronics,long,descriptive,sentwin,5,if I have no pc how do I charge it.. simple answers please,"You dont need a PC, the Nook have an adapter to connect it to AC power.",KB_00282,1,"[""KB_00278"", ""KB_00289"", ""KB_00284"", ""KB_00277"", ""KB_00287""]","[""I'm so happy with my Nook -- it's so much easier on my eyes with the e-ink screen.I can read for hours without eyestrain. I'd like to get a Nook HD also to watch movies and use as a tablet, but my Nook Simple Touch is perfect for reading."", ""I'd like to get a Nook HD also to watch movies and use as a tablet, but my Nook Simple Touch is perfect for reading."", ""I love my NOOK, IS FIRST TIME YOU BUY A NOOK. BUY IT AND I WENT GREAT USED. I LOVE IT"", ""I love my Nook Simple Touch. This is my second one (purchased this one as a gift)."", ""I love my Nook Simple Touch.""]",10.56191697716713,The available reviews do not provide enough information to answer this question.,True,284.6768330782652
G_026,REC_026,B00FGYC9LI,Electronics,short,descriptive,sentwin,5,Is there a laptop warranty?,[UNANSWERABLE],,1,"[""KB_00314"", ""KB_00303"", ""KB_00317"", ""KB_00298"", ""KB_00317""]","[""The reviews are dead on about how wonderful this laptop is (minus the trackpad)."", ""They are a little funny to type on, but it's something you'll get use to.I really wanted to love this laptop. The reviews are dead on about how wonderful this laptop is (minus the trackpad). I went with a Lenovo Yoga and I'm really happy now.Lenovo 13 3 Inch Convertible Touchscreen Ultrabook"", ""I very rarely review items on Amazon, despite being a regular shopper, but the Acer Aspire V7-582PG-6421 is such a stunning example of a Windows laptop \""done right\"" that I just had to leave a comment or two. The preceding review by Gc is excellent and covers almost all of the bases."", ""ALL FOR $900 LESS than the Air, and $1700 LESS than the MacBook Pro.That's why I say it is the best bargain going in a full feature, desktop replacement laptop."", ""A little larger and heavier than the Pro (less than 1/2\"" longer/wider; 0.08\"" thicker; and 0.35lb ) but the internals are equal to or superior; expandability is only up to your imagination; and the screen, although not retina, is FAR superior to MacBook Air, and not far from the quality of the Retina Pro. ALL FOR $900 LESS than the Air, and $1700 LESS than the MacBook Pro.That's why I say it is the best bargain going in a full feature, desktop replacement laptop.""]",24.844708968885243,The available reviews do not provide enough information to answer this question.,True,244.51504205353558
G_027,REC_027,B002KGXB0I,Electronics,medium,descriptive,sentwin,5,Can you plug headphones into it?,Nope  but if you have an ipod/iPhone you can just plugg headphones into that.,KB_00322,1,"[""KB_00322"", ""KB_00333"", ""KB_00323"", ""KB_00319"", ""KB_00330""]","[""Hi,I just bought from you 11 RCA RCD175i portable CD player with dock for iPhone... in the picture or photo you show the player has two audio jack outlets but the players I just received dosen't have any outlet in the front as shown. I bought them for a Mexican school use and they want to connect headphones but could not do that. How can you change this prodcut for another that comes with the audio jack outlet?"", ""I bought them for a Mexican school use and they want to connect headphones but could not do that."", ""This works perfectly for a white noise CD, along withSennheiser HD 202 II Professional Headphones (Black). It has an audio-in jack for an MP3 player, and the grandkids also use it with their iPods.It's mostly used for recorded books while I'm working, and it's absolutely fine for that, since it takes either a CD or the iPod. Oh, and it works for the Kindle/Audible audiobooks, too, with a cable (purchased separately).It's a little pricy for what we use it for, or I'd give it five stars."", ""The individual who received it loved it and is using it daily. She loves being able to plug her ipod into it."", ""She loves being able to plug her ipod into it.""]",10.297083063051105,"Some versions of the product do not have an audio jack outlet, but others do, as one reviewer uses it with headphones. However, it's unclear if all versions have this feature. The product can be used with headphones, as seen in one reviewer's experience with Sennheiser headphones.",False,800.0330409267917
G_028,REC_028,B00G2BX616,Electronics,long,descriptive,sentwin,5,I heard that there is a problem and this device doesn't work with iOS 8.3?,[UNANSWERABLE],,0,"[""KB_00340"", ""KB_00358"", ""KB_00343"", ""KB_00341"", ""KB_00359""]","[""It worked for about 3 days. Now it won't stay connected to my mini ipad. If you continue to adjust it will connect but it won't stay connected."", ""Have not been able to use because if you have a case for Ipad it will not fit into the Lightning Connector. Also the seller ANTONLINE is brutal and I will never deal with them again."", ""After only one test trip, navigation with the Bad Elf and the iPad appears to work well. Although more testing is required I found that with the ipad connected to the car power source through the Bad Elf the pad became very warm and recharging seemed not to keep up with the discharge."", ""Questionable accuracy, plastic case, this is hardly a pro-pilot solution. Any older gps phone gets same results as this.I used it with ForeFlight on a mini IPAD. There are dropouts and its reliability is questionable."", ""I am still looking for a working solution to get a cable-connect (or plugin) external gps for the ipad (no-one of  serious nature would use a wireless or bluetooth transmitter in such an environment) - and have had no joy so far for.I have tested signal reception of my iphone 5 at the rear windows, and it works just fine. So I am a little unhappy that this specifically designed external gps could not get a valid signal in the same spot where my iphone got one just fine. How can it be that the internal gps of a phone has a better signal reception than an external gps that has no other purpose than get a GPS (and in this case also GLONASS) signal?Support from bad elf has been mixed, with some good respones first, but now I am complaining about the product, I receive no further replies.If you know where you are going to use this item, I guess there are many fields where it comes in handy.""]",12.758166063576937,The available reviews do not provide enough information to answer this question.,True,611.2788750324398
G_029,REC_029,B00HQXUFYA,Electronics,medium,descriptive,sentwin,5,does the HD run Thunderbolt 1 or Thunderbolt 2 ??  Thanks,[UNANSWERABLE],,0,"[""KB_00369"", ""KB_00376"", ""KB_00365"", ""KB_00379"", ""KB_00374""]","[""Set it up today. Here are my initial observations:Pro: the Thunderbolt is really fast. It worked right out of the box as it's formatted for Mac."", ""Here are my initial observations:Pro: the Thunderbolt is really fast."", ""This is my first G-Drive with Thunderbolt, after owning four other G-Drives without incident over the past few years. All seemed well with the drive until it decided not to turn on."", ""This is my first G-Drive with Thunderbolt, after owning four other G-Drives without incident over the past few years."", ""I use the Thunderbolt connection primarily with a maxed out 2014 iMac.""]",11.784208007156849,The available reviews do not provide enough information to answer this question.,True,548.0307909892872
G_030,REC_030,B008O7MEAU,Electronics,medium,yesno,sentwin,5,will this enclosure fit in a 13' chevy impala,[UNANSWERABLE],,1,"[""KB_00383"", ""KB_00392"", ""KB_00384"", ""KB_00387"", ""KB_00395""]","[""This enclosure does everything I expected it to, it's well constructed, looks great, and is very affordable. Every other enclosure I looked at in retail stores were upwards of $100, and that was without carpeting."", ""This enclosure does everything I expected it to, it's well constructed, looks great, and is very affordable."", ""The box itself looks and feels nice but i will either have by buy another box or mod this one so my Rockford Fosgate p2 sub will fit which I'm sucks so make sure your sub will fit the box before you buy it or it will just become fire wood like mine probably will"", ""now this is review is for &#34;MY&#34; application 88 honda prelude this box fits perfectly and still gives me  plenty of trunk space....so i gave this a 5 star rating because it meets/exeeds ALL of my needs1. fits my trunk2.box hits proper3."", ""now this is review is for &#34;MY&#34; application 88 honda prelude this box fits perfectly and still gives me  plenty of trunk space....so i gave this a 5 star rating because it meets/exeeds ALL of my needs1.""]",13.647416955791414,The available reviews do not provide enough information to answer this question.,True,25494.671583990566
G_031,REC_031,B007260OOC,Toys_and_Games,medium,descriptive,sentwin,5,How might I go about hanging them from my ceiling?,[UNANSWERABLE],,1,"[""KB_00400"", ""KB_00399"", ""KB_00398"", ""KB_00401"", ""KB_00402""]","[""These arrived on time and are perfectly light to hang from the ceiling. They added just the right bling to my granddaughter's room."", ""These latterns along with other zebra accessories have brought her room to life and she loves it. The latterns are easy to assemble...took less than a minute and we strung them from the ceiling. Just be careful because they are paper..."", ""These will not open to look round, have them hanging and still won't open all the way. Not what I expected."", ""My 11 year old daughter loves these lanterns hanging over her bean bag reading corner with lights strung through them."", ""Just a little extra item for Christmas. Looks cute hanging.""]",11.2688330700621,"They can be strung from the ceiling, but be careful because they are made of paper. Assembly is easy and took less than a minute for one customer.",False,497.6762910373509
G_032,REC_032,B00BSWSFEC,Toys_and_Games,long,descriptive,sentwin,5,Does the hair on this minion really lay down (like in the picture) or does it kind of stick up a bit?,[UNANSWERABLE],,1,"[""KB_00410"", ""KB_00414"", ""KB_00412"", ""KB_00415"", ""KB_00413""]","[""This is a really nice plush minion. The goggles are hard plastic, not fabric like I have seen on other minions."", ""It's in really good shape, size is great (10 inches), the minion's goggles are rubber and it has like popping eyes, price is good for the qualty you get, really adorable. If you like the movie, you'll love this item."", ""I like it but it doesn't look anything like the photo that I bought it under. It will make a great gift though, just wish the photo was a bit more accurate."", ""This product was really satisfactory for us. Our Kid feel really happy with his minion plush. Thats the only thing that is very important here."", ""Not exactly sure what happened but it isn't what was in the picture and did not match the other Minion I had ordered.""]",30.050166067667305,The available reviews do not provide enough information to answer this question.,True,473.62216690089554
G_033,REC_033,B00ARQW1C2,Toys_and_Games,short,descriptive,sentwin,5,What is frustration-free packaging,"Agree with previous post.. I think the ""frustration free"" part means 2 things, first of all that it is very easy to wrap. It comes in a plain old cardboard box. Some toys are all kinds of weird shapes and hard to gift wrap. These packages make wrapping simple. The child won't know what the toy is even after unwrapping it. Also the fact that the toy is just simply put in a bag and it comes right out when you open the box. No annoying zip ties, screws, duct tape, twisty-ties or any of the other frustrating things that has your child waiting anxiously in anticipation to play with their toy for 20 minutes while an extremely frustrated Mommy and/or Daddy scramble to find a screwdriver, power scissors, saw or whatever else it takes to get the toy out! The frustration free packaging is so much easier for the gifter and the giftee.",KB_00427,1,"[""KB_00425"", ""KB_00424"", ""KB_00421"", ""KB_00419"", ""KB_00420""]","[""This does come in a small brown box. No fancy packaging. It was a gift for my daughter so I was a bit concerned when it arrived like that."", ""If you go on now they have that option but when I purchased this item I DEFINITELY purchased the standard packaging. They sent it without the packaging anyway."", ""Came in a timely manner. Just a heads up - It did NOT come in the store-type packaging, just a box. It works great and makes my son happy."", ""I bought this for my little girl (1 yo) for Christmas, because she is fascinated with talking stuffed animals and Sesame Street. When we pulled it out of the frustration free packing ( I love that feature), I was a little concerned that she would terrified of it. It is a bit bigger than I expected but it could be because she is so young."", ""I ordered the item six days before Xmas so I knew it may have taken a while to arrive but it came the day before Xmas. I used the frustration free shipping so I understood that the item would not come packaged in it's original box.As for the product itself, my 3 year old loves playing with Elmo... but it stopped working this morning. She only played with him for less than 12 hours!!""]",11.466833064332604,"Frustration-free packaging means the item is shipped without its original box, instead coming in a simpler box, such as a brown box. This type of packaging is an optional feature that can be selected during purchase. It is designed to simplify the packaging process.",False,666.4217909565195
G_034,REC_034,B0001YH03U,Toys_and_Games,long,descriptive,sentwin,5,"what is the width and length of the bed? I would like to make a blanket and more but cannot find any measurements for a bed for an 18"" doll.","so sorry, but the doll bed is with my grand daughter.  I did, however, make blankets and pillows.  Bed is about 11 inches wide and 22 inches long... so an overhang and fold over top would be a blanket aprox. 18X 26",KB_00432,1,"[""KB_00429"", ""KB_00435"", ""KB_00433"", ""KB_00435"", ""KB_00428""]","[""Had to find a bunk bed for 18&#34; dolls for a little girl in the family we sponsored for Christmas and I was excited when I found this one on Amazon. Most places had the beds but they were $50+ and that was just too far outside of my budget."", ""My daughter received this doll bed for her 7th birthday for her American girl doll. We are both very happy with it."", ""My 5 year old loves this bunk bed and it appears to be sturdy enough for her. She uses it for groovy girl dolls, 18 inch dolls and stuffed animals. I would recommend it."", ""We are both very happy with it. It fits the doll perfectly both on the top and bottom bunk. I found it very easy to put together and all the pieces were in great condition."", ""I am going to make a trendy-er cover set, but over all this is perfect for the 18 inch dolls like AG!""]",32.618542085401714,The available reviews do not provide enough information to answer this question.,True,243.54437505826354
G_035,REC_035,B000GQ0JZO,Toys_and_Games,medium,descriptive,sentwin,5,what size is this case ?,The case is 14 inches by 8 inches.  It is almost 3 inches deep,KB_00442,1,"[""KB_00440"", ""KB_00443"", ""KB_00439"", ""KB_00438"", ""KB_00441""]","[""I was extremely happy with this backgammon set for the money. A nice little case that is just perfect."", ""So glad to have another classic game to teach my own children. Lovely case - great, well-constructed board."", ""The actual size is smaller than what you would guess from the picture (and smaller than other sets that I saw before). But overall, it is ok."", ""Was wonderful but I exchanged it for a bigger one. I wasn't paying attention to the size. Promo return and refund."", ""I bought this game for my daughters to play on trips to the beach and love it's easy travel case.""]",10.692374897189438,"The case is smaller than expected, but the exact size is not specified. It is described as a ""nice little case"" and an ""easy travel case"", suggesting it is compact. The available reviews do not provide enough information to answer this question in terms of exact dimensions.",True,434.9575419910252
G_036,REC_036,B00172R9O0,Toys_and_Games,long,descriptive,sentwin,5,Need to know how to solve this.  I bought one at a garage sale without instructions.,you just move the ball around until it gets underneath the latch. then push the tab and it should open.,KB_00453,1,"[""KB_00449"", ""KB_00456"", ""KB_00453"", ""KB_00449"", ""KB_00456""]","[""Can't figure out how to solve. Maybe I need a better set of eyes."", ""This one was fun for one to open. I had also put the directions to solving the puzzle inside with the cash positioned where he couldn't see how to solve it. After about thirt minutes he blew hard in the hole to try to move the directions and the drawer popped open."", ""Lucky all I put in it was a gift card that had no money on it. Upon completion of the maze I gently pushed the button like the instructions said. However the drawer wouldnt come out."", ""Maybe I need a better set of eyes. I think a solution sheet should be provided!"", ""I had also put the directions to solving the puzzle inside with the cash positioned where he couldn't see how to solve it. After about thirt minutes he blew hard in the hole to try to move the directions and the drawer popped open. All and all, it was a fun money maze.""]",30.812792014330626,"To solve the puzzle, try blowing hard in the hole, as this action caused the drawer to pop open for one user. Alternatively, completing the maze and gently pushing the button may also work, although this method was not successful for another user.",False,422.9347079526633
G_037,REC_037,B0084XZE7E,Toys_and_Games,medium,descriptive,sentwin,5,Is this a good gift for a 6 year old?,"Yes, it is perfect for a 6 year old. It is able to be peeled off if they stick it somewhere they are not suppose to do it on. I intend to buy several for all the young girls on my Christmas list and maybe 1 or 2 extra for Toys for Tots also.We also use it to decorate our postcards we send out for Postcossings. We have had lots of people ask us who sells it, especially people in other countries, it seems she haven't seen a lot of it.WE LOVE THIS ITEM!1!",KB_00458,1,"[""KB_00458"", ""KB_00459"", ""KB_00466"", ""KB_00464"", ""KB_00461""]","[""When I saw this on Amazon I knew my 6-year old granddaughter would love it...and she does. For whatever reason, she has an infatuation with tape!"", ""I bought it for a nine year old girl and she loved it! She started making things right away!"", ""I gifted this so I don't know anything about it. It seemed to make a good gift. The little girl liked it."", ""I bought this for my ten year old Granddaughter and she really enjoyed decorating her school binder as well as different items.This is a fun gift to give to either boys or girls. Its like using a scotch tape dispenser, very easy to use."", ""This was a successful gift for an eight year old girl who likes tape. There are a lot of choices of style and nothing that would be in poor taste.""]",11.020999983884394,"One reviewer mentioned that their 6-year-old granddaughter loved the product, indicating it could be a good gift for a child of that age. The product seems to be enjoyable for kids around that age who like tape. It appears to be a fun and easy-to-use gift for children.",False,444.0445000072941
G_038,REC_038,B00004YRPC,Toys_and_Games,medium,descriptive,sentwin,5,what kind of air can it get bruh?,"Well, ""bruh"" if you are 8, it gets sick air! I'm sure the stronger one is, the higher you can go. No, there wouldn't be back flips happening...and it does feel a bit tight right out of the box.",KB_00473,1,"[""KB_00473"", ""KB_00469"", ""KB_00471"", ""KB_00474"", ""KB_00468""]","[""This is a great pogo for  anyone who wants to jump really high. It gets tons of air. In general it's just a great stick plus the custormer service is really good so I would reccomend this to 10-11 year olds and teenagers who are below the weight limit."", ""I am 85 pounds and it works great (in fact the pedals go down to the tip when i jump!P.S. You can't get over 1foot of air (unlike flybar)"", ""It's an easy option to start with. The weight rating is 80-160 pounds and if you know what you are doing you can get about a 2 feet of air. The product also includes a link for the companies website to get replacement parts."", ""This stick is the the greatest thing ever! My friend just got it a few days ago in just the first few jumps  he was already getting over a foot of air! it was was crazy even he was amazed."", ""It is well made but is too stiff for a seven year old to use. She can't get any bounce out of it. I haven't been able to find an adjustment of any kind yet.""]",10.538832983002067,"It can get around 1-2 feet of air, with some users reporting they can jump over a foot of air, while others can get about 2 feet of air if they know what they are doing.",False,532.9087920254096
G_039,REC_039,B00GZ1GUSY,Toys_and_Games,medium,descriptive,sentwin,5,It is Singal Player or Two Players,Single player with an online multiplayer component.,KB_00478,1,"[""KB_00481"", ""KB_00479"", ""KB_00481"", ""KB_00484"", ""KB_00486""]","[""Tense moments throughout really make you jump with a good pair of headphones. The multi-player is a joke, and brings down the rating 1 star. Bad move on Squeenix's part."", ""The only part that I didn't like about the game was some of the QTE's. I haven't tried the multi-player yet, but plan to soon."", ""The single player experience is phenomenal. Tense moments throughout really make you jump with a good pair of headphones."", ""Graphics are amazing, there were a few times when the game went to a cut scene and when it went back to Lara Croft it took me a minute to realize that the cut scene was over and I was back to playing! The player has the choice of whether they want to be stealthy or go for a full on assault or something in between."", ""I like the games that have a Great campaign rather than Multi player. Tomb Raider Definitive Edition may be one of the Best Single player games EVER!""]",12.223333003930748,"The game has both single-player and multi-player options, with the single-player experience being particularly well-regarded. The multi-player aspect is considered a weaker part of the game. The game excels as a single-player experience.",False,250.92300004325807
G_040,REC_040,B000ANKKK2,Toys_and_Games,medium,descriptive,sentwin,5,Do you get a strike every time (like the video shows)?,No. It's just like being at the bowling alley. Fun and challenging.,KB_00488,0,"[""KB_00490"", ""KB_00489"", ""KB_00490"", ""KB_00496"", ""KB_00490""]","[""No whistles. No flashing lights. No batteries."", ""The kids range in age from 13 to 18 months, and they are all enjoying it. The little ones (2 under 2 years old) simply love rolling the ball at the pins and knocking things down. The older ones keep score and get very competitive with each other."", ""No bells. No whistles. No flashing lights."", ""A well made game that has given hours of trouble-free fun to my grand kids. For the size it's the closest thing to actual bowling, being able to control the ball and the pin spotter action."", ""No flashing lights. No batteries. Simple old fashion fun for everyone!""]",14.391125063411891,The available reviews do not provide enough information to answer this question.,True,708.073916961439
G_041,REC_041,B004KKX82I,Toys_and_Games,short,descriptive,sentwin,5,what is its stamina level?,It's one of our longest lasting blades. Don't know the number.,KB_00497,0,"[""KB_00501"", ""KB_00506"", ""KB_00499"", ""KB_00502"", ""KB_00497""]","[""Scythe Kronos is one of the best stamina types. It has two modes: stamina mode, attack mode. I LOVE IT and I give it *****"", ""from using scythe kronos before this bey by far the best stamina type i have used i am currently borrowing my bfs but it is very impressive. the only thing to look out for is the tip inside the plastic cover it will break if there's to much pressure put on it."", ""It defeated my Phantom Orion B:D and my other beys. This beyblade is good for stamina"", ""Both my boys said it is a really good stamina and attack type beyblade. I would recommend Scythe Khronos to anyone who has children who love beyblades."", ""This is the most awesome bey ever. It has more stamina than all my other beys. It even beat my Diablo Nemesis!!""]",11.748416000045836,"The Scythe Kronos has a high stamina level, with multiple reviewers stating it is one of the best stamina types and outperforms other beyblades in terms of stamina. It has a specific stamina mode, which suggests its stamina capabilities are a key feature. Reviewers have consistently praised its stamina performance.",False,477.93858393561095
G_042,REC_042,B00DJ78H1A,Toys_and_Games,medium,descriptive,sentwin,5,I wonder if I can buy two adapters and connect 3 batteries?,"I don't see why that would be a problem, but your lift-off weight will start reducing the overall flight time so you wouldn't get three times the length, but probably something like 2 1/2 time.",KB_00509,0,"[""KB_00507"", ""KB_00509"", ""KB_00508"", ""KB_00509"", ""KB_00509""]","[""Best way to connect in parallel two batteries of the same make and size to the phantom to extend flight time. You will want to add a twin battery plates to exterior of Phantom to make best use of the Y Harness."", ""I think with the DJI Phantom Quadcopter Dual Battery Carbon Fiber Mount they make my DJI quadcoper heavier to fly. or maybe the cable drains the energy from both batteries at the same time. cause by the time i finish exhausting the batteries they are both dead whereas i flew the copter for only 5-7 mn."", ""These are just what they say they are. They work great for adding extra batteries to your Phantom. I suggest them is you want more flight time."", ""or maybe the cable drains the energy from both batteries at the same time. cause by the time i finish exhausting the batteries they are both dead whereas i flew the copter for only 5-7 mn. which is normally the fight time of one battery anyway."", ""cause by the time i finish exhausting the batteries they are both dead whereas i flew the copter for only 5-7 mn. which is normally the fight time of one battery anyway.""]",12.051665922626853,The available reviews do not provide enough information to answer this question.,True,518.5118340887129
G_043,REC_043,B00IGXUSGY,Toys_and_Games,short,descriptive,sentwin,5,What age is this for,Great for 2 year olds - anywhere from 1.5 - 5 year olds enjoy at our house!,KB_00517,0,"[""KB_00517"", ""KB_00516"", ""KB_00513"", ""KB_00511"", ""KB_00513""]","[""Assembly instructions were detailed and clear pictures (not idealized drawings that are hard to decipher, like some instructions.) Even before the water went in, my 29 month old daughter was already having fun spinning the octopus and organizing the \""fish.\"" Then her four year old big brother and I filled it up with 4 gallons of water and the fun really started."", ""Sturdy and fun for the kids."", ""It comes with several little activities to pour water into and is at a good height for my 19 mo. old son. He seems to like!"", ""by far the best water table for toddlers"", ""This is a good water table. It comes with several little activities to pour water into and is at a good height for my 19 mo. old son.""]",11.115458910353482,"This product is suitable for toddlers, with ages ranging from 19 months to 4 years old mentioned in the reviews. It is described as a good water table for toddlers and is at a good height for a 19-month-old child.",False,450.0424999278039
G_044,REC_044,B0002D00QE,Toys_and_Games,medium,descriptive,sentwin,5,Does this product include any cleaning tools such as swab ?,"It comes with a plastic stick with a loop on the end for attaching a bit of cloth (cloth not included), a fingering chart, and is all in a plastic cover. It was easy enough for me, in my opinion, to get a little of cloth for the cleaning stick to swab it with, some cork greas to have for it, and I additionally made myself a nice instrument roll to have a better place to keep it and accessories than the plastic sleeve it all comes in. I've seen nany inexpensive on etsy on stuff liked that; I just preferred the fun of making my own to customize it and make spots for the accessory supplies I wanted to keep with it.",KB_00518,0,"[""KB_00518"", ""KB_00518"", ""KB_00519"", ""KB_00524"", ""KB_00525""]","[""The sound is richer than the cheaper plastic instruments. It comes with a cleaning rod. The recorder takes apart into two pieces for cleaning."", ""It comes with a cleaning rod. The recorder takes apart into two pieces for cleaning."", ""I own both, and there's no comparison. It's nice that this comes with a cleaning stick, but the storage case is something that looks like it was made out of clear shower curtain material. I'm going to end up searching for, or making a better case for it."", ""The recorder is okay. It sounds about as good as the much less expensive plastic one, but it is quite difficult to clean/sanitize. I sometimes buy products made in China, but I was under the impression that this recorder was from Germany."", ""I have smallhands though and as an older adult found it hard to finger and release all the holeson top and bottom in a manner which would enable even basic baroque tunes to bemasterfully played. Nice quality product however!""]",28.87204207945615,"This product comes with a cleaning rod or stick, which can be used for cleaning. The recorder also takes apart into two pieces for cleaning.",False,559.6029170555994
G_045,REC_045,B00AEQ0JTM,Toys_and_Games,medium,descriptive,sentwin,5,Can it fit in a 1/16 e-revo,[UNANSWERABLE],,0,"[""KB_00527"", ""KB_00527"", ""KB_00527"", ""KB_00527"", ""KB_00527""]","[""Plus amazon prime! Can't beat it."", ""No complaints! Great product and great price. Easy to set up with spektrum radio."", ""Great product and great price. Easy to set up with spektrum radio. I'm hooked on spektrum."", ""No complaints! Great product and great price."", ""Easy to set up with spektrum radio. I'm hooked on spektrum. Plus amazon prime!""]",10.759416036307812,The available reviews do not provide enough information to answer this question.,True,306.9723329972476
G_046,REC_046,B0092BWWG8,Toys_and_Games,long,yesno,sentwin,5,"This says fulfilled by Amazon, will I actually have it in 2 days (with Prime shipping)?",[UNANSWERABLE],,1,"[""KB_00531"", ""KB_00528"", ""KB_00534"", ""KB_00530"", ""KB_00529""]","[""Don't waste your money. The shipping was fast."", ""They are cheaply made, and I had one break before I ever even used it, because I was trying to figure out how to make it &#34;flash,&#34; as the Amazon description said it would (it doesn't).HOWEVER, they are super cute, and definitely worth the low price. Right now, they are $5.29 with free (Prime) shipping for a 6 pack. That is a good price."", ""Yes Pretty, Came quickly, I am happy with the product. The hair clip is weak and the power pack is on the heavier side."", ""I saw some on Amazon for like $4 a five pack which is not bad either. I think if I get to use this for about three occasions in the following months, then I'll get more than my money's worth. Also, the clip is a bit on the big side but it lights up too which is a pro."", ""I bought 2 packs of 6. 7 of the 12 broke off the barrette as I was taking the outer cellophane off.""]",11.773332953453064,The available reviews do not provide enough information to answer this question.,True,409.42083310801536
G_047,REC_047,B00000J0NT,Toys_and_Games,medium,yesno,sentwin,5,are there REALLY 120 different colors?,"Yes you get 3 packs of different types of colors, 1 regulars, one neon and one of "" fun"" colors including extra bright, glitter and more.",KB_00542,1,"[""KB_00538"", ""KB_00547"", ""KB_00545"", ""KB_00541"", ""KB_00540""]","[""NOT 120 COLORS! It includes multiple boxes of crayons that are identical, not 120 different colors"", ""I picked this box because it said that it had 120 unique colors. When I opened it, I saw 2 boxes of 48 and a box of 24."", ""There's not much to say about the quality of Crayons, they seem to be the same as they were decades ago. My problem is that this item was supposed to have 120 different colors and that was not the case. Most of them are different, but out of the 5 small boxes that come in the 120-pack box, 2 of the small boxes were identical."", ""There is nothing negative I can about this.There really are 120 different colors. They really are ALL different (unlike the box of 64 colored pencils)."", ""Crayola's crayons are durable & very vivid. In this box, there really are 120 crayons of different colors. Who knew there even could be that many colors?""]",10.903332964517176,"There are conflicting reviews about the number of different colors, with some stating that there are not 120 unique colors and others claiming that all 120 crayons are different colors. Some reviews mention receiving multiple boxes with identical crayons. The reviews do not provide a definitive answer.",True,331.43949997611344
G_048,REC_048,B0062RKIIY,Toys_and_Games,medium,yesno,sentwin,5,can I get it in silver?,[UNANSWERABLE],,0,"[""KB_00556"", ""KB_00554"", ""KB_00552"", ""KB_00554"", ""KB_00552""]","[""I think it is really neat. Super"", ""This piece of crap caught on fire and started smoking 25 minutes after we took it out of the box. Sent an email to manufacture and heard nothing. Will never order anything from TPA Store again."", ""The car was zippy and durable, but the control antenna breaking was obviously a bummer. Hopefully we can find a replacement or return it. I will update later if we get it all figured out."", ""Sent it back and hope to get a refund soon. Do not order this toy!!!!!!!!!!!!! !"", ""We bought my son this toy for his birthday. He has used it for less than 24 hours and already we have a problem.""]",11.097999988123775,The available reviews do not provide enough information to answer this question.,True,329.98749997932464
G_049,REC_049,B00FDTJQYY,Toys_and_Games,medium,descriptive,sentwin,5,Are the clips s clips or c clips?,They are s clips,KB_00558,1,"[""KB_00568"", ""KB_00558"", ""KB_00559"", ""KB_00575"", ""KB_00572""]","[""The clips are &#34;s&#34; clips which are a little harder to use than the &#34;c&#34; clips that come with the rainbow loom."", ""This was really a good deal and there were lots of colors in the bag. The clips are &#34;s&#34; clips which are a little harder to use than the &#34;c&#34; clips that come with the rainbow loom."", ""like the price and the quantity you get with them, Love that it has the clips, what a bonus that was!! !"", ""like the price and the quantity you get with them, Love that it has the clips, what a bonus that was! !"", ""Each contain 300 bands and 12 &#34;S&#34; clips.""]",36.53412498533726,"The clips are ""s"" clips, which are a little harder to use than ""c"" clips. They come in a quantity of 12 per pack. The ""s"" clips are included as a bonus with the purchase.",False,275.7485839538276
G_050,REC_050,B00EZIXA78,Toys_and_Games,medium,descriptive,sentwin,5,what kind of canopy/umbrella do you use with this?,This model doesn't use an umbrella. We have never had any complaints from our three children who are still using this as 3 and a half year old twins and a 20 month old. It is our go to ride.,KB_00583,1,"[""KB_00582"", ""KB_00593"", ""KB_00582"", ""KB_00579"", ""KB_00589""]","[""I am looking forward to Spring when we can get some real mileage on it! Please NOTE:  You cannot add a canopy to this. You must buy the deluxe version if you want  a canopy."", ""You must buy the deluxe version if you want  a canopy."", ""Please NOTE:  You cannot add a canopy to this. You must buy the deluxe version if you want  a canopy."", ""Because it is such a good size, it would be hard for a mom to pick it up and put it in the back of the van. It would be nice perhaps to have provision to attach an umbrella or canopy, however, the fact that it doesn't have a canopy means that taller children fit into it without a problem.I would definitely recommend this wagon to a family with multiple children.I received the Radio Flyer Triple Play Wagon for my honest review from the Amazon Vine Program."", ""It would be nice perhaps to have provision to attach an umbrella or canopy, however, the fact that it doesn't have a canopy means that taller children fit into it without a problem.I would definitely recommend this wagon to a family with multiple children.I received the Radio Flyer Triple Play Wagon for my honest review from the Amazon Vine Program.""]",10.31725003849715,The available reviews do not provide enough information to answer this question.,True,232.57662495598197
G_051,REC_051,B0002KW4AC,Toys_and_Games,long,descriptive,sentwin,5,"Does this unit come with tip or need to buy the tip kit?  If it comes with one, what tip is it?  Thanks.","It has been a while, as I recall it comes with a tip. I do not remember what size. I did buy a set of tips because of the different type of soldering I do. I wanted a small tip for surface mount components. Hope that helps.",KB_00605,1,"[""KB_00609"", ""KB_00605"", ""KB_00611"", ""KB_00612"", ""KB_00603""]","[""First 2 sections are for show, I could not use the iron until I turned it to the end of the third and it still wasn't hot enough which is confusing.Overall : Maybe my unit was defective or the tips were bad but 7 bad tips? I bought the package with it with the spare tips just in case. I would not purchase this unit again."", ""I've never replaced the tip and it still works great. I've been doing a lot of SMD soldering with the original tip, however I am going to be getting a separate brass tip cleaner.Still one of the best purchases that any hobbyist can make."", ""I've been doing a lot of SMD soldering with the original tip, however I am going to be getting a separate brass tip cleaner.Still one of the best purchases that any hobbyist can make."", ""I was also able to use my Weller soldering iron by just pluging it in, so your not stuck with one size tip and waiting for the iron to cool down to change the tips."", ""The heat control runs just above half the dial so there is plenty of control. I was also able to use my Weller soldering iron by just pluging it in, so your not stuck with one size tip and waiting for the iron to cool down to change the tips.""]",34.21575005631894,"The unit comes with a tip, as some reviewers mention using the ""original tip"". The type of tip is not specified, but it is suitable for SMD soldering.",False,386.4396660355851
G_052,REC_052,B000BO63OC,Toys_and_Games,long,descriptive,sentwin,5,We have this in our garage but we want to buy a cover to protect it when not in use. Is there a cover anyone would recommend? Thanks v much.,"OAW, The STIGA InstaPlay is an indoor table; unfortunately, even an outdoor table cover would not fully protect this table from moisture. If the garage is not climate controlled, the table could become warped, even with a table cover. If you are interested in an outdoor table cover, you should consider the STIGA Baja Outdoor Table Tennis Table and STIGA Coronado Outdoor Table Tennis Table Hope this helps! STIGA",KB_00629,0,"[""KB_00639"", ""KB_00629"", ""KB_00624"", ""KB_00621"", ""KB_00621""]","[""The delivery team dropped off garage and I had to get neighbor to help me carry down to basement."", ""I would only recommend this table for kids or beginners only. Also we have always kept the table in our front living room away from any elements that would normally cause warping by weather etc."", ""To my surprise it came out of the box ready to play. We set it up in the garage and have only left its warm embrace to eat, sleep, and write a review!Great table! Make sure you buy paddles and balls, it does not come with."", ""I have a note into Fogdog for a full refund but of course I need to set up another appointment with the delivery company they use! I just hope to have this mangled table out of my garage by the new year.I've read good things about the table itself so it's sad to not be able to try it out."", ""The table is packaged up as if they are delivering you bath towels so it's not shocking there would be damage. I am not sure why you would ship a $600 item with no real padding provided. Amazing.""]",11.039082892239094,The available reviews do not provide enough information to answer this question.,True,324.6511669130996
G_053,REC_053,B001AEZIY8,Toys_and_Games,long,descriptive,sentwin,5,I'm looking for an X-Wing for my Dagobah themed aquarium.  I need to know if the paint is already on it?  Also are there any metal parts?,There are no metal parts. It is already painted.,KB_00659,0,"[""KB_00654"", ""KB_00656"", ""KB_00646"", ""KB_00659"", ""KB_00645""]","[""Maybe some glow-in-the-dark paint to the engines/cannons.Eventually, I hope to purchase 3 more of this same product, so that I can display them flying in formation (using fishing wire attached to the ceiling).I also purchased the Millenium Falcon model kit from Revell."", ""I'm sure my son liked that part, but I was hoping for a little more teamwork putting it together.It's a snap-together model, so theres no glue or paint required."", ""This is merely a personal preference, but I feel that the X-Wing is lacking in it's color choices. I went ahead and painted in a lot of the pieces that I didn't like; the blue cockpit looked too mellow (all of the light baby blue on this model generally looked ugly), so I painted it silver, and changed the \""vent\"" colors to a black and gray."", ""This is merely a personal preference, but I feel that the X-Wing is lacking in it's color choices. I went ahead and painted in a lot of the pieces that I didn't like; the blue cockpit looked too mellow (all of the light baby blue on this model generally looked ugly), so I painted it silver, and changed the \""vent\"" colors to a black and gray. The thrusters and blasters were also painted to add a bit of color seperation."", ""I really wanted to get a Star Wars model for a long time, and what better start to simple model building that the X-Wing. Pretty simple to put together, did it in about two hours, filing away the break points and slowly taking my time with it :) The instructions were pretty clear.""]",32.01495797839016,"The X-Wing model does not come with paint, as it is a snap-together model that requires no glue or paint. There is no mention of metal parts in the reviews.",False,391.87929197214544
G_054,REC_054,B004G32WA8,Toys_and_Games,short,yesno,sentwin,5,can it hold 5 racks,[UNANSWERABLE],,1,"[""KB_00662"", ""KB_00671"", ""KB_00675"", ""KB_00669"", ""KB_00665""]","[""I love the concept of this case, however the 2nd time I used it the handle broke off. It does hold everything as stated ( racks, pushers and tiles)  The soft zip bags for the tiles are great. I am going to try to see if I can get it repaired."", ""It does hold everything as stated ( racks, pushers and tiles)  The soft zip bags for the tiles are great."", ""This case has 2 soft internal cases for the tiles and a tote that holds extra tiles and chips leaving plenty of room for my 4 racks ."", ""This replaced my old hard surface case that was nicked andunattractive. This case has 2 soft internal cases for the tiles and a tote that holds extra tiles and chips leaving plenty of room for my 4 racks . The case can also be wiped down with a damp cloth if needed."", ""I took it on a cruise and it was much easier to handle than my hard case would have been. Racks with pushers fit into it with all the tiles.""]",10.89762500487268,The available reviews do not provide enough information to answer this question.,True,270.7750420086086
G_055,REC_055,B00DJ4PJ64,Toys_and_Games,long,descriptive,sentwin,5,Are these Lego Mini figures the same type of figures that come in all the Lego sets? or are these those rubbery type of figures?,They are the same kind as in all the regular Lego sets. Not rubbery.,KB_00680,1,"[""KB_00680"", ""KB_00691"", ""KB_00697"", ""KB_00687"", ""KB_00686""]","[""So far, our son (9) is very pleased with it. The mini-figures are cool and he can add those to his many Lego Star Wars sets after the holiday. These are a little on the expensive side when compared to simple advent calendars, but they do of course offer items that your children can use and play with well into the future."", ""The mini-figures are cool and he can add those to his many Lego Star Wars sets after the holiday."", ""However, kids loved the mini figures and there was a lot of product for the price."", ""Not sure if we missed some instructions or what, but we found the calendar lacking in stability as a self-supporting, standing structure. However, kids loved the mini figures and there was a lot of product for the price. Get it on sale...I wouldn't have been happy paying full price."", ""This has been fun so far, we are on day nine. My boys are more excited about the mini figures than the mini ships though. So far we have gotten lots of ships and few figures.""]",33.05629198439419,"The reviews suggest that the mini-figures are the same type as those that come in Lego sets, as they can be added to existing Lego Star Wars sets. They do not mention anything about the figures being ""rubbery"". The mini-figures appear to be a standard Lego product.",False,388.5090419789776
G_056,REC_056,B003TO4YYC,Toys_and_Games,short,descriptive,sentwin,5,What is the counter height?,"The counter is 21"" from the ground.  The top of the fridge section is 3' from the ground.",KB_00712,1,"[""KB_00715"", ""KB_00701"", ""KB_00703"", ""KB_00713"", ""KB_00704""]","[""It doesn't have any \""counter space\"" so we put a little end-table next to it for our daughter to \""prepare\"" her food."", ""It has some wood pieces and some pressed board pieces, but is nice and sturdy. It doesn't have any \""counter space\"" so we put a little end-table next to it for our daughter to \""prepare\"" her food. Overall, I am very pleased."", ""It's not solid wood - but the finishes are nice. The \""granite\"" counter, while obviosly not real granite, has a cute, counter top like finish and doesn't look cheesy. The back of the kitchen is also finished nicely, which was important to us since we do not have it backed up against a wall.Our daughter loves playing with it - rummages through the cabinets, puts her dishes in the little sink, turns her \""faucet\"" on and off."", ""The \""granite\"" counter, while obviosly not real granite, has a cute, counter top like finish and doesn't look cheesy."", ""There is a white fridge, a two-burner stove with clicking knobs, an oven with similar knobs, a little microwave, a sink with a faucet that has a turn-able handle, and a cubby space to store kitchen what nots. It is made out of engineered wood with a wood-grain looking finish, and the black and white counter top is realistically styled to look like laminate, corian or granite counters. The quality latching mechanism of the doors clicks open and shut firmly.""]",12.876208988018334,The available reviews do not provide enough information to answer this question.,True,170.0367919402197
G_057,REC_057,B000HCL94W,Toys_and_Games,short,descriptive,sentwin,5,what size batteries,3 double As,KB_00727,1,"[""KB_00727"", ""KB_00725"", ""KB_00728"", ""KB_00738"", ""KB_00736""]","[""You can see the full specs on this toy at the manufacturer's website at [...]This toy requires 3 double AA batteries to work. So, if your sound stops working check to see if the batteries need replacing."", ""There is a low and high volume switch but it doesn't seem to be too much different in volume. The product comes with batteries but as with many products that come with batteries, they may not last very long and must be replaced to continue hearing the sounds. The battery pack is in a velcro pouch on the neck by the mane."", ""My older daughter is almost 5, and she loves it as well. After reading other reviews, I'm guessing that the model has changed slightly, since the batteries are now easily located in a hidden pocket right along the horse's mane. We haven't had problems with the buttons in the ears making sounds, although I find that my girls don't care much about the sounds anyway."", ""After reading other reviews, I'm guessing that the model has changed slightly, since the batteries are now easily located in a hidden pocket right along the horse's mane."", ""It even still has the original batteries in it.""]",30.617999960668385,The toy requires 3 double AA batteries to work. The batteries are located in a hidden pocket or velcro pouch along the horse's mane.,False,398.74145900830626
G_058,REC_058,B005V2LJS4,Toys_and_Games,long,descriptive,sentwin,5,"Is this the original, Japanese release (Samurai Sentai Shinkenger branding), or the western release (Power Rangers Samurai branding)?","western most likely. there's really NO difference either way though, only a small logo on the backside of the box and a changed name on the instructions. If I were you, I'd take the plunge and get it, it's only 15 dollars for a premium grade action figure. American release but the same Japanese quality, accessories, and construction.",KB_00742,0,"[""KB_00742"", ""KB_00754"", ""KB_00743"", ""KB_00756"", ""KB_00758""]","[""Product was not entirely Japanese super sentai figuart, with Japanese instructions, etc. It was the US import of the Japanese Figuarts and had english instructions and Power Ranger logo, etc."", ""It was the US import of the Japanese Figuarts and had english instructions and Power Ranger logo, etc."", ""It really is a work of art. I hope Bandai Tamashii Nations makes more figures of the other Power Rangers/Super Sentai teams. Still waiting for teams such as Dino Thunder/Abaranger and Time Force/Timeranger."", ""I hope Bandai Tamashii Nations makes more figures of the other Power Rangers/Super Sentai teams."", ""I'm glad to have the Red Samurai Ranger in my collection.""]",10.648790979757905,"This is the western release, as it has English instructions and the Power Ranger logo. The product is a US import of the Japanese Figuarts. It is specifically branded as Power Rangers Samurai.",False,16515.870458912104
G_059,REC_059,B00C1TV1F6,Toys_and_Games,short,descriptive,sentwin,5,how big is it,[UNANSWERABLE],,0,"[""KB_00762"", ""KB_00773"", ""KB_00767"", ""KB_00766"", ""KB_00763""]","[""The facial features and the attention to body detail give this toy a extra * as desirable for a TFP collection. The Japanese releases tend to offer more detail and better coloration...so if you collect Japanese only and TFP Optimus, you'll like this one."", ""My only regret is the damage to the carton as a collector I prefer to keep my collection MISB and the damaged box will reduce the toy's overall value in the future.Now, as for the toy itself, this is one of the best looking toys from the TFPrime line imho, and the 'bulked up' version with wings from Season 3, Beast Hunters. The facial features and the attention to body detail give this toy a extra * as desirable for a TFP collection. The Japanese releases tend to offer more detail and better coloration...so if you collect Japanese only and TFP Optimus, you'll like this one."", ""The facial features and the attention to body detail give this toy a extra * as desirable for a TFP collection."", ""The toy is one of my faves from the Beast Hunter series.The shipping box and toy carton were damaged, but the toy was okay."", ""I collect almost anything Optimus Prime....and couldn't wait to receive this one for my collection. The toy is one of my faves from the Beast Hunter series.The shipping box and toy carton were damaged, but the toy was okay. My only regret is the damage to the carton as a collector I prefer to keep my collection MISB and the damaged box will reduce the toy's overall value in the future.Now, as for the toy itself, this is one of the best looking toys from the TFPrime line imho, and the 'bulked up' version with wings from Season 3, Beast Hunters.""]",30.556790996342897,The available reviews do not provide enough information to answer this question.,True,137.32354203239083
G_060,REC_060,B000U8SZ4A,Toys_and_Games,medium,yesno,sentwin,5,"are the buttons labeled, i.e. ""Undo"" or ""Highest Score"" , etc.","There is a button to show ""Highest Score"", but when you need to change batteries, everything goes back to zero till the next game is played. There isn't an ""Undo"" button.",KB_00776,1,"[""KB_00789"", ""KB_00782"", ""KB_00788"", ""KB_00778"", ""KB_00783""]","[""Not only does this version not have an undo button but we've played over 100 times and none of us have scored more than 200 points."", ""I would have like a undo button like most games. Just the right size for traveling and carrying in purse."", ""Our old games had the undo button, which this model does not have ~ bummer."", ""Several of the buttons on our two older model Radica games were no longer working and it was a struggle to get them to respond. Our old games had the undo button, which this model does not have ~ bummer. Also, the buttons on the newer model feel like pressing old typewriter keys ~ clicky and too tall."", ""This is one of the best. All it really needs is an undo button. But...so far it has my vote.""]",12.636541039682925,"The reviews do not mention labeled buttons such as ""Undo"" or ""Highest Score"". They only mention the absence of an ""undo button"". The available information does not confirm if any buttons are labeled.",True,513.1624579662457
G_061,REC_061,B00GD0N9AO,Health_and_Personal_Care,long,descriptive,sentwin,5,any body know how well this chair would work for a knee replacement in comparison to the transfer bench? thank you :),[UNANSWERABLE],,1,"[""KB_00796"", ""KB_00801"", ""KB_00801"", ""KB_00803"", ""KB_00794""]","[""Bought it in case I still needed a bench after 2 knee surgeries to use in  our walk-in shower when we moved to a condo. Found I didn't need to sit anymore when showering but it's ideal to use as a bench to wipe down or shave your legs!"", ""I read a lot of reviews and chose this chair. It worked perfect , easy to put together."", ""It worked perfect , easy to put together. I broke my leg so I was just looking for a chair to use for a few months. I could't be happier with the product, good value."", ""The seat was stable and the hand holds were useful. I recommend this for someone who has had recent hip or knee surgery. Don't fear if it feels a bit light, it is strong enough."", ""), was easy to put together and is very comfortable. I highly recommend this chair! It also arrived very quickly.""]",12.762333964928985,"The chair is recommended for someone who has had recent knee surgery, with one reviewer finding it stable and the hand holds useful. It may be a better option than a transfer bench as it is designed for sitting and has hand holds for support. The chair has been used successfully by someone who broke their leg and needed a temporary shower solution.",False,511.78912504110485
G_062,REC_062,B004H7GB9G,Health_and_Personal_Care,long,descriptive,sentwin,5,Can the pill be cut in half so you're only getting 5000 mg?,"For the question posted by Sylvia Z. .. first it is micrograms/mcg, not milligrams/mg; very big difference. Web MD and the Mayo Clinic recommend 30mcg and 30mcg-100mcg daily, respectively. 300mcg = 100% of the daily value intake for Biotin. Even if you quarter these pills, you will still be getting 2,500mcg daily which is well beyond the recommended dose.  I have used a half pill off and on with no ill side effects. Also, quartering them will make them last longer.",KB_00805,1,"[""KB_00806"", ""KB_00804"", ""KB_00808"", ""KB_00812"", ""KB_00810""]","[""I ordered this product around a week ago, as soon as I received it I immediately began taking it. I cut the pill in half because I wasn't too sure on taking the maximum dosage. I am a nail bitter and within days of taking this, my nails were growing rather quickly :) I am extremely surprised with how well this product is working and will continue to use it."", ""I cut these pills in half and take half a pill a day (5,000mcg = 5g). I've been taking biotin for over a month and I think my nails feel stronger."", ""After first use I noticed that the product brought me a fast heart bit, but the dosage was too strong for me, now I just cut the pills in half-and I have no problems after that."", ""After steady use for a month, I have noticed thicker hair follicles and less hair being lost. I had to gradually work my dose up to a full pill. Tried taking a whole pill at the beginning and it gave me horrible migraines and headaches."", ""Happy! It's very hard not to take two pills per day, but I am sticking to the directions.""]",13.05220799986273,"Yes, the pill can be cut in half to reduce the dosage to 5000 mg. Multiple reviewers have successfully cut the pill in half and taken the reduced dosage without issue.",False,221.02979198098183
G_063,REC_063,B004F4PR6Y,Health_and_Personal_Care,medium,descriptive,sentwin,5,Does this come with a shader gun?,"this comes with two "" amateur""  machines at which they can be tuned  for shading or lining.",KB_00822,1,"[""KB_00822"", ""KB_00821"", ""KB_00818"", ""KB_00815"", ""KB_00814""]","[""when i got it only one gun worked and the gun to shade in tattoos didnt and still doesnt work i tryed to fix it but couldnt !"", ""everything came as described with the package  only problem i am having is that the power supply is not sending power to the gun"", ""I guuss for the price the kits is ok. The down side to it is that it comes without instructions on how to put the guns together and does not give you any tattoing tips. It does come with a dvd but the set up makes it very hard to actually find the file to watch it onces its in the dvd player, and the kit on the dvd is NOT the kit you are ordering here."", ""If you plan on purchasing this make sure you have a way to get your stencil on your body. kit does not come with stencils or carbon paper for steciling.The instruction video is worthless it does not really explain set up and use of this product."", ""This was bought for my fiance for christmas and he went over an old tattoo with the ink it comes with, so i will give more when it heals. He also let the tube that goes on the gun soak in water to remove access ink and it started to rust pretty quick. Idk if it was suppose to be soaked to clean it bc it did not come with care instructions, so my advice is to look on google before using or cleaning any of the items.""]",9.480583015829325,The available reviews do not provide enough information to answer this question.,True,159.7779159201309
G_064,REC_064,B000OR5P5Y,Health_and_Personal_Care,medium,descriptive,sentwin,5,Has anyone tried this on wool coats?,"Yes... on my wool and cashmere coat, and another 100% wool coat. It works! Just follow the directions. Very easy! :)",KB_00829,1,"[""KB_00826"", ""KB_00832"", ""KB_00828"", ""KB_00829"", ""KB_00825""]","[""It was very gentle and a capful does a couple sweaters. I used it on wool, cashmere, and blends that I didn't trust I dry clean."", ""I use this for all my wool and cashmere knit sweaters, gloves/hats/scarves, blazers, skirts, and even my cashmere winter coats that I used to ship off to the dry cleaners several times throughout the fall and winter seasons. Everything comes out super clean, soft, and nicely scented (would take cedar smell over weird dry cleaning odors any day)."", ""I have collected quite a few cashmere sweaters in recent years and dry cleaning was expensive and inconvenient. I found The Laundress Wool & Cashmere and tried it on a sweater I wouldn't be horribly dissapointed to find didn't survive, but the results were beautiful. The cedar scent isn 't overpowering and I can't detect it at all after (unfortunately!)."", ""Tried it on my off white cashmere sweater and it worked great. Left it soft and clean."", ""This is truly a great product, and I would recommend to anyone who wants an all natural, easy, and efficient way to clean their wool and cashmere sweaters (and angora - it worked great on angora).""]",11.728000012226403,"Yes, reviewers have used this product on wool coats, with one reviewer mentioning it worked well on their cashmere winter coats. The product was gentle and left the coats clean and soft.",False,401.75379102583975
G_065,REC_065,B006GA21IW,Health_and_Personal_Care,medium,descriptive,sentwin,5,what is the max weight it can hold?,[UNANSWERABLE],,1,"[""KB_00839"", ""KB_00836"", ""KB_00834"", ""KB_00841"", ""KB_00837""]","[""It looks good .. and I kind of wish that the height is adjustable so that it can sit in the shower which the floor isn't flat. But it is definitely not that sturdy and some of the pre-drilled holes don't line up."", ""quick shipping, came in good condition - holes did not line up correctly, so had to do some adjustments to get the bench together. Very sturdy - would purchase again."", ""Sits perfectly level too! Feels very sturdy and has a nice weight to it."", ""We purchased this to use as extra storage space in our bathroom, and it's working out perfect. It's sturdy and high-quality. I'm not sure why other people found this hard to put together - it worked just fine for me."", ""it's sturdy but the edges of the seat were sharp and hurt my legs so my husband sanded them round . Problem solved.""]",11.319499928504229,The available reviews do not provide enough information to answer this question.,True,168.5367920435965
G_066,REC_066,B001DAYJOY,Health_and_Personal_Care,short,descriptive,sentwin,5,Is this red maca,[UNANSWERABLE],,1,"[""KB_00845"", ""KB_00851"", ""KB_00850"", ""KB_00847"", ""KB_00845""]","[""Maca (particularly Red) is reputed to provide energy, sex drive and stamina. In capsule form, Maca can be nice as the raw powder can taste pretty bad."", ""Love macs especially this brand is awesome! I'm about to get another bottle if your looking into maca this is an excellent choice"", ""Maca is a centuries old product having been used by natives of Peru and now being distributed in the world. It is an energizer products with good results."", ""I really like maca . I am taking them to help my mc and it did even the days out."", ""Maca (particularly Red) is reputed to provide energy, sex drive and stamina. In capsule form, Maca can be nice as the raw powder can taste pretty bad. NOW is a well known health food maker.""]",11.37012499384582,"The product is maca, and specifically, Red maca is mentioned as providing energy, sex drive, and stamina. The reviews do not provide information on the color of the specific product being reviewed, but Red maca is mentioned as a type of maca.",True,295.9075840190053
G_067,REC_067,B003DLZ0OE,Health_and_Personal_Care,short,descriptive,sentwin,5,How does it work?,"Per the picture, you lay your neck along the area where there's a ballon. Follow the instructions and it helps restore the natural bend that your neck is supposed to have. Mine doesn't. I've been having neck problems for over a month now and this honestly helps relieve the pain and little by little the pops and pain is beginning to subside. Day 1 - inflate a little just enough to put some pressure on the neck. Release. I do this 6-7 times holding it for 10-15 seconds. then I inflate and lay there for 10-15 minutes. I do this about every other day. I started with one pump and now I'm up to 3 pumps and it's been about 3+ weeks.It's a great tool.I hope if you get it you'll have good success too.",KB_00863,1,"[""KB_00854"", ""KB_00860"", ""KB_00859"", ""KB_00862"", ""KB_00855""]","[""Again, does it work? Who knows."", ""This product does have a great concept but doesn't work at all! Hoping to find relief and what I ended up finding was just a return, cause of no success."", ""It does work for me, and I feel immediate release and improvement over the a period of time. I don't think it is for everyone."", ""Tried out by three people...hurt each person. The device is taken out of the box and looks so cheap, it's no wonder the thing doesn't work.I returned it one day after receiving it...I wouldn't pay $20 for this garbage"", ""It did help my neck - I had a pinched nerve in my neck.I kept a routine of doing it & it did work.""]",11.093084001913667,"The product works for some users, providing immediate release and improvement over time, but not for others, with some experiencing no success or even harm. It appears to be effective for specific issues, such as a pinched nerve in the neck. Results vary from person to person.",False,496.74179207067937
G_068,REC_068,B000E59GTW,Health_and_Personal_Care,medium,descriptive,sentwin,5,Can this be warmed by boiling or is microwave required?,Microwave only!!!,KB_00864,1,"[""KB_00866"", ""KB_00870"", ""KB_00868"", ""KB_00867"", ""KB_00864""]","[""Used this for sore muscles. only takes 1.5 minutes in the microwave to warm up and it was not too hot to handle."", ""I absolutely love this heat pack. It heats up quickly in the microwave and keeps heat for a good amount of time."", ""nice and warm on my achy joints! Just one minute in the microwave and I can wrap my sore knees and shoulders in warmth"", ""Win. Well i need more words to finish this... you pop it in the microwave. Word"", ""Great size for my neck and shoulders. Stick it in the microwave for a minute and a half and get some relief.""]",12.594333034940064,"The reviews do not mention boiling as a warming method, only microwaving is mentioned. The microwave is used to warm it up in all the reviews. It is unclear if boiling is an option.",True,510.57745807338506
G_069,REC_069,B00472I1V2,Health_and_Personal_Care,medium,descriptive,sentwin,5,Does this scale show weight from the last time it was used?,"No it doesn't.   It does a great job of telling you your current weight, but doesn't save it.",KB_00880,1,"[""KB_00878"", ""KB_00883"", ""KB_00879"", ""KB_00875"", ""KB_00876""]","[""As far as precision is concerned, it is mostly very good. From time to time it will show slightly different weight for the first measurement - the subsequent times the weight will be correct. Don't know what happens the first time, but this happens only occasionally."", ""It gives the same weight, every time I get on it. (My old scale would have a different weight every time you stepped on, even if it was within a minute of the last time you stepped on it!)"", ""Shopping was fast.I would definitely recommend this scale. one of the best features of this beautiful scale is the blue led screen, and no need to tap the top or lift the bottom, just step on the scale and wait for your weight to show up. also  if you  have to move it, then the first time you step on the scale it  calibrates  itself."", ""But today it went down about 15 pounds in just 1 day. What a waste of money!Don't buy this scale!"", ""At first it was super annoying but i got used to it. Other than this, it is an accurate scale.I love this company though, because they sent me a free food scale after I bought this!""]",13.19933298509568,"The scale does not consistently show the same weight from the last time it was used, as some reviews mention it showing slightly different weights initially, but subsequent measurements are correct. However, one review states that it gives the same weight every time. Calibration occurs when the scale is moved and stepped on for the first time after relocation.",False,385.69637504406273
G_070,REC_070,B00AC6JYXG,Health_and_Personal_Care,medium,descriptive,sentwin,5,How many carbs are in a serving?,"It depends a little on which flavor.  For the chocolate there a 9 carbs of which 7 are fiber.  There are 0 sugars, and if you are counting ""net"" carbs there are 2.",KB_00889,1,"[""KB_00884"", ""KB_00886"", ""KB_00884"", ""KB_00887"", ""KB_00889""]","[""I was however shocked at how small the bottle is and the fact that it takes two scoops for a serving. They should tell you how many total servings in the container somewhere in the product description (or maybe not, if they did no one would buy it).I originally ordered this to save money over buying atkins shakes in the store; as it turns out, these are 3x-4x as expensive per shake."", ""I looked hard for a product that was low in carbs (I don't do sugar), and chemicals. It cost more than some other protein shakes out there, but the quality and taste is first class."", ""Tastes good and honestly worked as an appetite suppresent. I was however shocked at how small the bottle is and the fact that it takes two scoops for a serving. They should tell you how many total servings in the container somewhere in the product description (or maybe not, if they did no one would buy it).I originally ordered this to save money over buying atkins shakes in the store; as it turns out, these are 3x-4x as expensive per shake."", ""This stuff does WONDERS for my willpower when on my VLCDs. It's a great meal replacement (or use a half serving as a snack on those really hungry days). Tastes good, dissolves completely - no chalky texture here!"", ""this is a great product. It is very low in calorie, ya take 2 scoops mix it with cold water, add a little ice in the blender if you like it a bit frozen and blend it up. It is a good meal replacement.""]",10.518459021113813,The available reviews do not provide enough information to answer this question.,True,331.82100008707494
G_071,REC_071,B002CQU51O,Health_and_Personal_Care,short,descriptive,sentwin,5,fishy taste?,[UNANSWERABLE],,0,"[""KB_00896"", ""KB_00897"", ""KB_00897"", ""KB_00898"", ""KB_00903""]","[""This fish oil is expensive, but has really improved my dry eye problems. I have had dry eye problems for several years."", ""So I ordered more and it has really made a difference. I'll keep taking it for as long as I need it."", ""I'll keep taking it for as long as I need it. It feels wonderful and really helps. I'm down to just the occasional drops at night and in the morning."", ""Seems to be a good product. It has Omega-3 oils as well as Lutein and Zeoxanthin."", ""After having the PRK surgery (the top of the line surgery), my vision was 20/20. Then, I started using this once a day. After 6 months of the surgery, my vision improved dramatically, even the doctor said so.""]",8.842000039294362,The available reviews do not provide enough information to answer this question.,True,133.58962500933558
G_072,REC_072,B008D5YG3G,Health_and_Personal_Care,medium,descriptive,sentwin,5,Ho many hours / watts will a get from this battiers,"it depends on what you are running. if you only run one 100w light bulb, it will run out of jouice after 10-15 hrs.  if you light up 10 lights you'll run out of power in an hr. the 35 ah. stands for 35 ampe hr. so the more amps. you use the faster the battery will deplete. i have 7 of these battiers and when fully charged will power my computer, refrig. tv, vcr/dvd player, printer, all at the same time for 4-5 hrs. bottom line the more battiers the more you can power.",KB_00906,0,"[""KB_00911"", ""KB_00913"", ""KB_00906"", ""KB_00904"", ""KB_00905""]","[""It is still under test for 50w solar charging. It could handle 40w led rope for 4 hours in AC."", ""I use this battery to run a 10&#34; SCT, laptop, DSLR, and iPhone. I've yet to run this battery down even after 6+ hours in the field."", ""Our Laptops worked for 6 hours after the sun went down and the battery still had energy. I would like to get one with more amp hours so I can run more things off of it. This is a great battery if you are first starting of getting into solar energy."", ""=)I had set the tv for 120 minutes because I knew that I should get about 2.5 hours of power from the battery for that tv before getting to the 50% mark.It uses 80 watts; 80/12v = 6.7amps34Ah/6.7 = 5 hours."", ""Charged it to 12.7 volts over 24 hours and was only able to run 300 watts about 1.5 hours till it was 10.6 volts and dead. Hopefully will work better once broken in a bit but of course batteries usually don't improve much""]",9.309125016443431,"The battery can provide around 4-6 hours of power for devices such as 40w LED rope and laptops, and approximately 1.5-5 hours for devices like a 300-watt TV and 80-watt TV. The exact hours and watts may vary depending on the device and usage.",False,583.1525840330869
G_073,REC_073,B0010L1KSY,Health_and_Personal_Care,long,descriptive,sentwin,5,"Which cover is made for the 15"" x 24"".  It is not apparent.",[UNANSWERABLE],,0,"[""KB_00914"", ""KB_00916"", ""KB_00916"", ""KB_00916"", ""KB_00915""]","[""This is a high quality, thick cover for the hydrocallator. Just like the kind they have at PT."", ""I thought for the price, there would be something inside it to heat. It was just a piece of fabric. I was very displeased."", ""I thought for the price, there would be something inside it to heat. It was just a piece of fabric."", ""The shipping said 8 lbs. So something else should have been with the package."", ""It's necessary for putting steam packs in and makes it less likely to burn you. It's very comfortable to wear.""]",29.005541000515223,The available reviews do not provide enough information to answer this question.,True,307.11487506050617
G_074,REC_074,B00014WCJ2,Health_and_Personal_Care,medium,descriptive,sentwin,5,Where is it made / manufactured?,[UNANSWERABLE],,0,"[""KB_00917"", ""KB_00921"", ""KB_00921"", ""KB_00918"", ""KB_00919""]","[""This product uses CreaPure creatine as its raw material, a branded raw material manufactured by Degussa AG Trostberg (formerly SKW) in Germany and licensed as a pharmaceutical would be there. Optimum Nutrition is one of only a few brands in North America that use only CreaPure raw material, and likeUniversal Micronized Creatine Monohydrate, 1000-Gram Tubis an exceptionally good value for this expensive raw material in a supplement market dominated by cheap Chinese and other amateur manufacturers."", ""What more do you want? Highest quality, great price. Do it."", ""ON is the shiznit. Period."", ""The company insisted that the lot number was fine, but my subsequent research suggests it was not. The important issues are nicely laid out in two very good articles by Will Brink and readily available on the internet: \""What's in your Creatine?\"""", ""Subsequently, I've bought several of the few products that use exclusively CreaPure, and found them to be similarly free of these widespread off-flavors. There is still no proof that the common creatine contaminants responsible for these flavors (dicyandiamide or dihydrotriazine) are harmful -- but why anyone (let alone a life extensionist!)""]",11.969584040343761,The CreaPure creatine raw material is manufactured by Degussa AG Trostberg in Germany. The available reviews do not specify where the final product is manufactured.,True,455.69308393169194
G_075,REC_075,B004T3QT68,Health_and_Personal_Care,short,descriptive,sentwin,5,ac adaptar,It uses batteries.,KB_00930,0,"[""KB_00929"", ""KB_00930"", ""KB_00929"", ""KB_00924"", ""KB_00928""]","[""Very useful product at great price! My doctor uses same monitor in his office."", ""Very simple to set up-Does not include batteries, so have 3 triple A's ready! Would definitely recommend."", ""Very useful product at great price! My doctor uses same monitor in his office. This was a better bargain than the store brand."", ""item arrived as described, new. just make sure you have a good fit at the distal end near the elbow, especially when someone has a relatively large upper arm vs arm area near elbow"", ""Work very good and for people with vision problem easy to see from far away along with easy to set-up and use.""]",11.21445803437382,The available reviews do not provide enough information to answer this question.,True,236.6202500415966
G_076,REC_076,B00FAB10ZI,Health_and_Personal_Care,long,descriptive,sentwin,5,"Hi,..did anyone receiced the spurilina tabs all bunched up & stuck together like gummy bears ? Is this normal? I hope it's not defective.",Mine were not like that. I'd probably return them...,KB_00932,0,"[""KB_00936"", ""KB_00933"", ""KB_00931"", ""KB_00932"", ""KB_00940""]","[""I have purchased these twice. I think they help give me energy to burn."", ""These are very convenient in tablet form because I can munch on them. I also like that they put both Chlorella and Spirulina into them so I get a good balance of benefits.If youa re blending a smoothie, tablets are fine."", ""The tablets are small, and easy to swollow, I do like the idea of dealing with a &#34;two-for-one&#34; simple product."", ""Sure the serving is 15. Sure they are tiny tiny little perfect pills of compressed spirulina. But they are fresh, energizing and can also be blended into juices for extra kick."", ""Very pleased with the tablets, lets you build up your level at your own pace, will be getting more when the supply runs low""]",31.89391689375043,The available reviews do not provide enough information to answer this question.,True,164.31504196953028
G_077,REC_077,B00HFQQ0U6,Health_and_Personal_Care,long,yesno,sentwin,5,can this be used by two people.  Does it come with two tips?,"Yes, mine came with two regular tips and on fine point tip for periodontal pockets whatever that is.",KB_00941,1,"[""KB_00942"", ""KB_00944"", ""KB_00941"", ""KB_00942"", ""KB_00941""]","[""This water pic is great, it has different power settings and it come with 2 types of tips. All i use is just one type of tip. If you have regular teeth and don't need anything special then one tip is all you need."", ""I also like the fact that with Waterpik you get a handle with the capability of rotating the tip with your finger by rotating the knob on the handle versus using your hand to rotate the entire handle. It came with 3 tips including a pik pocket which is great for your gums.Overall I am happy. Now we will just have to see how long this unit lasts."", ""Good for two a couple or a single. A family would need more tips"", ""This water pic is great, it has different power settings and it come with 2 types of tips. All i use is just one type of tip."", ""Works fine for me, a bit loud, , but I'm just getting used to using it. Good for two a couple or a single. A family would need more tips""]",12.99404096789658,"This product can be used by two people, such as a couple. It comes with 2 or 3 types of tips, which may not be sufficient for a family.",False,264.1587919788435
G_078,REC_078,B005OYDID8,Health_and_Personal_Care,medium,yesno,sentwin,5,is the battery a lithium ion?,[UNANSWERABLE],,0,"[""KB_00951"", ""KB_00953"", ""KB_00954"", ""KB_00952"", ""KB_00955""]","[""Although this is a good machine, the battery on it isn't good at all, because it's running on a cord (charger) I would recommend this machine to my friends."", ""It is light weight which is why many say it feels &#34;cheap&#34;. It is plenty solid and the battery life is incredible. The shave is super close."", ""it does its job. a little loud. no big deal, if you want quiet you should probably grab a razor"", ""Run at least two cycles like this and you battery has the capability of max charge. Excellent product - Will buy another when this one wears out in probably six or eight years."", ""i have asian hair (very strong and straight), and this shaver, while it does require a razor for my usual spots for touch-up, puts the Panasonic to shame in terms of closeness. i received mine on sept 5  AND I HAVE YET TO CHARGE IT AFTER TAKING IT OUT OF THE BOX.""]",11.358333053067327,The available reviews do not provide enough information to answer this question.,True,236.24908295460045
G_079,REC_079,B003PFNSLK,Health_and_Personal_Care,long,descriptive,sentwin,5,Does anyone know if this is a nebulizing or an ultrasonic diffuser? Thanks!,[UNANSWERABLE],,1,"[""KB_00966"", ""KB_00978"", ""KB_00977"", ""KB_00969"", ""KB_00979""]","[""This is a fantastic diffuser. Looks great!"", ""This is the first diffuser i have ever purchased."", ""This was my first diffuser."", ""I really like this little diffuser. It is easy to fill and empty, and so easy to use."", ""This is my second diffuser and I really like it especially for use at night.""]",12.8477499820292,The available reviews do not provide enough information to answer this question.,True,277.32470794580877
G_080,REC_080,B002TRL9AM,Health_and_Personal_Care,medium,descriptive,sentwin,5,Are the hair of the broom soft or firm?,"The bristles are soft, yet firm enough not to be matted or quickly worn from frequent use. It is the best broom we have had for our hardwood floor",KB_00982,1,"[""KB_00995"", ""KB_00985"", ""KB_00993"", ""KB_00983"", ""KB_00985""]","[""I like a very soft bristle broom, and the corn brooms are just too stiff for me."", ""I've spent years and more $$$ than I care to think of trying to find the perfect broom for wood floors, and I'm pleased to report this one is it! I like a very soft bristle broom, and the corn brooms are just too stiff for me. The southeast Asian brooms are soft enough, but they fall apart in what seems to be a matter of days -- what is the point of a broom where you have to continually sweep up the broom straw?"", ""My bristles are horse hair and soft."", ""I didn't think I would find one that had the soft but durable bristles. My bristles are horse hair and soft. Does a great job of picking up EVERYTHING on the floor that even the vac misses."", ""I like a very soft bristle broom, and the corn brooms are just too stiff for me. The southeast Asian brooms are soft enough, but they fall apart in what seems to be a matter of days -- what is the point of a broom where you have to continually sweep up the broom straw? The wood is handsome, but I did deduct a star because of the initial challenge presented by installing the head on the handle.""]",12.264207936823368,"The hair of the broom is soft, with some reviewers specifically mentioning that their brooms have soft horse hair bristles. Corn brooms, in contrast, are described as too stiff. The soft bristles are durable and effective at picking up items from the floor.",False,332.3060000548139
G_081,REC_081,B000FVM8C2,Health_and_Personal_Care,medium,descriptive,sentwin,5,is this the 60 or 120 capsule bottle?,120 capsules,KB_01013,1,"[""KB_01003"", ""KB_01013"", ""KB_01006"", ""KB_01006"", ""KB_01006""]","[""They are the country of replica. Last time I bought my oxy-powder, Im pretty sure it was in a larger bottle although it was 120 capsules. This new oxy-powder I received today, the expiration date has been smudged."", ""Last time I bought my oxy-powder, Im pretty sure it was in a larger bottle although it was 120 capsules."", ""You should be going between 3 - 5 times per day and the reaction should be gentle, not harsh. What the label doesn't say is that for some people the optimum dose is less than 4 capsules. For most of the people who have trouble and give this product a bad review, it's because they are more sensitive to it and they need to take the dose down to 2 - 3 capsules at first."", ""For most of the people who have trouble and give this product a bad review, it's because they are more sensitive to it and they need to take the dose down to 2 - 3 capsules at first. For some people it's just one capsule that does it! So if your system overreacts, don't give up on the product, just try taking less and be patient.The fact that it oxygenates your system means that there are many other benefits at work and this product can potentially alleviate many chronic health problems besides digestive ones."", ""What the label doesn't say is that for some people the optimum dose is less than 4 capsules. For most of the people who have trouble and give this product a bad review, it's because they are more sensitive to it and they need to take the dose down to 2 - 3 capsules at first. For some people it's just one capsule that does it!""]",15.436958987265825,The available reviews do not provide enough information to answer this question.,True,245.37970800884068
G_082,REC_082,B0009EIMW0,Health_and_Personal_Care,long,descriptive,sentwin,5,im going to las vegas and im looking for good insoles that i could use to walk the strip. would these be good or any suggestions?,I use them every day. I walk a lot and replace every 6 to 8 weeks. I think you'll like them,KB_01033,1,"[""KB_01041"", ""KB_01029"", ""KB_01043"", ""KB_01045"", ""KB_01031""]","[""These insoles seem pretty solid, but they are going to be taking a lot of abuse, so how well they hold up in the long run will be interesting to find out."", ""Comfortable and last for few good months . He always order this brand and very happy with them.My husband  suffers from hill spour and thode insoles keeps him going throughout the day."", ""He always order this brand and very happy with them.My husband  suffers from hill spour and thode insoles keeps him going throughout the day."", ""I am reviewing because you need to know what this product will do. I purchased these gel insoles at a local grocery store. The feel was great... for about a day or two."", ""To be honest, they are ok. The original insoles were almost as comfortable as these, but the thing that makes all the difference - the smell. The boots I use them in are Honeywell Pro 6006 USAR boots - [...] - they don't breath the best, but I have work socks for them that are supposed to wick away moisture.""]",32.08833292592317,"These insoles may provide comfort for walking, as some reviewers found them comfortable for daily use, even for individuals with foot issues. However, their durability and long-term performance are uncertain. They may be suitable for short-term use, such as walking the strip in Las Vegas.",False,1498.568082926795
G_083,REC_083,B008NIHE78,Health_and_Personal_Care,long,descriptive,sentwin,5,Is this easy to use? and are there a lot of test? Like strips and chemicals? I have a zero pitcher.Alkaline water is so much better though!!!,[UNANSWERABLE],,0,"[""KB_01047"", ""KB_01055"", ""KB_01048"", ""KB_01054"", ""KB_01061""]","[""I imagined with I purchased this filter that I would be waiting eons for a pitcherful of alkaline water, but this thing works fast. The water tastes great and it makes tea and coffee taste that much better."", ""I imagined with I purchased this filter that I would be waiting eons for a pitcherful of alkaline water, but this thing works fast."", ""I love this pitcher I use filtered water I buy in the 5 gallon jugs to make the filters last longer. It seems my thirst for this invigorating water has increased since I started using it."", ""I love this pitcher I use filtered water I buy in the 5 gallon jugs to make the filters last longer."", ""This product is a great solution and it really makes the water very drinkable.it filters quickly and doesn't leave a plasticy taste.""]",32.17124997172505,"This product works fast and filters quickly, making it easy to use. There is no mention of a lot of tests, strips, or chemicals. The water tastes great and is drinkable, which suggests that the product is effective in producing alkaline water.",False,509.5363339642063
G_084,REC_084,B0085A18A8,Health_and_Personal_Care,medium,descriptive,sentwin,5,are there replacement blades? How easy are they to get?,"There is a paper inside the product that gives you a phone number to call to order replacement parts for the item. It gives you the name shows you the picture of it and gives you the produce number.  You do not get any extra parts with the product, but you do have all the information you need.",KB_01074,0,"[""KB_01082"", ""KB_01082"", ""KB_01082"", ""KB_01066"", ""KB_01078""]","[""Usually the store/no name brands we use, while very inexpensive, tend to fail quickly. I've had some of these $7-$10 trimmers stop working in as short as a week. Who needs the hassle of returning inexpensive items, mailing them in, etc."", ""Most of the cheaper trimmers offer a 90 day warranty, at best. Since shipping for warranty service can cost as much as one of the cheapo trimmers, they are, in essence, disposable.The Panasonic ER-GN25VP, on the other hand, while it costs around $20-$25, is better made than any other trimmer of this sort I have used. It is backed by a two year warranty.The head on the trimmer is not like a shaver."", ""It is not a shaver, razor, or tweezer type device. The head resembles the blade on a \""nose hair trimmer\"". In fact, one of the demonstrated uses in the user manual is for nose hair.The device is sleek and easy to use."", ""This is a great product for helping women with those 'mustache' hairs that we can't seem to get rid of. The tool is easy to take apart to clean and I have not had to replace the battery yet. If travelling, you can throw it into a make up bag and bring it with you."", ""The tool is easy to take apart to clean and I have not had to replace the battery yet.""]",11.48841599933803,The available reviews do not provide enough information to answer this question.,True,613.9497919939458
G_085,REC_085,B004TTW2VI,Health_and_Personal_Care,medium,descriptive,sentwin,5,How do you know what size?,"If you read the product description, it will give you the sizing. I measured 1 inch above my knee, which was 16"" so according to the sizing chart,  I bought a large. Perfect fit.",KB_01101,1,"[""KB_01093"", ""KB_01084"", ""KB_01083"", ""KB_01091"", ""KB_01083""]","[""'s just had to gety right size I measured 14 ordered med it was always sliding down got a small it is about right just washed my med in washer and dryed on high heat now it fits better I know it says to hand wash and let dry but I figured I try it anyway instead of just letting it lay around no damage and I can wear it now"", ""Really helped my knee. 's just had to gety right size I measured 14 ordered med it was always sliding down got a small it is about right just washed my med in washer and dryed on high heat now it fits better I know it says to hand wash and let dry but I figured I try it anyway instead of just letting it lay around no damage and I can wear it now"", ""I love this product but wich it came in just one size bigger. I would purchase two if it came in one size bigger."", ""It did give a good support. I ordered Small (I'm 5'4&#34; at 140 lbs) and it felt very tight at first but as I ran I felt I had to adjust it twice by pulling it up. It also felt like it was sliding down because of the weight of the gel donut."", ""I would purchase two if it came in one size bigger. Pro-tec let me know if you ever make it in a XX-Large""]",12.913542101159692,"You can determine the right size by measuring, as one reviewer measured 14 and ordered a medium, but found a small to be a better fit. Another reviewer, who is 5'4"" and 140 lbs, ordered a small and found it to be tight at first.",False,512.7975000068545
G_086,REC_086,B001CWT4JI,Health_and_Personal_Care,medium,descriptive,sentwin,5,Mine quits working on me. What should I do?,"Scarlet...Try cleaning your SinuPulse machine with a reservoir of warm water & a little vinegar. Make sure to rinse it at least twice. You could have some calcium & sodium buildup in the pump mechanism. When making your saline solution for your sinus flush,make sure you use USP grade fine saline mix. It dissolves completely. Also,make sure when making your solution that you use nothing but DISTILLED bottled water. If this doesn't work,call the Sinupulse company. They do stand behind their produce. Good luck!",KB_01112,1,"[""KB_01114"", ""KB_01104"", ""KB_01123"", ""KB_01125"", ""KB_01125""]","[""I have had mine for several months and it is working fine."", ""This sinus rinser is pretty good. I have had mine for several months and it is working fine. Very easy to keep clean."", ""This only worked for 11 times before it quit working.I loved the machine for the short time that it worked."", ""When I had the sinus infection, I used over a liter twice a day to irrigate my sinuses. Now I am in maintenance mode and use just 500cc twice a day.I still use medication. One medication I use is Astelin, a nasal spray."", ""I am a registered nurse for 24 years and have suffered with chronic sinusitis for 15+ years. I have tried everything from making changes in my environment to nasal irrigation. My allergist, ENT, and general practitioner have all suggested I irrigate my sinuses twice a day.""]",11.40716695226729,The available reviews do not provide enough information to answer this question.,True,202.63404096476734
G_087,REC_087,B0036WTV2C,Health_and_Personal_Care,long,descriptive,sentwin,5,"my son is 7 years old and grinding a lot, I wonder whether this one will be too big for him or not? Anyone use this on a junior? Thank you!","I wouldn't recommend a NG for a 7 yr old unless your dentist does. He is likely grinding because his jaw is growing & he has primary & adult teeth trying to fit together. Most kids will outgrow the grinding. If he is having jaw pain due to it, see your dentist. This size is too big for a 7 yr old.",KB_01136,1,"[""KB_01126"", ""KB_01136"", ""KB_01134"", ""KB_01144"", ""KB_01142""]","[""But, that's exactly why these are so great. You have to change them every couple of months, so growing jaws and missing teeth aren't a problem.My kid is 6 years old, so I just trimmed off about 3/8 of an inch off the rear molar area on each side so it wouldn't be too big."", ""You have to change them every couple of months, so growing jaws and missing teeth aren't a problem.My kid is 6 years old, so I just trimmed off about 3/8 of an inch off the rear molar area on each side so it wouldn't be too big."", ""Very easy to use if you follow the instruction closely. Been using it for many months but the wear and tear is minimal even though I am a serious grinder."", ""This is my first experience with a mouth anti-grinding guard, so I may have problems with the device that anyone who already uses such device may no longer experience."", ""At least this one was cheaper, and I may need it sometime, I have a tooth implant and am supposed to use one to prevent grinding.""]",30.02945799380541,"One reviewer had a 6-year-old child and trimmed about 3/8 of an inch off the rear molar area to make it fit, suggesting it may be too big for a junior without adjustment. This reviewer's child is close in age to your 7-year-old son. The product can be adjusted to fit growing jaws.",False,684.851749916561
G_088,REC_088,B000RZAIV4,Health_and_Personal_Care,long,descriptive,sentwin,5,"i am a vegetarian, and i have done some research on whether whey protein vegetarian, and i got mixed answers, but most of them saying it depends on the processing.so can you  help me understand if this is a vegetarian protien or not , and why ?",[UNANSWERABLE],,0,"[""KB_01153"", ""KB_01147"", ""KB_01148"", ""KB_01152"", ""KB_01150""]","[""It's whey isolate and a quality whey isolate with added vitamins at that..."", ""To people who say Isopure is expensive. It's whey isolate and a quality whey isolate with added vitamins at that..."", ""I don't understand why the guy below me rated it with 2 stars since he has never tried it and protein shakes are never the best tasting thing out there anyways.? The product is very good but man its retail value is expensive!"", ""I don't understand why the guy below me rated it with 2 stars since he has never tried it and protein shakes are never the best tasting thing out there anyways. ?"", ""its ok thing of this product is the taste it taste really salty even though its zero carbs its taste is bad . If your trying to lose fat and gain muscle yeah i would say buy it .""]",31.002374948002398,The available reviews do not provide enough information to answer this question.,True,411.19654197245836
G_089,REC_089,B000AAAVZE,Health_and_Personal_Care,medium,descriptive,sentwin,5,Will this work on man pubes?,"As a girl, I couldn't say for sure but my guess is a big NO! This did not work for me at all - anywhere!",KB_01171,0,"[""KB_01174"", ""KB_01167"", ""KB_01177"", ""KB_01171"", ""KB_01162""]","[""Which is to say, if you are a dark-skinned male with coarse hair it probably will not work well for you and cause you mild to moderate annoyance trying."", ""Which is to say, if you are a dark-skinned male with coarse hair it probably will not work well for you and cause you mild to moderate annoyance trying. It's for finer hair and skin."", ""They don't work on underarm hair, bikini area or legs which is disappointing."", ""I also like how easy and convenient they are for traveling. They don't work on underarm hair, bikini area or legs which is disappointing."", ""This product did not work at all. It was just a sticky mess.""]",12.4991670018062,The available reviews do not provide enough information to answer this question.,True,305.797207984142
G_090,REC_090,B0069SQQ2I,Health_and_Personal_Care,long,yesno,sentwin,5,can I add this to wool dryer balls to help my laundry smell better?,Yes,KB_01182,1,"[""KB_01190"", ""KB_01182"", ""KB_01186"", ""KB_01195"", ""KB_01182""]","[""I bought this oil to use on homemade wool dryer balls and it works great."", ""I bought this oil to use on homemade wool dryer balls and it works great. It leaves a nice light lavender scent on my clothes without leaving behind any kind of oil spotting."", ""I wash/process raw wool fleece and put a few drops of this into the rinse water. This leaves a wonderful smell and provides a little bit of oil (i.e., moisture) in the fleece."", ""I wash/process raw wool fleece and put a few drops of this into the rinse water."", ""It leaves a nice light lavender scent on my clothes without leaving behind any kind of oil spotting. It's also safe to use mixed with vinegar as a fabric softener for the washer. It leaves behind a scent that's detectable, but not overpowering.""]",13.937916024588048,"Yes, you can add this oil to wool dryer balls to help your laundry smell better, as it leaves a nice light lavender scent on clothes without oil spotting. It can also be used with vinegar as a fabric softener.",False,356.94954090286046
G_091,REC_091,B003L16V9E,Home_and_Kitchen,medium,descriptive,sentwin,5,is the combination color  lime green or sage,more of a sage green. It is really beautiful. I have found this same set on other sites for $2-300.,KB_01201,1,"[""KB_01200"", ""KB_01204"", ""KB_01203"", ""KB_01205"", ""KB_01201""]","[""The &#34;sage&#34; is better described as lime green. Sticthing between colors gaping upon opening."", ""I really love this bedding - it is light weight enough to use all year and looks stylish with great material. The green is a lime and as bright as the picture and the brown is dark chocolate. Has the European shams, shams, decorative pillows, skirt and comforter for a great price!"", ""In the pic on the actual packaging and on the add it's a green apple color and a chocolate brown. I'm sending it back and going to Target for a real deal."", ""I wish the green matched my green walls but it did not so I am returning. The quality is very good and I even like the kelly green, but it just does not work in my room."", ""I purchased this Sage Queen Size comforter set for my master bedroom. I love the modern look of this beautiful bold stripe, sage green color comforter set. It enhances my room!The material of this comforter set, is very comfortable, especially when you lie under the covers, its feels soft to the touch.""]",11.426541954278946,"The combination color is described as lime green, although it is referred to as ""sage"" in the product description. The actual color appears to be a bright, lime green rather than a traditional sage color.",False,667.2539580613375
G_092,REC_092,B0012RTMUY,Home_and_Kitchen,long,descriptive,sentwin,5,"I own this blender, and it is leaking from the bottom of the container (where the blades attach). Does anyone know how to repair this?","Same thing happened to me and it cannot be repaired....the entire jar must be replaced. Call kitchen aid, they offer a one time courtesy replacement jar even if your blender is out of warranty. I have retired mine from smoothie making and purchased a ninja ultima.",KB_01214,1,"[""KB_01210"", ""KB_01215"", ""KB_01211"", ""KB_01212"", ""KB_01216""]","[""I make smoothies a couple times a week and it handled frozen ingredients easily. However after three years, the blender began leaking around the bottom nut, as other reviewers have said. Apparently there is no recall and I wish there was."", ""I love KitchenAid however I am not happy with this product. After using my blender for around a year, off and on, I noticed that it had developed a leak on the bottom of the polycarbonate jar. When I call KitchenAid they assured me that this was unusual so I went ahead and ordered a new jug."", ""After a few uses the jar started to crack, much like a windshield would if hit by a rock, the cracks started from the four drainage holes at the bottom on the outside of the jar and went inward toward the blades. Soy milk or orange juice would leak out everywhere, I dealt with it for a while because the blender was new and it was a hundred dollars. I made my last angry smoothie and dumped the thing in the trash."", ""Yes, it leaks. I have been making daily smoothies with about 3 or 4 ice cubes, and it quickly started leaking. Just like the other reviewers, mine leaks heavily after just one or two days."", ""The product has been progressively leaking more and more over the past few months. Do not buy this product, put your money towards something else of quality!""]",37.3900830745697,The available reviews do not provide enough information to answer this question.,True,296.2837499799207
G_093,REC_093,B00DDYH9BS,Home_and_Kitchen,medium,descriptive,sentwin,5,Is this a 5 qt. Stockpot?,[UNANSWERABLE],,1,"[""KB_01221"", ""KB_01221"", ""KB_01220"", ""KB_01221"", ""KB_01221""]","[""This pot is THREE quarts volume, the one called &#34;Pot with Lid&#34; in the 365+ series. Do not buy this if expecting a good stock pot. It's tiny and disappointing."", ""This is not the 365+ Stock Pot from the IKEA website. That pot is 11 quarts volume."", ""Downsizing the kitchen, needed something smaller than a 5 qt for just the wife and I. This 3 qt pot fits the bill! Just the right size for two or three, No plastic handles so it can go in the oven, nice heavy bottom for even heating."", ""This is not the 365+ Stock Pot from the IKEA website. That pot is 11 quarts volume. This pot is THREE quarts volume, the one called &#34;Pot with Lid&#34; in the 365+ series."", ""That pot is 11 quarts volume. This pot is THREE quarts volume, the one called &#34;Pot with Lid&#34; in the 365+ series. Do not buy this if expecting a good stock pot.""]",11.136874905787408,"No, this is not a 5 qt. Stockpot, it is a 3 qt. pot. One reviewer even mentions they chose it because it's smaller than a 5 qt. option.",False,519.134416943416
G_094,REC_094,B003U9T9CI,Home_and_Kitchen,short,descriptive,sentwin,5,Does it include power cord,yes there is a power cord,KB_01230,1,"[""KB_01230"", ""KB_01231"", ""KB_01235"", ""KB_01232"", ""KB_01234""]","[""For some reason, the inner bottom of this rice cooker starts to peel off after I use it for only couple of times. And I often have to wash off these small pieces of metal fragments, with attached power cord, it's not very convenience. For sure it's not stainless steel as the advertisement claims."", ""I like this large size because I can use it for steaming other food items, not only for making rice.The only drawback I feel is that the manufacturer changed the design so that the plug is attached permanently to the rice cooker. Older models used to have the cord detachable so the unit could be washed easily."", ""I would give it five stars based on that. BUT, and this is a big but, this is the third one we've had to buy. Average lifespan is about 1 year."", ""when i wanted to buy a rice cooker, all my family told me to get one of this. So, even it cost 4 times than other brands, i bought it anyway. After few times cooking, around 2 weeks after I received it, it just don't heat up anymore."", ""When I opened the package as received, there was a very noticeable \""ding\"" on the outer shell of the rice cooker. I almost, almost re-packed and shipped it back. I was not sure about the shipping and handling cost reimbursement and I thought it was too much of a hazzle.""]",16.638166969642043,"The product includes a power cord, and in some cases, it is attached permanently to the rice cooker.",False,308.2403748994693
G_095,REC_095,B00BUP5A22,Home_and_Kitchen,long,descriptive,sentwin,5,Does the charger have contacts that the unit sits on or does the charger need to be plugged into the vacuum?,[UNANSWERABLE],,1,"[""KB_01241"", ""KB_01246"", ""KB_01240"", ""KB_01245"", ""KB_01248""]","[""The more careful you do it, the less dust you get everywhere. There is no mess if you do it properly!The suction on this has been great, I've used it for about 2 months and I don't keep it on the charger, but only when I need to."", ""it works as I expected , easy to storage and charge. It does the job...... well this is my first hand vacuum but Im satisfied."", ""The person that had all the problems with it is either trying to sabotage the rating or has a defective unit. It is easier to use than a normal vacuum for messes that don't need a normal vacuum. I have had this for about 6 months and works perfectly still."", ""Bought this vacuum for my husband. He has used it in his office and his pickup."", ""This is a great hand vacuum. The battery hasn't been affected by the fact that I have it charging all the time.""]",33.422583946958184,"The charger needs to be plugged into the vacuum, as one reviewer mentions keeping it on the charger only when needed, implying a direct connection. The reviews do not mention the unit sitting on contacts. The charger is used for charging the vacuum.",True,510.8289159834385
G_096,REC_096,B005RK8JF6,Home_and_Kitchen,medium,descriptive,sentwin,5,Can you use oil on this board for doughs ?,My wife uses a little mineral oil to preserve the wood.,KB_01250,1,"[""KB_01250"", ""KB_01256"", ""KB_01253"", ""KB_01254"", ""KB_01254""]","[""Plenty of space to roll out even the largest crust or fondant. 'Lip' over edge prevents board from moving much when kneading or rolling stiff doughs.Be sure to treat with food grade mineral oil to preserve wood, prevent cracking/splitting, and extend life of board."", ""I have nothing bad and everything good to say about this board.It is heavy, but I like that. I did season it with cutting board oil before using, very easy to do."", ""I am an avid baker who lives in a one-bedroom apartment. This board fits atop my stove top as a hand in glove and provides me ample room to shape and work various doughs. I wish I bought this years ago!"", ""I bake a lot - sourdough, baguettes, croissants, rolls, crackers, pie crusts, etc. Having this big board (it is really big!)"", ""to put on my counter has made my life so much easier. This is especially great for kneading very wet doughs requiring what I call the &#34;slap and slip&#34; method of kneading.""]",11.33183401543647,"Yes, you can use oil on this board for doughs, and it's recommended to treat it with food grade mineral oil or cutting board oil to preserve the wood.",False,614.6411669906229
G_097,REC_097,B004H2SDTM,Home_and_Kitchen,long,descriptive,sentwin,5,"I am mostly interested in flax seeds , or linseed. Does it work?",Yes it works,KB_01261,1,"[""KB_01262"", ""KB_01261"", ""KB_01262"", ""KB_01268"", ""KB_01268""]","[""I want to give this a 5 star coz I love my oil press but how do you stop the seed from getting compacted at the end bolt? Is flax seed not good? If so what seed shall I use."", ""The ultimate in sustainability! I didn't have so much luck with flax seed, I found that it all compacted towards the end but then I emailed the manufacturer and he got back quickly telling me to just add a little water because flax can be tricky."", ""Is flax seed not good? If so what seed shall I use. When it's working I love it."", ""Once you get the hang of it, no mess will continue and you will be happily spending your evenings squeezing various nuts and seeds. I recommend using peanuts first and not sunflower seeds, as I did. Enjoy!"", ""Once you get the hang of it, no mess will continue and you will be happily spending your evenings squeezing various nuts and seeds. I recommend using peanuts first and not sunflower seeds, as I did.""]",13.813417055644095,"Flax seed can be tricky and may compact towards the end, but adding a little water can help. It is not necessarily that flax seed is not good, but rather it requires some extra care. With the right approach, it can work.",False,716.4396659936756
G_098,REC_098,B005I5DO3M,Home_and_Kitchen,short,descriptive,sentwin,5,What is the Height?,[UNANSWERABLE],,1,"[""KB_01277"", ""KB_01273"", ""KB_01276"", ""KB_01272"", ""KB_01278""]","[""I am disabled and need a lift chair, so when it became difficult for me to get out of my lift chair, I noticed that I needed more height to be able to stand and hold on to my walker. Did a lot of research for a \""furniture riser\"", or similar product that would satisfy my need."", ""This riser/booster has made all the difference and she is able to get out of her recliner without any help. I highly recommend this for anyone who needs the extra inches in the height of their recliner to be able to get up alone."", ""We needed to raise the height of my Dad's recliner so that he could get up and down without assistance. We wanted to get him a lift chair but he refused."", ""The platform is sturdy and provides just the extra height needed so that a tall person can rise without injury. I have arthritis and could not rise without assistance until I got the platform."", ""I am so happy. Having the height on my recliner has helped me greatly. I was very concerned that it would not hold up under my weight (380 lb), but it does.""]",9.185542003251612,The available reviews do not provide enough information to answer this question.,True,428.98412502836436
G_099,REC_099,B00A6Z5DK6,Home_and_Kitchen,long,descriptive,sentwin,5,Can these be used with polymer clay and can you bake the silicone mold?,[UNANSWERABLE],,1,"[""KB_01281"", ""KB_01282"", ""KB_01280"", ""KB_01284"", ""KB_01286""]","[""The silicone is very flexible, and I had no problems making clay molds with this. I see lots of little bows as part of my projects in the future."", ""Yes I could Make these, but was it worth it to pay the couple bucks and have mailed YES YES ....its a very good durable mold, I will be using it for clay."", ""Very nice mold, very adorable. The mold putty was clearly mixed very well, and polymer clay comes out of the mold perfectly."", ""Hi &#128075;I bought this how mold , as I have become really into fondant and accessories for baking things .. I haven't got to use it yet but it is super small , like,  the size of a quarter ."", ""They turned out perfect. I used these on cupcakes. People asked how I made them.""]",13.05408391635865,"The silicone mold can be used with polymer clay, and the reviews suggest that the clay comes out of the mold perfectly. However, there is no information about baking the silicone mold itself.",False,249.6130409417674
G_100,REC_100,B0027FFPHO,Home_and_Kitchen,long,descriptive,sentwin,5,Is the bottom inside the pot steel or ceramic? I want to make sure the herbal will not contacted with steel at all.,"Hi, there is a metal/steel at the bottom inside the pot, I believed it's a heat element.",KB_01295,1,"[""KB_01291"", ""KB_01299"", ""KB_01297"", ""KB_01290"", ""KB_01291""]","[""I literally can't live without this herbal cooker. I brew herbs 12 out of 14 days and was trying to do it in a stainless steel pot on the stove. The Herbal Medicine Cooker brews the herbs so well that I only have to drink 1/3 of a cup 3 times a day instead of 1 cup 3 times a day."", ""This cooker is purchased for my wife to cook the traditional Chinese herbal medicine. This machine is well made, performed all tasks described well, and easy to clean."", ""I have Bladder Cancer and Chinese Herbs have beena Life Savor. I have tried to find the best Possible Pot, one that is Reliable, Unfortunately This Pot as all the rest4 from this Co. Do not shut off as Needed &#34;When there is ONE CUP left after 6 cups and herbs are cooked.The Heating Element gets Dirty and isDirected to Not use any Rough Pads to clean?"", ""this is a good herbal medicine cooker. the only thing I don't like is if you put in a big pot of herbal medicine which fills near the top, you will likely also add more water, and it will take a very long time like 3 to 4 hours to cook the medicine."", ""I literally can't live without this herbal cooker. I brew herbs 12 out of 14 days and was trying to do it in a stainless steel pot on the stove.""]",10.652958997525275,The available reviews do not provide enough information to answer this question.,True,181.03762494865805
G_101,REC_101,B000652LWO,Home_and_Kitchen,long,descriptive,sentwin,5,I am planning to use these for drinking glasses for young children. How many ounces do they hold? Are they big enough for little hands? How heavy?,[UNANSWERABLE],,0,"[""KB_01300"", ""KB_01300"", ""KB_01304"", ""KB_01307"", ""KB_01305""]","[""I see a lady who plans to return her 1/2 pt salt & pepper shakers, packed 24 to a box. I have dozens and dozens of them made by Golden Harvest, with the little handles on them like the drinking mugs, but I cannot find the lids and rings for them. Can you help?"", ""Can you help? They are about 3/8\"" smaller than the small Ball Mason Regular Dome lids."", ""We sell a specialty product that uses these jars like a salt shaker. It is a low-volume add-on so we only use a case or two a year; it's easier for us to buy these on Amazon than from any other supplier, and the price is fair here."", ""Quality does not seem to be an issue. But (a) they are not Ball (they are Golden Harvest), and (b) each individual jar had a Walmart sticker on it that required soaking and scraping to get off. Disappointing on both counts, but once you get over that the jars are just fine - quite nice."", ""We're giving them away as gifts to the bridal party filled with hugs and kisses with a sunflower theme to represent fall. These will be perfect at each place setting at the dinner. Thank you for having what we were looking for.""]",31.958959065377712,The available reviews do not provide enough information to answer this question.,True,282.445541000925
G_102,REC_102,B001V98IRQ,Home_and_Kitchen,medium,descriptive,sentwin,5,Would this paper work with a Silhouette Cameo cutter?,[UNANSWERABLE],,0,"[""KB_01315"", ""KB_01314"", ""KB_01312"", ""KB_01310"", ""KB_01313""]","[""It was easy to use and does a good job of making the hood look almost as good as real stainless. I would  have given it 5 stars, but there were some flaws in the paper at the beginning and at the end and the tape used to hold it together is difficult to remove without leaving a sticky mess, making it difficult to use the entire roll."", ""While it is thin, I found it easy to work with and it should be convenient to keep clean. I plan on using my leftover contact paper on some shelves in our medicine cabinet to spruce them up a bit!"", ""I bought four rolls of this contact paper. Turns out it would not stick to ANYTHING I put it on that was not metal."", ""Love this contact paper. Easy to cut, use and adhere. Everyone is noticing the faux \""stainless steel\"" items in my home and can't believe it's contact paper."", ""I wanted to cover  the side of my refrigerator that was black and not stainless steel. I had used heavier SS  paper before and it was just OK. When I read the reviews they said the paper was &#34;flimsey&#34; like alumminun foil.""]",11.970625026151538,The available reviews do not provide enough information to answer this question.,True,308.5526670329273
G_103,REC_103,B004K3FKL2,Home_and_Kitchen,medium,descriptive,sentwin,5,Can you attach a headboard to this frame?,[UNANSWERABLE],,0,"[""KB_01319"", ""KB_01319"", ""KB_01319"", ""KB_01319"", ""KB_01320""]","[""It took my husband 20 minutes to put it together. Awesome frame."", ""We have been sleeping well and squeak free! And our allergy problems are better due to the frame. It took my husband 20 minutes to put it together."", ""And our allergy problems are better due to the frame. It took my husband 20 minutes to put it together. Awesome frame."", ""We have been sleeping well and squeak free! And our allergy problems are better due to the frame."", ""I was very disappointed in this purchase. It is very strong, however, it is noisy and slides easily over the floor.""]",13.284334097988904,The available reviews do not provide enough information to answer this question.,True,265.76858304906636
G_104,REC_104,B002S52ZFI,Home_and_Kitchen,long,descriptive,sentwin,5,Tags says it is cotton loops. What is the base? Is it Polyester?,"Hi, I bought these towels in white and according to the tag on the towels, they are 100% Egyptian cotton loop and 100% cotton nothing else! Take care, Andrea",KB_01328,0,"[""KB_01321"", ""KB_01326"", ""KB_01327"", ""KB_01329"", ""KB_01328""]","[""These Pike Street towels seemed like they were good quality on their own, but comparing them next to the other fluffier towels it was a no brainer which to keep. The Pike Street towels look like they are made well; there were no loose threads hanging off, the seams looked solid, and the loops were even throughout the towels. They're not a bad purchase at all, just don't expect something really thick that will feel like a soft blanket when you step out of the shower."", ""They are thick enough to soak up water, dry my whole body, soak water from lots of hair, and yet they wrap around your body or waist without a problem - AND they never seemed to be heavy and soaking wet. No stiffness, no roughness, really soft towels."", ""These towels are great!!! !"", ""The Burgundy towels are a sad sad state if affairs. I bought them with the others but never opened them until the end of november 2012 and they were stringy by end of january."", ""The color of these towels is a nice slate grey, and they seemed to be pretty soft when I received them. I imagine they would have gotten even softer after washing and they would have fluffed up a bit.""]",12.027041986584663,The available reviews do not provide enough information to answer this question.,True,254.37712494749576
G_105,REC_105,B003VSWZYM,Home_and_Kitchen,medium,descriptive,sentwin,5,BPA FREE ?? Where is its place of origin?,[UNANSWERABLE],,0,"[""KB_01339"", ""KB_01331"", ""KB_01335"", ""KB_01338"", ""KB_01340""]","[""Zojirushi SM-JA36BA 0.36-Liter Stainless Steel Vacuum Insulated Mug... good ......keep heat to 3 hours ..may be i return buy anothere"", ""It's great as a portable cup to avoid using any disposable cups. Construction quality is top notch and Zojirushi standard."", ""nice looking mug, but it has lots of parts and gaskets to clean. they are also on the small side so great for kids or if you don't want to carry a heavy mug around."", ""same dimentions as the similar starbucks 10oz container but this one holds 12oz. and i love how it comes apart to clean. coffee is never cold now ty!"", ""You will not regret it, very handy, especially if you go shopping, travel, really good-looking and good quality. This size 0.36-Liter is just right.""]",12.292333994992077,The available reviews do not provide enough information to answer this question.,True,262.9752920474857
G_106,REC_106,B000RZPGCK,Home_and_Kitchen,medium,descriptive,sentwin,5,What is it made of? 100% cotton?,"I believe it is a cotton/poly blend. It was a gift for a grandson and I am pretty sure it was not 100% cotton. It was very soft, though.",KB_01346,0,"[""KB_01346"", ""KB_01345"", ""KB_01346"", ""KB_01348"", ""KB_01346""]","[""There was no fabric description, and the item was cheap, so I was suspicious. The fabric is a flimsy cotton/poly blend. I returned it."", ""The fabric these sheets are made out of is terrible. My son loves seeing Thomas and Cranky on his sheets, however, so I have not gotten rid of them."", ""This item came up when I searched for flannel sheets. There was no fabric description, and the item was cheap, so I was suspicious. The fabric is a flimsy cotton/poly blend."", ""Grandson is wild about &#34;Thomas The Train&#34; - thought this would be great, but was not happy with the &#34;feel&#34; or quality of thefabric. This product is made by several different manufacturers depending on where it is purchased, and the fabrics vary...."", ""This item came up when I searched for flannel sheets. There was no fabric description, and the item was cheap, so I was suspicious.""]",10.932917008176446,"The item is made of a flimsy cotton/poly blend, not 100% cotton. The fabric quality is also described as poor.",False,385.7680410146713
G_107,REC_107,B0000DDXLE,Home_and_Kitchen,medium,yesno,sentwin,5,"Hi, I have a GCG-2 Cuisinart Mini-Prep Plus, will this work?",If you are asking about a replacement for the original where the plastic cracked the answer is yes.,KB_01352,1,"[""KB_01358"", ""KB_01354"", ""KB_01352"", ""KB_01357"", ""KB_01356""]","[""This blade does not fit my Cuisinart Mini Prep. The core of the bowl is too large for the blade to drop down into the bowl."", ""I was looking for a replacement for my Cuisinart Mini Prep which is quite old and the replacement part was PERFECT!!! !"", ""I've had a Cuisinart mini-prep for many years, and it was still working just fine except that the blade housing cracked. I was looking for a replacement unit when I discovered that I could simply purchase a new blade!"", ""This is a replacement blade (the original cracked over time) for my little cuisinart mini-prep. It works perfect and is super sharp."", ""I've owned a Cuisinart Mini-Prep for many years, but the plastic around the blade was starting to split. I was concerned that the blade would soon go flying off the hub, and do some real damage.""]",13.836833997629583,The available reviews do not provide enough information to answer this question.,True,241.48554203566164
G_108,REC_108,B002IVU5KE,Home_and_Kitchen,short,yesno,sentwin,5,is it dish washer safe,yes,KB_01361,0,"[""KB_01361"", ""KB_01370"", ""KB_01364"", ""KB_01363"", ""KB_01361""]","[""I bought this pitcher because it stated it was dishwasher safe and is made in the USA. The spout is not designed well."", ""It's big enough for a pitcher of ice tea or lemon water and small enough to fit in my refrigerator. I love the cap, keeps the inside clean. And this product is made in America."", ""We purchased this pitcher for daily use at the dinner table, when getting water and ice from our fridge.My 8 year old son easily fills it, the lids stays on nice and snug, and the kids can use it without any problems or spills.It is pretty looking, looks like glass, goes in the dishwasher and the ice doesn't go through the spout, which is great."", ""Will probably use it for a little longer then just give it to Goodwill."", ""When trying to pour without the lid it overflows the spout and spills. With the lid it is much better but liquid sometime leaks around the spout lid and dribbles outside the glass. I bought cheap and it's worth that much but not much more!""]",11.504707974381745,"The pitcher is dishwasher safe, as stated by multiple reviewers who have successfully washed it in the dishwasher. It is designed to be durable enough for daily use and can withstand dishwasher cycles.",False,357.11433296091855
G_109,REC_109,B005GNQ5E6,Home_and_Kitchen,long,descriptive,sentwin,5,"Does this product come with any pans, trays, etc? Should I purchase any additional accessories?","It comes with one small, shallow tray. I purchased two baking pans. Any 9x13 pan that does not have handles will fit. I use Pyrex, pottery and metal pans, just like a large oven. I also use parchment and foil to line and cover and have had no problems.",KB_01372,1,"[""KB_01376"", ""KB_01388"", ""KB_01372"", ""KB_01391"", ""KB_01372""]","[""I just might do a small ham in it for Easter. Now looking for small pans to use in it. Not that much on offer online."", ""I have plenty of other pans to use."", ""The pan that comes with it is an after thought and an insult. Every cheap oven has come with a proper broiler pan but not this one. I hope Calphalon reads this."", ""Hope this helps:Approximate Outer Dimensions:Width: 19.25\""Depth: 13.13\"" without handle/ 15.25\"" with handleHeight: 10.81\"" without handle/ 11.63\"" with handleApproximate Inside Dimensions:Width: 13.75\""Depth: 12\"" (total depth, rounds out in the back)Height: 5\"" (respective height to fit a pan)** Big enough to fit a 12\"" frozen pizza** Fits a straight walled 9 x 13 pan fine, but will not fit a 9 x 13 pan with helper handles.Capacity : 0.7 cubic feet (fits a 9x13-in. pan, 12-in. pizza, 6 slices of toast)Cleaning & Care : Clean inside with damp sponge."", ""The pan that comes with it is an after thought and an insult. Every cheap oven has come with a proper broiler pan but not this one.""]",16.76837494596839,"This product comes with a pan, but it's considered inadequate by some users. You may want to purchase additional pans or accessories, as the included pan is not well-regarded.",False,382.5936670182273
G_110,REC_110,B0040VIN18,Home_and_Kitchen,long,descriptive,sentwin,5,Can the metal filter from this be used instead of a paper filter in the ceramic v60 dripper?,"No, you can't. The metal filter is part of the filter and can't be separated. For the ceramic V60 dripper you can only use the paper filter.",KB_01393,1,"[""KB_01404"", ""KB_01399"", ""KB_01394"", ""KB_01402"", ""KB_01393""]","[""Are we using the same terminology?There is no paper filter, and it's a very fine mesh, so you're going to get a rich cup of coffee with all the wonderful oils (that get retained by the paper filter normally).Also, technique is very important (more so than with the V60)."", ""Sure, there's going to be sediment, but that's a far cry from grinds. Are we using the same terminology?There is no paper filter, and it's a very fine mesh, so you're going to get a rich cup of coffee with all the wonderful oils (that get retained by the paper filter normally).Also, technique is very important (more so than with the V60)."", ""Works better than cheaper steel filters I've used before, definitely great if you are looking to save money on paper filters."", ""I wonder if that plunger deal with the circle of filter paper at the bottom which you just pour, stir, let sit a moment, and plunge through like a piston in an engine cylinder makes good coffee as was said to me at the kitchen utencil store when I took in my new Hario filter to show them what I'd wanted them to consider carrying.But this is so elegant, sturdy, cleverly built."", ""It avoids paper filters and gives you fresh taste. I wonder if that plunger deal with the circle of filter paper at the bottom which you just pour, stir, let sit a moment, and plunge through like a piston in an engine cylinder makes good coffee as was said to me at the kitchen utencil store when I took in my new Hario filter to show them what I'd wanted them to consider carrying.But this is so elegant, sturdy, cleverly built. The plastic frame around the steel mesh is some kind of very dense plastic, almost a ceramic.""]",11.609584093093872,"The metal filter can be used instead of a paper filter, and it allows for a rich cup of coffee with the retention of oils that would normally be lost with a paper filter. It is also mentioned to work better than cheaper steel filters and helps to save money on paper filters.",False,747.4384170491248
G_111,REC_111,B002A1LGH8,Home_and_Kitchen,short,descriptive,sentwin,5,Can you microwave this container??,[UNANSWERABLE],,1,"[""KB_01414"", ""KB_01413"", ""KB_01426"", ""KB_01420"", ""KB_01417""]","[""I just received 4 of these containers in the mail, intending to use them for my family's lunches. Before I even took one of the containers out of the packaging, I noticed a statement on the box:  \""FOR BEST RESULTS PLACE SANDWICH IN A PLASTIC BAG TO PROTECT FROM CONDENSATION.\"""", ""They fit nicely into the lunchbox and you can pack yogurt tubes, cheesesticks, or other items that need to stay cold around the outside of the container. I like this container much better than containers that have the \""cold spot\"" in the lid only. In my opinion, that does not keep the sandwich cold enough."", ""I like this container much better than containers that have the \""cold spot\"" in the lid only."", ""They keep your foods cold all day! Don't let the title fool you...I use the sandwich chiller for any type of food. Get in the habit of coming home and cleaning the product and putting the freezer part in the freezer, and you are all set."", ""We love these containers. They keep my kids' fruit nice and cold in their lunches and the size is very convenient.""]",12.751749949529767,The available reviews do not provide enough information to answer this question.,True,271.8359170248732
G_112,REC_112,B007QZ8NII,Home_and_Kitchen,long,descriptive,sentwin,5,Does anyone know what the reason would be that the number 9 would be displayed on the unit after it's powered off?   Thank you!!!,[UNANSWERABLE],,1,"[""KB_01440"", ""KB_01452"", ""KB_01440"", ""KB_01438"", ""KB_01441""]","[""I'll just let it sit there for a minute.&#34; A minute goes by about sixty times, flip on the AC: nothing. Time to call the company.The girl that answers the phone assured me at least three times that she has worked there for &#34;a long time.&#34; I would have believed her if she didn't have to put me on hold another three times after I informed her that my unit wasn't working. &#34;Have you let it sit for two to four hours?&#34;I have to let it sit for possibly four hours?&#34;You didn't know that?"", ""I would give it 5 stars but it's a little noisier than I wish it was. That's my deal, though, and no fault of the unit. I would buy it again, and I would recommend it to a friend."", ""&#34;No problem. I'll just let it sit there for a minute.&#34; A minute goes by about sixty times, flip on the AC: nothing. Time to call the company.The girl that answers the phone assured me at least three times that she has worked there for &#34;a long time.&#34; I would have believed her if she didn't have to put me on hold another three times after I informed her that my unit wasn't working."", ""I don't know how people survive without it, and wish I bought it sooner. Also, I was afraid that 8000 BTUs would not be efficient but it was more than."", ""No problem - we've all had summer jobs. But ask me to buy a more expensive product as your first response to, what I would consider to be, a pretty popular question for any company - that's a little ridiculous.She ended up starting to send me a replacement unit while I went through the headache of boxing up the broken one and shipping it back for a refund, which I received today, but I opted to cancel the order.""]",13.394000008702278,The available reviews do not provide enough information to answer this question.,True,340.207124943845
G_113,REC_113,B00B4M83MU,Home_and_Kitchen,medium,descriptive,sentwin,5,What is the outside diameter or circumference?,"Way small, I have thicker spaghetti. I don't know the exact measurement but it is very similar to what you'd find at a gas station for coffee. Hope this helps.",KB_01460,0,"[""KB_01459"", ""KB_01458"", ""KB_01455"", ""KB_01456"", ""KB_01454""]","[""Works like a straw should. Great length for the high ball glasses, awesome for the person who likes to sip their drink..."", ""Wow! - great length. ."", ""it's too short. it's ok for coffee but not cocktail drinks."", ""it was very convenient and i will purchase this again. I love it and last long."", ""these were a bit shorter then i expected, hard to stir a drink when your fingers are dragging in your coffee""]",20.988791016861796,The available reviews do not provide enough information to answer this question.,True,243.2167500955984
G_114,REC_114,B002865DNI,Home_and_Kitchen,short,descriptive,sentwin,5,Measurements?,[UNANSWERABLE],,0,"[""KB_01473"", ""KB_01474"", ""KB_01472"", ""KB_01484"", ""KB_01477""]","[""its definitely not as fancy looking as I imagined from the picture so the high price seems less justified. each bag fits 2 loads of laundry in a large washer so I have no idea why people are disappointed by the size. the handles are great."", ""it's stylish, compact. holds my dirty clothes... well that's what it's supposed to do.I love it.you can pull out the bins and carry them around.maybe if it came in different colors?"", ""seems expensive for its size, I expected it to take more loads. nice design though but the bags can't stand on its own when removed"", ""seems expensive for its size, I expected it to take more loads."", ""You should definitely spend your money on this. No regrets. I bought 2 so that I could have four types of laundry separated.""]",36.4722911035642,"Each bag fits 2 loads of laundry in a large washer. The product is described as compact, but the exact measurements are not provided.",False,9477.140458999202
G_115,REC_115,B004P2LEE0,Home_and_Kitchen,long,descriptive,sentwin,5,I want a slow cooker that I can cook oatmeal in thu the night ?? For one person !!!!,"Yes, this is the perfect size. In fact, the recipe I have makes 3 servings and I've found that it cooks steel cut oats perfectly, and they re-heat great with a little extra milk. Great time-saver for being able to have breakfast before work! The recipe can be found in ""Vegan Slow Cooking For Two - or - Just For You"" by Kathy Hester. She also has a blog online where a bunch of recipes are posted. (Pear Rose Cardamom Oatmeal) I substituted an apple for the pear and skipped the rosewater, but love the cardamom!",KB_01497,1,"[""KB_01508"", ""KB_01489"", ""KB_01490"", ""KB_01494"", ""KB_01490""]","[""I bought this to cook oatmeal and so far that is all I have cooked."", ""A well made slow cooker. Bought this to dedicate to making soap."", ""for months I basically ate out for every meal, because I craved a warm meal, but had no desire to spend my few hours of free time after work in the kitchen putting together a meal that I would devour in less than ten minutes.So, I got myself this slow cooker and tried out a few recipes. I have to say, I can't imagine life without a slow cooker now! I made a pot roast with red wine a few times and let it cook on low for 12 hours over night."", ""I tried several brands of slow cookers for my \""Shabbos chulent\"" (a food made of meat and beans) but none of them did the job properly. One of them dried it out completely even on the low setting."", ""I recently landed my first full-time gig after graduating college. for months I basically ate out for every meal, because I craved a warm meal, but had no desire to spend my few hours of free time after work in the kitchen putting together a meal that I would devour in less than ten minutes.So, I got myself this slow cooker and tried out a few recipes. I have to say, I can't imagine life without a slow cooker now!""]",13.280290993861854,This slow cooker can be used to cook oatmeal. One reviewer has successfully used it to cook a meal overnight on the low setting for 12 hours.,False,385.6983749428764
G_116,REC_116,B00ECH685S,Home_and_Kitchen,long,descriptive,sentwin,5,Where do I find the cover that fits the one gallon crock?  I wish these listings were more clear regarding what size you are getting when you order.,"Search Amazon for Ohio Stoneware 11600 crock cove (""cover"" is misspelled).  It fits the 1 gallon Ohio Stoneware crock. I do not own it myself, as I have the 3 gallon crock and cover instead. Good luck!",KB_01510,1,"[""KB_01510"", ""KB_01518"", ""KB_01520"", ""KB_01510"", ""KB_01511""]","[""It fits a 3 gallon crock perfectly. The advertising claimed that it would also fit a one gallon crock, but it doesn't do more than just cover the top of the crock and does not look pleasing with so much of the lid hanging over the top edge. I recommend using it for 3 gallon crocks."", ""The advertising claimed that it would also fit a one gallon crock, but it doesn't do more than just cover the top of the crock and does not look pleasing with so much of the lid hanging over the top edge."", ""It fits a 3 gallon crock perfectly."", ""This item is a quality item. It fits a 3 gallon crock perfectly. The advertising claimed that it would also fit a one gallon crock, but it doesn't do more than just cover the top of the crock and does not look pleasing with so much of the lid hanging over the top edge."", ""I've ordered these crock covers twice now. The first was canceled because they were out of stock.""]",12.802917044609785,The available reviews do not provide enough information to answer this question.,True,279.5880000339821
G_117,REC_117,B009MBW1AK,Home_and_Kitchen,medium,descriptive,sentwin,5,Can this cookware be used in the oven?,"No, the handles are not oven proof. It's the only bad thing I can say about the set. Other than that I absolutely love them. The quality is very good. I use my cast iron in the oven.",KB_01525,1,"[""KB_01526"", ""KB_01535"", ""KB_01525"", ""KB_01536"", ""KB_01532""]","[""I have only a couple of suggestions. I had someone ask me if they could go in the oven and I had no idea, so perhaps some information regarding general use would be helpful."", ""If you want skillets to put in the oven then you shouldn't purchase these."", ""If you want skillets to put in the oven then you shouldn't purchase these. I seasoned mine and they work perfect....no sticking whatsoever."", ""I  still love my cast iron and use them for anything that needs to go in the oven or frying, however, many things cannot be cooked in cast iron so these are the ticket!"", ""I like the heat ring and the conduction design distributes heat very evenly. I  still love my cast iron and use them for anything that needs to go in the oven or frying, however, many things cannot be cooked in cast iron so these are the ticket! The pans are thick and I like the black color interior coating as well as the Tuscany exterior design.""]",12.060291017405689,"This cookware should not be used in the oven. Multiple reviewers explicitly state that if you want skillets to put in the oven, you shouldn't purchase these.",False,421.7917079804465
G_118,REC_118,B003QCJHK8,Home_and_Kitchen,long,descriptive,sentwin,5,how long have you had your? is it still sturdy now?  please answer if you you have had it for years.,[UNANSWERABLE],,1,"[""KB_01547"", ""KB_01548"", ""KB_01565"", ""KB_01549"", ""KB_01547""]","[""I got the matching chairs also and, though there are cheaper options out there, this will last a long time, I can tell. Had it about 6 months and it's great so far!"", ""The surface is very smooth to the touch and the color complements our white walls very nicely as well. The table feels sturdy and is perfect for the two of us. Assembly was very easy and didn't take too long."", ""VERY sturdy, great material and a true pub feel."", ""This table is the best buy I've made in years on Amazon. VERY sturdy, great material and a true pub feel. This thing is my favorite spot for work or coffee."", ""Good little table and a great color, too. The construction is very sturdy and it was easy to put together. I got the matching chairs also and, though there are cheaper options out there, this will last a long time, I can tell.""]",15.255457954481244,The available reviews do not provide enough information to answer this question.,True,307.689500041306
G_119,REC_119,B00A1ECR2E,Home_and_Kitchen,long,descriptive,sentwin,5,"Did you need to use a mold release spray?  I'm wondering if I need to bother spending extra money on it, or if they will pop right out.  Thanks.",I have used this mold several times now and there was no problem getting the resin out. Hope this helps!,KB_01567,0,"[""KB_01574"", ""KB_01569"", ""KB_01568"", ""KB_01571"", ""KB_01577""]","[""I had ordered another mold that I ended up breaking when trying to get the resin coaster out and this one has some give so you can just pop it out like an ice cube tray."", ""Worked really well! I had ordered another mold that I ended up breaking when trying to get the resin coaster out and this one has some give so you can just pop it out like an ice cube tray."", ""You can pour from either side of the mold (Blyth dudes are useable).Resin pops from mold fairly easily (I use easy cast resin)"", ""I had previously bought a different casting mold and it was beyond underwhelming. This one however met every expectation I had."", ""I had previously bought a different casting mold and it was beyond underwhelming.""]",13.268415932543576,"The resin can pop out of the mold fairly easily, similar to an ice cube tray, suggesting that a mold release spray may not be necessary. One reviewer mentions that the mold has some give, making it easy to remove the resin coaster. Resin pops from the mold fairly easily, according to another reviewer.",False,567.5645000301301
G_120,REC_120,B0000BY8S6,Home_and_Kitchen,long,descriptive,sentwin,5,"I just bought 2 (forgot from whom) that were more gray than blue.  Are yours a pretty blue, like sky or baby blue, or grayish?","My Martex Vellux blanket is blue, but I would characterize it as more of a ""grayish"" blue than a baby blue or sky blue.",KB_01595,0,"[""KB_01587"", ""KB_01591"", ""KB_01584"", ""KB_01594"", ""KB_01588""]","[""I own many of these blankets in various colors. They are great during the summer or the winter."", ""We purchased the Vellux to replace an old worn maroon blanket of the same material. We had been searching all over for a new one of a particular color. Well, we found it."", ""it was not stiff). I ordered the hunter green color and it looks just like the picture. Note: Only the top and bottom are hemmed."", ""I ordered the hunter green color and it looks just like the picture."", ""Light-weight but, still keeps you warm. Hunter green is a hard color to find. Amazon came through as usual!""]",11.641374905593693,The available reviews do not provide enough information to answer this question.,True,517.4219999462366
G_121,REC_121,B00E8Y79SK,Home_and_Kitchen,long,descriptive,sentwin,5,How durable is the line itself?  Does it sag much if you hang a hand towel?,The line is very durable.     We have hangers on it all the time -- very little sagging.,KB_01608,1,"[""KB_01602"", ""KB_01605"", ""KB_01608"", ""KB_01604"", ""KB_01606""]","[""This clothesline is just what we needed to replace one in our RV. The locking feature creates a tight line to hang wet towels on, which is what we use it for. I would recommend it for anyone looking for a line that you need occasionally that doesn't take up much space."", ""This is quality construction and works perfect in our RV garage. The locking mechanism is really great after you hang your wet stuff on it, you just pull in the line and tighten it thereby minimizing the sagging. Very good product!"", ""This is the sturdiest clothesline we've ever purchased. The line is thick and strong, the tension holds (rather than droops, like some other clotheslines) and is easy to put away.Works great - easy to install and use."", ""Like to hang up my delicates & things I don't want to risk possibly shrinking in dryer, sturdy enough to hold up 3 heavy sweatshirts to air dry! Just have the line hung in our master bathroom over the tub to use in the winter when I can't use my outdoor line, really looks great & durable!"", ""I put two pairs of pants on it and it sagged significantly. The line is not coated in plastic/rubber so the clothes slide down to the middle when it sags. I wish I could return the thing.""]",30.896499985828996,"The line itself is described as thick and strong, and the locking mechanism helps minimize sagging. However, one review mentions that the line sagged significantly with just two pairs of pants on it. The product seems to hold up well with lighter items like towels, but may sag with heavier loads.",False,460.9264580067247
G_122,REC_122,B001076GP0,Health_and_Personal_Care,long,descriptive,sentwin,5,Does it work for a Series 7   760cc-a shaver? what is the difference in 760cc and 760cc-a?,[UNANSWERABLE],,1,"[""KB_01616"", ""KB_01615"", ""KB_01613"", ""KB_01618"", ""KB_01612""]","[""The cord works for my 760cc Braun Razor. I would have given 5 stars, but the price while comparatively good, is more than a power cord should cost."", ""This product works as advertised. Can't say much else about it really besides it works and it fits my 760cc"", ""i had to get this adapter coz i forgot to get mine when i moved to the states .... as all braun products it works flawlessly .... but at $30 its ridiculously priced ... i was actually  considering getting one of the cheaper shavers  which were about $50 .... but the quality and the satisfaction of using a series 7 is way too high to compromise ... so i went ahead and bought it ...  but bottom line is TOO EXPENSIVE ! !"", ""Exact fit for my shaver. Lost the original and this is working well."", ""I bought this charger for my Braun 790CC-4. For those wondering, I got the Hugo Boss edition from a German seller.""]",11.940333060920238,The available reviews do not provide enough information to answer this question.,True,189.20904106926173
G_123,REC_123,B00ANIYKRS,Patio_Lawn_and_Garden,long,descriptive,sentwin,5,The line won't auto-feed and I have to stop and manually pull it out every few minutes. HALP!,"That's only happened to me once. Pop the spool cap off (squeeze the two sides and pull it) and look at the spool of line. It's possible you have some sort of knot in the line stopping it feeding freely. If so, pull it out and rewind it. I've had very few problems with it, though if you're whacking weeds close to concrete or stone, for instance, it will wear quite fast, requiring stopping every minute or two to feed more line. BTW, you should hear the line feed click just before the head stops turning. The thing is designed for about a 1/4"" feed on each stop/start.",KB_01623,1,"[""KB_01625"", ""KB_01627"", ""KB_01626"", ""KB_01622"", ""KB_01630""]","[""Been using this trimmer for about 6 months now, actually using it once in a while as the automatic feed never worked on it. It is so frustrating to have to stop and manually feed the line. The trimmer also does not allow you to get very close to the target area as the bulky front end is way too big for close trimming."", ""This is a hardliner for me and I NEVER allow myself to deviate from this ever.The trimmer portion works fantastic. Automatic feed, per the instructions when you turn off the trimmer wait 2 seconds and pull the power trigger twice and the line will extend. I use the power saver dial and by turning the dial to a minimum energy use I am able to trim the slightly under an acre yard."", ""It usually has about half charge left in the battery. I was concerned about the auto-feed for the line, but it's not a problem -- no waste."", ""The battery charges very quickly, it has enough power, and it's easy to use.The problem is the trimmer line won't feed properly. I have to stop and pull line by hand. It will notauto feed."", ""I loved it out of the box, but note that this is an extended length model, so it you are under 6 foot you may not be happy. The auto feed is a little annoying because you need to let the head slow down to get it to release the next peice so not as easy as tapping the head. For a snap at the head the have a release to manual extend, which is easier the starting and stopping 10 times, but once your trained it works ok.""]",13.617958058603108,"To get the auto-feed to work, try turning off the trimmer, waiting 2 seconds, and then pulling the power trigger twice. If this doesn't work, you may need to manually extend the line by using the release.",False,399.7621659655124
G_124,REC_124,B009T7H0QM,Home_and_Kitchen,long,descriptive,sentwin,5,"can youadjust the temperature manually or are there just ""settings,"" like on a crock pot ?","There are temperature settings you can set if you use it in ""oven"" mode.  There are also low, high, and keep warm settings if you want to use it like a crockpot.",KB_01637,1,"[""KB_01632"", ""KB_01634"", ""KB_01637"", ""KB_01640"", ""KB_01633""]","[""A few people have told me that this product was a great way to cook your meals. I tried it and I have to agree, it is so simple to just throw everything in the pot, turn it on, and just sit back and let the crock pot do its thing. The meals I have cooked in this crock pot were very tasty."", ""It's easy to clean. The cooking system gets hot, so you have to be careful with it. The unit must be used on an open counter because of the vent-hole in the lid."", ""As a bonus, it's much easier to wash than my slow cooker; although instructions say dishwasher safe, I continue to hand wash it.) I've used it on all settings, and have yet to have a meal that's failed."", ""Ready to make breakfast in the morning. I fix the coffee pot before I go to bed and in the morningall I have to do is turn it on and then fix the eggs, pancakes and sausage on the grill! Then I put dinner in the Ninja and let it cook until dinner time."", ""Excellent results and very convenient. I especially like being able to brown the meat and then cook it in the same pot. ;""]",16.27550006378442,The available reviews do not provide enough information to answer this question.,True,182.7322500757873
G_125,REC_125,B00101TXPG,Baby,long,descriptive,sentwin,5,"I like being able to hear everything that goes on in my baby's room.  Can you clearly hear all background noises (e.g., wave machines, etc.)?",It is quite clear but the volume is not high. We use it for our quadriplegic daughter when she calls in the middle of the night. I like that we don't get static from other electrical objects or the aluminum wiring in this house.,KB_01649,1,"[""KB_01643"", ""KB_01642"", ""KB_01647"", ""KB_01643"", ""KB_01646""]","[""It has a great mic, you can definitely hear everything going on in the babys room: a clock ticking, the sound that the curtain makes, etc. Even if the baby breathes deeply and you have the parents unit on loud you can hear it perfectly. I like that about it.There is no static on mine at all."", ""I sleep with a sound machine next to my bed (my baby's shuts off after 20 min), and I can clearly hear him over that.I also like that the fact that if the baby unit fails or the power goes out, the parent unit immediately makes a horrendous beep.CONS:I don't like that there is no battery backup for the baby unit.Finally, I think that the ease of use could be better (hence 4 stars)."", ""I have packed it and moved it, dropped it on the floor, kicked it and it is still working. I can hear everything clearly...if I turn it up to the highest level I can hear my daughter breathing. Of course then if its at the highest level when she starts crying its REALLY loud."", ""I've had several monitors over the years and I can tell you, for this price range this is as good as it gets. It has a great mic, you can definitely hear everything going on in the babys room: a clock ticking, the sound that the curtain makes, etc. Even if the baby breathes deeply and you have the parents unit on loud you can hear it perfectly."", ""Big mistake. One cannot hear the baby's small noises if there is TV, you are talking to someone, the bathroom fan is on etc. It is really painful.""]",14.708417002111673,"You can clearly hear background noises, such as a clock ticking or a sound machine, as long as there isn't significant interference from other loud noises like a TV or talking. However, one reviewer found it difficult to hear small noises with background noise present.",False,445.27712499257177
G_126,REC_126,B009HRFGNS,Home_and_Kitchen,medium,descriptive,sentwin,5,Is this oven big enough to cook a turkey?,It's only big enough for a 5 lb. chicken or turkey if you can find a really small one.,KB_01652,1,"[""KB_01654"", ""KB_01652"", ""KB_01658"", ""KB_01653"", ""KB_01652""]","[""This toaster oven exceeds my expectations. I wanted something to cook small portion and not use my oven,this oven is perfect to bake and boil in."", ""This fit the bill. One of the big complaints was that our old oven wasn't big enough to really do a nice chicken in the rotisserie, but this is a little bigger so should do fine (other reviews stated up to 5lbs and I haven't used that feature just yet). Everything else really cooks well in there."", ""The oven is plenty functional. I love the top shelf under the lid."", ""use this oven all the time. Toast sandwiches, backed cookies, baked muffins, and breakfast."", ""Works great. Had to find something to replace the little oven that we had and love the griddle on top. This fit the bill.""]",12.459375080652535,The available reviews do not provide enough information to answer this question.,True,315.7765830401331
G_127,REC_127,B00GYBZURM,Toys_and_Games,long,descriptive,sentwin,5,Does this kit come with a go-pro camera? I am building my own drone and would like to include an FPV system...,No you must buy your own camera,KB_01667,1,"[""KB_01662"", ""KB_01662"", ""KB_01670"", ""KB_01669"", ""KB_01664""]","[""I have been doing a lot of flying with my DJI Phantom 2 and F550 Hexacopter for a little bit and wanted to take my flying and filming to the next level. I wanted to be able to comfortably fly far distances out side of my line of sight, and the ability to frame up my shots for ariel video via my go pro 3+."", ""I have been using the KumbaCam advanced kit for 3 weeks now and it rocks! I have been doing a lot of flying with my DJI Phantom 2 and F550 Hexacopter for a little bit and wanted to take my flying and filming to the next level. I wanted to be able to comfortably fly far distances out side of my line of sight, and the ability to frame up my shots for ariel video via my go pro 3+."", ""I spent hours and hours researching FPV kits and components, watching many youtube videos. Because I needed a video kit installed on my Phantom in time for my sons upcoming wedding, I went and and threw in the towel and purchased this kit because it was just the easiest thing to do and I couldn't sort out all the conflicting information regarding other similar products."", ""The sunshades snap together on the monitor in seconds and with the built in (removable YAYYY) battery, the monitor itself is great. I was able to get some really good use out of it and adds that extra level of FPV i really needed. The kit has been nothing short of great."", ""I hook my FPV system today and it work perfect and it was very simple to do. I was not flying my DJI phantom 2 but if there is any indacation on how it was going to work I am very happy.""]",12.26587500423193,The available reviews do not provide enough information to answer this question.,True,307.555333012715
G_128,REC_128,B00GGN264I,Health_and_Personal_Care,short,descriptive,sentwin,5,Is psyllium better than inulin?,"Most psyllium products need sugar, artificial sugar and color and other additives to make it palatable.  I doubt if any of us need those additives and Clear and Natural is 100percent inulin without additives.  Strange that it costs more without all that other""stuff""!",KB_01673,1,"[""KB_01673"", ""KB_01680"", ""KB_01672"", ""KB_01672"", ""KB_01675""]","[""The active ingredient in Clear & Natural is &#34;inulin&#34;, an insoluble fiber supplement, which has controversial reviews from various users and authorities, regarding its efficacy and effectiveness. I found that it resulted in serious gastrointestinal distress, gas and flatulence."", ""Title says it all! This is the best fiber supplement out there - smooth and tasteless, and mixes in any liquid."", ""this product works so well for me - much better than a wheat product. and I don't like the physillium products"", ""when I found that I couldn't buy this product because the manufacturer wasn't making it anymore I was looking for a replacement but was happy to find it available at a great price on Amazon. this product works so well for me - much better than a wheat product. and I don't like the physillium products"", ""large size in stores in my area for $16 to $18 per bottle if i can find it at all. I highly recommend Clear & Natural & will buy it again.""]",13.394166016951203,"One reviewer found inulin-based Clear & Natural caused gastrointestinal distress, while another preferred their current product over psyllium and a wheat product. The available reviews do not provide a direct comparison of the effectiveness of psyllium and inulin.",True,718.796124914661
G_129,REC_129,B008AG5VOQ,Toys_and_Games,long,descriptive,sentwin,5,Does this tricycle have an easy way of taking on and off the push handle and does it fold down for transport?,Push handle easily removed with a single pin under the seat . Does not collapse or fold down.,KB_01685,1,"[""KB_01688"", ""KB_01687"", ""KB_01685"", ""KB_01683"", ""KB_01687""]","[""I have a 17 month old and a 2 month old, and I can wear my 2 month old in a harness while I push my 17 month old on this trike. I love how it transforms from a &#34;stroller&#34; into a tricycle. You get a lot of use out of this and truly get your money's worth."", ""The tricycle isn't extremely high quality. The pushing handle has alot of slop in it as others mentioned but doesn't make it too hard to navigate with. I compared lots of similar products and if I had to do it again, I would still purchase this."", ""I really like this tricycle. I just with the handle was a little taller for my man and he's only 5'9&#34;."", ""Easy to assemble, less than 30 minutes. Still a stroller but well on it's way to becoming a trike. Extremely well built and very sturdy."", ""The tricycle isn't extremely high quality. The pushing handle has alot of slop in it as others mentioned but doesn't make it too hard to navigate with.""]",12.251541949808598,The available reviews do not provide enough information to answer this question.,True,412.72141702938825
G_130,REC_130,B00004RGB7,Home_and_Kitchen,short,descriptive,sentwin,5,Is it difficult to clean?,No,KB_01693,1,"[""KB_01700"", ""KB_01699"", ""KB_01691"", ""KB_01697"", ""KB_01699""]","[""He uses it all the time.Never burn the cheese sauce again! And it is really easy to clean."", ""Fine double boiler. Be careful to clean the little crevice well. I use a plastic scrubbie on it."", ""The handles stay cool and the pots are still in great condition after two years. My only gripe is that the insert has a groove on the inside (where it sits on the rim of the lower pot) that is difficult to clean if food gets into it."", ""Although I rarely use the double boiling feature, it's been effective (if you know what you're doing). My big complaints are that they don't clean easily and you'll definitely need potholders for the handles."", ""Be careful to clean the little crevice well. I use a plastic scrubbie on it. Bottom pot makes a good extra pot.""]",10.82208298612386,"Some reviewers find it easy to clean, while others mention that certain parts, such as the insert's groove or crevices, can be difficult to clean. One reviewer also states that the pots don't clean easily. Overall, cleaning can be challenging, especially in certain areas.",False,416.42412496730685
G_131,REC_131,B001DEYVXO,Electronics,medium,descriptive,sentwin,5,Anybody know if this works with windows 8?,"Yes, I have been using the Hauppauge TV Tuner with Windows 8 for about a month with no issues.",KB_01707,1,"[""KB_01702"", ""KB_01706"", ""KB_01707"", ""KB_01702"", ""KB_01704""]","[""I would've given this tuner 5 stars if I could figure out how to make the remote control work with media center and/or if the antenna was higher quality. I bought this unit because it was listed as compatible by the most people on the Microsoft Win 8 Compatibility Center web site. I haven't been able to get the remote control to work with Media Center."", ""I'm generally quite tech-savvy, but for some reason I could not get any channels initially. To make a long story short, it eventually started working after a few hours (and an upgrade to Windows 8), and it seems to work well now.I give it four stars because the picture quality is quite good, the scheduling works well, and it otherwise meets my needs."", ""The Hauppauge works perfectly with my Lenovo laptop running Windows 8. I called the Hauppauge company for advice about which tuner to purchase and received friendly and competent customer service."", ""I haven't been able to get the remote control to work with Media Center. I suspect it only works with the OEM software? I would appreciate any feedback on this if you know otherwise."", ""Review of Hauppauge! WinTV-HVR 950Q HYBRID TV STICKThis review is based on my use of the TV adapter on two computers and the supplied antenna and a cable connection on two computers.An old Dell Latitude D running Windows XP and an ASUS Viveotab Smart running Windows 8 (no CD/DVD drive)I am not a computer expert, but I do know my way around them.LOADING THE SOFTWAREI loaded the CD into the Del and followed the directions. The software loaded as expected.""]",9.871582966297865,"This product works with Windows 8, as multiple reviewers have successfully used it with this operating system, including one who upgraded to Windows 8 and found it to work well. The Hauppauge tuner is also listed as compatible on the Microsoft Win 8 Compatibility Center web site. It works on various Windows 8 devices, including a Lenovo laptop and an ASUS Viveotab Smart.",False,787.4097080202773
G_132,REC_132,B00276BKBS,Health_and_Personal_Care,short,descriptive,sentwin,5,How many servings per container?,Product label says 28. Using the measuring scoop  provided  you will get 28 single servings per container.P Galie,KB_01711,1,"[""KB_01711"", ""KB_01720"", ""KB_01720"", ""KB_01713"", ""KB_01712""]","[""You get 28 servings per jar, so if you take one a day it will last you all month.I prefer to take it with about 8 ounces of cold water stirred in a glass with a spoon (easier to use a blender). I may try it with other types of drinks, but just the water seems to work quite well.All in all, This stuff is great for Vegans or anyone who wants a fine meal replacer."", ""I use ONE SCOOP as two is just way way too thick! Just shy of a full scoop in a 16 ounce tumbler it full to the top with 12-14 ounces of rice milk!Excellent, will definately buy more!"", ""the taste is excellent, very berry flavored and when mixed with rice milk and some frozen berries and a frozen banana, it makes an EXCELLENT meal replacement! I use ONE SCOOP as two is just way way too thick! Just shy of a full scoop in a 16 ounce tumbler it full to the top with 12-14 ounces of rice milk!Excellent, will definately buy more!"", ""It gives me 215 Calories of solid nutrition and takes the place of the other supplements I would normally take (a multivitamin and a probiotic).As a diet supplement I think this is second to none -- the price per serving is comparable to prepackaged diet shakes and those are nutritional train wrecks compared to this."", ""I'll be sticking with this one. Cheap tastes good, mixes well, and give me a huge burt of energy because it's so easy to digest. I mix it in a blender with apples, bananas oranges and dates.""]",11.426041019149125,You get 28 servings per jar. This is based on the review that mentions the product will last all month if taken once a day.,False,509.89895896054804
G_133,REC_133,B0063N7OZ2,Electronics,long,descriptive,sentwin,5,Can a cop pull you over in the state of CT for having the detector hanging from your rear view? You can get pulled for hanging an air freshener.,[UNANSWERABLE],,1,"[""KB_01728"", ""KB_01724"", ""KB_01721"", ""KB_01729"", ""KB_01727""]","[""While you can still run your traditional cigarette lighter chord up the the detector, hardwiring it eliminates that curly chord from having to run from your dash up to your mirror. I mean really, if you're going to go through the trouble the make your detector look sleek by mounting it to your rear-view, you might as well go all the way by hardwiring your detector to your car.Overall, great product and a breeze to install!"", ""Very easy to install. Radar detector looks great hanging under the mirror instead of hanging from the windshield. Gives the radar detector a clearer view of the road."", ""The Radar Detector can be moved around in any direction to assure a level install of the RD. Once installed the only thing I see is the RD hanging under my rear view mirror."", ""I like it, simple and it works well. The detector is stable if you tighten down the screws. I am going to buy a 2nd one for the other car."", ""It does what I need it to.- The hardware is metal, so be careful as it scratches the rear view mirror stem easily- You have to tighten the adjustment screws really tight to keep it from sliding down- I wish it could put the detector closer to the windshield instead of directly under the mirror. Right now it is extended as far into the windshield as possible, but still about a foot away""]",12.919541914016008,The available reviews do not provide enough information to answer this question.,True,265.246499911882
G_134,REC_134,B003C6RR1E,Health_and_Personal_Care,short,descriptive,sentwin,5,what is the ingredient formula?,[UNANSWERABLE],,1,"[""KB_01731"", ""KB_01734"", ""KB_01734"", ""KB_01734"", ""KB_01733""]","[""eye doctor says this is only formula that works this is only product i could find that matched formula available other then band he sold for much higher price"", ""My eye doctor recommended an ocular supplement. This product contained the ingredients and the amount needed at a price that is cheaper than what my doctor suggested. The package was delivered in a timely manner and in good condition."", ""My eye doctor recommended an ocular supplement. This product contained the ingredients and the amount needed at a price that is cheaper than what my doctor suggested."", ""The package was delivered in a timely manner and in good condition. I will continue to order this product."", ""Packaged differently than in the USA. Package was a bit damaged when it arrived but the product looks the same. It is priced better than in the USA but I wish the packaging was better for the long trip overseas.""]",10.532333049923182,The available reviews do not provide enough information to answer this question.,True,308.3896249299869
G_135,REC_135,B00A9PKN3A,Sports_and_Outdoors,medium,descriptive,sentwin,5,Does the bike have to be assembled?,Yes,KB_01736,1,"[""KB_01745"", ""KB_01736"", ""KB_01737"", ""KB_01742"", ""KB_01745""]","[""Bike was delivered in a double box so that helped eliminate the chance of damage. The bike went together easily and worked fine. Seems to be a nice bike for the price"", ""It's delivered in disassemble condition and without any tools. If you are not familiar with bike, so please buy one from bike stores, But the assembled one in bike store is nearly $300 as far as I know. So pay attention."", ""From the moment I took this out of the box I was thinking oops, this looks like junk. I got it assembled and never really could get it adusted right. The wheel was slightly bent and it constantly rubbed the brake."", ""This is a wonderful bike. Very light, rides very well, have had it for 2 years with no problems whatsoever."", ""Bike was delivered in a double box so that helped eliminate the chance of damage. The bike went together easily and worked fine.""]",12.250208063051105,"The bike is delivered in a disassembled condition and requires assembly. It does not come with tools, so buyers may need to provide their own. Assembly can be done easily, according to some reviewers.",False,481.5537080867216
G_136,REC_136,B0090EC7BM,Electronics,medium,descriptive,sentwin,5,if it comes with the wiring connector?,[UNANSWERABLE],,1,"[""KB_01748"", ""KB_01752"", ""KB_01746"", ""KB_01751"", ""KB_01750""]","[""You also need the wiring harness conversion (and wire crimp connectors), a bracket and a molding piece specific for your car/truck. We did successfully install the radio in my sons 97 honda civic where the radio does match the space but still does not allow screws to a mounting bracket to allow vibrations from moving it."", ""I bought this to replace my OEM radio so I could use an XM tuner. It was fairly easy to install, I had to purchase a connector separately that would connect to the factory harness. XM tuner plugged right in, as well as the Blue tooth Mic."", ""It also comes with a wireless remote control. It was really easy to hook up my small subwoofer with amp."", ""I installed this about a week ago in my 2006 Nissan Frontier. Install was very easy thanks to theMetra 70-7550 Radio Wiring Harness For Nissan 95-Up Power 4 Speakerand theMetra 99-7581 Niss Pathfinder/Frontier 05-Up Dashkit.I was easily able to figure out how to pair with my phone via Bluetooth. Operation is pretty straight forward."", ""Got this radio installed in my 2006 Eclipse. Works great and sounds much better than the stock single disc.""]",9.660374955274165,The available reviews do not provide enough information to answer this question.,True,480.1632500020787
G_137,REC_137,B004CLYAJK,Home_and_Kitchen,medium,descriptive,sentwin,5,How large of an area does this cover?,[UNANSWERABLE],,1,"[""KB_01760"", ""KB_01756"", ""KB_01759"", ""KB_01756"", ""KB_01758""]","[""It was a little on the overkill side, but it does a fantastic job. Especially if you have pets and babies under the same roof.This little number is great for one large room. The timer is great - set it and forget it, and I like the three speed settings in case I want it on but don't want to hear it much."", ""Reduced a lot dust in rooms! Easily portable to cover all rooms! Wish I bought two when they were on sale!"", ""Immediately noticed the difference at night when sleeping. Very heavy pollution and allergens in our area and it really cut down on those symptoms. Easy to clean and there was quite a lot on the filters, evidence of  the effectiveness."", ""Great for price!! Reduced a lot dust in rooms! Easily portable to cover all rooms!"", ""I highly recommend. I plan on purchasing another unit in the future to put in the living room area of our house. Great product!""]",10.735583025962114,"It is great for one large room, and is also easily portable to cover all rooms. The product's effectiveness can be seen in its ability to reduce dust and allergens in the area.",False,424.8492500046268
G_138,REC_138,B00GN5DHH4,Electronics,medium,descriptive,sentwin,5,Does the ear piece come with a microphone to talk into?,"The microphone is not the best quality, several of ours stopped working after just a few days. But the earpieces and the radios were still well worth the purchase.",KB_01770,1,"[""KB_01769"", ""KB_01766"", ""KB_01767"", ""KB_01768"", ""KB_01769""]","[""We had the speaker keep the mic open on the radio so the crew in the back could hear. The ear pieces work great."", ""They talk to you and tell you which channel it is on and when the power is low. You can use the ear pieces... or not."", ""We operate a large testing lab, where we need to stay in touch. The ear piece is a little uncomfortable, but better than I expected. The sound quality is good and the units appear to be well made."", ""I wanted something that was hard to mess up, dials for power and channels help achieve that simplicity. The ear sets that come with the radios aren't great, I ordered different ones, found one stopped working well the first time I used it. Over they are a fantastic radio and the price is great!"", ""While the MC was speaking I unplugged my headset and turned up the volume and everyone around me was able to hear the speaker through the radio. We had the speaker keep the mic open on the radio so the crew in the back could hear. The ear pieces work great.""]",19.40441702026874,The available reviews do not provide enough information to answer this question.,True,293.70225011371076
G_139,REC_139,B00067MVUE,Pet_Supplies,medium,descriptive,sentwin,5,What parts of it are made of metal?,Just the springs are metal. If you leave the Scoop outside they do rust eventually but last for years. Mine was in the weather for many years before they rusted and broke but would have lasted longer if I kept it indoors. I immediately bought another Scoop as it is such a good product.,KB_01784,1,"[""KB_01777"", ""KB_01780"", ""KB_01778"", ""KB_01783"", ""KB_01782""]","[""Sooner or later, and it seems like it's sooner, the cheap plastic gives out and snaps somewhere and the thing is useless. Shop around and find one made of metal. Otherwise, this will be an ongoing expense."", ""It's plastic. Enough said."", ""It really REALY needs a flashlight that points down at the scoop. (guess I could get out the duck tape) I wish it was made of metal also so I could wack a stray without worrying about it disintegrating on me.Chris Olsen"", ""Returned item and received a new one. Parts were all on this one. Yay!!"", ""Works great. The last one I had (different manufacturer) rusted at the metal springs. Since I leave this thing outside (obviously) I need one that will last!""]",11.368249892257154,The available reviews do not provide enough information to answer this question.,True,305.0427499692887
G_140,REC_140,B000F6Y686,Electronics,long,descriptive,sentwin,5,Does this let you focus at objects at ~12x telephoto zoom from a closer distance than with the normal lens setup of an FZ200?,[UNANSWERABLE],,1,"[""KB_01788"", ""KB_01791"", ""KB_01790"", ""KB_01788"", ""KB_01794""]","[""At least it works with them, but it adds to the screwing/unscrewing process. Good info to know.-The FZ-200 does focus better if you zoom all the way in to 48X (iZoom) rather than leaving it at 24X and cropping it later. The image quality will be otherwise identical once processed and cropped, but the focus at the time of shooting is better if you zoom in to 48X."", ""If you have an an FZ50, this is your only telephoto option. Optically, it works quite well, with good sharpness across the entire lens, but some of the mechanical aspects of it could have been better done."", ""I enjoy birdwatching and naturally I wish to photograph the birds I see when I can. I used this lens with the FZ7 on a trip to Maui. I saw the i'iwi and apapane, but those birds flit around too much for me to be able to get a pic."", ""Good info to know.-The FZ-200 does focus better if you zoom all the way in to 48X (iZoom) rather than leaving it at 24X and cropping it later. The image quality will be otherwise identical once processed and cropped, but the focus at the time of shooting is better if you zoom in to 48X. Why?"", ""A word of advise to anyone considering a no name or knock off version of this lens thinking you'll save some money; don't do it. I wasted my money on getting the non Lumix version of this lens, and was plagued by chromatic aberrations, severe blurring all around the edges, and over all poor quality.The use of this proper Lumix OEM telephoto lens reduced the chromatic aberrations by 90%, and gave me clear, crisp photographs.I heartily recommend this lens to any and all FZ30 and FZ50 owners.""]",12.828166014514863,The available reviews do not provide enough information to answer this question.,True,511.60683401394635
G_141,REC_141,B009KZ20D6,Tools_and_Home_Improvement,long,descriptive,sentwin,5,How durable are the heads on these? I have another precision set I got from RadioShack (lol) and the smallest Phillips head bent painfully easily.,They're quite durable. I purchased this set in September of last year and I have used it on multiple cell phones and laptops. The #000 Phillips screwdriver I have used the most and I took a picture with a macro lens to show you how well it's held up.  http://i.imgur.com/H4MrxbR.jpgHope this helps,KB_01795,1,"[""KB_01795"", ""KB_01801"", ""KB_01796"", ""KB_01798"", ""KB_01800""]","[""I looked at all the similar products and this is the one. For dirt cheap, it's a very nice, very well designed set of precision screwdrivers, and I need the tiny #00 and #000 phillips heads. I've only used it twice so far, but I really have enjoyed the easy to grasp plastic grips, with a nice tactile feel."", ""For the money, they work quite well and have all the sizes commonly found in laptops. They seem pretty durable, the grips are reasonably comfortable and the carrying case is a nice touch. They have slight magnetism which is useful in retrieving \""lost\"" screws."", ""I bought this as an extra set, but tips of the Phillips screw driver are not sharp and wont work on most screws. They end on flat.I have other set of another brand that works perfect."", ""The end of the handle fits comfortable in the hand and I have never had a problem getting a good enough grip. The only way this set could be better is if it included a larger Phillips head.I would recommend this set to anyone who needs to do some work on their computer."", ""I purchased this set hoping that the #00 and #000 phillips heads would be small enough to work on my camera. But the size differences between #0, #00 and #000 are nearly indistinguishable and certainly none are small enough for most work on cameras, cell phones, etc.""]",11.973625048995018,"The available reviews suggest that the heads on these screwdrivers seem pretty durable, but one reviewer had an issue with the Phillips screwdriver tips being flat and not sharp. Another reviewer had no issues with grip or durability after using them twice.",False,537.5147919403389
G_142,REC_142,B001BOD9JI,Pet_Supplies,long,descriptive,sentwin,5,can you adjust the flow rate or is it just 3.5 gph. i wanting to use to add Kalk but want to do way slower than that,"Flow isn't adjustable on these. I use one to topoff kalk, but on a digital timer that runs the pump for about 5 minutes at a time, 6 times a day.",KB_01805,1,"[""KB_01807"", ""KB_01805"", ""KB_01808"", ""KB_01806"", ""KB_01809""]","[""The pump works as advertised! I get about 2 gph instead of the 3.5 gph, however I am pumping through 4 ft of tubing. This is the second Aqualifter that I have purchased."", ""This is just enough to topoff the 1 gallon or so per day that evaporates from the tank. Actual flow rate of the pump is highly dependent on the height you are pumping. When the bucket is nearly empty, the pump is sucking through about two feet of tubing, plus pumping up about 20 inches, and pumps more like 1.5 to 2 gph."", ""TOM Aquarium Aqua Lifter Pump 3.5gph flow rate to 30 inches height,  works like stated. would recomend to others."", ""I did not want the noise of an air pump with an air stone. In the end I settled for the &#34;Azoo palm filter&#34; which has a regulator that can redue the flow to much less than any other pump I found (and it's cheap)."", ""I find out the water pump is way to strong for hang on box, so I decide to try this one.Fortunately, this product works perfectly after I diy the pipe head and direct the pipe going to the box where I want to be. The water flow just perfectly for small fish, betta, killifish...etc.I will defiantly get another one for my another tank. I also suggest to get their lifter pump holder.""]",11.935999966226518,The available reviews do not provide enough information to answer this question.,True,227.50783304218203
G_143,REC_143,B00119QDPA,Musical_Instruments,long,descriptive,sentwin,5,What is the measurement of the circle at the bottom? I am wondering if it will work with my mic. Thanks!,[UNANSWERABLE],,1,"[""KB_01819"", ""KB_01815"", ""KB_01821"", ""KB_01820"", ""KB_01818""]","[""I bought this mount which is EXACTLY like the one that came from the manufacturer when the mic was purchased. My ordering was fast easy and the delivery was quick with no problems."", ""So honestly this will not work with out that inside piece. Note: I am not talking about the piece that holds the mic, im talking about the part that screws on to the stand."", ""My microphone stand base is round and heavy but not always stable. When the stand tipped over one day from the weight of the condenser mic, and broke this mount, I immediately went to our local Guitar Center to purchase a new one. Guitar Center said they didn't carry one."", ""So glad I found this part for my microphone stand/mic -- it's exactly what came with the original equipment, so I saved a ton of money being able to just replace this part. Very good price, too."", ""Not what I needed for my condenser mic. I couldn't use it, but you get what you pay for.""]",13.803292065858841,The available reviews do not provide enough information to answer this question.,True,376.8068329663947
G_144,REC_144,B000063XH7,Home_and_Kitchen,long,descriptive,sentwin,5,Is there a grease channel and catch-area for bacon grease as the bacon cooks?,"There's a guide on one corner that will funnel the grease, but no catch or drop pan.",KB_01831,1,"[""KB_01826"", ""KB_01827"", ""KB_01827"", ""KB_01827"", ""KB_01827""]","[""We cook sandwiches, waffles, and pancakes  daily on it. We tried to cook bacon but the grease kept overflowing over the sides, so won't do that again. Everything  comes out golden brown."", ""He explained in one episode how he fries bacon in a waffle maker. While cooking, grease drains away from bacon and splatter is eliminated. Needless to say, this is one of my uses for this machine: cooking organic bacon."", ""While cooking, grease drains away from bacon and splatter is eliminated. Needless to say, this is one of my uses for this machine: cooking organic bacon. Spouts on side of each plate makes it easy to drain grease to refrigerate and use for flavoring other foods later."", ""He explained in one episode how he fries bacon in a waffle maker. While cooking, grease drains away from bacon and splatter is eliminated."", ""Needless to say, this is one of my uses for this machine: cooking organic bacon. Spouts on side of each plate makes it easy to drain grease to refrigerate and use for flavoring other foods later. (Such as homemade fajitas.""]",18.916542059741914,"There is a feature that allows grease to drain away from the bacon as it cooks, and some models have spouts on the side of each plate to make it easy to drain and collect the grease. This suggests the presence of a grease channel and catch-area. However, not all users have reported a satisfactory experience with grease containment.",False,560.0012909853831
G_145,REC_145,B005JVNQPQ,Automotive,long,descriptive,sentwin,5,"Is it normal that where the rust was that its black and textured?  Is it also normal that the rust just doesn't ""fall off"" and requires rubbing?","I just use some today, and you do have to rub it sometime to get the rust to come off. I have seen the metal turn black and some time metal gray when the rust was removed. I love this product, it just saved me some tools that had gotten wet and rusted badly. I thought I was going to have to throw them away but it saved them. Well worth what I spent when I saved my Harley Davidson gas tank that rusted inside when it sat to long.",KB_01835,0,"[""KB_01835"", ""KB_01839"", ""KB_01839"", ""KB_01836"", ""KB_01837""]","[""just turned fluid dark and left most of rust on a set of dies. leaving rust and black spots. 48 hr soak"", ""Followed the instructions to clean out a very rusty motorcycle tank,  Temp was well above 68 degrees and I let the tank sit for 5 days. When I poured out the rust remover it was black as ink. The inside of the tank looked like new."", ""The inside of the tank looked like new. I have since used the reserved black liquid with good results to remove rust from a variety of rusted items,  I would definitely recommend this product but you must follow the instructions."", ""I was surprised it really works cleans the rust off like it states. one thing is don't leave it in to long or it will turn the metal black."", ""I let my rusted tools sit in liquid over night and took all the rust away left somm black marks on some of the really badly rusted tools but would buy from them again""]",44.93241594173014,"Yes, it's normal for the area where the rust was to be black and textured, as some reviewers experienced black spots or marks after using the product. The rust may not ""fall off"" easily and require rubbing, as one reviewer mentioned that the product cleans the rust off but may leave black marks on badly rusted items.",False,560.8045000117272
G_146,REC_146,B000CPI5XM,Automotive,medium,descriptive,sentwin,5,Does this work for ford 2002 f350 diesel??,Yes it will.,KB_01851,0,"[""KB_01854"", ""KB_01845"", ""KB_01851"", ""KB_01847"", ""KB_01852""]","[""I'm using this in a ZF S5-42 manual transmission (Ford truck, 7.3 IDI). Works great, smooth shifts, no problems."", ""I have a 2002 Mazda B-3000 truck (Ford Ranger) with about 80,000 miles on it and a 5-speed MANUAL transmission (Yes, this trans uses ATF - not gear oil as you would expect).Before the ATF change, my truck shifted a little roughly and I could hear a slight whine in second gear when the truck was cold. This ATF made a huge difference."", ""Bought this stuff to put in the 6 speed transmission & transfer case of my 99 Ford Powerjoke. Seems to shift fine, can't tell much difference here as I was just doing maintenance."", ""It's work great for my BMW 325xi. Thank you so much."", ""My 1998 Ford Ranger was experiencing transmission problems. A friend recommended I try this stuff before replacing the transmission. It's awesome.""]",10.97837497945875,The available reviews do not provide enough information to answer this question.,True,152.25337503943592
G_147,REC_147,B00FM0N514,Home_and_Kitchen,medium,descriptive,sentwin,5,What are the dimensions of the bottom cabinets?  The drawers?,"The two bottom cabinets are each 15.5"" deep, 16"" tall and 19.5"" wide.  There are adjustable shelves that you can opt to put in them.  The drawers are 17.5"" wide, 12.5"" deep and about 3 3/8"" tall.",KB_01862,0,"[""KB_01855"", ""KB_01857"", ""KB_01858"", ""KB_01856"", ""KB_01858""]","[""It really was a lot of work to put together (1 person) but worth it in the end. I had to play around with adjusting the drawers until they finally fit. Once assembled, it is just as pictured."", ""Purchased this for office. Looks nice and was not overly complicated to assemble.When assembling the front legs,  it is easy to get the reversed which would cause the bottom shelf to not line up. Be sure they are flush with the sides on the inside,  not outside."", ""Very nice looking piece of furniture. Provides a surprising amount of storage!"", ""The instructions are not hard to follow, as some have warned, and although not all the pieces are labeled it is easy to determine what every piece is. It's nice that the doors and drawers have an adjustment function, though I did not need it."", ""An exceptional value for the price-- this will hold up and is equally as attractive as other much more expensive options.Assembly was comparable to Ikea purchases we've made in the past, or even easier. The directions provide some helpful clues, so study the illustrations carefully and it's not a terrible project. Time consuming, yes, but the difficulty was minimal.""]",9.007624932564795,The available reviews do not provide enough information to answer this question.,True,289.85187504440546
G_148,REC_148,B000X596HU,Tools_and_Home_Improvement,long,descriptive,sentwin,5,I have this can can not get it primed.  The instructions are nto very clear.  Can anyone tell me the correct way to prime it?  I'm about to trash it.,as far as priming it i could only let it sit in a warm spot and it bled itself hahahahaha i know but all i could do to get it going,KB_01874,0,"[""KB_01865"", ""KB_01867"", ""KB_01865"", ""KB_01871"", ""KB_01865""]","[""item was very hard to get primed. Luckily I have lots of experience with grease guns."", ""The grease gun won't pick up the grease. Tried two different tubes of grease and spend about two hours to get it work."", ""Luckily I have lots of experience with grease guns. The instructions for the charger are wrong. One of the batteries was bad and they promptly shipped another one."", ""I finally ended up cutting this nozzle fitting from the grease fitting.I replaced the fitting that was supplied with this grease gun with one that I had laying around and now this grease gun works great."", ""I also agree with the fitting on end of hose being very hard to remove...bad design. I will be changing it out today with one from my manual Alemite grease gun.""]",31.469499925151467,The available reviews do not provide enough information to answer this question.,True,271.3448340073228
G_149,REC_149,B00F5TR1I0,Beauty,medium,descriptive,sentwin,5,Does it have enough space for your books ?,"it's a pretty big purse. fits my digital camera and accessories. I don't know how many school books it would fit, but it'll fit a few reading books",KB_01875,0,"[""KB_01875"", ""KB_01875"", ""KB_01882"", ""KB_01877"", ""KB_01881""]","[""I just wanted a cute black bag to carry my school stuff in and it does that. Not as big as it looks in the pictures but it's big enough to hold my notebooks and folders. Cheap leather but hey it doesn't look bad."", ""It's not the best but not the worst. I just wanted a cute black bag to carry my school stuff in and it does that. Not as big as it looks in the pictures but it's big enough to hold my notebooks and folders."", ""I've had the bag for 4 days and zipper just broke! Inside hardly has any compartments and zipper is very sharp and hard to close. Definitely waste of money."", ""i love the handbagits a pretty good size tooI use it for school and for days out during the weekendI would definitely recommend"", ""I loved my bag, and I use it every day. I will be ordering again in the future.""]",10.414707940071821,"The bag is big enough to hold notebooks and folders, but its size is not as large as it appears in pictures. There is no specific mention of book space, but it can hold school stuff.",False,374.92570804897696
G_150,REC_150,B001EYYJVC,Automotive,long,descriptive,sentwin,5,why does the listing say its 66/80cc? the sticker on the engine clearly says its a 47cc.,[UNANSWERABLE],,0,"[""KB_01883"", ""KB_01891"", ""KB_01885"", ""KB_01891"", ""KB_01886""]","[""I ordered this engine, not really knowing what to expect. It just looked cool."", ""It climbs hills effortlessly and it's able to take over from pedaling at about 5mph, which is much better than I expected. It's got several times more horsepower than most electric bikes that cost 5 times the price. As long as you keep your speed up, you probably won't ever have to pedal, even running up steep hills.About noise and air pollution:  This is a EPA certified kit, whatever that really means."", ""It's no race engine but it had more than enough power for a bicycle! Already put 200miles on mine and it still running strong!"", ""As long as you keep your speed up, you probably won't ever have to pedal, even running up steep hills.About noise and air pollution:  This is a EPA certified kit, whatever that really means. It's noisy and smelly because it's a cheap 2 stroke engine."", ""The engine is made to mount on bottom tubes that are not over-sized. Although it does come with an adapter to mount it on over-sized tubes, I have found that the adapter and engine slide sideways on my bottom tube causing the chain to become slack.""]",11.655290960334241,The available reviews do not provide enough information to answer this question.,True,179.93725009728223
G_151,REC_151,B00HWM5PMW,Electronics,medium,descriptive,sentwin,5,How long does the battery last?,[UNANSWERABLE],,0,"[""KB_01895"", ""KB_01894"", ""KB_01896"", ""KB_01897"", ""KB_01899""]","[""excellent laptop. Due to the processor, the speed is very good."", ""great laptop at a great price"", ""It Comes with Intel Core i7 Processor 8 GB DIMM RAM and 1 TB . Hard Drive. It also comes with a back lighted keyboard, DVD/CD drive and 3 USB slots and a Hdmi slot."", ""This is an amazing laptop, it is sleek and has the processing power and ram needed to run software. The keyboard lights up and it looks very nice, not cheesy at all."", ""There is literally no way to make the touchpad less sensitive to accidental clicks by tapping. Very bad if you use your computer for power point presentations, etc. If it the tap function required a double tap it wouldn't be a problem, but a single gentle tap will do it.""]",11.90449995920062,The available reviews do not provide enough information to answer this question.,True,382.2617499390617
G_152,REC_152,B00AT93GBM,Electronics,medium,descriptive,sentwin,5,Will it work with an iPod touch 4?,"It works as a standard wireless B/g router, it only requieres a 5volt power supply (not inluded, just a usb cable) yiu can use a computer usb port or any cell phone charger with a usb port for powering it, you only have to plug a usb 3g Modem (mine's an Alcatel, tought many ZTE and other brands are supported) , once  you power it up, you can log on to the setup page and conigure settings such as SSID, wireless security.  Very weak signal, by the way, it only reaches the room I'm using it and the next, sometimes reaches the 1st floor of my house . Hope this answer helps.",KB_01905,0,"[""KB_01908"", ""KB_01906"", ""KB_01903"", ""KB_01910"", ""KB_01910""]","[""I would give it 5 stars if there was an A/C adapter included."", ""Not compatible with my Huawei Evo Wingle EC315."", ""No amount of tinkering would get this to work even with a 3g modem it is supposedly compatible with. Sent all 4 back"", ""The built in router software is fantastic. It has everything I need. It was a bit strange that the WEP setting didn't automatically generate a key, but I used something more secure anyway."", ""All I had to do was plug in my USB 3G connection and I was up and running. The built in router software is fantastic.""]",9.12395806517452,The available reviews do not provide enough information to answer this question.,True,137.80729193240404
G_153,REC_153,B002TNIN2S,Beauty,medium,descriptive,sentwin,5,How is this cream supposed to be applied? Finger? Q-tip? Brush?,"A finger tip will work perfectly. However  for spot treatment a Qtip is highly recommended. FYI please avoid direct sunlight when using product or apply at night before bed time, use a towel on pillow if applying at night. Thanks",KB_01911,0,"[""KB_01911"", ""KB_01911"", ""KB_01912"", ""KB_01914"", ""KB_01913""]","[""I am using this cream on my back, legs, arms and face. My dark marks are getting lighter, but it is taking a little more time than expected."", ""My dark marks are getting lighter, but it is taking a little more time than expected. But, I am on my third bottle of cream. My husband says, \""have patience and it will work\""."", ""I bought it since I had some spots on my neck, but after using for one month I notice that those spots were A VERY LITTLE BIT better, so I bought &#34;Triluma&#34; (a prescribed cream), and my spots desapeared, so I am not sure about this product. Perhaps for lighter a little bit your skin but think to use it for at less three moths."", ""use this twice a day and you will see remarkable differences. lightens dark spots, but will also lighten general skin tone (unless you dab spots with a q tip.) if you put some lemon or lime juice on your skin first and let it dry (concentrate from a bottle is fine, dilute if too strong)  accelerates the process, and your skin will do some age reversing and be very smooth."", ""The result after a couple of hours is quite nice, smooth, soft skin. Also one person commented that it turned her face red and that it irritated the skin, caused peeling, etc - I don't think the product is supposed to work that way, I think she had a reaction to it.""]",12.931249919347465,The cream can be applied by dabbing spots with a Q-tip to avoid lightening the general skin tone.,False,1291.0011670319363
G_154,REC_154,B001J8SYV4,Toys_and_Games,long,descriptive,sentwin,5,Is this waterproof ? I want to use outside to keep chalk for an outsie chalkboard ?,no it is not waterproof. Very poorly made.,KB_01925,0,"[""KB_01926"", ""KB_01926"", ""KB_01922"", ""KB_01925"", ""KB_01921""]","[""It is strong and really cute. He put stickers all over it!"", ""My little guy loves to write letters and play with mailboxes. I bought this for him and he loves it!"", ""I bought each of my boys a small mailbox that they could keep in front of their bedroom doors and write letters to one another. They loved it."", ""Very poor quality, flag would not stay up on one that I bought, mailboxes bent very easily. Did return and no problems with the return."", ""We use these mailboxs to make ornamental mailbox and birdhouses to put in front of our campers to identify us. Several people have these items and have their name on the mailbox just as if it were a real size box.""]",16.35024999268353,The available reviews do not provide enough information to answer this question.,True,231.78529203869402
G_155,REC_155,B00DMAGWVG,Sports_and_Outdoors,long,descriptive,sentwin,5,"is this the 2013 model? suitable for 8 yr old in hilly terrain family rides in Colorado? thanks, bobbi",It's quite heavy. My 14 year old loved it til it was stolen. It would be a bike he could grow into. I'd buy it for that age.,KB_01930,0,"[""KB_01931"", ""KB_01932"", ""KB_01930"", ""KB_01930"", ""KB_01930""]","[""I didn't get this bike long ago, and so far it's met many challenges, it holds up really well and it was cheep! That makes it even better."", ""Great bike for price son loves it easy to put together out of box awesome thank you from me and my son"", ""Eh so far it's not necisserily what I was expecting, but it'll do I suppose. It's a tad but heavier than I was hoping/expecting. The description says it comes with a pack of &#34;Frame Forged&#34; sticks which it does not."", ""The description says it comes with a pack of &#34;Frame Forged&#34; sticks which it does not. My bike specifically only came with one air cap(front tire) and the breaks aren't as snappy as I wanted."", ""Just got it, finally! Eh so far it's not necisserily what I was expecting, but it'll do I suppose. It's a tad but heavier than I was hoping/expecting.""]",13.27629096340388,The available reviews do not provide enough information to answer this question.,True,253.52583394851536
G_156,REC_156,B00G8IVXZE,Toys_and_Games,long,descriptive,sentwin,5,Can I simply use these as rubber bands? Are they as strong as rubber bands you might buy in an office supply store? What size are they?,"Good idea, but much too small and not elastic enough to replace office supply type bands.",KB_01939,0,"[""KB_01934"", ""KB_01942"", ""KB_01935"", ""KB_01941"", ""KB_01936""]","[""I bought these for my kids so they could use with their rainbow loom. They are good quality rubber bands, they are stretchy and have vibrant colors. Happy kids, happy mom.Update: I would suggest not to buy from \""Customer Satisfaction LLC\"", very unreliable company."", ""These rubber bands were like the ones purchased at any store. My eleven year old daughter had no complaints while using them."", ""After purchasing bands from a large toy store and having the bands break on everything we made, I decided to purchase these. Great strong bands with nice colors too!"", ""My daughter was in a panic, she needed more rubber bands to make more bracelets. These rubber bands were delievered promptly making an 8-year-old very happy. They were bright colors, strong and I liked how they came with clips."", ""She has been looming for about a year now and these have been her favorite bands to use. They are thicker and heavier than the store bought bands and came in great colors. We will be buying them again!""]",15.275791985914111,"These rubber bands are strong, stretchy, and comparable to those bought in a store. They are thicker and heavier than typical store-bought rubber bands. The available reviews do not provide enough information to answer the question about their size.",True,421.9309160253033
G_157,REC_157,B005QIYUMU,Patio_Lawn_and_Garden,long,descriptive,sentwin,5,Has anyone had any problems with this tipping over? I can see my son running back and forth into the sides and would be concerned about it tipping.,[UNANSWERABLE],,0,"[""KB_01945"", ""KB_01948"", ""KB_01944"", ""KB_01943"", ""KB_01945""]","[""They have a blast! The only complaint I have is: my son is really tall for his age, and when he gets in and out, he tries to duck under the top yellow tube, but his back and shoulders still graze were the doors and top tube meet. This has caused a tear in the doors as well as the top tube."", ""Within 1 week it started leaking at a seam, no way to patch it. Returned it and ordered another thinking it was just a one time flaw. Within a week the new one was leaking in the same place."", ""Very disappointed. My son went to climb inside, and when he pulled the door flaps open, it ripped a hole in it. I sent it back, and received a replacement."", ""My 18-month old son, who is rather wild and active, used this for about three months, until he pulled on the mesh doors, which are connected to the sides (yellow). This caused a tear, and eventually deflated the sides."", ""I was able to fix this with duct tape and silicone. My daughter doesn't seem to have this problem.""]",11.15233392920345,The available reviews do not provide enough information to answer this question.,True,323.36483302060515
G_158,REC_158,B00523K104,Electronics,short,descriptive,sentwin,5,What is the shutter count?,[UNANSWERABLE],,0,"[""KB_01957"", ""KB_01958"", ""KB_01953"", ""KB_01954"", ""KB_01955""]","[""This camera takes beautiful pictures!!! I've had some very nice moderately priced cameras over the years, but this one has the quality/precision/clarity that gives you back exactly what you are seeing!!"", ""This camera takes amazing pics. The lens is unreal how close it brings the images and so clear."", ""The internal noise reduction of the Nikon D5100 is amazing. I have done 15&#34; exposures of the sky just after sunset, with amazing results, capturing a passing meteor with no problems using an ISO of 200."", ""We were very pleased to get a camera bag, tripod, cleaning solution, 32 GB card, etc. with the camera which hadn't been advertised when we bought it! After using it the first time we came home and found the little &#34;door&#34; that protects the battery was gone."", ""Very easy to use for beginners. Takes excellent quality pictures. Price is right.""]",14.37991694547236,The available reviews do not provide enough information to answer this question.,True,242.97470797318965
G_159,REC_159,B00A2AWBKU,Electronics,long,descriptive,sentwin,5,"LENOVO THINKPAD L430 caddy, does the caddy connect to the computer terminals itself, or would I need to open the computer and connect it?",no need to open. just pull out the dvd player and put this one in. all set.,KB_01970,0,"[""KB_01963"", ""KB_01964"", ""KB_01963"", ""KB_01963"", ""KB_01963""]","[""Have been using the caddy for about a month in my Lenovo W530 and have had no problems. The drive fits perfectly into the caddy and is secured by four screws with no need for rubber rails."", ""My extra drive fit very nicely into this caddy, and installed in about 5 minutes. The well built caddy secured the hard drive very nicely."", ""The drive fits perfectly into the caddy and is secured by four screws with no need for rubber rails. The caddy fits perfectly into the ultrabay slot and locks into place just like the DVD unit does. So everything is secure and it has performed flawlessly."", ""So everything is secure and it has performed flawlessly. It even comes with a carrying case that you can use for your DVD unit while the caddy is in use. Would highly recommend."", ""Have been using the caddy for about a month in my Lenovo W530 and have had no problems. The drive fits perfectly into the caddy and is secured by four screws with no need for rubber rails. The caddy fits perfectly into the ultrabay slot and locks into place just like the DVD unit does.""]",16.601000097580254,"The caddy fits into the ultrabay slot and locks into place, suggesting that it connects to the computer terminals itself without needing to open the computer. The caddy secures the hard drive and is held in place like the DVD unit.",False,576.4614579966292
G_160,REC_160,B001PGP33M,Toys_and_Games,long,descriptive,sentwin,5,How big is the box or the parts if taken out of the box to get it home from the store?,....massive. We have a F150 and the tray was completely full. Each wall and roof panel is a solid piece.,KB_01978,0,"[""KB_01974"", ""KB_01974"", ""KB_01978"", ""KB_01973"", ""KB_01982""]","[""I was scared when I arrived from work and saw the size of the box this thing came in the garage. But to my surprise the box was easy to handle and the pieces came together very easily.You must use an electric screwdriver because the screws are long and not pre-drilled.I had a small issue then installing the doorknob as I put a little too much force and the screw casing broke."", ""I was scared when I arrived from work and saw the size of the box this thing came in the garage. But to my surprise the box was easy to handle and the pieces came together very easily.You must use an electric screwdriver because the screws are long and not pre-drilled.I had a small issue then installing the doorknob as I put a little too much force and the screw casing broke. However, I was able to remove the broken piece and install it back without problems."", ""first off,  you better have a lot of room to put this, as it's massive! easily big enough to sub-let out to a family if required!it's 18 months old and has been disassembled and reassembled 4 times and it is still holding up as strong as the day it arrived.every kid who comes over goes nuts playing in and around the \""cubby\"". kids smashing things against it, drawing on it with crayons, spilling food and drink all over it, no problems."", ""My daughter loves this play house... and it;s big enough for a 2-4 kids to play inside... or in my case..it;s bid=g enough to for me to sit inside and play tea party with her. Super easy to assemble, very sturdy"", ""We also strung a row of lights at the top of the roof for light in the evenings...the roof is high enough so I don't have to worry about her reaching them and pulling them down. My husband put the cottage together in less then 30 minutes! super easy!""]",13.986208010464907,The available reviews do not provide enough information to answer this question.,True,268.9052920322865
G_161,REC_161,B008YRG5JQ,Cell_Phones_and_Accessories,medium,yesno,sentwin,5,can it charge a laptop comuter,yes it will charge a laptop.,KB_01984,1,"[""KB_01986"", ""KB_01991"", ""KB_01988"", ""KB_01992"", ""KB_01986""]","[""They are all neatly labeled and easy to access. This thing will charge my Ipad mini twice."", ""This will outperform your expectations, hands down. It can charge you pad and smartphone at the same time."", ""Anker initially had my vote because of the DC output. However, looking at the devices I'd use it with, I realized it wasn't enough power so it presently served no purpose for me (laptop requires 18.5, I believe the astro3 goes to 12V)."", ""It works great, use it to charge my tablet all the time. Have had it for about 6 months or so."", ""The unit is a little bulky, nut still very portable. It have 4 different voltage outputs to fit the different charging voltage of various devices. They are all neatly labeled and easy to access.""]",11.261207982897758,The device may not be able to charge a laptop as one reviewer's laptop requires 18.5V and the device only goes up to 12V. This suggests that it may not have enough power to charge a laptop.,False,479.2053339770064
G_162,REC_162,B004EPXIA6,Patio_Lawn_and_Garden,short,yesno,sentwin,5,can I refill the spools?,"Okay. My earlier response to a similar question was yes and now i have more experience and knowledge to respond more thoroughly. a) yes, one can replace the line in these spools with thicker line. I have done so two times now using 0.08 in line i had leftover form my old dual line trimmer. I have the Greenworks 21242 G-MAX 40V model which is a single line design. These spools are only for single line machines.  They accommodate only one single line. B) When you load them with thicker line, there must-needs be less line length on the spool.  Thicker line works better for thicker stemmed plants and so will break less often in that case. However,...since my Greenworks 21242 G-MAX 40V trimmer has a ""no bump"" automatic line feed, the line is advanced 1/4 in every time you stop and start the motor.  If the weeds don't break the line, the cutter-knife thing will be cutting off that 1/4 in every time you stop. This means if you are only cutting grass and other less resistant weeds, the .065 in line is probably a better bet since there will be more line to use up per spool as you go about your standard trimming operations.  IF you have heavier weeds as i do, the .08 in line is a better bet since it is less likely to break for these tasks and if you are willing to continue trimming without stopping until the line has been shredded by the weeds.  i.e., more weeds per spool under such conditions.",KB_01996,1,"[""KB_01999"", ""KB_02001"", ""KB_01999"", ""KB_01999"", ""KB_01994""]","[""The spool that came on the trimmer is refillable and so are these. It's good to have spools on hand when one goes empty and these do the trick."", ""The replacement spools are a good deal. But the line that comes on them is round unlike the line on my original trimmer that is a twisted type."", ""The spool that came on the trimmer is refillable and so are these. It's good to have spools on hand when one goes empty and these do the trick. Once you buy these you can just keep refilling them."", ""It's good to have spools on hand when one goes empty and these do the trick. Once you buy these you can just keep refilling them."", ""I would recommend rewinding the spools with your favorite line. This stuff is a helix twist and sticks somewhat on the spool.""]",13.606707914732397,"Yes, the spools are refillable. You can keep refilling them once you buy them, and it's also recommended to rewind the spools with your favorite line.",False,409.321291022934
G_163,REC_163,B003ARSPIO,Cell_Phones_and_Accessories,short,yesno,sentwin,5,is it a smart phone,"It's not a smartphone, but it's smart to have it if you are a SIM card user. It is easy to use and more than worth the price.",KB_02011,1,"[""KB_02004"", ""KB_02004"", ""KB_02005"", ""KB_02012"", ""KB_02007""]","[""does this phone have GPS?. does it have android operating system? is the keyboard lighted?how is the speaker on the phone?"", ""does this phone have GPS?. does it have android operating system?"", ""the phone is ok ,but the battery life is too short and it take hours to recharge. would i refer this phone to my friends, not likely."", ""You'll find those at the end of this review.The LG GW525 is an interesting little phone in that it doesn't look like it should have the capabilities it has. There's a lot of stuff packed into such a small, cheap and ultimately kiddy looking phone, which gives it a quirky appeal."", ""This phone was horrid. It stalled more than my two year old phone that I was trying to replace.""]",14.184500090777874,"The phone has capabilities such as GPS and an Android operating system, suggesting it is a smartphone. It also has other features like a keyboard and speaker. The phone's features and functionality imply it is a smartphone.",False,411.5672920597717
G_164,REC_164,B00429NVQA,Electronics,long,yesno,sentwin,5,can i aim this out a closed windw to view my back yard.,Yes and no. The camera has a set of IR LEDs that allow it to see at night. You will have not be able to see what is going on at night unless you do what I did and tape off the LEDs using black electrical tape. What happens is the IRs hit the glass and at night it acts like a mirror and blinds the camera. Without the LEDs it works fine during the day and at night it works decently with ambient/porch light. You could also get an IR LED array for fairly cheap here off amazon and point that into your yard as well. That way it would have pretty good B&W; night vision.,KB_02013,1,"[""KB_02018"", ""KB_02013"", ""KB_02016"", ""KB_02017"", ""KB_02015""]","[""You aren't going to get super clear pictures or read license plates 30 feet away but if you just want to know if someone/thing has been into your yard or keep an eye on the family pet then this is fine for that.I'd say if you are thinking about this one then spend a bit more and get the newer PTZ camera with 720p output on it."", ""now she can watch on her phone or computer to see when it arrives.I wish there were a way to turn off the night vision IR. We have it in a window and at night the IR reflects from the window back into the camera obliterating the street view."", ""Oddly enough, the best software I've seen for these cameras is on iOS. I've been using Foscam Pro app [...] made by RobotoApps lately and have been happy with it as a remote viewing solution.In general, you'll need to have some basic networking knowledge and be comfortable tweaking settings on your router if you ever hope to be able to view your camera outside of your home network."", ""}18w series foscam for INDOOR P/T {pan tilt} setups less than 50feet}09w series foscam {this model here} for indoor &#34;fixed position setups less than 50feetall these series cameras WILL work together on the same network ,and are EASY to port forward for remote view {over the enternet}great seller ,buy the way=)"", ""It also buffers up several frames in advance so you don't miss the action... without the buffer, your camera will trigger via motion detection too late, and it will miss the action. With Blue Iris, I can view in remotely to see what's going on via web page. Without good software, the camera is probably not going to amaze you.""]",17.336957971565425,"You can aim the camera out a closed window, but the night vision IR may reflect off the window and obstruct the view.",False,361.3397090230137
G_165,REC_165,B002N3TO36,Automotive,long,yesno,sentwin,5,would it be okay if I wanted to trim (cut) each bar to match the width of the roof of my Volvo V50 for a more flush mount,[UNANSWERABLE],,1,"[""KB_02024"", ""KB_02027"", ""KB_02028"", ""KB_02025"", ""KB_02024""]","[""They contacted me directly to make sure they were shipping me the color I wanted (chrome or black), and to confirm the make and model of my car. In addition, these crossbars are much less expensive than ones sold by Volvo, or the big name suppliers.The bars themselves are a mixed bag out of the box. On the plus side, the installation is quick and easy."", ""Volvo sells cross bars but they cost significantly more. Thes fit the car and my budget."", ""We looked everywhere for a rack to fit our volvo and the costs were insane. We made the perfect choice on this one"", ""I was able to mount bike racks to them without issue.The brackets that attach the bars to the roof rails are where things fall short. Although the bracket assembly is made of heavy gauge metal, the nut for tightening the bracket in place is not."", ""I'll start with saying that the supplier of these crossbars was great to deal with. They contacted me directly to make sure they were shipping me the color I wanted (chrome or black), and to confirm the make and model of my car.""]",11.858624988235533,The available reviews do not provide enough information to answer this question.,True,245.11812499258667
G_166,REC_166,B0081ILUOI,Automotive,medium,yesno,sentwin,5,"will this fit a 2014 elantra limited with 17"" wheels?",[UNANSWERABLE],,0,"[""KB_02038"", ""KB_02039"", ""KB_02036"", ""KB_02040"", ""KB_02037""]","[""Tire is mounted and inflated. Fits in the 2013 Elantra trunk perfectly. Feel safer driving now that I have a spare knowing I won't be stranded."", ""Shipping was very reasonable as well for the size of the item and arrived quickly. If you're looking for an Elantra spare tire kit, this is the one to buy."", ""I would recommend this product to all Elantra owners!All the tools needed to complete a tire change were included as well as an organizer.Thank you"", ""When we bought our Elantra, we didn't realize that it didn't come with some sort of spare. My wife damaged the sidewall of the right front tire on the way to work, and all there was in the wheel well, was a large piece of fitted Styrofoam, and a glorified Fix-A-Flat kit."", ""All parts are in labeled plastic bags.Keffer Hyundai ships quickly and does a great job of packing. With this Elantra Spare Tire Kit you won't have to worry about getting a flat tire.""]",14.035583939403296,The available reviews do not provide enough information to answer this question.,True,245.19041704479605
G_167,REC_167,B00BI4JXGO,Electronics,short,yesno,sentwin,5,are any cables required,Yes. I purchased an Amazon HDMI (ARC) cable to connect my main unit HTB770 ARC output to the TV HDMI ARC input. It woks great and gives you on/off and volume control.,KB_02041,0,"[""KB_02042"", ""KB_02043"", ""KB_02041"", ""KB_02041"", ""KB_02046""]","[""from cable box to Blu-ray), either the sound would drop out, or the video became shaky and showed a lot of interference (lines and snow/static on the screen). I checked all connections, all cables were sound. My TV is a Panasonic plasma, by the way.Returning it."", ""It took me 3 years to buy the audio system so I was used to using the speakers from the tv which were becoming over-modulated. Anyway, I followed the theatre systems instructions and hooked up my 2 sources to the main unit using hdmi cables."", ""This is how I have it set up:2 HDMI cables coming from my 2 sources (blu-ray player and cable tv) right into the tv (input 2 and 3). From the tv  have 1 HDMI cable from input 1 (this is the designated ARC port) going into the ARC input of the home theater main unit."", ""This is how I have it set up:2 HDMI cables coming from my 2 sources (blu-ray player and cable tv) right into the tv (input 2 and 3). From the tv  have 1 HDMI cable from input 1 (this is the designated ARC port) going into the ARC input of the home theater main unit. So, basically I am using my tv as the router/switcher (instead of the crappy main  audio unit)."", ""easy hookup to my panasonic tv ,but not really that happy with overall sound.probably will go for surround sound amp in future ,this will do for now .gs""]",10.763042024336755,HDMI cables are required to connect sources to the TV and the home theater main unit. The setup involves using 2-3 HDMI cables for connections.,False,579.3337089708075
G_168,REC_168,B006SDI6X6,Home_and_Kitchen,medium,yesno,sentwin,5,can i use this without the bars in the middle,If by bars you are talking about  the spaces between the canvases then yes you can put them as far apart or as close together as you want.  Keep in mind that there will still be a small seam even if they are as close together as you can put them so it will never look quite the same as one canvas.,KB_02050,0,"[""KB_02056"", ""KB_02050"", ""KB_02051"", ""KB_02056"", ""KB_02056""]","[""We just measured, hammered in the hangars and the work was done. Per the manufacturers instructions, we left a couple of inches between each space. The five pieces make a BIG display."", ""Each panel is light and framed for easy installation. I have the paintings pressed tightly together to make one scene, unlike the picture included on Amazon that shows silver bars separating the paintings."", ""The canvas is 100% cotton 370gsm artist grade canvas. The frames are 3.8 cm wide and are environmentally friendly MDF wooden bars. As someone who reduces, reuses, and recycles, I truly appreciate this piece."", ""The five pieces make a BIG display. In this case, the stretch across the wall behind an oversized green leather sofa. The sofa is fat...overstuffed and fairly plane."", ""We just measured, hammered in the hangars and the work was done. Per the manufacturers instructions, we left a couple of inches between each space.""]",14.553542016074061,"Yes, you can use this without the bars in the middle, as one reviewer has the paintings pressed tightly together to make one scene. The product is designed to be flexible in its installation.",False,409.30170798674226
G_169,REC_169,B003J8PCL2,Electronics,long,descriptive,sentwin,5,I have an Onyx EZ Model XEZ1.  Will the work with my model?,"I'm sorry not really sure if it will, but the thin wire tends to break very easily right @ the plug. Just breaks cause they're so thin. I'm on my 3rd. Not happy.",KB_02069,1,"[""KB_02065"", ""KB_02078"", ""KB_02060"", ""KB_02076"", ""KB_02070""]","[""This cord works with the onyx radio.Seams to be a little better than the one that came with the radio but I  put electrical tape on what I think are the weakest point to eliminate the breakage that happened to the last one."", ""cord is thin  and  breaksi won't  my xm /  someone sell me another cord that fits  the onyx  that lasts"", ""I have gone through two, nearing the need for a third one. I have tried to find more durable replacements, but have not been able to find one that says it is compatible with the Onyx. XM should work on a thicker cord, for this one breaks at the point right before the thicker part that goes into the cigarette lighter."", ""I have tried to find more durable replacements, but have not been able to find one that says it is compatible with the Onyx."", ""Just as described, just what I needed to replace the power cord on my onyx xm radio.""]",18.33599992096424,The available reviews do not provide enough information to answer this question.,True,509.88891697488725
G_170,REC_170,B00E395L7Q,Electronics,long,descriptive,sentwin,5,Does it have a card reader slot? In the pictures it looks like it does.,"Yes,  but haven't used it yet",KB_02085,1,"[""KB_02099"", ""KB_02089"", ""KB_02080"", ""KB_02090"", ""KB_02080""]","[""Another feature I didn't know if I'd use is the fingerprint reader. It remembers all the passwords and usernames that I need and gets me into these sites by swiping my finger over the reader. I logged onto my Amazon account this way to write this review."", ""It remembers all the passwords and usernames that I need and gets me into these sites by swiping my finger over the reader."", ""Another feature I didn't know if I'd use is the fingerprint reader. It remembers all the passwords and usernames that I need and gets me into these sites by swiping my finger over the reader. I logged onto my Amazon account this way to write this review."", ""Another feature I didn't know if I'd use is the fingerprint reader."", ""It works great. Another feature I didn't know if I'd use is the fingerprint reader. It remembers all the passwords and usernames that I need and gets me into these sites by swiping my finger over the reader.""]",13.677083072252572,The available reviews do not provide enough information to answer this question.,True,247.84587498288602
G_171,REC_171,B00F144HYA,Electronics,long,descriptive,sentwin,5,"what size screen do I need with the 5030ube, sitting approx 14 feet from wall where screen would go.","i have a 120"" 16:9 screen at 13 ft away and it is great, it is amazing for movie format which takes about 6inch from top and 6inch on bottom and then the whole screen is used for hdtv which is gigantic but it is not difficult to watch.  i just bought projector last week and even though the resolution from my 4k samsung has spoiled me movies in true 1080p look great using the projector",KB_02103,1,"[""KB_02115"", ""KB_02107"", ""KB_02110"", ""KB_02100"", ""KB_02101""]","[""I waited for years to buy a projector thinking the picture quality would not be very good but the 5030UB blows away most LCD and plasma TVs.My 5030UB sits on a shelf about 8' off the floor and about 19' from my 120\"" Silver Ticket screen (also fantastic)."", ""I am projecting 5030ub on to a Elite Screens Inc. R120DHD5 ezFrame CineGrey 5D Projection Screen for 2D and 3D which is about 20 feet away and it looks phenomenal. The black look very well even though I have some indirect ambient light coming in through my living room."", ""I have about a 14.5 foot throw, with the projector located 2.5 feet from the top of the screen."", ""I could not get the test pattern in focus across the whole projected image. I have about a 14.5 foot throw, with the projector located 2.5 feet from the top of the screen. Essentially, it was impossible to focus the right had side of the pattern.3."", ""we have tried several setting all work we do not notice any issues.6. ***IMPORTANT*** measure the distance projector to wall/screen. there are auto programs on the web that know your 5030ub and you plug in number out comes answers.""]",11.32937497459352,The available reviews do not provide enough information to answer this question.,True,379.4909999705851
G_172,REC_172,B0048G9LDE,Toys_and_Games,long,descriptive,sentwin,5,How well does this game play with 2 players?  Is it less interesting then 4 players?,"It plays alright. The choices in the different zones are reduced (blocked off) when playing with fewer than 4 players. So, while it's still playable, it's a lot more fun with 4.",KB_02121,1,"[""KB_02121"", ""KB_02141"", ""KB_02132"", ""KB_02128"", ""KB_02129""]","[""Really, the idea behind play is simple, but because you are competing head to head against other players for the same limited spaces on the board, sometimes you'll find yourself fighting other players for the same resources.No one is eliminated early from the game, so everyone can stay in it until the end. While the game can be played with 2 and 3 players, for the best games I recommend playing with 4.This game is out of stock on many websites, so if you see it for sale, pick it up."", ""Really, the idea behind play is simple, but because you are competing head to head against other players for the same limited spaces on the board, sometimes you'll find yourself fighting other players for the same resources.No one is eliminated early from the game, so everyone can stay in it until the end. While the game can be played with 2 and 3 players, for the best games I recommend playing with 4.This game is out of stock on many websites, so if you see it for sale, pick it up. Because of it's easy learning curve, it also makes a great gift."", ""While the game can be played with 2 and 3 players, for the best games I recommend playing with 4.This game is out of stock on many websites, so if you see it for sale, pick it up."", ""The re-playability is extremely high, allowing for a myriad of possible ways to win, with no one strategy always being the path to victory. Its even better with the expansion cards.Playing with two players completely changes the dynamic of the game. It becomes extremely cutthroat and people who have only played with 4 players will probably not realize the changes in tactics required."", ""The rule book also contains examples to give further clarification.Game LengthI personally prefer playing this game with three (3) people. While four (4) is still fun, but it increases the time between turns and overall game length to the point casual players may be turned off (~90 minutes v ~60 minutes with three (3) players). However if all participants are gamers or already like the game, a good time will be had by all.ThemeAlien Frontier's theme works great, helped with the impressive art and beautiful components.""]",14.088124968111515,"The game can be played with 2 players, but it changes the dynamic and becomes extremely cutthroat, requiring different tactics. It is recommended to play with 4 players for the best experience, as 2 players is a different experience. Playing with 2 players is still possible, but it alters the gameplay.",False,595.3489160165191
G_173,REC_173,B000E8VAIO,Tools_and_Home_Improvement,long,descriptive,sentwin,5,can this be placed in a gang wall switch box? I have a 7 switch gang box and need to place two side by side?,"When we originally bought this item, it replaced a light switch. It fit in fine next to two other light switches. The same switch plate we used before covers all three.",KB_02157,1,"[""KB_02143"", ""KB_02160"", ""KB_02151"", ""KB_02156"", ""KB_02148""]","[""I (a woman in my early 60's) ordered this to replace a broken wall switch timer to control two overhead porch lights and a pole lamp. We have an older home and the switch boxes are smaller. This timer fit in the box perfectly; and because it only has three wires to connect and the instructions were very simple to follow, I installed it very easily and quickly."", ""I can do that with my old, $1.50 wall switch!"", ""This wall switch is easy to install, but it is really complicated to program. The instructions are not user friendly and some steps are confusing."", ""Just be aware.The writing on the unit is VERY small and hard to see.The spaces are tight for fat fingers.The unit fills the entire half of a switch box and in my case with new, thick wires and twist caps inside, I had to finagle and bend and adjust to make it fit the space."", ""I have installed three in the last five years, great product.1st install at mom and dad's ~5yrs ago:Pushed dad to install the heavier duty model due to eight bulbs surrounding his property but this is what he bought so I agreed due to most of them being CFL bulbs (therefore no issue with current &#34;leak&#34; when off). Had to get creative to make room inside a 4 gang box where all these circuits converged but was not too bad due to 14ga. wire and lots of patience.""]",11.215083068236709,"The unit fills the entire half of a switch box, so it may be possible to place two side by side in a 7 switch gang box, but it may require some finagling and adjusting to make them fit. One reviewer had to get creative to make room in a 4 gang box.",False,780.6658340850845
G_174,REC_174,B0044U42LU,Sports_and_Outdoors,medium,descriptive,sentwin,5,Will these kill zombies if i get good at it?,"Projectile weapons typically are not efficient for killings zombies. Throwing knives would be better served as a tool or self defense against humanity's other faction that you'll ultimately have to fight. Likely they will capture you, and their Che Guevara look alike will make you play basketball while only have a couple hours left before a horrible poison destroys your body. Welcome to the human race.",KB_02164,1,"[""KB_02173"", ""KB_02163"", ""KB_02174"", ""KB_02165"", ""KB_02165""]","[""I bought these to get ready for zombies and i wasnt dissapointed!"", ""I bought these to get ready for zombies and i wasnt dissapointed! Very sharp and very accurate will hit targt easy!"", ""I'm sure there are professional knife throwers somewhere who laugh at these, but we did not buy them for competition or for killing zombies; they were bought for me and my 13 year old to have fun."", ""I set up a compressed cardboard target for my wife and use a bow target for myself. I'm sure they'd work with a cork target too, but it you go slinging them at a hardwood or solid wood product you will kill them quickly."", ""She thinks they are quite fun. I wouldn't sharpen them until you were ready or just throw them at any target however. I set up a compressed cardboard target for my wife and use a bow target for myself.""]",14.50962491799146,"Two reviewers bought these to get ready for zombies and were not disappointed, suggesting they may be effective. They are also described as very sharp and accurate, which could be useful for killing zombies. However, there is no direct confirmation of their effectiveness against zombies.",False,458.36029201745987
G_175,REC_175,B000BVQ80E,Home_and_Kitchen,long,descriptive,sentwin,5,Do I only have to use  Sephora chocolate or will any brand do ?,Any brand will work as long as it is formulated to use in a fountain.,KB_02185,1,"[""KB_02192"", ""KB_02193"", ""KB_02194"", ""KB_02186"", ""KB_02202""]","[""I thought about getting a bigger one but opted for the smaller one to use for more intimate occasions. This size uses 4 pounds of chocolate.I used the Sephra Milk Chocolate because you don't have to add anything to the chocolate to get the right consistency."", ""Definitely worth paying extra for this. I bought 2 bags of Sephra milk chocolate and didn't even use everything. After melting about 1.5 bags of chocolate (3 lbs) in the machine, we turned it on, and it worked like a charm."", ""I bought 2 bags of Sephra milk chocolate and didn't even use everything."", ""Had never used a chocolate fountain, but had no problems setting it up. We used Sephra brand chocolate and had no need to burp it. Everything worked perfectly and was much less expensive than renting one for our party of ~50."", ""We used Sephra brand chocolate and had no need to burp it.""]",15.513624995946884,"The reviews suggest that Sephra brand chocolate is recommended as it doesn't require adding anything to get the right consistency. It is not explicitly stated that other brands won't work, but only Sephra chocolate is mentioned as being used.",False,476.0753749869764
G_176,REC_176,B00HG1L334,Electronics,medium,descriptive,sentwin,5,Is it fit with lifeproofcase ipad mini?,[UNANSWERABLE],,1,"[""KB_02218"", ""KB_02211"", ""KB_02205"", ""KB_02205"", ""KB_02214""]","[""I tried this cable on some of my problem cases and the fit was perfect."", ""I own a number of devices (phones and tablets), and cases can sometimes be problematic when connecting cables. I tried this cable on some of my problem cases and the fit was perfect. Plus one for that!I love this cable so much that I am ordering a spare in case I lose this one."", ""It works perfectly for my new iPad. I have it in a case and my old cable would not plug all the way in. This snapped right into place and provides great sound for my desktop speaker."", ""I just received this cable today and cannot believe the quality for this price. It works perfectly for my new iPad. I have it in a case and my old cable would not plug all the way in."", ""It works perfectly for my new iPad.""]",13.758083921857178,The available reviews do not provide enough information to answer this question.,True,310.27295894455165
G_177,REC_177,B007VFTO0E,Patio_Lawn_and_Garden,short,descriptive,sentwin,5,What size is the hole?,[UNANSWERABLE],,0,"[""KB_02226"", ""KB_02224"", ""KB_02225""]","[""It's Craftsman... do you need to make a review?"", ""It's Craftsman... do you need to make a review? It's a quality item wouldn't expect anything else from that company."", ""It's a quality item wouldn't expect anything else from that company.""]",12.582416995428503,The available reviews do not provide enough information to answer this question.,True,215.21533303894103
G_178,REC_178,B001L1R3SO,Home_and_Kitchen,long,descriptive,sentwin,5,Does this blanket go on top of the bedding or do you sleep on top of it?,[UNANSWERABLE],,0,"[""KB_02227"", ""KB_02228"", ""KB_02227"", ""KB_02229"", ""KB_02230""]","[""We bought the queen-sized blanket for a queen-sized bed. I wish I'd bought the king &#8230; it's hanging over the edge of the mattress but there is NO way I could even come close to tucking it in."", ""We bought the queen-sized blanket for a queen-sized bed."", ""We bought the queen-sized blanket for a queen-sized bed. I wish I'd bought the king &#8230; it's hanging over the edge of the mattress but there is NO way I could even come close to tucking it in. But it does keep us super warm and it's so much safer than the antique version that we were using."", ""I wish I'd bought the king &#8230; it's hanging over the edge of the mattress but there is NO way I could even come close to tucking it in."", ""But it does keep us super warm and it's so much safer than the antique version that we were using.""]",9.091082960367203,"The blanket is used on top of the bedding, as one reviewer mentions it hangs over the edge of the mattress and cannot be tucked in. This suggests that it is placed over the existing bedding. The reviewers sleep under the blanket for warmth.",False,512.9643341060728
G_179,REC_179,B005N1190G,Pet_Supplies,short,descriptive,sentwin,5,What gage is the wire?,It looks to be 10 Ga,KB_02242,0,"[""KB_02240"", ""KB_02231"", ""KB_02231"", ""KB_02236"", ""KB_02234""]","[""Folds pretty easily to transport and wire is heavier than others I looked at."", ""Has double locks on door for secure closure. Folds pretty easily to transport and wire is heavier than others I looked at. Drawback is only one door, but so far not a problem."", ""This crate is more heavy duty than the ones I saw at the pet stores. Has double locks on door for secure closure."", ""This is a really big crate. My dog is a little nervous about being enclosed (lab/boxer), but because it is so spacious, she is handling this crate better than I expected."", ""We LOVE this kennel. Our dogs both have awful separation anxiety, so we could never go out.""]",11.356584029272199,The available reviews do not provide enough information to answer this question.,True,463.82916695438325
G_180,REC_180,B003F8GH6U,Sports_and_Outdoors,short,descriptive,sentwin,5,Where was it made?,They are made in China. The only water bottle I've found that is made in the US is Liberty Bottles. You can get them here or I saw them on the shelf at Whole Foods.,KB_02254,0,"[""KB_02248"", ""KB_02260"", ""KB_02264"", ""KB_02247"", ""KB_02251""]","[""Love my new kanteen, it arrived quickly and the product is wonderful. Klean Kanteen is durable and easy to carry around!"", ""Love my new kanteen, it arrived quickly and the product is wonderful."", ""It had excellent reviews, and was extremely reasonably priced. I love that it is steel, not aluminum. Now my water has no metallic taste or smell- it is just water."", ""I love that it is steel, not aluminum. Now my water has no metallic taste or smell- it is just water."", ""All of those bottle failures have since been recycled.Once I was in the market for a new one, I decided to try Klean Kanteen. It had excellent reviews, and was extremely reasonably priced.""]",12.511375010944903,The available reviews do not provide enough information to answer this question.,True,378.9899169933051
G_181,REC_181,B005IHAPBY,Automotive,long,descriptive,sentwin,5,"How tall are the top and bottom sides? I'm thinking about getting this engraved, but if it's too small then I can't",[UNANSWERABLE],,0,"[""KB_02280"", ""KB_02266"", ""KB_02270"", ""KB_02286"", ""KB_02286""]","[""Good looking plate frame, I bought this one as NC truck plate has the state name at the bottom of license plate."", ""Good looking plate frame, I bought this one as NC truck plate has the state name at the bottom of license plate. Many plates has the wide lower part of the frame with a logo, this covered over the name of state causing the police to get upset.Good quality, sturdy frame."", ""Having received and installed it, I'm glad I did.It is just what it should be. That is, a nice frame that covers the not-so-beautiful edges of the license plate. It is definitely sturdy, and from the reviews I read, it will last better than some others that seem to fade over time.The caps fit nicely over the screws I got at Home Depot for $1.If you're spending your time reading about license plate frames, you can feel good stopping now and purchasing this one."", ""The size of the frame does not allow enough tolerance for a license plate that might be stamped a little larger than normal. One of my plates is slightly taller than the other. I had to slightly bend the edge of the frame out for it to fit over the plate properly."", ""I have two issues with it:1. The size of the frame does not allow enough tolerance for a license plate that might be stamped a little larger than normal. One of my plates is slightly taller than the other.""]",11.577166966162622,The available reviews do not provide enough information to answer this question.,True,599.2068749619648
G_182,REC_182,B009LJ9Z0M,Electronics,medium,yesno,sentwin,5,will this unit include docking for an Ipod and an Iphone 4?,Yes. I have used both my iPhone 4 and my iPod in the docking station and they work fine. One thing that could cause trouble is the size of your phone case. My phone case is small and it fits. A large case would need to be removed to use the dock.,KB_02287,1,"[""KB_02295"", ""KB_02287"", ""KB_02299"", ""KB_02295"", ""KB_02301""]","[""This is a very well made product, as with most BOSE products......iPod/iTouch connects just fine and sounds good. Keep in mind, you can only connect older 30 pin connector iPods and iTouches......does not have the latest Apple connection. Also, you get an additional remote with this package deal, but it also comes with the standard credit card sized remote."", ""I purchased the radio and it is great! Love the alarm etc.The I-Phone Dock does not work with my Iphone 5C. It has the larger plug and is compatible with the Iphone 4 I think."", ""Love the alarm etc.The I-Phone Dock does not work with my Iphone 5C."", ""This is a very well made product, as with most BOSE products......iPod/iTouch connects just fine and sounds good. Keep in mind, you can only connect older 30 pin connector iPods and iTouches......does not have the latest Apple connection."", ""This is a very well made product, as with most BOSE products......iPod/iTouch connects just fine and sounds good.""]",11.888124980032444,"The unit includes docking for an iPod with a 30 pin connector and is compatible with an iPhone 4. It does not support the latest Apple connections, such as those used by the iPhone 5C.",False,279.56408308818936
G_183,REC_183,B003WAOVGY,Home_and_Kitchen,medium,yesno,sentwin,5,does this chair work with xbox one,"Yes, it will work with xbox one as long as you have a headphone jack in the tv or stereo. The chair can then be connected wirelessly or by wire (extra).",KB_02327,1,"[""KB_02308"", ""KB_02323"", ""KB_02317"", ""KB_02313"", ""KB_02312""]","[""My teenage son would blast anyone sitting nearby as he sprawled on the floor playing his Xbox or other games. With the X Rocker Pro gaming chair, he plugs in his earphones (peace and quiet for the rest of the household), experiences all of the special effects vibrations and sounds), and improves his posture too. He loves it (and so does mom)!"", ""With the X Rocker Pro gaming chair, he plugs in his earphones (peace and quiet for the rest of the household), experiences all of the special effects vibrations and sounds), and improves his posture too."", ""My son loves the chair, he calls it &#34;THE BEST SEAT IN THE HOUSE&#34; We looked at other gaming chairs and they don't come close to the X rocker pro."", ""I bought this for my husband for his birthday and he divorced me a few days later mmmm the chair or me I'm not sure!"", ""My fianc&eacute; loves this chair and so do our children.""]",9.990207967348397,"The chair works with Xbox as one reviewer mentions their son playing his Xbox while using the X Rocker Pro gaming chair. It provides special effects vibrations and sounds, and the son can plug in his earphones. This suggests compatibility with Xbox.",False,447.41612498182803
G_184,REC_184,B00EVC9PQI,Electronics,medium,yesno,sentwin,5,would this tripod fit GE X450 power pro camera?,"It should look at the bottom of your camera, if there is a small hole yes, if its a 2 inch square lock or Oregon scientific mount no. Its a great pod I've had mine and been using it regularly for about a year works like new after some pretty severe beatings including submerging it a bunch of times. Still can't beat the price.",KB_02333,0,"[""KB_02338"", ""KB_02328"", ""KB_02334"", ""KB_02330"", ""KB_02330""]","[""This tripod holds my Panasonic Pro AG-DVX100B camera."", ""For the price I couldn't believe how well it holds up as I would by another 1!!! This tripod holds my Panasonic Pro AG-DVX100B camera. I'm so glad I didn't waste my money on a $80.00 tripod!"", ""I'm using one with my little Panasonic Camcorder and the other one with my Fujifilm Finepix DSLR. This tripod will be able to hold cameras much heavier than mine with no problem, I know it can. I would recommend this wonderful tripod to anyone anytime .Even when I raise them all the way to 66 inches, they remained steady and strong!"", ""I'd recommend this tripod if you just want a cheap tripod that can go up to almost 6ft. Again, if you want a really good tripod, spend the $50-100. This is more for amateur's (ie me) who just do some simple photography with my phone or point and shoot camera.I do believe this tripod can hold a dslr camera okay.. but if you're gonna spend $600 on a dslr,.. might as well spend more on a good tripod."", ""The tripod includes a nice inexpensive nylon bag. I'd recommend this tripod if you just want a cheap tripod that can go up to almost 6ft. Again, if you want a really good tripod, spend the $50-100.""]",11.209167074412107,The available reviews do not provide enough information to answer this question.,True,378.88408300932497
G_185,REC_185,B0077QHF1C,Electronics,medium,descriptive,sentwin,5,"Can I select ""Random mode"" for songs playback?","Yes you can.  Press and hold the play/pause button on the device or the remote.  You will be able to choose between playing ALL songs in sequence, RANDOM within the current directory, FOLDERALL playing all the songs in the current directory only, ONE to repeat the current song.",KB_02363,1,"[""KB_02349"", ""KB_02359"", ""KB_02363"", ""KB_02356"", ""KB_02356""]","[""When it works, it is good. You can change the frequency, volume and select the songs.After 8 month, this one doesn't work any more. The display is still bright, and all the buttons &#34;works&#34;."", ""You can change the frequency, volume and select the songs.After 8 month, this one doesn't work any more."", ""I can't find a way to \""random play everything on the SD card\"" - only \""random in this folder\"" and I can't seem to find a way to navigate \""out of this folder and up one level\""."", ""I can't find a way to \""random play everything on the SD card\"" - only \""random in this folder\"" and I can't seem to find a way to navigate \""out of this folder and up one level\"". This means I have to copy all my music over, move everything to the root directory and hit random."", ""I can't find a way to \""random play everything on the SD card\"" - only \""random in this folder\"" and I can't seem to find a way to navigate \""out of this folder and up one level\"". This means I have to copy all my music over, move everything to the root directory and hit random. And that means I'm now not able to play \""just this album\"".If I hadn't tossed the packaging I would have returned it, but thankfully my commute is pretty short so I'll live with it; thankfully it was only about a tenner.""]",11.375750065781176,"You can select ""random"" mode, but it only works within a specific folder, not for all songs on the SD card. There is an option for ""random in this folder"", but not a ""random play everything"" mode.",False,1533.8031669380143
G_186,REC_186,B004T6M6Y4,Home_and_Kitchen,medium,descriptive,sentwin,5,Is lid transparent or do you know a transparent compatible lid?,no the lid is not transparent. I don't know of a compatible transparent lid.,KB_02388,1,"[""KB_02373"", ""KB_02383"", ""KB_02374"", ""KB_02376"", ""KB_02388""]","[""Yes, it is expensive, but I wanted to try it, so watched for 1 pan I would use a lot to come down in price. I purchased the 1.5 quart with lid and LOVE it. The ergonomic handle is soooooo nice and comfortable use."", ""Displays very nicely on my pot rack and cleverly stores the lid on the long handle."", ""It washes up very nicely and I've only had to lightly clean it with barkeeper's friend one time. Displays very nicely on my pot rack and cleverly stores the lid on the long handle."", ""Even heat. Got rid of that due to getting rid of the person in the house who had won it.3)  some walmart cheap ($10) stainless steel thing with a glass lid that had very thin sides and resulting poor heat conduction up the sides. Also the handle got really hotI finally got totally fed up with the walmart pan and bought this all clad stainless steel pan."", ""The Stainless and MC2 are traditional clad, which is a 3-ply construction of aluminum between American-made 18-10 stainless, which is a very beefy steel. You will notice that the most obvious different of the Stainless and MC is that the Stainless has a high-polish outer finish on the cookware and lids, where as the MC is brushed. Having used both, I can say both are very durable and easy to upkeep.""]",10.50812506582588,The available reviews do not provide enough information to answer this question.,True,236.6338340798393
G_187,REC_187,B000Q5APCC,Electronics,medium,descriptive,sentwin,5,What is the size of this radio?,[UNANSWERABLE],,1,"[""KB_02400"", ""KB_02391"", ""KB_02391"", ""KB_02390"", ""KB_02399""]","[""So be clear about the size of the radio you want before you order it."", ""The radio was larger than I expected. So be clear about the size of the radio you want before you order it. When the radio arrived, I put in batteries."", ""The radio was larger than I expected. So be clear about the size of the radio you want before you order it."", ""The GS350DL Field Radio by Grundi is receiving signals from great distances, and produces clear voice and music qualities, with no distortion at high volume. It seems lighter than other radios of it's size we have owned. Used it for a month now and  We are very pleased with our purchase!"", ""This radio gets great reception of distant FM stations and the sound quality is great for the size.""]",10.834958055056632,The available reviews do not provide enough information to answer this question.,True,299.6497090207413
G_188,REC_188,B004MKJWJO,Electronics,medium,descriptive,sentwin,5,Will this card work with a 375 watt power supply?,"Yes, but I would recommend getting at least a 600 watt sometime in the future if you game a lot",KB_02409,1,"[""KB_02419"", ""KB_02409"", ""KB_02420"", ""KB_02411"", ""KB_02414""]","[""It takes only 1 6-pin power conenctor and comes with molex adapters so as long as you have a 350watt power supply/psu or higher than your good.My brother used this on his stock 350watt psu which has no 6-pin connector and the card works fine (used the molex adapter)."", ""My take on this card is that if you want good performance/fps and still have better graphics than the 360 or ps3 and dont care if you max the games graphics out than this card is for you. It takes only 1 6-pin power conenctor and comes with molex adapters so as long as you have a 350watt power supply/psu or higher than your good.My brother used this on his stock 350watt psu which has no 6-pin connector and the card works fine (used the molex adapter)."", ""This card provides a lot of power for the price."", ""This card provides a lot of power for the price. I bought 2 of them so I could have SLI."", ""If you want to spend a small amount of money, but get something that can still run today's games in 720p at 30-60 FPS on medium settings, this is a card to get. Just keep in mind that it is fairly big and uses a nice chunk of power, but it still fit in my mATX case.As a primarily console gamer that would still like to play some PC exclusives and pick up some Steam sales, this card is perfect. It runs almost everything I throw at it, at least with acceptable performance, and is great value, at least until DX11 becomes a requirement for new games (I haven't run into that yet).""]",12.079000007361174,"The card will work with a 375 watt power supply, as reviews state it works with a 350 watt power supply or higher. The card only requires one 6-pin power connector and comes with molex adapters.",False,419.7033329401165
G_189,REC_189,B004MMXB6W,Sports_and_Outdoors,short,descriptive,sentwin,5,How wide is the sheath?,[UNANSWERABLE],,1,"[""KB_02433"", ""KB_02445"", ""KB_02432"", ""KB_02441"", ""KB_02431""]","[""Should have read the description better, did not know it was an over the shoulder type of sheath. Great Quality and all just not my style but it keeps my blade safe so it works."", ""Should have read the description better, did not know it was an over the shoulder type of sheath."", ""I bought this to go with the machete I got my son for his b-day and couldn't believe the quality of the sheath"", ""This is a well made sheath for the price."", ""This is a well made sheath for the price. Machete slides in easily and the strap holds the handle nicely in place.""]",9.278749930672348,The available reviews do not provide enough information to answer this question.,True,293.32016594707966
G_190,REC_190,B002Q0W80W,Electronics,long,descriptive,sentwin,5,will it cpome with a plug in power adapter or do i neet to purchase it seperately,"It comes with the power adapter, and a antenna with VERY long cord. You will need a sound source, like powered computer speakers.",KB_02447,1,"[""KB_02458"", ""KB_02447"", ""KB_02451"", ""KB_02462"", ""KB_02454""]","[""Invest in a1-Foot Extension Power Cable, 5-Packif you're going to plug this into a power strip."", ""I plugged some high-quality computer speakers into the unit and it worked great), a wall-wart, and an instruction manual. Invest in a1-Foot Extension Power Cable, 5-Packif you're going to plug this into a power strip."", ""I believe I returned this product because I needed to purchase an additional adaptor to use with it, which at the time I was unwilling to do--so I can't really review it's productivity."", ""Set up was an easy thing, just plug it in."", ""This home kit really works well. Set up was an easy thing, just plug it in. Reception is excellent and the whole experience is just as I had hoped it would be.""]",11.071915971115232,The available reviews do not provide enough information to answer this question.,True,578.9933340856805
G_191,REC_191,B00AU6ED8Y,Sports_and_Outdoors,long,descriptive,sentwin,5,Is the barrel on this Umarex Octane .22 cal rifled? I read a review that said this was a smooth bore barrel???,"Yes, the barrel on the .22 cal is rifled.",KB_02476,1,"[""KB_02470"", ""KB_02477"", ""KB_02465"", ""KB_02470"", ""KB_02472""]","[""Researched the Web for a couple of weeks, looking for an air rifle that was accurate, powerful, and price friendly. The Umarex .22 caliber air rifle appeared to be the best &#34;bang&#34; for the buck. I like the rifle very much; it is accurate after you break it in, if you use a heavy weight solid nose pellet."", ""The Umarex .22 caliber air rifle appeared to be the best &#34;bang&#34; for the buck."", ""Due to govt. overreach there is a shortage of any pistol or rifle ammunition, so getting a .22 pellet rifle had me looking in all the stores.. and then the Umarex shows up as an ad."", ""The Umarex .22 caliber air rifle appeared to be the best &#34;bang&#34; for the buck. I like the rifle very much; it is accurate after you break it in, if you use a heavy weight solid nose pellet. It has plenty of power."", ""I have never owned an air rifle but recently purchased a Umarex to take care of a ground squirrel problem at my home. This is an extremely powerful weapon and after using it for 2 weeks I am very pleased.""]",12.892792001366615,The available reviews do not provide enough information to answer this question.,True,499.8191670747474
G_192,REC_192,B003F8UFC2,Tools_and_Home_Improvement,short,descriptive,sentwin,5,How long are the arms?,[UNANSWERABLE],,1,"[""KB_02491"", ""KB_02484"", ""KB_02494"", ""KB_02491"", ""KB_02488""]","[""Mounted two 7ft. surfboards and two 10ft."", ""I use them to rack two SUPs (one 9'2\"" and one 10') high in my garage, and they work great. They are very easy to install and the padded arms and arm spacing are perfect for SUPs. I highly recommend this rack to anyone looking to get one or more SUPs off the floor and stored nicely."", ""They are very easy to install and the padded arms and arm spacing are perfect for SUPs."", ""Mounted two 7ft. surfboards and two 10ft. stand up paddleboards in our garage."", ""These arrived in about 2 days.Easy to install - 4 screws.They work for the two 12' Costco boards I bought.""]",9.40487498883158,The available reviews do not provide enough information to answer this question.,True,516.5621670894325
G_193,REC_193,B00B2B4OE4,Automotive,medium,descriptive,sentwin,5,for a 2000 xj need somewhere else?,Hi jose....you can use it is very good kit ... take a look on roughcountry page and check for updates... because I change some more parts for the steering..thanks.. in amazon they have a very good price... I use 15 wheel and separator too..,KB_02505,0,"[""KB_02501"", ""KB_02502"", ""KB_02512"", ""KB_02502"", ""KB_02508""]","[""I trust Amazon so I saw several kits at  reasonable prices and decided to purchase from here. A box pops up asking what's the vehicle information ( Style, make, model, year) I entered in my info and this was the kit recommended. I set up an Amazon account went through with purchase and 4 days later I received 3 boxes."", ""This took him and another guy  5 hours to instal the front suspension. He started to open the rear box and sure enough NOT the right parts for this complete kit! The rear end is for a Jeep Cherokee style suspension."", ""The rear end is for a Jeep Cherokee style suspension."", ""He started to open the rear box and sure enough NOT the right parts for this complete kit! The rear end is for a Jeep Cherokee style suspension. I emailed Amazon and a Rough Country as directed to do if something was wrong."", ""After doing several weeks of searching online to find a good suspension lift for my 2000 Jeep Wrangler, I decided to go with Rough Country.""]",11.751083889976144,The available reviews do not provide enough information to answer this question.,True,311.32504192646593
G_194,REC_194,B00079EH3U,Sports_and_Outdoors,long,descriptive,sentwin,5,Do you need the back rest that is now available for the Swooper?,No.  The lack of a back rest helps me keep good posture.,KB_02533,0,"[""KB_02517"", ""KB_02529"", ""KB_02537"", ""KB_02533"", ""KB_02519""]","[""For me personally, it doesn't need a back, as It uses your own body for support. I recommend sampling the chair for a few days first to see if it's for you."", ""For me personally, it doesn't need a back, as It uses your own body for support."", ""Not only that, it promotes the right posture, movement and active sitting. Unlike other similarly priced so called ergonomic chairs that have a back support, the lack of one on the swopper actually strengthens the lower back muscles. Plush ergonomic chairs with back support just weaken the back."", ""Unlike other similarly priced so called ergonomic chairs that have a back support, the lack of one on the swopper actually strengthens the lower back muscles."", ""When considering buying the Swopper, I hadn't been at all worried about it being a backless chair, because I never lean back in my chairs anyway; it causes too much tailbone pain.So I've tried sitting on the Swopper again, but this time sitting all the way on the back edge, rather than square in the middle/top. No tailbone pain!""]",18.043541931547225,"The reviews suggest that the Swooper does not need a back rest, as it uses the user's own body for support and can actually strengthen the lower back muscles. Multiple reviewers have found that the lack of a back support is beneficial for their posture and comfort. The chair's design promotes active sitting and can help alleviate issues like tailbone pain.",False,451.88900001812726
G_195,REC_195,B00EA1T3G2,Home_and_Kitchen,short,descriptive,sentwin,5,Where is it made?,[UNANSWERABLE],,0,"[""KB_02556"", ""KB_02553"", ""KB_02543"", ""KB_02556"", ""KB_02541""]","[""Good thing we have a large old house with plenty of space....  With all the different kinds of dinnerware that I have, I wanted something square-ish to mix things up a bit.10 Strawberry Street does a lot of white. Their designs seem to fit in many places. And they are quality pieces:  They don't chip easily; they don't have flaws in the finish; the undersides are finished nicely; they don't show knife cuts (under normal pressure); the shades of white they use are not too bright."", ""Their designs seem to fit in many places."", ""Good thing we have a large old house with plenty of space....  With all the different kinds of dinnerware that I have, I wanted something square-ish to mix things up a bit.10 Strawberry Street does a lot of white. Their designs seem to fit in many places. And they are quality pieces:  They don't chip easily; they don't have flaws in the finish; the undersides are finished nicely; they don't show knife cuts (under normal pressure); the shades of white they use are not too bright."", ""And they are quality pieces:  They don't chip easily; they don't have flaws in the finish; the undersides are finished nicely; they don't show knife cuts (under normal pressure); the shades of white they use are not too bright. I trust this brand.So this set was almost a no-brainer for me. We don't use the cups in this set, but we've been loving all the other pieces."", ""I trust this brand.So this set was almost a no-brainer for me. We don't use the cups in this set, but we've been loving all the other pieces.""]",21.296999999321997,The available reviews do not provide enough information to answer this question.,True,348.14999997615814
G_196,REC_196,B004Q3PE30,Sports_and_Outdoors,medium,descriptive,sentwin,5,Are the brakes powerful enough when descending steep hills?,"Based on feedback from other reviews I replaced the brakes before I used the bike! I am very very happy with the bike overall - by upgrading the brakes, the chain tensioner, and new rim tape. This is a screaming bike,make sure you have a bike shop give it a tune-up before riding.",KB_02565,0,"[""KB_02559"", ""KB_02567"", ""KB_02576"", ""KB_02557"", ""KB_02576""]","[""Once the upgrades are made, it becomes a long distance cruising machine.After a short test ride, I immediately replaced the BRAKES that came with the bike and would recommend this to everyone. I live in San Francisco, and given the hills we have, I couldn't rely on the factory brakes that came with the bike (mass times velocity gets into some big numbers on tandems!). You'll need a Travel Agent brake pulley for both the front and rear brakes."", ""I live in San Francisco, and given the hills we have, I couldn't rely on the factory brakes that came with the bike (mass times velocity gets into some big numbers on tandems! )."", ""I took the advice of several others and changed out the break pads to Kool Stop MTB pad. After truing the wheels and properly adjusting the brakes, I can stop on a dime on a hill. * My stock rim tape was crappy."", ""If you are just buying this for flat surfaces you will be ok. I road some hills with my wife and it is tough because of the bike's weight.Overall I am satisfied."", ""Or at least the did on the Lambo. Add to it that the wheels will probably need to be trued and the brakes adjusted before the bike is ridden. The bike is likely DANGEROUS out of the box until these details are tended to.""]",14.289167011156678,"The factory brakes that come with the bike are not reliable enough for descending steep hills, but upgrading or adjusting the brakes can improve their performance. One reviewer was able to stop effectively on hills after changing the brake pads and adjusting the brakes. The original brakes may not be sufficient, especially considering the bike's weight.",False,613.7284589931369
G_197,REC_197,B00873AO8A,Home_and_Kitchen,medium,descriptive,sentwin,5,Does it come with both unperforated and perforated insets?,Just a perforated.,KB_02598,0,"[""KB_02584"", ""KB_02590"", ""KB_02599"", ""KB_02599"", ""KB_02582""]","[""Will handle a 3-4 lb. roast and garnishes with no problem. It heats quickly and evenly, holds pressure at a very low burner setting and, when required, quick releases very safely and efficiently."", ""roast and garnishes with no problem."", ""Cooking with pressure is a big part of my life and I use my PCs several times in an average week. This one is a real keeper."", ""I love this cooker. In fact, I just ordered the smaller 4.2Pressure Pan Set! Cooking with pressure is a big part of my life and I use my PCs several times in an average week."", ""I was reluctant to go the pressure cooker route (I'm a slow foodie) but my family wanted the option of quick meals of beans and rice so there you go. I read the reviews in Cook's Illustrated and after comparing this to the lower priced option decided to go for the Fissler. Really glad I did.""]",10.234957910142839,The available reviews do not provide enough information to answer this question.,True,188.08412505313754
G_198,REC_198,B00FORK3R4,Cell_Phones_and_Accessories,medium,yesno,sentwin,5,can i use this for maxboost,[UNANSWERABLE],,1,"[""KB_02613"", ""KB_02601"", ""KB_02600"", ""KB_02612"", ""KB_02602""]","[""Buy the Maxboost version of this."", ""Buy the Maxboost version of this. It's the same cover but made with much better material."", ""It didn't work very well. I needed a case in a hurry so I ordered the Maxboost and like it very much."", ""I needed a case in a hurry so I ordered the Maxboost and like it very much."", ""It's also worth noting that the kickstand holds the phone up more securely than the Maxboost case: the face of the phone can take a decent amount of force without falling over backwards. HOWEVER, the kickstand on my Nexus 5 version is not as well-made as the S4 version.""]",10.486375074833632,"The available reviews suggest that there is a Maxboost version of this product, and some reviewers have chosen to buy that version instead. It is not clear if this product can be used for Maxboost, but some reviewers have compared the two. The reviews imply that the Maxboost version may be a better option for some users.",False,599.3582499213517
G_199,REC_199,B004I4FRZW,Sports_and_Outdoors,medium,yesno,sentwin,5,"I have a oversized bag, will this cart work for larger bags?","Yes. I have a ""tour"" sized bag and there is no problem with it on this cart.",KB_02622,1,"[""KB_02633"", ""KB_02622"", ""KB_02630"", ""KB_02620"", ""KB_02637""]","[""Good, solid cart that handles large bags."", ""Good, solid cart that handles large bags. Wheels are excellent."", ""my golf bag fits perfectly, its actually a little larger that I thought it would be."", ""the two rear wheels just pop into place, and the front wheel has a single pin with butterfly nut. my golf bag fits perfectly, its actually a little larger that I thought it would be. It rolls very well with my bag on there, the wheels are large, and while they are plastic, I anticipate no issues on the course with them."", ""Have been looking for a cart but did not want to spend $150+ for what I wanted.""]",10.7875419780612,"The cart can handle large bags, as multiple reviewers have mentioned it works well with oversized bags, including golf bags that are larger than expected. The wheels are also excellent and can support the weight of these larger bags. This suggests the cart should work for your oversized bag.",False,548.261999967508
G_200,REC_200,B006AVLS22,Tools_and_Home_Improvement,medium,yesno,sentwin,5,"will this one also remove heavy metals ( ie: arsenic,lead etc.) ?",[UNANSWERABLE],,0,"[""KB_02639"", ""KB_02644"", ""KB_02641"", ""KB_02641"", ""KB_02645""]","[""Hunting, fishing or camping and the zoo is the best. It is also the only filter that I know of in the world with its complete cleaning water system."", ""It is also the only filter that I know of in the world with its complete cleaning water system."", ""However if this thing does exactly what it claims to do it's one of the best filters you can buy supposedly. Filters all kinds of radiation chorine germs bacteria dirt so sounds good to me wonder if it works?"", ""It's not like I thought to where you can just stick it in a river and fill it up! However if this thing does exactly what it claims to do it's one of the best filters you can buy supposedly. Filters all kinds of radiation chorine germs bacteria dirt so sounds good to me wonder if it works?"", ""However if this thing does exactly what it claims to do it's one of the best filters you can buy supposedly.""]",10.636665974743664,The available reviews do not provide enough information to answer this question.,True,201.13737497013062
