golden_id,record_id,asin,category,q_bucket,question_type,pipeline,k,question,gold_answer,evidence_doc_id,is_answerable,retrieved_doc_ids,retrieved_context,retrieval_ms,generated_answer,refused,generation_ms
G_001,REC_001,B003HV3WN6,Automotive,medium,descriptive,sentwin,1,Does this work on 12 and 24 volts system,[UNANSWERABLE],,0,"[""KB_00006""]","[""I am just a shade tree mechanic and I can say if you can get one get it. You can check out the electrical section at Realfixesrealfast.com and see it at work. just go to the video section.""]",110.81170800025575,The available reviews do not provide enough information to answer this question.,True,371.0657089977758
G_002,REC_002,B0000E2PBX,Health_and_Personal_Care,long,descriptive,sentwin,1,"The ball completely blocks air from passing by to get to my lungs, is this supposed to happen? Are you supposed to get NO air when inhaling? The instructions state ""inhale...until you feel your lungs are full"" but that doesn't happen with the ball completely blocking all air from passing into your mouth. thanks.",[UNANSWERABLE],,0,"[""KB_00014""]","[""I'm no doctor, so I'm only writing this as someone with breathing problems.Inhaling is mostly a passive function. So when you use this device, the muscles involved in inhaling are coaxed into being active. I can feel them working differently than they usually do, and it's quite a workout!It's analogous to the benefit that a really bulked-up football player gets when he stretches.""]",32.100999997055624,The available reviews do not provide enough information to answer this question.,True,202.4950839986559
G_003,REC_003,B004XMVZVY,Toys_and_Games,medium,descriptive,sentwin,1,How many are in the pack??,There is only 1 in a pack.,KB_00030,1,"[""KB_00030""]","[""Next year I plan on buying a case or 2. Gotta bring these back!""]",26.185457994870376,The available reviews do not provide enough information to answer this question.,True,136.03183300438104
G_004,REC_004,B0010WP46M,Electronics,long,descriptive,sentwin,1,"Does the power adaptor work with international voltages? Basically want to know if the power adaptor will work overseas as well (220 V), and what the power output of that adaptor is (for eg. 5V DC at 500 ma?).",Yes. It supports 100V-240V,KB_00032,1,"[""KB_00036""]","[""I bought this as a Christmas gift and it never worked at all. Would not even power on.""]",36.643833002017345,The available reviews do not provide enough information to answer this question.,True,132.03279199660756
G_005,REC_005,B0012YKLSE,Home_and_Kitchen,medium,descriptive,sentwin,1,What are the measurements for this item?,[UNANSWERABLE],,0,"[""KB_00047""]","[""was a little concerned with the reviews about it breaking, but ive had mine for over a year now and have had absolutely no problems with it. fits nicely into the oversized sink in the old house that im renting. doesnt scratch up the sink since the feet are covered.""]",10.441124999488238,The available reviews do not provide enough information to answer this question.,True,333.09441700112075
G_006,REC_006,B004OFOT72,Sports_and_Outdoors,long,descriptive,sentwin,1,hi does anyone know if it will take a scope and could you hunt bull frogs with it if you wanted to,"The crossbow comes with a scope of its own, and if sighted in properly you could probably hit a bull frog",KB_00060,1,"[""KB_00058""]","[""It didn't have very good instructions on how to assemble but it was easy to figure out. It was sent with a scope but my husband didn't put it on it because you wouldn't have good vision through it later in the evening.""]",35.06687499611871,"The product comes with a scope, but its effectiveness may be limited in low-light conditions. It does not provide information on hunting bull frogs specifically.",False,246.87666699901456
G_007,REC_007,B005XUNG5I,Health_and_Personal_Care,short,descriptive,sentwin,1,what is the power source?,"Batteries, but I found it to be weak.",KB_00064,1,"[""KB_00065""]","[""This workers wonders. The batteries last and it has power. Makes my heels feel so soft.""]",33.00808399944799,The power source is batteries.,False,320.84699999541044
G_008,REC_008,B002LAS5TU,Home_and_Kitchen,long,descriptive,sentwin,1,"Does the lids fit on the pans also? For example, does the large pot lid fit on the large pan?",The largest ps. Is the only one that a lid doesn't fit. This is a great set for the money,KB_00072,1,"[""KB_00075""]","[""Not bad. Pretty decent little set of pans.I wish there was one slightly larger lid - but hey - no biggie.""]",24.931917003414128,"The reviews do not mention whether the lids fit on the pans, but one reviewer mentions wishing for a slightly larger lid, implying that lid size might be an issue. The available information does not confirm whether the large pot lid fits on the large pan.",True,408.58624999964377
G_009,REC_009,B00AR1A7ZU,Pet_Supplies,long,descriptive,sentwin,1,How big is the part that actually goes in the tank? I'm trying to figure out if it will fit in my (very small) sump.,[UNANSWERABLE],,0,"[""KB_00081""]","[""No more coming home to my return pump inhaling all that air. Works great for my 55 gallon with 10 gallon sump.""]",24.512374999176245,The available reviews do not provide enough information to answer this question.,True,123.99691600148799
G_010,REC_010,B000GU3KHO,Automotive,long,descriptive,sentwin,1,I have a Harley Dyna Switchback with windshield and saddle bags.  Is the XL the right size for me?,[UNANSWERABLE],,0,"[""KB_00091""]","[""Comes with a neat holding bag that it wraps up into relatively easily. A size XL fits my '94 Honda CB1000 without a windshield perfectly.""]",24.713541999517474,The available reviews do not provide enough information to answer this question.,True,118.45283299771836
G_011,REC_011,B008URGSWO,Home_and_Kitchen,long,descriptive,sentwin,1,"how thick is it, really?  some say 1/2"", some say 2"", 2-1/2"".  does it flatten out?  comparing it to the extra plush, extra thick pad, what would one?","Mine is just shy of a full 2 inches at the plushest points. Mine has not flattened out. All my shoulder pain is gone. My wife no longer has back pain. I didn't want to spend this much but now that I have it, I consider every dime spent well worth it.",KB_00093,1,"[""KB_00101""]","[""Really like pad very thick. Nice though.""]",25.4403330036439,"The pad is described as ""very thick"", but the exact thickness is not specified. There is no mention of it flattening out. It is compared favorably, implying it may be similar to or as thick as the extra plush, extra thick pad.",False,402.9822919983417
G_012,REC_012,B000ST0184,Toys_and_Games,medium,descriptive,sentwin,1,how can I make it wireless for my win 8.1 PC?,"Interesting question. I don't think there is a direct or easy way to do this. The tankstick is basically a big keyboard. Each button/joystick direction is a keyboard button. Knowing this, it would require some type of modification to convert it to a wireless keyboard. It sounds like a project worth attempting. Sorry, I probably didn't help at all.",KB_00102,1,"[""KB_00103""]","[""My only knock on it was that it wasn't calibrated perfectly. The IT guys told me how to do it (which was actually fun knowing how it works, and DOESN'T VOID THE WARRANTY!) and now it works like a breeze.""]",22.776750003686175,The available reviews do not provide enough information to answer this question.,True,123.91049999860115
G_013,REC_013,B0013ODWSO,Sports_and_Outdoors,long,descriptive,sentwin,1,Does the white scooter have the same specs as the micro black one?,[UNANSWERABLE],,0,"[""KB_00113""]","[""I loved this scooter my husband got one and I got one for my selfIs perfect  I recommended to buy one""]",32.8752080022241,The available reviews do not provide enough information to answer this question.,True,491.27583299559774
G_014,REC_014,B005F79BYE,Home_and_Kitchen,long,descriptive,sentwin,1,Does this offer the option of shelving instead of hanging clothes inside the doors?,[UNANSWERABLE],,0,"[""KB_00129""]","[""I received an Armoire Wardrobe Storage Cabinet from Target Decor and More.I was very disappointed when removing the unassembled pieces from the boxing to find severa of the edges damaged on the cabinet. Made of partical board and damages very easily.""]",37.44762499991339,The available reviews do not provide enough information to answer this question.,True,428.54808300035074
G_015,REC_015,B00ATDT83I,Cell_Phones_and_Accessories,long,descriptive,sentwin,1,Hello. I'd like to know if this cell phone works properly in Venezuela for DIGITEL.,[UNANSWERABLE],,0,"[""KB_00139""]","[""excelente! funciona bien, llego en muy buen estado y el telefono cumple con las expectativas asi que lo recomiendo sigan asi!! !""]",28.059666998160537,"The cell phone works properly, but there is no specific information about its functionality in Venezuela for DIGITEL. The review only mentions that it works well and meets expectations.",False,411.1923750024289
G_016,REC_016,B00394NT20,Health_and_Personal_Care,short,descriptive,sentwin,1,Is there a warranty?,[UNANSWERABLE],,0,"[""KB_00145""]","[""You cannot get it back in the box for a return. If it works for you great but regard this as a gamble for your money.""]",10.02133300062269,The available reviews do not provide enough information to answer this question.,True,450.7062920019962
G_017,REC_017,B0056FL4FY,Beauty,long,descriptive,sentwin,1,"does not say if its an american or ueropean plug and ive ordered this before and got a ueropean plug, provide necessary info",[UNANSWERABLE],,0,"[""KB_00152""]","[""I ordered this for a present for my little sister who just started doing her own nails. When she got it in the mail she immediately opened it to find that it had the wrong type of prongs for American electrical outlets! We think it might be French?""]",33.67183299997123,"The product has been received with European-style prongs, which are not compatible with American electrical outlets. The specific type of plug is believed to be possibly French. This suggests that the product may come with a European plug.",False,470.3954590004287
G_018,REC_018,B00154MGXY,Home_and_Kitchen,long,descriptive,sentwin,1,Is this item 35.43 inches at the very top or the body of the unit?,[UNANSWERABLE],,0,"[""KB_00162""]","[""My wife ordered it, It was about two inches to big at the top, becuase of the molding,So it didn't work for what we needed.""]",37.52929199981736,"The item is 35.43 inches at the very top, as the review mentions it being too big at the top due to the molding. This suggests that the measurement includes the top portion. The body of the unit is not specified as the reference point for the measurement.",False,293.835875003424
G_019,REC_019,B000LQ5XW8,Musical_Instruments,long,descriptive,sentwin,1,"What does ""INTO 1 x 4 OHMS OR 2 x 8 OHMS"" mean?",On a 4 OHM output amp. You use one 4 Ohm speaker or two 8 OHM speakers. Example: One 8 OHM speaker + One 8 OHM speaker = 4 OHMs.,KB_00174,1,"[""KB_00174""]","[""Having previously used a behringer BX3000T head with the bugera 410 cab,for 3 years... which was a beast of a setup in itself, I bought the BX4500H head wanting to be able to bi amp 2 bugera 410 cabs,Which are 4 ohms each and cant be powered by one head. The resulting stack of raw bass power is something to behold.""]",13.591166003607213,The term refers to the ability to connect the device to either one 4-ohm load or two 8-ohm loads. This is related to the device's power output and compatibility with different speaker configurations. The reviewer's setup with two 4-ohm cabs is an example of this.,False,694.1890000016429
G_020,REC_020,B00C9KUVWQ,Electronics,long,descriptive,sentwin,1,"Hi, I need an extra one for a different room. The picture looks like the one I need, however it only shows the cable to the computer. Does it come with the other cable that goes to the power plug in? Also, what does the info on the back of the adapter say as far as model and or power numbers-is it 19V 3.42A/50-60Hz 2.0A? Thank you.",[UNANSWERABLE],,0,"[""KB_00181""]","[""It does what it says and works for the Q550. Matches the original equipment Power Adapter. Not much else to say.""]",37.91000000637723,The available reviews do not provide enough information to answer this question.,True,126.8828329993994
G_021,REC_021,B00E7O357A,Electronics,long,descriptive,sentwin,1,"hi, i have a skoda fabia II and i need to know if this radio is compatible with the sensor parking from factory",[UNANSWERABLE],,0,"[""KB_00191""]","[""I saw a lot questions asked, so I think there are many around there who are interested in this stuff like me. So I prompt to write this less-than-half-hour use review after I got it last night, hopefully it'll help you make your wiser decision.I have a 2011 GTI MK6, my head unit comes with satellite radio, but not gps. It has in-car bluetooth system and steer wheel buttons.""]",32.72445900074672,The available reviews do not provide enough information to answer this question.,True,290.3555419979966
G_022,REC_022,B0002D4QBE,Health_and_Personal_Care,short,descriptive,sentwin,1,what are the dimensions?,[UNANSWERABLE],,0,"[""KB_00197""]","[""very sturdy and just right size to fit in small shower stall. i'm pleased with this product.""]",33.84883400576655,"The product is described as the ""just right size"" for a small shower stall, but specific dimensions are not provided. The available reviews do not provide enough information to answer this question.",False,509.1867919982178
G_023,REC_023,B0056XU5XS,Health_and_Personal_Care,long,descriptive,sentwin,1,Why don't any of the photos show the nutritional label so that you can read this important information?,"ITa pretty simple. 3000mg l-leucine, 2000mg l-valine, 1000mg l-isoleucine, the 3 bcaa's. Serving size is 8",KB_00209,1,"[""KB_00213""]","[""Don't be fooled by price per serving. Look at the bcaa grams per serving. I compared every single capsule version of bcaa on amazon and this works out to the best deal.""]",27.793084002041724,The available reviews do not provide enough information to answer this question.,True,294.97524999896996
G_024,REC_024,B005MQRAXM,Baby,long,descriptive,sentwin,1,"how is the seat fabric?  we have a britax, and my son sweats so much when in it.",[UNANSWERABLE],,0,"[""KB_00217""]","[""Not sure if ti works to ward off unsafe angry driver's, but I atleast feel like I am making an effort to keep my Lo safe. They sticker is also cute!""]",13.514500002202112,The available reviews do not provide enough information to answer this question.,True,289.263958002266
G_025,REC_025,B007W69P7E,Automotive,long,descriptive,sentwin,1,"It sounds like this will fit a 2013 4Runner, but does it void the warranty?  It shouldn't, as it's a Toyota part.  Also what is the HP increase?",Your warranty will be fine. Helps breath a bit better. Will add some motor noise as well. I saw maybe a mile increase at most.,KB_00218,1,"[""KB_00219""]","[""This is a great looking piece, but the instructions are less than sensible and give sometimes no indication of what to do with wires and clamps. These could have been written a lot better, as the last line reads &#34; If engine light remains on, go to your Toyota dealer for service!&#34;  Not cool  :-(""]",33.43137499905424,The available reviews do not provide enough information to answer this question.,True,169.98112500004936
G_026,REC_026,B005G59WP8,Musical_Instruments,long,descriptive,sentwin,1,Is the brain capable of reproducing different stick velocities (Dynamics) or is the same volume produced no matter how hard you hit pads?,it's pretty close to a reptilian brain that is inexpensive. The volume is pretty much the same no matter how hard you hit it. If you're looking for that kind of dynamic velocity you really need a more expensive kit or at least replace the brain with a better one.,KB_00224,1,"[""KB_00221""]","[""The kick pedal and pad are all-in-one, which is very convenient. All of the pads are very responsive so you do not have to hit them very hard. My wife says she cannot hear the pads when I play with headphones.Sounds &#8211; The &#8220;acoustic kit&#8221; sounds fine through my Altec Lansing computer speakers and subwoofer when playing solo or jamming with band at low volumes.""]",13.102999997499865,"The reviews suggest that the pads are very responsive and do not require hard hits, implying that different stick velocities can produce varying volumes. The pads' responsiveness allows for dynamic play without needing to hit them hard. This indicates that the brain can reproduce different stick velocities.",False,553.7291250002454
G_027,REC_027,B0043D68YW,Health_and_Personal_Care,medium,descriptive,sentwin,1,Do they have Aloe Vera on them?,[UNANSWERABLE],,0,"[""KB_00237""]","[""Wet Ones.. are great to have in the car glove compartment, carry in my purse, keep at the kitchen table. I also recently gave a box as a fun little travel gift to my neighbor who was going on a road trip.""]",35.71791699505411,The available reviews do not provide enough information to answer this question.,True,118.22762499650707
G_028,REC_028,B004VTGD9I,Patio_Lawn_and_Garden,long,descriptive,sentwin,1,"What is the height of the basket? (Yes, I see the dimensions in the description, but it may not be accurate). Thanks,",[UNANSWERABLE],,0,"[""KB_00240""]","[""Our last basket was busted and broken. We couldn't find a local shop with our size basket. I was thrilled to find it at Amazon.""]",33.16829199320637,The available reviews do not provide enough information to answer this question.,True,216.70408300269628
G_029,REC_029,B0084LO7C4,Toys_and_Games,long,descriptive,sentwin,1,I want to know if the eyes are stiched or buttons.  Buttons would not be safe for a newborn or baby under 3,buttons,KB_00242,1,"[""KB_00242""]","[""This is a large Raggedy Ann doll I am using in my babys room as decor. With glass button eyes is will not be a good play doll until she is 3+ years old.""]",13.302416002261452,"The doll has glass button eyes, which may not be safe for a newborn or baby under 3. This is why the reviewer is using it as decor until the baby is older. The eyes are not stitched, but rather buttons.",False,370.7982499981881
G_030,REC_030,B00ISJO0BA,Electronics,medium,descriptive,sentwin,1,Is it possible to apply WMN450M to UN55H7150?,Yes,KB_00257,1,"[""KB_00257""]","[""What drew my attention to this wall mount was that it was very small and sleek and did not take up too much space on the wall when mounted. The kit contains many parts and components that makes it compatible with a wide range of tv models and sizes. The instructions are rather complex, there are many manuals and pamphlets in the kit, but with patience you can figure out exactly what components you need to work with your model of tv.""]",36.47275000548689,The available reviews do not provide enough information to answer this question.,True,119.05870800546836
G_031,REC_031,B0015H7924,Electronics,medium,descriptive,sentwin,1,if they fit my toyota 4 runner 2006,[UNANSWERABLE],,0,"[""KB_00268""]","[""Absolutely amazing!! They fit directly into my original headrest settings. I did have a little issue finding someone who knew how to instal them to my OEM DVD player.""]",13.699499999347609,The available reviews do not provide enough information to answer this question.,True,121.4344580002944
G_032,REC_032,B00GTAJB78,Beauty,long,descriptive,sentwin,1,"Why is this so thin? Like other brands I have used, products with hyaluranic acid and vit E should be a little viscous.","I find this product quite good. It's not viscous but has some oil base that allows you to use just 6 drops for you whole face. I put a small amount of the drops on my cheek bones, forehead & chin. Gently rub it in & then apply my moisturizer. My skin looks great!",KB_00276,1,"[""KB_00276""]","[""It is thin, thinner than any serum I've used in the past, but maybe that's why it actually absorbs into the skin so quickly. I do have a few drops here and there spill between my fingers when I put this into my hand, but that's a small price to pay for something that feels good and does something positive for the skin.""]",12.450709000404458,"The product is thin, possibly due to its quick absorption into the skin. This thin consistency may cause some drops to spill when applying. It is unlike other serums with similar ingredients, which are typically more viscous.",False,434.2177090002224
G_033,REC_033,B0011FY9AU,Health_and_Personal_Care,long,descriptive,sentwin,1,Inositol makes this unusable by many people -- inositol causes cramps and stomach bloating. Why is it in the product?,[UNANSWERABLE],,0,"[""KB_00282""]","[""I have been taking this product successfully for over a year; HOWEVER, the last shipment causes me almost instantaneous severe heartburn and an over-inflated feeling accompanied by burping and belching. The label on the jar is different and is not like the label on the jar above.""]",35.06258400011575,The available reviews do not provide enough information to answer this question.,True,124.75008399633225
G_034,REC_034,B009WX60N2,Electronics,short,descriptive,sentwin,1,where is the scan button,[UNANSWERABLE],,0,"[""KB_00299""]","[""Also as you scan you do not have to keep the mouse in the same position (in other words you can turn the mouse as you scan so you can pretty much scan in any direction and do not have to worry about keeping the mouse so straight). It is not a replacement for a flat bed scanner, but will scan in a larger area then most standard flat bed scanners.""]",11.194624996278435,The available reviews do not provide enough information to answer this question.,True,127.27666700084228
G_035,REC_035,B007XVYSZW,Toys_and_Games,medium,descriptive,sentwin,1,what is size of this toy?,[UNANSWERABLE],,0,"[""KB_00302""]","[""This toy looks cool and is pretty std size, not too small as I thought from pictures. My son's favourite things in the world are cars and dinos..like most other boys...""]",39.7158749983646,"The toy is a standard size, not too small. It appears to be suitable for a child, as the reviewer mentions their son likes it. The exact dimensions are not specified.",False,362.9379169942695
G_036,REC_036,B000FZP2XA,Toys_and_Games,long,descriptive,sentwin,1,I see that this comes with furniture but does it come with any dolls?,"No, it does not..... Sold separately",KB_00312,1,"[""KB_00312""]","[""The dolls, or lack thereof; I had assumed it would come with at least a few dolls but they need to be purchased separately. The furniture is ok but is incomplete.""]",37.17375000269385,"The product does not come with dolls, they need to be purchased separately. The set includes furniture, but it is described as incomplete.",False,306.71224999969127
G_037,REC_037,B005MZ4A7C,Beauty,medium,descriptive,sentwin,1,"When it's time to remove makeup & sealant, what do you use?",[UNANSWERABLE],,0,"[""KB_00328""]","[""This stuff is good for sealing your makeup. But don't buy it expecting it to stop makeup from smudging on your closthes.""]",15.217207997920923,The available reviews do not provide enough information to answer this question.,True,306.94558400136884
G_038,REC_038,B000FED594,Health_and_Personal_Care,medium,descriptive,sentwin,1,are they 100% cotton?? or is there some polyester??,"As others have stated, there is a cotton quilted side that is absorbant and the other side (pink) is waterproof. I've washed them a lot as I use them as potty pads for my dog and they hold up well in the washer and dryer. I just love the fact they're saving me money each time I use them.",KB_00335,1,"[""KB_00338""]","[""It has yet to be soiled so I cannot be sure. It feels like a cotton-type of material. The bottom material does feel like it would keep any stains away from the surface you are trying to protect.""]",13.568583002779633,"The material feels like cotton, but the composition is not explicitly stated. The bottom material is described as stain-resistant, which may suggest a different material, but the exact composition is not specified. The available reviews do not provide enough information to confirm if it is 100% cotton or a blend.",False,410.0987499987241
G_039,REC_039,B0027IVMWI,Toys_and_Games,long,descriptive,sentwin,1,What is the general age group this is for? I have a 6 year old nephew. thanks.,I think six is a great age for this toy. It's not full size so older kids would be disappointed. The flags are small but the goal is a decent size.,KB_00343,1,"[""KB_00342""]","[""I bought this for my 6 year old great grandson's birthday. He has really been into sports, specially football, since he was about 3 years old.""]",14.241750002838671,"This product appears to be suitable for a 6 year old, as one reviewer purchased it for their 6 year old great grandson. The reviewer also mentions that their great grandson has been into sports since he was 3 years old, suggesting it may be suitable for children around that age range.",False,407.2742089992971
G_040,REC_040,B004MDM6LC,Health_and_Personal_Care,medium,descriptive,sentwin,1,i want to know a size of the bags,They are standard size grocery bags,KB_00351,1,"[""KB_00354""]","[""I was very glad that I found these but was very disappointed with how thin the bags are. I need the bags to be a little thicker and  larger.""]",12.379332998534665,The available reviews do not provide enough information to answer this question.,True,268.86041599937016
G_041,REC_041,B005I5DJU0,Electronics,medium,descriptive,sentwin,1,What are the brackets made of?,Basically a hard plastic which is very fragile!,KB_00366,1,"[""KB_00363""]","[""It is made of plastic and the hinge adjustment is pretty flimsy. Video is pretty shaky unless you have a perfectly smooth tripod.""]",11.420292001275811,The brackets are made of plastic.,False,288.94470800150884
G_042,REC_042,B00DUVTPH0,Home_and_Kitchen,medium,descriptive,sentwin,1,is the pump metal or plastic?,"Plastic. The spout occasionally pops off. I've never had one do that before, however, I use mine for hand soap rather than lotion. I don't believe I would buy another one like it. Hope that helps you.",KB_00371,1,"[""KB_00371""]","[""The first, which is identical to this but ceramic and metal, came as advertised. This pump is advertised a metal, but the only metal part is the pump spring. Everything else is commodity grade plastic.""]",10.590541998681147,"The pump is mostly made of plastic, with the only metal part being the pump spring. Everything else is commodity grade plastic.",False,307.5304999947548
G_043,REC_043,B0057BUTUI,Home_and_Kitchen,medium,descriptive,sentwin,1,Are the lids on these a dark blue or a smoky gray/black?,They are like a medium blue. I was actually hoping they were gray/black but the blue still looks pretty.,KB_00377,1,"[""KB_00377""]","[""These canisters are great in size and I like the look of them. The color in the picture is not correct however, I thought the lid was black but it is actually blue, which is ok I guess. I would have liked them a lot better if they had been packaged better.""]",11.626874998910353,"The lids are blue, not black or smoky gray/black as the picture may suggest. The actual color is described as blue, which differs from the customer's initial expectation of black.",False,512.384416993882
G_044,REC_044,B0014CMQEQ,Pet_Supplies,long,descriptive,sentwin,1,My cat keeping peeing over the side. How can I train him to hit the target? Or install higher sides?,"I'm not sure... if you can figure out how to install a higher side on the inside of the litter box (maybe some thin plastic and some e6000 glue), that would be the solution... but if it's not a feasible alternative, maybe this is a bad litter box for your cat. Which is too bad, because we STILL love it. :) I hope you find a solution!!!",KB_00396,1,"[""KB_00396""]","[""They are supposed to be non-toxic, but the little one swallows them whole and choked pretty good a couple times. Also, my fat cat pees high on the side and then it drips through the crack between the box and the top piece. I found an IKEA cabinet with a hole on top and a slide out bin, and the litter box fits perfectly in it.""]",16.207583001232706,"One reviewer found a solution by placing the litter box inside an IKEA cabinet with a hole on top and a slide-out bin, which may help contain the mess. This could be an alternative to installing higher sides. The reviewer's litter box fit perfectly in the cabinet, potentially solving the issue of the cat peeing over the side.",False,435.34687499777647
G_045,REC_045,B007H7G6IE,Cell_Phones_and_Accessories,long,descriptive,sentwin,1,"works on HSDPA 850/900/1900/2100 frequencies 1900, I might say the detailed specifications, is a processed snagdragon s3 or s4. thanks?",[UNANSWERABLE],,0,"[""KB_00399""]","[""The phone is blue/gradient, not black.2. It was basically a Tmobile phone that is unlocked.The worse part, I'm unable to get the phone working on ATT network.""]",12.331291000009514,The available reviews do not provide enough information to answer this question.,True,217.14295799756655
G_046,REC_046,B001D4BZ56,Patio_Lawn_and_Garden,long,descriptive,sentwin,1,Should you use this product right away once you mix the can of it with a gallon of water?    I noticed crystals in my container  when I was done.,if you let it sit overnight it will crystallize on the bottom of the jug you mix it in. If you heat up the solution it will dissolve the crystals. I mixed up a can into a gallon milk jug. I have stored it for a time and when ready to use it again just put the jug into a pot of hot water and it will dissolve it back to useful liquid. You need to mix the solution with a long stick that reaches the bottom as you warm it to dissolve the solids.,KB_00409,1,"[""KB_00413""]","[""have had probs with termites and carpenter ants in the walls. several injections of this stuff over months has murdered them well.problem is it crystallizes in leftover bottle of water mix. heat it on stove and stir and it will go back into solution.""]",13.71474999905331,"No, you should not use the product right away once mixed, as it can crystallize in the leftover mixture. Heating the mixture on the stove and stirring can dissolve the crystals back into solution. This suggests that the product may require some preparation before use if it has been left to sit.",False,474.92233400407713
G_047,REC_047,B007QVWMAC,Toys_and_Games,long,descriptive,sentwin,1,"can they be filled by an bicycle air pump or at a gas station or do they require their own unique pump and if so, where can I purchase it?",You can not use a bike pump or gas station pump. You need a pump that will blow up a air matress. You can purchase them at job lot for ten bucks or on amazon,KB_00420,1,"[""KB_00418""]","[""You will not regret buying these. You might consider bringing your own air pump for convenience.""]",15.424707999045495,The available reviews do not provide enough information to answer this question.,True,134.43449999613222
G_048,REC_048,B000CFQM4G,Automotive,medium,descriptive,sentwin,1,Does the gauge have an auto dim feature?,"It does have an auto dim feature. The sensor is the little hole under ""14"" and above the LCD display (you can actually see it in the product picture). I have this and can confirm that the auto-dim does work.",KB_00427,1,"[""KB_00427""]","[""Works amazingly well. Easy to read in all light conditions, the auto dim feature was nice. Very detailed install instructions included make installation a breeze.""]",11.756874999264255,"The gauge has an auto dim feature, which helps with readability in various light conditions. This feature is mentioned as being nice by one of the reviewers.",False,274.75816699734423
G_049,REC_049,B007ZZQHSW,Sports_and_Outdoors,long,descriptive,sentwin,1,"Is this item bigger/heavier than this one: Spec-Ops Brand Recon-Wrap Multi-Season, Multi-Mode Head Gear (Woodland Digital)","I don't own the specific one you linked, but all of the Recon Wraps that I've owned have been the same. The closest any of them have been to being ""bigger"" is the multicam one I got on Amazon is longer than the ones that were issued or that I bought on base. But the longer ones mention it in their description generally so it shouldn't be a surprise.",KB_00440,1,"[""KB_00438""]","[""This is lightweight multi-mode multi- use head gear. Keeps head cool on hot days, cannot say about warmth in cool weather since its August in the south.""]",12.00270900153555,The item is described as lightweight. There is no comparison to another item in terms of size or weight.,False,306.86962499748915
G_050,REC_050,B005ONMFAQ,Cell_Phones_and_Accessories,medium,descriptive,sentwin,1,Is this a hard plastic case or a flexible rubber case?,It is more of a plastic case. I wouldn't reccomend getting it unless you really need a cheap phone cover and have no other options.,KB_00451,1,"[""KB_00455""]","[""It is important to not that the D710 case is different from the other and will only fit the Sprint version of the Galaxy S2. The case is hard plastic with a very slim profile and easy snap on installation. I would have given 5 stars but the plastic case is a little slippery resulting in a few accidents.""]",37.86945799947716,The case is made of hard plastic. It has a slim profile and is easy to install with a snap-on design. The plastic material is also noted to be somewhat slippery.,False,221.90074999525677
G_051,REC_051,B000EMDB3C,Home_and_Kitchen,long,descriptive,sentwin,1,Do both sides brew at the same time or do they have separate timers? Does it even have delayed brewing timers?,Both brew at the same time unless you have it set for only brewing one cup. There is no timer for delayed brewing. It works very well this way for my purposes.,KB_00464,1,"[""KB_00465""]","[""This is the only machine we could find that does this. The concept is perfect in brewing two different coffees at the same time. The #1 Melita filter fits for those of us who like that additional filtering.""]",30.890375004673842,"The machine can brew two different coffees at the same time, but it does not have information on separate timers or delayed brewing timers. Both sides appear to brew simultaneously.",False,290.0517919988488
G_052,REC_052,B00G11D5JA,Cell_Phones_and_Accessories,medium,descriptive,sentwin,1,How to install this screen protector?,[UNANSWERABLE],,0,"[""KB_00469""]","[""This screen protector is top notch! It truly does what it says with the anti glare and it is fabulous.""]",11.13091700244695,The available reviews do not provide enough information to answer this question.,True,136.5899999946123
G_053,REC_053,B003NRHAH8,Electronics,medium,descriptive,sentwin,1,Will this work on my Sony Nex 7?,Yes,KB_00477,1,"[""KB_00477""]","[""This is a nice and compact lens which I enjoy using on my NEX 7. Unfortunately, its sharpness is somewhat lacking especially when placed in more challenging situations (eg.""]",12.972082993655931,"This lens will work on a Sony Nex 7, as one reviewer has successfully used it on their NEX 7. However, they noted some issues with sharpness in certain situations.",False,409.2520410049474
G_054,REC_054,B006FJCLI4,Sports_and_Outdoors,long,descriptive,sentwin,1,"I want to use this phone in Europe, and do not intend to use it in US with T-Mobile.  Can I get an unlocked version of this phone?",This phone can be unlocked with a 4 digit code and you can get those online at unlock codes dot com or you can find them from T-Mobile. eather way you can use this phone if you do get that. Thanks for asking.,KB_00487,1,"[""KB_00491""]","[""My husband and I  have had a T-Mobile phone plan for ~10 years, so do all my grown children. We talk to each other using the free T-Mobile to T-Mobile plan. Anyway, another phone broke, instead of renewing a contract every time a new phone is needed, we buy one from Amazon.""]",32.70037499896716,The available reviews do not provide enough information to answer this question.,True,307.14058299781755
G_055,REC_055,B005KP1E14,Toys_and_Games,medium,descriptive,sentwin,1,What is the difference between this helicopter and the MCX RTF,"If you are interested at all in advancing your skills and learning to fly bigger RC helicopters, get the MCX or better yet the MCX2. These are 4 channel helis and the controls will be correct on the transmitter. The Scout is 3 channel and the controls will not teach you how to fly an RC helicopter correctly.",KB_00499,1,"[""KB_00505""]","[""This is my first RC helicopter and I love it.Pros:Not expensiveSmallEasy to flyCons:Battery can only last about 10 minsRecommended for RC Helicopter beginners!""]",27.045875001931563,The available reviews do not provide enough information to answer this question.,True,224.65233399998397
G_056,REC_056,B007TGMJ4S,Pet_Supplies,medium,descriptive,sentwin,1,what are the dimen of this product? holong and wide is it,[UNANSWERABLE],,0,"[""KB_00507""]","[""Now as for the product itself. It pretty much does what it says.""]",11.937208000745159,The available reviews do not provide enough information to answer this question.,True,264.33041699783644
G_057,REC_057,B004WMP03E,Home_and_Kitchen,medium,descriptive,sentwin,1,How thick is the Stainless Steel Measuring cups? Some are quite thin.,You're right--these are thin.,KB_00518,1,"[""KB_00518""]","[""It's hard to tell by the pictures but the cups are quite thin, you can squeeze the sides and they give quite a bit (I think if I tried I could completely bend them inward). I guess they're okay for the price.""]",13.211917001171969,"The Stainless Steel Measuring cups are quite thin, as they can be squeezed and bent inward, giving significantly when pressed. They are not very sturdy. This thinness is noticeable, even when considering the price.",False,335.11799999541836
G_058,REC_058,B003L14UCO,Office_Products,long,descriptive,sentwin,1,"What is the capacity?  For example, Brother's cartridge says it'll print 2600 sheets at 5% coverage.","2600, give or take a couple hundred. Remember that this is 5% coverage. I get about 1800 to 1900 with full text pages. About four reams of paper.",KB_00530,1,"[""KB_00530""]","[""This cartridge yielded only 938 pages, far short of the 2600 that a true \""high-yield\"" would print. Also, the print quality was deteriorating rapidly over the last several hundred pages.""]",11.656041999231093,"The capacity of this cartridge is 938 pages, which is less than the expected 2600 pages at 5% coverage. The actual coverage percentage is not specified in the reviews.",False,236.0015829981421
G_059,REC_059,B000BKY63G,Tools_and_Home_Improvement,long,descriptive,sentwin,1,can I purchase extra rail clamps for other tools such as a drill press or scroll saw?,Yes the part number is PM-7002 available on Amazon.com,KB_00541,1,"[""KB_00536""]","[""If you are going to use this in one location for extended periods of time then I would highly recommend it. The beauty of this beast is the fact that you can buy additional clamps and mount whatever you want on it. I am building out my woodshop and needed a space saving alternative for various benchtop tools.""]",14.222333003999665,"Yes, you can purchase extra rail clamps for other tools. The system allows for additional clamps to be bought, enabling the mounting of various tools on it. This makes it a space-saving alternative for multiple benchtop tools.",False,310.23637500038603
G_060,REC_060,B002HRET4M,Patio_Lawn_and_Garden,long,descriptive,sentwin,1,"Just installed the Baracuda, it continuously gets stuck on the pool ladder. I followed the instructions is there someting we can do to fix this?","I am saying this based on my experience, I had control valve set more suction to baracuda than skimmer. Once I changed set up to be neutral for sharing suction power between baracuda and skimmer, it started behaving the way it should. I hope this resolve your problem",KB_00552,1,"[""KB_00555""]","[""The one thing that could be improved is its mobility. It gets stuck on the side of my pool steps all the time.""]",11.46162499935599,"The issue of getting stuck on pool steps is a known problem, with at least one user experiencing it. You are not alone in this issue, as another user has reported the same problem with the product's mobility.",False,302.4370839993935
G_061,REC_061,B001KW0BE2,Home_and_Kitchen,long,descriptive,sentwin,1,"Will it remain stable if the cardboard backing is not put on? I have beautiful wood paneling on my wall, and I would like it to be visible through it.",I highly doubt it. The backing actually stabilizes the overall frame.,KB_00557,1,"[""KB_00557""]","[""The shelf looks ok from a distance but the back is actually black cardboard. It is VERY unstable.""]",10.227124999801163,"The product is described as VERY unstable, which suggests that it may not remain stable without the cardboard backing. This instability may be a concern if you plan to use it without the backing.",False,312.93545800144784
G_062,REC_062,B002KJSD8K,Beauty,medium,descriptive,sentwin,1,what type of smell does it have,It is a very light not unpleasant smell that dissipates quickly. It is not floral at all.,KB_00574,1,"[""KB_00566""]","[""I think this works well. Doesn't smell great but also doesn't bother me. I bought one for my mom too.""]",10.956250000162981,"It doesn't have a great smell, but the intensity is not bothersome. The exact type of smell is not specified.",False,475.2228750003269
G_063,REC_063,B001RTL5L6,Sports_and_Outdoors,medium,descriptive,sentwin,1,How do you turn off/on and is there an auto shut off?,There is a little black button to push for on and off and setting what mode you want them in.  They will automatically shut off after about 5 minutes if the wheels are not in motion.,KB_00584,1,"[""KB_00580""]","[""This means if you use rechargeable AA's you have to remove the batteries from their bays. One of the units I own tends to turn itself off while I am riding. This tends to happen at least once every ride.""]",11.33841599948937,"The device can be turned off by removing the batteries, and it appears to have an auto shut off feature, as one unit tends to turn itself off during use. The exact method to turn it on is not specified. There is no clear information on how to manually turn it off without removing the batteries.",False,375.4422920028446
G_064,REC_064,B0018B15FE,Health_and_Personal_Care,long,descriptive,sentwin,1,"Using Charlie's without cleaning the machine? has anyone used this soap in a laundromat or apartment building machine where it's nearly impossible to clean the machine?I've heard great reviews of this soap, but I don't really control my washing machine environment as much as I'd like to, since I don't have my own machines - if the soap's going to suck in this environment, I'd rather know ahead of time and not buy it.",[UNANSWERABLE],,0,"[""KB_00586""]","[""I've been using Charlie's soap for my laundry for over 6 years and I'll continue to use it because I love it so much! It's a great product, gets rid of more stains than any other soap I've used, it's a great deal because there's up to 100 loads per can, safe for the environment, safe for babies and anyone with sensitive skin (my family) or allergies, works in any washer, and I like that it has no added smell.""]",39.18687500117812,"The soap works in any washer, according to a user who has been using it for over 6 years. This suggests it can be used in a laundromat or apartment building machine without issues. It is also safe for the environment and sensitive skin, which may imply it won't cause problems in a shared machine.",False,487.22462500154506
G_065,REC_065,B002HDYD88,Home_and_Kitchen,long,descriptive,sentwin,1,"Anyone using them on carpet? How stable are they? If you were to just sit your speakers on them (without any tac) , would that be ok?",They come with metal spikes for the bottom of the stand. These extend down into the carpet and create a pretty stable platform. Mine have nothing attaching the speaker to the stand (just gravity) and they are plenty stable on carpet.,KB_00597,1,"[""KB_00605""]","[""I did not countersink it;however, as the little rubber grips for your speaker bottoms hold the speakers above that screw. I was worried about stability because I have a 4 year old who plays near these, but no problems as they are very stable with smallish speakers like mine.""]",11.338290998537559,"The speakers are stable on the stands, even with a 4-year-old playing near them, and the rubber grips hold the speakers in place. The reviews do not specifically mention carpet, but the speakers can be placed on the stands without any tac. The stability seems sufficient to support smallish speakers.",False,513.7463329956518
G_066,REC_066,B00165XQWW,Electronics,long,descriptive,sentwin,1,Is it light weight? I have the Logitech M325 and I love everything about it except that it's a little heavier than I'd like since I'm a gamer.,The answer is that it is lightweight and easy to use.  I'm currently using only the 450 with my laptop.,KB_00612,1,"[""KB_00609""]","[""What can i really say about this mouse except that i love it to death, got it for use in playing the MMORPG - Perfect World on my home computer cabled logitech kept getting snagged. This mouse work great the reciever is so small i can plug it in the front usb port and forget that it is even there since it does not stick out and hurt any thing at all.""]",13.299624995852355,The available reviews do not provide enough information to answer this question.,True,182.31370899593458
G_067,REC_067,B007J3FAJ2,Toys_and_Games,medium,descriptive,sentwin,1,where to get replacement balls for Fisher-Price Cruise and Groove Ballapalooza?,[UNANSWERABLE],,0,"[""KB_00616""]","[""I uploaded a photo that compared the balls for this toy with some of their other similar toys.I couldn't find replacement balls for the Ballapalooza on the Fisher-Price website but I called their customer service department a couple of weeks ago and was able to get a replacement set for the newly released Fisher-Price Ballcano. Fisher-Price service has a great reputation.The price is a bit high but if this toy lasts as long as my other toys from Fisher Price, it's absolutely worth it.""]",11.806457994680386,The available reviews do not provide enough information to answer this question.,True,526.3639580007293
G_068,REC_068,B001ELX290,Health_and_Personal_Care,medium,descriptive,sentwin,1,what is the active ingredient that inhibits hair growth in this product?,This isn't a hair inhibitor. It stops ingrown hairs.,KB_00626,1,"[""KB_00626""]","[""Works great! has really helped reduce ingrown hair from waxing. Use it every night after my shower.""]",10.259417002089322,The available reviews do not provide enough information to answer this question.,True,129.07808299496537
G_069,REC_069,B0066FET1Y,Grocery_and_Gourmet_Food,short,descriptive,sentwin,1,what are the ingredients,[UNANSWERABLE],,0,"[""KB_00636""]","[""We love this product . Thank you for taking the time to find the ingredients and make such a wonderful product. I appreciate being able to drink something with no side effects.""]",34.78408299997682,The available reviews do not provide enough information to answer this question.,True,114.8679589969106
G_070,REC_070,B0057R27YI,Electronics,long,descriptive,sentwin,1,Will this lens work with a Rebel Xsi?  my telephoto lens was dropped so I am looking for something else to purchase.,"I am not positive but think it will. When I purchased the adaptor to fit it to my Rebel T3, it listed a lot of other canon cameras that it also fit. If all canon cameras can fit the same lenses, then the adaptor would do the same. It's been a fun lens, does take some extra moments when focusing.",KB_00647,1,"[""KB_00651""]","[""Built quality of Lens is OK but very heavy, it is rather a terrestrial camera telescope than a Lens to put it right. The T-Mount provided with the Lens for Canon EOS is not up to the mark as in my case with careful handling it has got broken, the thread is loose can't be fixed to lens anymore.""]",33.04095800558571,"The lens comes with a T-Mount for Canon EOS, which suggests it may be compatible with Canon cameras, but its compatibility with a specific model like the Rebel Xsi is not confirmed. The review does mention the T-Mount is provided for Canon EOS, which includes the Rebel series. However, the review does not specifically mention the Rebel Xsi model.",False,528.2165839962545
G_071,REC_071,B00021LQ0U,Home_and_Kitchen,long,descriptive,sentwin,1,Would like it to hold my favorite Lysol wipes. What is the measurement from handle to edge? The picture shows a roll of paper towels so it looks wide.,"I just measured the one I purchased, and if you are measuring from edge of handle to inside edge it is about 5 1/4 inches (that is the area across where the paper towel roll is), I just put a jumbo Clorox canister in and fits nicely, I was surprised when I got this as it is a work horse, not one of those flimsy plastic totes, you will not have any problem putting your Lysol wipes in this as it is large. Since it is very sturdy it is heavier and not bendable.  I have one under my kitchen sink full of all the items I use regularly so I don't have to hunt, just pull the tote out and ready to go. I am very pleased with the quality of the tote that I plan to get another one for my work tools, hope this helps you.",KB_00654,1,"[""KB_00662""]","[""I bought this product to keep my cleaning items tidy under the sink and so I could easily carry them around when cleaning the housing.....it is much bigger than I imagined but this is truly a solid product and works well for what I needed it for. Easily fits my cleaning products and paper towels. I am debating ordering another one for the car stuff!As for the shipping it arrived ahead of the estimated date!""]",32.143666001502424,The available reviews do not provide enough information to answer this question.,True,204.2496660069446
G_072,REC_072,B002HKCEAA,Toys_and_Games,long,descriptive,sentwin,1,What should I do to stop the propellers from falling off the rods? The rotation causes them to come right off.,Call the manufacturer they are real great with help.734-502-8796.,KB_00667,1,"[""KB_00672""]","[""Look for replacement propellers in the box. There aren't any.""]",13.139374997990672,The available reviews do not provide enough information to answer this question.,True,217.7524579965393
G_073,REC_073,B001GCU0TW,Health_and_Personal_Care,medium,descriptive,sentwin,1,what are all ingredients? i am looking for no aspirin. thank you!,"Alka-Seltzer ""Heartburn"" contains no aspirin. It is formulated to treat only heartburn (indigestion). Active ingredients are anhydrous citric acid and sodium bicarbonate, both antacids. The package it comes in is very similar in appearance to the Alka-Seltzer package which does have tablets containing aspirin. You have to look carefully. They both have ""Lemon Lime"" on the front cover.",KB_00682,1,"[""KB_00674""]","[""No aspirin need I say more! It makes a difference if you take other medications.""]",15.89941700513009,The product does not contain aspirin. The reviews do not provide a comprehensive list of all ingredients.,False,293.74779199861223
G_074,REC_074,B0093HHGD0,Home_and_Kitchen,long,descriptive,sentwin,1,Did it shrink in size after you washed and dried it?  I'm afraid it might be too small for my queen bed if it shrinks any.,"The first time I washed the quilt I hung it out to dry and then the second time I actually put it in the dryer cause I was in a hurry. I didn't see a change in sizing. At the time I was using it on a twin sized bed before I bought the full that I have now. When I made the bed after putting it in the dryer the quilt hung the same length on both sides that it had before washing. It didn't change at all. I have had this quilt now for about 6-7 months and I am still very satisfied with it. I'm also pretty sure that the tag might say preshrunk but I'm not sure, I'd have to look, but mine didn't change in size at all after washing and drying. Hope this helps!",KB_00686,1,"[""KB_00692""]","[""I did love this, but, it did shrink a lot. I would not recommend it.""]",20.160209001915064,The product did shrink a lot after washing and drying. This shrinkage may affect its fit on a queen bed.,False,307.1570409956621
G_075,REC_075,B008KEJ1LM,Health_and_Personal_Care,short,descriptive,sentwin,1,ease of comb removal,the comb removal is very easy to remove and put back on. So far this product has been great and is a great buy.,KB_00698,1,"[""KB_00703""]","[""I love it for a quick trim of the beard. Saves a lot of time compared to using a comb and scissors.""]",11.33454200316919,"The product saves time compared to using a comb and scissors, implying that comb removal may not be necessary or is easy with this product. It allows for a quick trim of the beard. This suggests ease of use without a separate comb.",False,1403.944917001354
G_076,REC_076,B0047YVIEC,Electronics,medium,descriptive,sentwin,1,Will this battery work with a Linux OS?,[UNANSWERABLE],,0,"[""KB_00705""]","[""Don't want to say anything bad about seller. This is my 2nd battery for laptop and none will stay charged so I assume that it is my laptop. Never returned this because it was my 2nd purchase that didn't work so I assumed it is not the product.""]",12.758249999023974,The available reviews do not provide enough information to answer this question.,True,306.9259170006262
G_077,REC_077,B0045JSO32,Electronics,long,descriptive,sentwin,1,"Can you run a single monitor with this?  Basically, I have a DMS59 card and a standard VGA monitor.  Just want to use the card and the monitor.","Yes, you can. You don't have to use 2 monitors. For the card or cable to work properly",KB_00721,1,"[""KB_00714""]","[""Be aware the VGA's are both female so if you have male ports to plug in with it will work perfectly.. I have a monitor with a built in VGA outlet to plug into this adapter and it works perfectly. No issues of any sort.The OTHER display i have is another story.""]",12.482541002100334,"The adapter works with a standard VGA monitor, as long as the connection is compatible, such as a monitor with a built-in VGA outlet or a male-to-female VGA connection. This suggests that you can run a single monitor with this adapter and your DMS59 card.",False,440.86999999854015
G_078,REC_078,B00IYQXZFO,Home_and_Kitchen,medium,descriptive,sentwin,1,what is the eer rating of unit..,[UNANSWERABLE],,0,"[""KB_00724""]","[""Other than the holding aspect, installation was simple.I was over at my dad's house yesterday, and saw one of his window air conditioners. I don't know the BTU rating of that, but it looked HUGE compared to this compact Frigidaire model.I like the simple, no-BS controls on this unit.""]",12.271999999938998,The available reviews do not provide enough information to answer this question.,True,275.46191600413295
G_079,REC_079,B00IAHRIUA,Cell_Phones_and_Accessories,medium,descriptive,sentwin,1,Does this come with the little stand?,[UNANSWERABLE],,0,"[""KB_00738""]","[""This little item is small enough to always take with you. No additional App required, just connect via Blue Tooth and use.""]",17.010957999445964,The available reviews do not provide enough information to answer this question.,True,122.19916600588476
G_080,REC_080,B002N0MZLM,Health_and_Personal_Care,medium,descriptive,sentwin,1,Does the 1 oz. bottle include a dropper?,[UNANSWERABLE],,0,"[""KB_00746""]","[""Tea tree oil has so many great uses & this one from NOW is a wonderful oil! Love the dropper-top, great 2 ounce size, super fast shipping with Prime! Thanks Amazon!""]",40.460917000018526,The available reviews do not provide enough information to answer this question.,True,287.60208300082013
G_081,REC_081,B006ZPCQBA,Cell_Phones_and_Accessories,medium,descriptive,sentwin,1,Is there WIFI hotspot capability with this LG cell phone?,[UNANSWERABLE],,0,"[""KB_00756""]","[""So clearly it was using more power than it could take in. I haven't rooted the Marquee yet, so I have not used it as a hotspot.""]",14.62412499677157,"The phone can be used as a hotspot, but the reviewer has not used this feature yet. The capability is mentioned as a potential use, implying it is available on the device.",False,560.9669999976177
G_082,REC_082,B000EDNCJO,Health_and_Personal_Care,long,descriptive,sentwin,1,These just arrived but they look used... Is the blade supposed to come clean?,[UNANSWERABLE],,0,"[""KB_00769""]","[""It gets worst in the summer when its humid.2. The blade actually started to rust!""]",13.849792005203199,The available reviews do not provide enough information to answer this question.,True,499.32887500472134
G_083,REC_083,B0032536QK,Pet_Supplies,long,descriptive,sentwin,1,"Is 24-30"" bright enough for 29 gallon long tank with dwarf baby tears as carpet plants?",No. This light only works for low light plants. Dwarf baby tears need a much brighter light than this one.,KB_00776,1,"[""KB_00774""]","[""Build quality seems fine but no way this light is good for any tank wider than 24&#34;. I have a 29 gallon tank that is 30&#34; wide and this light is too small I had to return it. The light is 24&#34; wide and the bulbs are 3&#34; from each end, so on a 30&#34; tank there is 6&#34; between edge of tank and a light.""]",14.523000005283393,"The available reviews suggest that a 24"" light may not be sufficient for a 29 gallon long tank, as it leaves 6"" of uncovered area on a 30"" wide tank. This may not provide enough light for carpet plants like dwarf baby tears. A 24-30"" light may not be bright enough for this setup.",False,716.3862499946845
G_084,REC_084,B00822VUSY,Cell_Phones_and_Accessories,long,descriptive,sentwin,1,"It says that there is an Anti-Fingerprint Screen Protector Comes Pre-Installed, what if i wanted to change the installed screen protector? Can i do it",Yes you can,KB_00783,1,"[""KB_00783""]","[""After all my work, the screen looked different, but i immediately realized that it was due to the screen protector that was pre-installed on it. It is a anti-fingerprint screen protector, so it feels a bit weird. But you can take it off.I found that it fit perfect and worked accordingly, and thats all it needed to do.""]",16.848083003424108,"Yes, you can change the installed screen protector as it can be taken off. The pre-installed anti-fingerprint screen protector feels a bit weird but can be removed.",False,337.7720000062254
G_085,REC_085,B007HIQD5Y,Health_and_Personal_Care,long,descriptive,sentwin,1,What's the difference between this product and an electric blanket?  Which is better to keep an older person warm?,This is an exceptional product! Originally I was looking for a large heating pad for my Mom when this product came up in the Amazon search. Mom is 88 and suffers with arthritis and is always cold. The wrap exceeded what I had hoped to purchase. It is the perfect size to wrap around her shoulders as her upper body and the softness of the material is wonderful. The three heat settings gives her a choice to warm her up quick and then lower setting to maintain the heat. Mom's hands are always cold. The Wrap is long enough to cover her hands. She likes that the best. Because of her arthritis in her hands she has trouble holding the Wrap closed. To fix this I sewed a pocket into the corners of the Wrap that hers hands slip into. It works very well and Mom is very very happy with the results. The Wrap doesn't work as well as a electric blanket but I was looking for a should wrap. Thank you!,KB_00793,1,"[""KB_00793""]","[""My mother wanted an electric blanket but my dad is always too warm. This product was a nice choice to keep her warm without being so big it covered the whole bed.""]",12.379249994410202,"This product is a smaller alternative to an electric blanket, suitable for keeping one person warm without covering the entire bed. It may be better for an older person who shares a bed with someone who prefers a cooler temperature.",False,437.27641699661035
G_086,REC_086,B004QIPKNY,Electronics,long,descriptive,sentwin,1,Do you need an outlet adapter to operate this in the US ?,"No, this is made to be used in the US. It has a standard US cord and works in the US outlets. It plays all the different region DVDs, including region 1 (US and Canada).",KB_00811,1,"[""KB_00810""]","[""This DVD player does not play a lot of American DVDs. If you live in the US, DO NOT BUY THIS!! !""]",16.14562499889871,The available reviews do not provide enough information to answer this question.,True,174.31712499819696
G_087,REC_087,B002AEOY42,Home_and_Kitchen,medium,descriptive,sentwin,1,what are the dimensions of this trash can?,[UNANSWERABLE],,0,"[""KB_00821""]","[""This is the perfect size trash can for my toddler's room. The push top is easy for her to lift and secure enough for the dogs not to.""]",11.8335000006482,The available reviews do not provide enough information to answer this question.,True,116.72245799854863
G_088,REC_088,B005J31O6M,Electronics,short,yesno,sentwin,1,will this fit a c655-s5504?,"Its been a while since I installed this, but if your computer has a 4 prong plug, it should connect to the power connector just fine. I had a little trouble getting it in the connector case slot to get the case closed, but it finally went. Watch the You Tube video on power connector repair for this model, although he removes the connector from the board a little quick to see, it is not hard to replace. Just make sure to look at the orientation of the pins and polarization fins when you take the old one off. I saved my student $60 with the repair!",KB_00826,1,"[""KB_00826""]","[""Installed in Toshiba Satellite C655. Distance between power adapter connector and choke in wire was shorter than OEM piece.""]",15.694041998358443,"This product will fit a Toshiba Satellite C655, as one reviewer installed it in the same model. However, the distance between the power adapter connector and choke in the wire was shorter than the OEM piece.",False,278.324667000561
G_089,REC_089,B008VH8TW0,Health_and_Personal_Care,medium,yesno,sentwin,1,does it fit with Tens Handheld device?,Fits perfectly and works very well! Highly recommended.,KB_00834,1,"[""KB_00834""]","[""this product works well with my tens unit and has saved me a lot of discomfort. well done and a good price too""]",12.130667004385032,This product works well with a Tens unit. It has been used with one and provided relief from discomfort.,False,248.37975000264123
G_090,REC_090,B0015ADLOQ,Electronics,long,yesno,sentwin,1,"if one unit is mounted inside front door, will it be heard by door bell ringer?","These units are intercoms where where you push a button and call and talk to the other unit. There is also a monitor feature, which would drain the batteries quickly so if using this feature opt for a DC converter (extra purchase but possible). In the monitor phase, if I understand you correctly,  you could set up one unit near the doorbell ringer to project the sounds to the second unit. As an alternative David, explore a second doorbell ringer which would ring along with the first and place it where you would have placed the intercom. If there is attic access or a ranch home with an unfinished basement the second ringer should be easily installed.",KB_00843,1,"[""KB_00850""]","[""I followed the instructions  but could not get it to work. nnot a sound from either unit. I returned them and got a full refund.""]",14.760707999812439,The available reviews do not provide enough information to answer this question.,True,220.17720800067764
G_091,REC_091,B006KXDWJC,Beauty,short,yesno,sentwin,1,"is this a ""tingly"" lotion?",[UNANSWERABLE],,0,"[""KB_00857""]","[""I did try a different lotion and my face didn't tingle at all. Just a little weird but I'd still recommend this lotion.""]",15.49904199782759,"The lotion may cause a tingling sensation, as the reviewer mentions their face didn't tingle with a different lotion, implying it did with this one. However, the reviewer finds it only ""a little weird"", suggesting the sensation is not extreme.",False,700.3160000022035
G_092,REC_092,B003GBNKCU,Toys_and_Games,short,yesno,sentwin,1,is he full silicone,[UNANSWERABLE],,0,"[""KB_00866""]","[""I LOVE him a lot and totally recommend getting him. He is just adorable!!! (:""]",14.012666004418861,The available reviews do not provide enough information to answer this question.,True,117.62745900341542
G_093,REC_093,B008BCQP80,Automotive,long,yesno,sentwin,1,"For the passenger side mirror, is the main (larger) mirror flat or convex.",[UNANSWERABLE],,0,"[""KB_00870""]","[""Very nice quality product! Easy to install- watched a youtube video on removing the door panel before hand which was very helpful.""]",14.069666001887526,The available reviews do not provide enough information to answer this question.,True,215.6485830055317
G_094,REC_094,B0000E2E9S,Health_and_Personal_Care,medium,yesno,sentwin,1,can i wear this bace for volleyball?,"Yes, this is appropriate for volleyball. Most of the girls on my daughter's team wear this brace or something similar.",KB_00875,1,"[""KB_00873""]","[""I feel all volleyball players need to wear braces. Prevent an injury before it happens.""]",12.471042005927302,The brace is recommended for volleyball players to prevent injuries. It is suggested that all volleyball players wear braces. This implies that the brace can be worn for volleyball.,False,290.1533339972957
G_095,REC_095,B00HD7IX7K,Electronics,medium,yesno,sentwin,1,is it free shipping to Singapore?,[UNANSWERABLE],,0,"[""KB_00888""]","[""My initial impression taking this laptop out of the box was positive. I've only owned one other ThinkPad before (a T60) which I was very happy with.""]",12.397874997986946,The available reviews do not provide enough information to answer this question.,True,114.80333299550693
G_096,REC_096,B008G0QB18,Home_and_Kitchen,medium,yesno,sentwin,1,does it work on induction cooktops?,[UNANSWERABLE],,0,"[""KB_00896""]","[""Cleans up easily just as advertised and cooks great even browning meats evenly. What was really great was frying an egg it did not stick to the pan at all but I did have to spray the turner because it did stick to it..  Kudo's for this cookware!!!! !""]",9.779542000615038,The available reviews do not provide enough information to answer this question.,True,191.97370800247882
G_097,REC_097,B0002AHQWS,Toys_and_Games,long,yesno,sentwin,1,"I'm thinking on this for my 7 & 9 year old grandsons, do I need anything extra?",[UNANSWERABLE],,0,"[""KB_00906""]","[""They loved it! 7 yr. old grandson also enjoyed it and will need his own set soon. Unique, educational.""]",15.42899999913061,The available reviews do not provide enough information to answer this question.,True,204.82416700542672
G_098,REC_098,B00AM7M40U,Toys_and_Games,short,yesno,sentwin,1,does this come assembled?,No but it's easy to put together,KB_00914,1,"[""KB_00914""]","[""I love if easy assemble and my daughter is in love with it ... Totally recommend she loves the lights radio is very loud and you can even hook your phone up and play music""]",11.262708001595456,"This product does not come fully assembled, as one reviewer mentioned it has an ""easy assemble"".",False,180.5509589976282
G_099,REC_099,B00C2P6VUY,Toys_and_Games,long,yesno,sentwin,1,can we ride it on the road ? in a cul-de-sac I mean .,No,KB_00915,1,"[""KB_00915""]","[""It was love at first sight. She is able to ride it with ease. However, you need a smooth surface and it only goes straight thus the 4 stars.""]",10.477667005034164,"The product requires a smooth surface, which may be available in a cul-de-sac, but it only goes straight. This suggests it may be suitable for riding in a cul-de-sac, but its limitations should be considered. It is not explicitly stated that it is allowed on roads, but a cul-de-sac might be a possible exception.",False,614.9828339985106
G_100,REC_100,B002VWK0OG,Health_and_Personal_Care,medium,yesno,sentwin,1,can this be used over the toilet?,[UNANSWERABLE],,0,"[""KB_00932""]","[""Wife severly sreained ankle. Medication/injury precluded access to bathroom.Item is very sturdy and stable,This allowed her to swing from bed to commode with ease.Assmbly is snap togeather, Adjustments are easy.It has made a difficult situation very manageable.Side note: This unit would be very adaptable to emergency situations i.e. natural disasters!""]",11.956499998632353,"The product can be used with a commode, but there is no specific information about using it over a toilet. It is described as sturdy and stable, which may suggest potential for various uses, but its suitability for over-toilet use is not mentioned.",False,509.64024999848334
G_101,REC_101,B00149HIMY,Sports_and_Outdoors,medium,yesno,sentwin,1,is this ball made in china?,[UNANSWERABLE],,0,"[""KB_00942""]","[""A good quality ball from the Wilson family. I am concerned that the grip will not hold up, but so far so good.""]",10.905791998084169,The available reviews do not provide enough information to answer this question.,True,114.57499999960419
G_102,REC_102,B002I5NO1C,Patio_Lawn_and_Garden,short,yesno,sentwin,1,will it deter raccoons?,"I have to say ""Yes"". We were having a problem until I put my extension hanger up. They have given up!",KB_00946,1,"[""KB_00951""]","[""Purchased this to try and keep raccoons out of our birdfeeder. So far, they can't figure out how to get out on the pole.""]",10.18925000244053,"The product appears to deter raccoons from accessing the birdfeeder, as they are unable to figure out how to get out on the pole. It has been effective in keeping them out so far.",False,409.65054200205486
G_103,REC_103,B009L1SDL2,Home_and_Kitchen,medium,yesno,sentwin,1,is it worth the price for k-cups use only,"I need to modify my review, bc since then, I've had intermittent problems with it spitting and spewing water. Further, the coffee tastes different, almost burnt, sometimes; different from my Mr. Coffee at home. (I use this cheap one at work.)   I would advise against the purchase. Go with Mr. Coffee or Keurig.",KB_00955,1,"[""KB_00964""]","[""Bought this because I wanted a single cup brewer that uses K-cups for my office and it was half the price of the Keurig. It was a mistake the design is very poor.""]",11.013916999218054,The available reviews do not provide enough information to answer this question.,True,399.2439590001595
G_104,REC_104,B009D3Y0M4,Toys_and_Games,short,yesno,sentwin,1,is this helicopter durable,Its durable as long as you dont crash it! It has no cushioning if lands hard the legs that hold the runners will crack.,KB_00967,1,"[""KB_00967""]","[""I found this an amazing first helicopter. This being my introduction to the remote control world, my heli suffered many crashes on the first day.""]",12.337332998868078,"The helicopter survived many crashes on the first day, suggesting it is durable. It withstood the impacts without any reported damage. This indicates a level of durability, at least for a beginner's helicopter.",False,296.4349169997149
G_105,REC_105,B000OYJ9AO,Beauty,short,yesno,sentwin,1,is it good for face?,Yes,KB_00983,1,"[""KB_00979""]","[""Also, the Herbal smell is amazing! I only use it on my body not my face!""]",12.752624999848194,The product is not used on the face by at least one reviewer. The available reviews do not provide enough information to determine if it is good for face use.,False,189.65449999814155
G_106,REC_106,B008OHZ1XW,Home_and_Kitchen,long,yesno,sentwin,1,WHat if I drop this bad boy into a 5 gallon glass container...will the scoby eventually grow to the size of the giant container?,The baby scoby will take the size of whatever container the mother scoby is placed in. I have a 2.5gal container and the new baby scoby that was formed was huge. I can only imagine how large it will become in the 5gal container!,KB_00991,1,"[""KB_00991""]","[""Came as described, beautiful culture not as good in picture but the babies that came from it are strong and produce delicious tea. New scobys are so thick I have to keep taking them out cause they're taking up so much room in my two gallon jar! Awesome product and THANKS!""]",12.786625004082453,"The scoby can grow to take up a significant amount of space, as one reviewer had to remove new scobys from a 2-gallon jar due to their size. It is likely that the scoby will grow to fill a larger container, but the exact size it will reach in a 5-gallon container is not specified. The scoby's growth may be limited by the container's size and the available nutrients.",False,568.0525839998154
G_107,REC_107,B00CYFEUVE,Toys_and_Games,medium,yesno,sentwin,1,can I to change the FURBYS lenguage from english to spanish??... thanks,No,KB_00995,1,"[""KB_00996""]","[""I live in Brazil, and I bought this item and bring with me...When I tried to use, the Furby was not working, he is sleeping all the time, never Wake up...I need to know how can I change ou fix it, because Im going to USA this month again.Thanks.Vanessa.""]",17.286499998590443,The available reviews do not provide enough information to answer this question.,True,136.91749999998137
G_108,REC_108,B002CZ07HC,Tools_and_Home_Improvement,long,yesno,sentwin,1,will this fixture cast a lot of shadows/ patterns of the sphere on the wall and floor?,"I notice the shadows on the ceiling more than anything. However, the wall the fixture is in front of is windows with blinds, and they're not very reflective. Also, I have the fixture over my dining table, so not a lot of light hits the floor.",KB_01008,1,"[""KB_01006""]","[""This fixture is gorgeous and puts out a lot of light. It's also about 50% of the price of similar designer fixtures.""]",12.284707998333033,The available reviews do not provide enough information to answer this question.,True,135.53083300212165
G_109,REC_109,B00ANUCV2M,Pet_Supplies,long,yesno,sentwin,1,"When spraying this in the yard, will it destroy any plants, flowers or Palm trees?  I live in Florida.  Thanks","Hi Kat, we sprayed Cedarcide all over our yard, covering our lawn, trees and plants. Not one thing was damaged. This product is made with cedar oil from cedar trees. We have pets and did not want to use perstcides. The container lasts a long time too. We still have left from last summer.",KB_01015,1,"[""KB_01018""]","[""I have 2 dogs and neither have had an adverse reaction to the cedar oil which I find comforting. I spray it on my wooden fence, in the grass and on my house. My husband is allergic to cedar trees but for whatever reason, he doesn't seem to have a problem with the cedar oil.""]",12.438792000466492,The available reviews do not provide enough information to answer this question.,True,149.9826250001206
G_110,REC_110,B007KENYUW,Patio_Lawn_and_Garden,medium,yesno,sentwin,1,do I have to pay state sales tax on this,[UNANSWERABLE],,0,"[""KB_01026""]","[""It failed to start again.I called Toro and they issued a &#34;case number&#34;. I was told I would need to pay for return postage. The best price  I can find for return postage is about $20.""]",11.096542002633214,The available reviews do not provide enough information to answer this question.,True,118.93966699426528
G_111,REC_111,B003YKDGNQ,Health_and_Personal_Care,short,yesno,sentwin,1,does this haveshellfish,[UNANSWERABLE],,0,"[""KB_01044""]","[""Am I completely pain free? No. I still have arthritis and some joint issues BUT there is a significant change - for the better.""]",12.972666998393834,The available reviews do not provide enough information to answer this question.,True,130.29208399530035
G_112,REC_112,B00AOCSFYC,Cell_Phones_and_Accessories,medium,yesno,sentwin,1,does it work with a droid maxx?,I have a Samsung note 3 so l believe that it will fit the Droid Marx . A good investment,KB_01045,1,"[""KB_01046""]","[""It's a little clunky to mount the phone into because of the charging wire. I would have liked a Motorola dock specifically designed for my Droid Maxx, but as far as an aftermarket dock goes it works well.""]",10.906916999374516,"It works with a Droid Maxx, although the reviewer found it a bit clunky to mount due to the charging wire. The reviewer notes it is an aftermarket dock, implying it was not specifically designed for the Droid Maxx. It functions well despite this.",False,366.28137500520097
G_113,REC_113,B000JJHMT4,Home_and_Kitchen,medium,yesno,sentwin,1,is this pan steel (induction ready)?,I think it is aluminum so it would not be induction ready.,KB_01055,1,"[""KB_01062""]","[""Works well for making omelets, but not very sturdy. We have since replaced it with a Green Pan that operates similarly.""]",11.90120899991598,The available reviews do not provide enough information to answer this question.,True,215.71041700372007
G_114,REC_114,B001TY5D6C,Pet_Supplies,long,yesno,sentwin,1,has anyone had an issue with a gel like build up on the pump?  it looks like a clear-white goo.  hard to clean out of pump. i keep unit clean!!,"Yes. This isn't a flaw with he product itself though. I believe it's just household dust,hair,etc that builds up in the water and then gets clogged in the pump. I clean mine once a week and I've found it easiest to just pull the cap off of the end and give it a good rinse. It's nasty stuff but I'll take it for how much my cat enjoys his fountain!!",KB_01065,1,"[""KB_01072""]","[""Its worked flawlessly. The pump can get a little dirty and its hard to clean. I use compressed air carefully.""]",32.37979200639529,The available reviews do not provide enough information to answer this question.,True,218.25375000480562
G_115,REC_115,B000E8ZJGS,Health_and_Personal_Care,medium,yesno,sentwin,1,does it have that nasty protein shake taste and after taste,"well to be honest with you it depends what flavor , some of the isopure flavors have that taste at the end. i will recommend you , chocolate, mango peach or banana cream . but also take in consideration regardless the flavor this protein actually works !",KB_01080,1,"[""KB_01079""]","[""Plus it is pretty pure. No nasty things in it, which is another reason I don't normally like protein powders.""]",11.285833003057633,"The product is described as ""pretty pure"" with ""no nasty things in it"", suggesting it may not have the typical unpleasant taste and aftertaste associated with some protein powders. This implies a cleaner taste profile. It is likely a more palatable option for those who dislike the usual protein shake taste.",False,488.9970419972087
G_116,REC_116,B0009UBS2K,Toys_and_Games,long,yesno,sentwin,1,does this toy include mistress death and thanos and the face mask of mistress death? thanks,Yes. It does include her and the mask. Plus a hand with the glove and without. One of the best sets you can buy.,KB_01085,1,"[""KB_01085""]","[""he's large and nicely detailed and his dimensions are on the money. he comes with mistress death(who he loves and worships) and she comes with a removable mask that makes her look like a young girl. Thanos also comes with an add-on infinity gauntlet(those who know thanos need no explanation.""]",13.188541997806169,"This toy includes Mistress Death and Thanos, and Mistress Death comes with a removable face mask. The mask makes her look like a young girl when removed.",False,331.63020899519324
G_117,REC_117,B005MKCEDE,Clothing_Shoes_and_Jewelry,medium,yesno,sentwin,1,is this the size to order for women size 11,"No, search for women's, specifically.",KB_01097,1,"[""KB_01097""]","[""An extensive search however revealed that there were not a lot of quality shoe stretchers available for the female foot. Most stretchers and shoe trees available are just too wide for women's shoes.Add to the fact that I needed one for a size 11.""]",12.227625004015863,The available reviews do not provide enough information to answer this question.,True,177.37312499957625
G_118,REC_118,B001N7AFSG,Electronics,long,yesno,sentwin,1,does the free keyboard cover come in the same color as the case?,"As a 2 fingered typist I discarded the cover since made it a bit hard to see the keys in low light. If memory serves it was of a pliable rubbery material, translucent and of the same color as the cover. Seemed to fit the keyboard layout perfectly.",KB_01107,1,"[""KB_01105""]","[""Itkeeps the computer protected and well ventilated so that it does not overheat, whichis very important. I only wish the keyboard cover had come with it, as I ordered oneto match the red and it has never come in.""]",15.727375001006294,The available reviews do not provide enough information to answer this question.,True,114.90104100084864
G_119,REC_119,B00DSAAYM8,Tools_and_Home_Improvement,long,yesno,sentwin,1,"The add mention that the shelves are made of steel but the picture shows what appears to be particle board shelves, are the particle boards included?",The steel is the frame of the shelves. The particle board is included. The shelves don't feel stable until you get it all together. Then it feels like a rock.,KB_01116,1,"[""KB_01119""]","[""The 72&#34; height comes from 2 separate poles that don't come together securely enough in my opinion. The shelves are particle board (as I expected), but are only 3/8&#34; thick.""]",12.448207999113947,"The shelves are made of particle board, which is included, and are 3/8"" thick. The advertisement's mention of steel likely refers to a different part of the product. The particle board shelves are part of the product, as confirmed by a customer's experience.",False,396.54691699979594
G_120,REC_120,B00GYJZER0,Home_and_Kitchen,medium,yesno,sentwin,1,"When filled with cold beverages, does the exterior sweat?",No the exterior is always dry and room temp. I drink iced coffee often and it keeps it cold and my hands dry. Love this mug especially for the price.,KB_01127,1,"[""KB_01125""]","[""Filled it with hot coffee, stayed cool to the touch! I'm not expecting it to sweat with cold drinks this summer.Sturdy. Appears hygienic.""]",11.45070799975656,"The reviews suggest that the exterior is unlikely to sweat with cold drinks, as one reviewer mentions it stayed cool to the touch with hot coffee and doesn't expect it to sweat with cold drinks. This implies that the product is insulated well. The reviewer appears confident in its performance with cold beverages.",False,410.68625000480097
G_121,REC_121,B009X0UJRM,Sports_and_Outdoors,medium,descriptive,sentwin,1,Will it fit the samick Polaris,"Not sure about the Samick. Even though this is a good rest, the brushes ware off so fast. In one day of shooting about 50 arrows I noticed the bristles were worn. Once the bristles on one wares off more than the other your shots may be off.",KB_01137,1,"[""KB_01145""]","[""This was a good rest for the price, I shoot beeman ics hunters at 9.3gpi and they fit fine, it didn't get 5 stars due to its plastic construction, but lets be realistic its not a 100 dollar ripcord or such so don't expect it to be.""]",12.061417000950314,The available reviews do not provide enough information to answer this question.,True,127.57370799954515
G_122,REC_122,B0035A3JUK,Toys_and_Games,short,descriptive,sentwin,1,Are these dishwasher safe?,[UNANSWERABLE],,0,"[""KB_01168""]","[""They are solid in student hands and meet my needs as they stack to save space.""]",10.699999998905696,The available reviews do not provide enough information to answer this question.,True,111.48937499820022
G_123,REC_123,B00C1Y1CY6,Toys_and_Games,long,descriptive,sentwin,1,"How thick are the wires? im going to be using these on a Hubsan Spy Hawk, should i get a different type?",[UNANSWERABLE],,0,"[""KB_01174""]","[""Great product, longer wires than needed but still light enough I'll just bunch 'em up... Works awesome off a channel from the RX! !""]",13.691333995666355,The available reviews do not provide enough information to answer this question.,True,123.9730419983971
G_124,REC_124,B0057RI3KK,Health_and_Personal_Care,medium,descriptive,sentwin,1,What strain of bifidobacterium infantis does this product use?,[UNANSWERABLE],,0,"[""KB_01187""]","[""Member's Mark 4x Probiotic Digestive Care Supplement - 2/42ct. BottlesThis is the least expensive product with 4 different probiotic ingredients which is much better than Align.""]",13.799500004097354,The available reviews do not provide enough information to answer this question.,True,123.53016599809052
G_125,REC_125,B003YGVDDU,Electronics,medium,descriptive,sentwin,1,Will it work with Kindle Fire?,If Kindle fire has a usb port then most likely it will.,KB_01207,1,"[""KB_01209""]","[""I have a standard PC with Windows 7. I plugged this keyboard into the same USB port as my old keyboard, and it did not function at all. Pressing the keys had no effect whatsoever--it was a dead keyboard.""]",9.26400000025751,The available reviews do not provide enough information to answer this question.,True,112.2009170067031
G_126,REC_126,B00CNBGUJE,Toys_and_Games,medium,descriptive,sentwin,1,Does it adapt to going into the water?,"No. It is just for ""land"" play.",KB_01224,1,"[""KB_01243""]","[""It includes two girl characters (Mia and Maya) and one boy character (Andrew). It comes with everything you could imagine for a boat trip. It has large yacht type boat that has a top that lifts off so you can play with your characters in the inside living areas (living room with an L-shaped couch, kitchen, bathroom and bedroom with two beds).""]",11.157834000186995,The available reviews do not provide enough information to answer this question.,True,115.84004200267373
G_127,REC_127,B0019KATWY,Home_and_Kitchen,long,descriptive,sentwin,1,"Has anyone else had the blade/metal stain (black) from sitting on water(min-hour)? Only had a few days, seems rust coming on... suggestions? Normal?",Never leave any knife in water. Wash and dry them immediately after use.,KB_01265,1,"[""KB_01255""]","[""I like the hole in the top of the blade for hanging on the hooks over my stove so I don't have to worry about keeping it in a storage container where it might rust if I don't get it 100% dry.""]",12.806083002942614,The available reviews do not provide enough information to answer this question.,True,112.53783299616771
G_128,REC_128,B00IVJ1M7M,Video_Games,medium,descriptive,sentwin,1,Will this work with Pokemon Omega Ruby and Alpha Sapphire?,[UNANSWERABLE],,0,"[""KB_01277""]","[""They have a tons of codes for pokemon x and y.""]",9.168125005089678,The available reviews do not provide enough information to answer this question.,True,244.61058299493743
G_129,REC_129,B0015IQLVS,Health_and_Personal_Care,medium,descriptive,sentwin,1,"What do you mean by ""not meant to be support""?",[UNANSWERABLE],,0,"[""KB_01288""]","[""The soft handle is big enough for his extra large hand as well. Sturdy too. Thanks!""]",15.613249997841194,The available reviews do not provide enough information to answer this question.,True,119.06737499521114
G_130,REC_130,B001D1EMOA,Patio_Lawn_and_Garden,short,descriptive,sentwin,1,What are the inside dimensions?,[UNANSWERABLE],,0,"[""KB_01311""]","[""It is small enough to store right inside our garage door.""]",8.99366699741222,The available reviews do not provide enough information to answer this question.,True,129.57937499595573
G_131,REC_131,B00DTHC1TE,Home_and_Kitchen,short,descriptive,sentwin,1,Is it washable?,[UNANSWERABLE],,0,"[""KB_01327""]","[""This is a cool lunch box but it has a lot of crevices for food to get stuck in. It comes home kind of gross from kindergarten :)""]",15.675499998906162,The available reviews do not provide enough information to answer this question.,True,150.59841699985554
G_132,REC_132,B002J8LMVC,Automotive,long,descriptive,sentwin,1,What do you think of the Schumacher PSJ-1812 DSR ProSeries? Amazon lumps ALL 4 units under one set of user reviews.,It got me started right up this winter when my battery was drained to only 9.7 amps because I have a power drain from my auto start and alarm system.So I'd say it's a pretty good model!Best of LuckJJ,KB_01344,1,"[""KB_01345""]","[""Schumacher PSJ-1812 DSR ProSeries 1800 Peak Amps Jump Starter Works Wonderfully!""]",12.582208000821993,"The Schumacher PSJ-1812 DSR ProSeries works wonderfully, with a peak of 1800 amps. It is considered a jump starter. The product has received a positive review.",False,359.5977500008303
G_133,REC_133,B008HYVG6I,Tools_and_Home_Improvement,long,descriptive,sentwin,1,Does his set come with a tri-wing bit for removing the battery screws on a MacBook Pro?.,Not sure what size the MacBook Pro takes but the kit does contain tri-wing bit,KB_01363,1,"[""KB_01365""]","[""I had to replace my battery in my MacBook Pro (15&#34; unibody), which now requires a special screw driver to remove the Y screws.""]",12.671541997406166,The available reviews do not provide enough information to answer this question.,True,174.91333399811992
G_134,REC_134,B00HX27AM4,Health_and_Personal_Care,medium,descriptive,sentwin,1,Will this work on black people? I am medium brown complexion,"The Flash & Go uses Pulsed Light Technology and therefore is not suitable for use on dark skin tones. It is equally unsuitable for use on light hair colours for the same reason. Pulsed Light works through absorption and reflection of light, the light will be absorbed by the darkly pigmented hair, heat up and ultimately destroy the root. The skin should be pale and therefore reflects the light of the treatment protecting it from absorbing the light emitted. It is for this reason dark skin is not suitable as it will result in the skin absorbing the light instead and is also why the light hair colours will reflect the light thus not heating the root sufficiently to damage it.",KB_01375,1,"[""KB_01383""]","[""If you are African American with dark and/or brown skin Do not purchase! The light will not turn work against your skin""]",12.190375004138332,"The product may not work well on medium brown complexion, as a review mentions it doesn't work on dark and/or brown skin. It is specifically stated that it won't work against dark skin, which may include medium brown skin. The review suggests it may not be effective for people with African American skin tones.",False,549.8071250040084
G_135,REC_135,B00EB8KOYO,Home_and_Kitchen,long,descriptive,sentwin,1,Does it have the one touch 30 second button when you press the start button once?,No it doesn't.,KB_01396,1,"[""KB_01406""]","[""It would be nice if there was a 30 second button, but I can just as easily enter that.""]",12.559500006318558,The available reviews do not provide enough information to answer this question.,True,305.65000000206055
G_136,REC_136,B005VTUT7Y,Home_and_Kitchen,medium,descriptive,sentwin,1,This filter DOES fit perfectly in Panasonic canister MC-CG902.,"I have used the foam filters in other vacuums. I don't know if it is exactly the same size, but they can be cut to size. I hope that helps",KB_01415,1,"[""KB_01415""]","[""I new that these filters were not exact match for our old Panasonic vac, but for the price I am cutting the filter to fit and works great.""]",10.854332998860627,The available reviews do not provide enough information to answer this question.,True,213.0939170019701
G_137,REC_137,B00D07HKKS,Patio_Lawn_and_Garden,short,descriptive,sentwin,1,Is the table collapsible?,[UNANSWERABLE],,0,"[""KB_01444""]","[""The table needes some assembly but it was easy and went without any hassle.""]",10.317000000213739,The available reviews do not provide enough information to answer this question.,True,125.62679099937668
G_138,REC_138,B000FN7UWS,Sports_and_Outdoors,medium,descriptive,sentwin,1,what are the measurements of the 12-oz klean kanteen water bottle?,"My 27 oz measurements are 10.5 inches from the bottom to top of spout, and 2.5 inches wide at the base...so approximately half of the first measurement 5.5 inches? So that would be 5.5X2.5.",KB_01472,1,"[""KB_01465""]","[""The Klean Kanteen 12 oz.""]",11.925499995413702,The available reviews do not provide enough information to answer this question.,True,150.3544579973095
G_139,REC_139,B000F4H5UE,Health_and_Personal_Care,medium,descriptive,sentwin,1,Does this contain any man made/refined ingredients or is it all natural?,[UNANSWERABLE],,0,"[""KB_01480""]","[""The flavor is not great if you don't add a little fruit. The list of ingredients just makes me feel healthier. It goes a long way too, a 3 moth supply or so for 1 person.""]",12.904084003821481,"The product's ingredient list makes a reviewer feel healthier, suggesting it may be all natural, but the reviews do not explicitly confirm this. The available reviews do not provide enough information to answer this question.",False,289.9179579981137
G_140,REC_140,B00266A4FM,Office_Products,long,descriptive,sentwin,1,"I have a 1966 Sears Citation 2 manual and a Bradford manual, both with 2"" spools. Do you know if this ribbon will work for either or both machines?",[UNANSWERABLE],,0,"[""KB_01512""]","[""Ribbons fit both machines fine, and there were no problems with installation.""]",12.678416002017912,"The ribbon is compatible with machines that have 2"" spools. It worked for at least one user with similar machines. The ribbon should work for both the Sears Citation 2 manual and the Bradford manual.",False,296.0213339974871
G_141,REC_141,B005OPKXG2,Home_and_Kitchen,long,descriptive,sentwin,1,What kind of closure does this bag have? Is it a zipper? Snap?,Top Zipper,KB_01520,1,"[""KB_01518""]","[""It's hard to explain. The top of the bag is like 4&#34; wide, but the lining is sewn right into the zipper in the middle of the bag, so you lose space at the top of the bag because the lining doesn't extend out to those two inches on either side of the zipper.""]",11.979291004536208,The bag has a zipper closure. The zipper is located in the middle of the bag.,False,146.70237500104122
G_142,REC_142,B0092KJEB0,Cell_Phones_and_Accessories,medium,descriptive,sentwin,1,Does this cell phone work with Micro SIM or standard SIM cards?,[UNANSWERABLE],,0,"[""KB_01548""]","[""This cell phone for what it cost, works just great. Dual sim, I got it just to text and get text from my gf in the Philippines. And I can also with the use of At&T; Go Phone Sim I can call unlimited here in the States locally and long distance if I want.""]",11.90508299623616,"The cell phone is dual SIM, but the type of SIM card it uses is not specified. The available reviews do not provide enough information to answer this question.",False,217.97658300056355
G_143,REC_143,B00002N9QW,Tools_and_Home_Improvement,long,descriptive,sentwin,1,"What are the dimensions between bolts?  My current knocker is 5 inch center to center on the bolts.  Thank you, Lonnie",[UNANSWERABLE],,0,"[""KB_01556""]","[""Finally replaced the door knocker on our front door (after 5 years of having the former owner's name on the previous one). Measured the space between the screws (didn't want further holes in the door), and searched on that measurement -- found this knocker! It arrived quickly, and fit perfectly.""]",30.678582996188197,The available reviews do not provide enough information to answer this question.,True,117.98162500053877
G_144,REC_144,B00075M1T6,Health_and_Personal_Care,short,descriptive,sentwin,1,Does it have 220 volt,"No, unfortunately.",KB_01576,1,"[""KB_01576""]","[""Now I have to buy 220 to 110v step down converter which cost more than this pad. Don't understand we it can be done 220/110 like other electronics. Remote control on it is quite bulky to accommodate converter.""]",11.283792002359405,"The product does not support 220 volts, requiring a step-down converter for use. It only supports 110 volts. This is unlike other similar electronics that support both 220 and 110 volts.",False,462.48116700007813
G_145,REC_145,B00008URR8,Home_and_Kitchen,medium,descriptive,sentwin,1,Does this work on medium pile carpet?,[UNANSWERABLE],,0,"[""KB_01612""]","[""It would work but not great because this was essentially just grinding the stain down into the carpet.""]",10.541124996962026,The available reviews do not provide enough information to answer this question.,True,131.6779159969883
G_146,REC_146,B0007W2EPK,Sports_and_Outdoors,long,descriptive,sentwin,1,"Hi, My friend asked me to order a squat pad for him. I just wonder how it goes in? Does it have a velcro? Can anyone tell me about this please?","There is a slit that runs in the middle of the pad you put around the bar, it has velcro running along this slit so it secures good.",KB_01625,1,"[""KB_01618""]","[""Pretty straight forward pad, secures with velcro, material is nice and soft. Just make sure you flip the velcro side up before you squat. Fits good on my standard barbell.""]",31.576457993651275,The squat pad secures with velcro and has a soft material. It's recommended to flip the velcro side up before use. The pad fits well on a standard barbell.,False,203.94858299550833
G_147,REC_147,B00365E5HU,Baby,long,descriptive,sentwin,1,Does anyone know if the the bottom is interchangeable with a Dr. Browns bottle?,[UNANSWERABLE],,0,"[""KB_01638""]","[""i have use all Dr. Browns bottles, and have the same expectation for this cup. i just received it and haven't try it yet.""]",10.72845800081268,The available reviews do not provide enough information to answer this question.,True,307.7049999992596
G_148,REC_148,B0006TYH2M,Patio_Lawn_and_Garden,long,descriptive,sentwin,1,what size of bee guard fits this feeder?  I have purchased Item 384 and they are too small for the feeder!,"I don't understand the question. The feeder itself retards bees, and the little water moat keeps ants at bay pretty well, although some reviewers mentioned needing an additional ant guard.",KB_01676,1,"[""KB_01671""]","[""I bought a feeder with bee guards on it, but the bees were still able to push through the bee guards and get the hummingbird food.""]",14.111500000581145,The available reviews do not provide enough information to answer this question.,True,294.67612499865936
G_149,REC_149,B007ON1IZC,Patio_Lawn_and_Garden,long,descriptive,sentwin,1,How well does the plastic thatching  hold up to high heat and sun?  We live in Las Vegas and the sun is pretty brutal.,"I have had mine for a couple of years now and I live in South Florida. It has held up much better than I expected in the sun, rain & wind. I would not hesitate to purchase one again when mine finally dies.",KB_01683,1,"[""KB_01683""]","[""I bought this from Amazon about a year ago. It has held up beautifully in the hot Florida sun and heavy rain. The first one we bought from a local store (different brand), and it lasted only through one storm then broke.""]",11.646625003777444,"The plastic thatching has held up well to high heat and sun, as evidenced by its performance in the hot Florida sun. This suggests it may also withstand the intense sun in Las Vegas. It has lasted for at least a year in a similar climate.",False,512.5216669985093
G_150,REC_150,B000PD0BNI,Toys_and_Games,medium,yesno,sentwin,1,could I use these for frosting?,"Getting the frosting in the bottle would be the only trick, but it's totally possible. Since you can cut the tips at any thickness you could certainly use these for frosting!!",KB_01701,1,"[""KB_01701""]","[""Great for kindergarteners and grade school children. I use them all the time when I bake cakes, and cookies.""]",12.05145800486207,"The reviews suggest that the product is used for baking, which may include frosting, as the reviewer mentions baking cakes. However, there is no direct mention of using the product specifically for frosting. The available reviews do not provide enough information to confirm their use for frosting.",False,329.6457500036922
G_151,REC_151,B002B5OW7Y,Sports_and_Outdoors,medium,yesno,sentwin,1,the picture shows coyote tan. is that the correct color?,[UNANSWERABLE],,0,"[""KB_01734""]","[""This was a good product for the price, it looks awesome with the shotgun!""]",10.005209005612414,The available reviews do not provide enough information to answer this question.,True,218.366082997818
G_152,REC_152,B00C2DFYX6,Electronics,long,yesno,sentwin,1,could any one give a discription of the lighting? brightness/key glow/backlght ect. it would be a big help,"This keyboard has lights only on the edges of the board, I personally bought it so I could see keys in the dark but was disappointed to find that the keys had no lights, the glow is bright, it looks nice, but not practical in any way",KB_01738,1,"[""KB_01737""]","[""Response is fine. Lighting is nice. No complaints to this point.""]",11.699665999913123,"The lighting is described as nice, but no specific details are provided about brightness, key glow, or backlight. The available reviews do not provide enough information to fully answer the question.",False,243.06075000640703
G_153,REC_153,B00894AQJO,Electronics,medium,yesno,sentwin,1,does the antenna come in the box?,what antenna? only the netgear and power cord come in the box.,KB_01759,1,"[""KB_01767""]","[""the box comes with adapter and wire cord.""]",11.46475000132341,The available reviews do not provide enough information to answer this question.,True,204.3121670067194
G_154,REC_154,B002WJUFRU,Tools_and_Home_Improvement,long,yesno,sentwin,1,The drill on charger was mistakenty plugged to a 220V socket. is the drill still usable by just replacing the charger?,[UNANSWERABLE],,0,"[""KB_01784""]","[""I ordered this Dewalt cordless power drill as I wanted a reliable power drill for just occasional use around the house. The battery of my previous power drill purchased years ago went dead and a replacement battery was just too expensive (cost almost as much as the drill), so I had to junk it. I wanted a Li-Ion battery (this one comes with 2 Li-Ion batteries) as they seem most reliable without the memory problems of NiCads.""]",12.865834003605414,The available reviews do not provide enough information to answer this question.,True,124.79212500329595
G_155,REC_155,B0042E8CGE,Automotive,medium,yesno,sentwin,1,are the vinyl windows charcoal tinted,[UNANSWERABLE],,0,"[""KB_01806""]","[""Our car looks wonderful and has that &#34;new car smell.&#34; IIt has the added advantage of tinted windows that the original didn't.""]",10.654457997588906,"The reviews mention that the car has tinted windows, but they do not specify the color of the tint.",False,319.5108329964569
G_156,REC_156,B005ODJ888,Electronics,medium,yesno,sentwin,1,"will this work with a Fotodiox Pro Softbox, 32"" x 48""???","Yes, just use the rods that come with the softbox and use this bracket instead of the included bracket.",KB_01816,1,"[""KB_01816""]","[""I purchased this to go with the softbox below:Fotodiox Pro Softbox soft box, 32\""x48\"" (32x48 in) with Speedring Speed ring for Alien Bees Alienbees Strobe LightIt ended up working perfectly (mostly). I use a Sony system and since Sony has decided to go with a proprietary shoe style, I had to rig it a little to work right.""]",14.313041996501852,"This product works with a Fotodiox Pro Softbox, 32"" x 48"", although some rigging may be required for certain camera systems. It has been reported to work perfectly, with some minor adjustments needed.",False,433.98770799831254
G_157,REC_157,B003O6JKLC,Video_Games,short,yesno,sentwin,1,does it come with games,No,KB_01849,1,"[""KB_01836""]","[""It does get regular use with games and we use it as DVD player in kids room.When the console is working, it is a great console. The game selection is great.""]",12.008124998828862,"It appears that the console is used to play games, but the reviews do not explicitly state that games are included with the purchase. The reviews mention that the game selection is great, suggesting that games can be played on the console. However, it is unclear if any games come with the console.",False,1527.722040998924
G_158,REC_158,B00AW6XYLE,Toys_and_Games,medium,yesno,sentwin,1,is this toy ok for a 4 year old kid,yes absolutely. its a big toy. my 5 year old nephew has it as well and he loves it,KB_01861,1,"[""KB_01861""]","[""He really doesn't do much ... just talks and shoots his missiles. A good toy for kids aged 4-7 years old.""]",13.070374996459577,"This toy is suitable for a 4-year-old kid, as it is recommended for kids aged 4-7 years old. The toy's features, such as talking and shooting missiles, may be appealing to children in this age range.",False,219.16670799691929
G_159,REC_159,B00286DAV0,Patio_Lawn_and_Garden,medium,yesno,sentwin,1,will this filter fit the pentair ccp320 units?,I placed these filters in my Pentair Clean and Clear Plus 320.....they fit perfectly. It appears some people have had to modify them a bit to fit but I had no problem with the fit.,KB_01877,1,"[""KB_01887""]","[""We have a Pentair CCP320, these fit perfectly.""]",13.524791000236291,This filter will fit the Pentair CCP320 units. The filters fit perfectly according to a user with the same unit.,False,305.4418750034529
G_160,REC_160,B0023MHZLA,Sports_and_Outdoors,medium,yesno,sentwin,1,will an ar 15 with a 30 round magazine work in this,"A 30 rounder will not work, but I used a 20 round straight mag with my AR-15 to dial it in and it worked well.",KB_01902,1,"[""KB_01917""]","[""Used it for both my AR's...it does require a 20 round or smaller mag for it to rest upright in the holders.""]",11.812124997959472,An AR 15 with a 30 round magazine will not work as it requires a 20 round or smaller mag to rest upright in the holders. The product is not compatible with 30 round magazines.,False,263.7653749989113
G_161,REC_161,B006T4EO8U,Health_and_Personal_Care,medium,descriptive,sentwin,1,what are the outside dimensions? need to fit in a small pocket,[UNANSWERABLE],,0,"[""KB_01923""]","[""I bought these as spare storage boxes for my daughter to have safe places to keep her retainer through out her day -- bathroom, bedside, lunchbox. All the boxes we ordered broke at the hinges within a week a use.""]",12.515124995843507,The available reviews do not provide enough information to answer this question.,True,293.07012500066776
G_162,REC_162,B00283RXUC,Toys_and_Games,long,descriptive,sentwin,1,can you take them off once they are on and do they fit on the champ RTF,"Absolutely they are removable and can be switched back to the landing gear wheels with just a couple of screws! But as for the champ, I believe it would be way too small to carry these pontoons even if you were able to modify them to fit....even the mini supercub is incapable of actual sustained flight with the added size and weight of floats this big in my experience. They are awesome for the supercub which they are designed for!",KB_01935,1,"[""KB_01939""]","[""Very stable, easy to fly, lots of fun. I am an intermediate RC pilot and had no issues getting the hang out of these. The one time the battery drained on me I glided it in and still had enough juice to taxi it to shore.""]",16.73049999953946,The available reviews do not provide enough information to answer this question.,True,133.18612500006566
G_163,REC_163,B00342TOX0,Toys_and_Games,medium,descriptive,sentwin,1,What is the packaged weight of this product?,[UNANSWERABLE],,0,"[""KB_01966""]","[""The product itself is great so I have it 5 stars.This item is NOT well protected during shipping.""]",26.203041001281235,The available reviews do not provide enough information to answer this question.,True,120.23587500152644
G_164,REC_164,B002CQUFYG,Health_and_Personal_Care,long,descriptive,sentwin,1,what is the country of origin of the product and the manufacturer who produces it from the raw material please,It doesn't say what country of origin. It is distributed by Cosco. Here is their 800 # for any questions about the product. 1-800-428-8048.,KB_01982,1,"[""KB_01990""]","[""There were no ingredients listed in the description to check before I bought them. This is a problem as, like many people, I have a sensitivity to corn.So here are the ingredients to the Kirkland Vitamin C 1000 mg w/Rose Hips and Bioflavonoid complex:Ascorbic acid, cellulose (plant origin), citrus bioflavonoids, Croscarmellose Sodium, Povidone, Vegetable Stearic Acid, Vegetable Magnesium Stearate, Rose Hips (Rosa spp. ), corn starch, silica.Each tablet contains Vitamin C 1000mg 1,667%, Citrus Bioflavonoid Complex (Citrus spp.)""]",20.022666001750622,The available reviews do not provide enough information to answer this question.,True,132.2300419997191
G_165,REC_165,B00339C3FA,Sports_and_Outdoors,long,descriptive,sentwin,1,About the door openings. I plan to put this on my deck which is 12 x 18. It looks like the doors are on the 12 foot side.  Can they be switched?,The canopy is a hexagon---each side is the same dimension. The doors can be put on any two opposite walls of the canopy.,KB_01994,1,"[""KB_02007""]","[""The 12 foot dimension is the distance between opposite legs across the tent (that is, corner pole to opposite corner).""]",36.553249999997206,The available reviews do not provide enough information to answer this question.,True,305.34141599491704
G_166,REC_166,B007X47SCY,Electronics,medium,descriptive,sentwin,1,Does it come with factory warranty?,I can only speak to the camera and lenses I registered them with Nikon,KB_02012,1,"[""KB_02012""]","[""The bundle here is great, I have yet to deploy the tripod or use the flash, but they are things I would have purchased separately anyway and for the price of this bundle were essentially free vs similar bundles from other sources. Shipment was on time and packaged well, everything in retail boxes with warranty cards and manuals. I would not hesitate to buy from Camera Camera again.""]",9.8230000003241,"The product comes with warranty cards, indicating that it has a factory warranty. The warranty cards were included in the retail boxes. This suggests that the manufacturer's warranty is provided.",False,347.8140419974807
G_167,REC_167,B002XE0HPY,Pet_Supplies,long,descriptive,sentwin,1,what are the measurement of the carrying bag? I need get this in a suitcase to take overseas. Need to know how long and how wide the suitcase must be?,[UNANSWERABLE],,0,"[""KB_02045""]","[""It's not just for kids. The bag is great and manages to fit everything. The chute attached to the tunnel (held on by elastic) sometimes pulls off when our big guy runs through it, but I fixed this problem by clipping binder clips around the rim.""]",15.174250002019107,The available reviews do not provide enough information to answer this question.,True,307.31204199400963
G_168,REC_168,B0097BU1AM,Toys_and_Games,medium,descriptive,sentwin,1,Is this the classic one the bigger one,This one adjusts to the height of the child.,KB_02053,1,"[""KB_02046""]","[""Great purchase. We had one for younger grandson, then bought this one for our older grandson because they both love to ride it.""]",11.058791998948436,The available reviews do not provide enough information to answer this question.,True,139.06245800171746
G_169,REC_169,B0028XZFE8,Home_and_Kitchen,medium,descriptive,sentwin,1,how wide is the bowl of the spoon?,Not wide. It's the size of an espresso spoon. I'd estimate about 2/3 the size of a standard teaspoon. My small kids love them.,KB_02073,1,"[""KB_02068""]","[""The spoons are thinner than I hoped. The spoon edge is a bit sharp but not terrible.""]",10.131999995792285,The available reviews do not provide enough information to answer this question.,True,236.17420899972785
G_170,REC_170,B000JWSDWG,Home_and_Kitchen,long,descriptive,sentwin,1,"What can I do to soften the fabric.  After washing, the sheets are very rough.",[UNANSWERABLE],,0,"[""KB_02094""]","[""However, most note worthy was the rather coarse texture of the set. After repeated washings not only did the color fade slightly but, they have yet to get any softer. That said some may still have a use for such a set.""]",12.08220900298329,The available reviews do not provide enough information to answer this question.,True,113.55166700377595
G_171,REC_171,B00858I4M0,Electronics,medium,descriptive,sentwin,1,Where are they manufactured or made?,[UNANSWERABLE],,0,"[""KB_02113""]","[""I would label myself an audiophile and I've spent thousands of dollars since my first pair of quality headphones. I dont wanna list my collection of headphones, but let's just say I'm more than fimiliar with brands from Audio Technica (highly underrated), to UltraSone, and, of course, the almighty Sennheiser. I love these iems because they really do sound like super expensive headphones.""]",15.930000001389999,The available reviews do not provide enough information to answer this question.,True,142.6747500008787
G_172,REC_172,B000BGM2XG,Sports_and_Outdoors,long,descriptive,sentwin,1,What do you know about the valterra rp800 rocket hand pump? How does it work?,[UNANSWERABLE],,0,"[""KB_02119""]","[""Using this as a beer engine hand pump. I am a beer brewing maniac.""]",16.93195800180547,"The Valterra RP800 Rocket hand pump is used as a beer engine hand pump, suggesting it can be used to pump liquids, such as beer. It is operated by hand, implying a manual pumping mechanism. The exact workings of the pump are not specified in the reviews.",False,391.30808300251374
G_173,REC_173,B0006HJSJQ,Toys_and_Games,long,descriptive,sentwin,1,"Does this soldering kit come with the solder? If not what type of solder do I need to buy? To make my self clear, I'm looking to know if this come with solder? Not a soldering gun.","This did not come with solder. Any good rosin cored solder will work, I prefer thinner solders around .5mm.",KB_02136,1,"[""KB_02152""]","[""The kit had all the required pieces to do the project besides the solder and iron of  course.""]",32.09383300418267,This soldering kit does not come with solder. The type of solder to buy is not specified in the reviews.,False,163.71179199632024
G_174,REC_174,B00418487I,Home_and_Kitchen,long,descriptive,sentwin,1,Does anyone knows why the system fails to dispense even after the refresh kit was replace?,"From my own unsatisfactory experience with the 3-chamber version of this product, I believe that shortly after the warranty expires the seals begin to fail so that the required pressure is not maintained. When the seals failed on all three of the chambers in my unit and the manufacturer failed to stand behind the product, I had no other option but to throw it away.",KB_02159,1,"[""KB_02155""]","[""Then is started shooting a lot of air out. Finally it simply would not power up after cleaning after less than 2 years. I would expect a costly unit like this to last much longer - at least not to die after less than 2 years.I would recommend a less expensive wine saving kit available on the Internet and in many stores.""]",11.357124996720813,The available reviews do not provide enough information to answer this question.,True,305.94816699885996
G_175,REC_175,B00A4EUUO8,Tools_and_Home_Improvement,short,descriptive,sentwin,1,light switch,"Without context on this question, I'll provide two answers that might be useful.First, if you have a bulb plugged into a socket that is controlled from a traditional lightswitch, yes this will work, because the bulb will turn on with a default color and brightness when it receives power from an unpowered state.  For instance, if I used the app to turn the bulb ""soft-off"", I can walk over, switch the power off (the bulb is still off, obviously, without power), and then switch it back on and the bulb will light in a default lighting mode.  But if I want to control the brightness or the color, I have to use the Hue app for that.A second question we see a lot is using other ""smart switches"" such as the WeMo to control.  See my response to another related question:  http://www.amazon.com/Phillips-turned-Bridge-without-interference/forum/Fx33N39JCWVV0ZF/Tx1MTU9F16K1IOV/1/ref=cm_cd_ql_tlc_al?_encoding=UTF8&asin;=B00BSN8DN4",KB_02177,1,"[""KB_02187""]","[""Using the light switch I can go from \""Deep Sea\"" to \""Where are my keys?\""""]",34.88829100388102,"The light switch appears to control scene or mode settings, such as ""Deep Sea"" and ""Where are my keys?"". It allows users to switch between different scenes or modes.",False,342.03116700518876
G_176,REC_176,B002V8UYRI,Toys_and_Games,short,descriptive,sentwin,1,Carolina american doll,[UNANSWERABLE],,0,"[""KB_02206""]","[""We got this for our daughters American Girl doll.""]",32.944082995527424,"The product is related to American Girl dolls, specifically for a Carolina doll is not mentioned, but it is for an American Girl doll. It was purchased for the reviewer's daughter. The product is compatible with American Girl dolls.",False,277.3746249949909
G_177,REC_177,B00CRZXSGE,Toys_and_Games,medium,descriptive,sentwin,1,Is there a Kindle Fire app for this?,No sadly there is not a kindle app for it.  what I have done is downloaded some apps on their kindle fire that you can use the pencil instead of them using their finger or a stylus and it works good.  I wish leapfrog would make it compatible with android system.,KB_02216,1,"[""KB_02225""]","[""Would love to get this for Kindle Fire.""]",12.133791999076493,"There is no mention of a Kindle Fire app being available, but a reviewer has expressed interest in having one. The available reviews do not provide enough information to confirm the existence of a Kindle Fire app.",False,329.0629170005559
G_178,REC_178,B007JV701U,Patio_Lawn_and_Garden,long,descriptive,sentwin,1,"Will this carb work on a Briggs 18 hp  twin cly.If not, what does?","I'm pretty sure this one will not work on the 18hp I used mine on a Sears Craftsman with  6 hp Briggs. I would suggest going to the Briggs and Stratton site and see what carb they say. You will need your engine number, they have information on where to find your number.",KB_02239,1,"[""KB_02242""]","[""I used this carb to replace my part # 498254 carb on my Snapper 21501 push mower with Briggs and Stratton 12F802-0838-01 engine. The engine had been running too fast due to a worn throttle shaft assembly that wasn't allowing the throttle plate to fully close.""]",13.347583000722807,The available reviews do not provide enough information to answer this question.,True,308.3618749951711
G_179,REC_179,B004NHQX48,Toys_and_Games,long,descriptive,sentwin,1,"Is everything that is pictured included of just the plates, napkins, cups and tablecloth?","Everything! Balloons, crepe streamers, candles, plates, napkins and cups. Was a great package and a great price",KB_02261,1,"[""KB_02267""]","[""So for the price this set is well worth it, you get everything in the picture, streamers, balloons, napkins, plates (big and small) table cloth and cups also silverware (plastic).""]",12.528624996775761,"Everything pictured is included, which consists of plates, napkins, cups, tablecloth, streamers, balloons, and silverware. The set includes both big and small plates, as well as plastic silverware.",False,321.7841250007041
G_180,REC_180,B00006FXHQ,Electronics,medium,descriptive,sentwin,1,how is this camera for low light (soccer game),Friend the camera records very well in low light day. At night you have to putting on an extra lamp for darkness. and where artificial light very well ... records It is an excellent camera.,KB_02284,1,"[""KB_02287""]","[""The picture quality is excellent, camera works extremely well in various low-light situations.""]",12.984000000869855,The camera works extremely well in low-light situations. This suggests it would perform well for capturing a soccer game in low light. The picture quality is also excellent.,False,613.2377920002909
G_181,REC_181,B0050SXFKE,Video_Games,medium,descriptive,sentwin,1,This game has subtitles in Spanish?,"Unfortunately, it doesn't...just English as default language.",KB_02294,1,"[""KB_02294""]","[""i really like the game and everything about but on my box art it has Spanish and other language i was scared if i bought was in that but it wasnt so that good and i was little bum cause the free mission i couldnt download cause its expired just letting know""]",12.137791003624443,"The game has subtitles in multiple languages, including Spanish, as indicated on the box art. However, the reviewer confirmed that the game itself is not solely in Spanish. The game's language options are not fully detailed in the reviews.",False,511.8105419969652
G_182,REC_182,B002FP4SQ0,Patio_Lawn_and_Garden,medium,descriptive,sentwin,1,how far can the transmitter be away from the controller,[UNANSWERABLE],,0,"[""KB_02309""]","[""After purchasing the unit that has a range of 1000 meters, I found buried in their literature that the 'remote is designed for residential and small commercial sites. Large projects such as cemeteries aand golf courses will require a long-range remote.'""]",16.618957997707184,The transmitter has a range of 1000 meters. This range is suitable for residential and small commercial sites. Larger areas may require a long-range remote.,False,340.2537920046598
G_183,REC_183,B002QIYQ5E,Health_and_Personal_Care,long,descriptive,sentwin,1,In the video how does the magnifying glass get grey paper with black lines to show as black paper with white lines?,"I think maybe that is a display issue with your monitor or the photos taken because there is no option to change colors, only a light to illuminate what you are magnifying.",KB_02333,1,"[""KB_02335""]","[""When I tried this magnifier out, I wanted to show it off to everyone I knew. If they are not all sold out, I am going to put this onmy Christmas gift list for sure.""]",16.39841699943645,The available reviews do not provide enough information to answer this question.,True,214.75337500305614
G_184,REC_184,B007W2ZDX8,Electronics,medium,descriptive,sentwin,1,What wall mount do you recommend for this?,[UNANSWERABLE],,0,"[""KB_02359""]","[""This one had the back plastic cracked, but I still was able to wall mount and it worked.""]",12.082041997928172,The available reviews do not provide enough information to answer this question.,True,307.3030000014114
G_185,REC_185,B00E1U2UBC,Office_Products,long,descriptive,sentwin,1,"I don't understand what this phrase means: ""...you can choose or PORT your phone number."" Thank you!","""Choose"" means to get a new telephone number.  ""Port"" means to switch (keep) your current telephone number to the new service.",KB_02386,1,"[""KB_02389""]","[""We just hooked up our BasicTalk today, so I don't have long term experience, but I can say, it's working fine. It calls out to land lines and cell phones.. However, Basic Talk sent us our device for free.""]",13.533958001062274,The available reviews do not provide enough information to answer this question.,True,239.03512499964563
G_186,REC_186,B0040X4PRW,Electronics,medium,descriptive,sentwin,1,should i buy this or th f 4 version,"You might have noticed the huge disparity in price. Although the 300 f/4L IS is a decent lens, I would not get it. It is an old lens with first generation IS. I don't like how it works with the 1.4x converter; the image quality it not very good with the extender. So this makes it a 300mm lens and that's it.  I think a better option would be the very nice and capable 70-300mm f/4-5.6L IS lens. If you need more than 300mm or you need the shallow depth of field provided by a f/2.8 aperture, then the EF 300mm f/2.8L IS II has no match.  It is super sharp, can be used with both converters with no IQ degradation and is light weight relative to the other big lenses. It also is very fast to focus and has the latestest generation of IS.  If you have the extra funds, the 300 IS II is a true beauty to behold...a luxury for sure while also being a powerful tool.",KB_02393,1,"[""KB_02409""]","[""The 2x III does benefit from stopping down slightly to f/7.1 or f/8 to really bring it back to extremely high sharpness levels, but really is not required.""]",12.067457995726727,The available reviews do not provide enough information to answer this question.,True,135.45950000116136
G_187,REC_187,B00BMU4NSM,Health_and_Personal_Care,medium,descriptive,sentwin,1,Is the top slippery/slick to sit on?,"It is a very smooth surface, which makes it slick when wet. However, I don't see anyone sliding off, because its surface is slightly concave. I drilled a small hole in the center to allow it to drain. I actually appreciate the smooth surface--I feel more confident that it isn't growing any microorganisms between cleanings.",KB_02412,1,"[""KB_02412""]","[""It would have been a great shower seat, if the seating part wasn't so slippery. It is okay when you sit on it, but when trying to step on it while shaving you might easily get yourself into an accident.""]",11.5302080012043,"The top is slippery, which can be hazardous, especially when stepping on it. This slipperiness is a concern, even when sitting, but more so when trying to step on it.",False,429.39029200351797
G_188,REC_188,B00B2OS85W,Sports_and_Outdoors,long,descriptive,sentwin,1,would this bag be good to house a 3 foot chain and mini u lock or be too bulky?,"A three foot chain likely wouldn't fit. I use it to stash a tool kit, car keys and some cash when I ride bike trails. It is a nice size that doesn't interfere with standard car bike carriers.",KB_02435,1,"[""KB_02436""]","[""I own larger bags, but they are for very very long bike hikes. I would recommend this bag to anyone who needs a compact handy bag for riding.""]",12.226457998622209,The available reviews do not provide enough information to answer this question.,True,242.15362499671755
G_189,REC_189,B003GZQ15Y,Home_and_Kitchen,long,descriptive,sentwin,1,"The electrical requirements state that a 115 volt (103.5 min, 126.5 max) 60 Hrtz, AC only, 15 amp fused electrical supply is required. On its own circuit. Is this true or would it be ok to use a standard household socket with ground?",[UNANSWERABLE],,0,"[""KB_02462""]","[""The AC unit seemed to work ok when we test fired it.""]",35.22687499935273,The available reviews do not provide enough information to answer this question.,True,317.0342499943217
G_190,REC_190,B00BJ90LC8,Toys_and_Games,long,yesno,sentwin,1,can these be used in a swimming pool? my sister wants a glowstick pool party.,Yes!!! And it looks beautiful! We've done it three times. Just make sure to keep the connectors out of the pool or you'll find them for days afterwards. :),KB_02472,1,"[""KB_02485""]","[""Glow stick pool parties are the most fun you'll ever have in a pool!""]",12.684166002145503,"These can be used in a swimming pool, as they are mentioned in the context of a ""glow stick pool party"". They are likely suitable for a glowstick pool party.",False,259.82391700381413
G_191,REC_191,B009L946II,Electronics,medium,yesno,sentwin,1,can this card worck whith p5kc motherboard?,It should because it's backwards compatible both 1.0 and 2.0.,KB_02510,1,"[""KB_02504""]","[""Just recently built a computerintel i5 3570k  3.40ghz8gb ram1TB HDDforgot the exact motherboard but I bought this graphics card to put the cherry on top of a mid range gaming computer that cost me about $650.""]",15.892250004981179,The available reviews do not provide enough information to answer this question.,True,115.77837500226451
G_192,REC_192,B00BCT14EE,Patio_Lawn_and_Garden,medium,yesno,sentwin,1,does it fit the charbroil gas and charcoal combo grill,[UNANSWERABLE],,0,"[""KB_02519""]","[""It fit my jen-air bbq perfectly. Nice heavy duty cover.""]",16.02524999907473,The available reviews do not provide enough information to answer this question.,True,124.60958299925551
G_193,REC_193,B00FIG39RC,Electronics,long,yesno,sentwin,1,Does this work if my charging port is damaged (will not charge at all)?,As long as you have the newer version of the tablet it will work even if your charging port is busted on your tablet. Your tablet is not plugged in to this devise at all it is essentially a holding base and charges wirelessly.,KB_02535,1,"[""KB_02542""]","[""If it weren't for the fact that it occasionally stops charging I'd give it a 5 star rating for convenience and design.On 5 occasions, while I'm at work, I've come home to a dead tablet.""]",16.929749996052124,The available reviews do not provide enough information to answer this question.,True,248.0259579970152
G_194,REC_194,B000LRBSFI,Tools_and_Home_Improvement,medium,yesno,sentwin,1,can i stack all 4 vertically?,"Yes, that is how I have mine, but it is in a corner. I am not sure how sturdy it would be completely free standing.",KB_02552,1,"[""KB_02552""]","[""I use these cubes as shelving in my closet. I stacked them vertically, so that I have 4 shelves. They fit well, just under the hanging rail and don't take up too much space, so I can still hang clothes around it.""]",12.178458004200365,"Yes, the cubes can be stacked vertically, and the reviewer was able to stack them to create 4 shelves. This suggests that stacking all 4 vertically is possible.",False,364.2123750032624
G_195,REC_195,B005E39NS8,Automotive,long,yesno,sentwin,1,"bought one for my 07 silverado, will not turn on when i put it into ignition after getting it cut and following instructions.  what is wrong?????","The same thing happened to me. The key was cut wrong (Sorry Ace Hardware, and they did it FREE). I went to Lowe's, they had a better machine and the re-cut key worked as advertised.",KB_02577,1,"[""KB_02590""]","[""I put it in the ignition and the truck started.""]",12.743250001221895,The available reviews do not provide enough information to answer this question.,True,122.73612499848241
G_196,REC_196,B004CFDJ2A,Electronics,long,yesno,sentwin,1,will this work with a MAC book air?? I don't want to damage my air,[UNANSWERABLE],,0,"[""KB_02598""]","[""the driver in my computer broke and since i don't really use it that much ,i didn't want to pay a repair man 100.00 to fix it , so i got this plug in one and it works fine .""]",17.31491700047627,The available reviews do not provide enough information to answer this question.,True,255.64354099333286
G_197,REC_197,B00029X1O6,Electronics,medium,yesno,sentwin,1,will this fit 2000 jeep wrangler?,"YES, you will need to trim off a couple of the tabs but it fits and looks great.  >tc",KB_02615,1,"[""KB_02615""]","[""Fit perfect in a wrangler sport 2002 model. You do need to trim some tabs off, but no big deal.""]",15.590167000482325,"The product fits a 2002 Jeep Wrangler Sport, but it's unclear if it will fit a 2000 model. Trimming some tabs is required for installation.",False,409.41491600096924
G_198,REC_198,B000NMJWZO,Grocery_and_Gourmet_Food,long,yesno,sentwin,1,is Pamelas baking & pancake mix a 4lb. bag or 3 bags equaling 4 lbs,"As packaged - the ""option"" I always purchase is 3-4 lb bags. Lasts a good while and worth every penny!",KB_02638,1,"[""KB_02643""]","[""This is a wonderful find and brings back baking for gluten sensitve folks!Pamela's Ultimate Baking and Pancake Mix, 4-Pound Bags (Pack of 3)""]",16.75312500447035,"Pamelas baking & pancake mix is sold as 3 bags, with each set equaling 4 pounds. The product is described as 4-Pound Bags, but it's a pack of 3. This implies that each individual bag is not 4 pounds, but rather the total weight of the 3 bags is 4 pounds.",False,511.92783300211886
G_199,REC_199,B0052EC160,Tools_and_Home_Improvement,medium,yesno,sentwin,1,can this dimmer switch be used with dimmable LED bulbs?,"Yes the dimmer will work, but you have to check the LED bulbs carefully. I have found dimmable bulbs like the CREE line of LEDs to work just fine. Other ""dimmable LEDs"" have not worked very well. Some Phillips and FEIT bulbs would blink rapidly or hum loudly.",KB_02660,1,"[""KB_02669""]","[""My 15 yr old rotary dimmer switches work way better at dimming my LED lights than this switch.""]",17.188083002110943,"The dimmer switch can be used with dimmable LED bulbs, but its performance may not be as good as other dimmer switches.",False,208.79995800351026
G_200,REC_200,B000BVC6G4,Tools_and_Home_Improvement,long,yesno,sentwin,1,"hi, can i interface it  my chevy volt homelink garage opener with aleco ac2700 gate opener by using this interface?","It is possible, but you will want to check with Chamberlain first to see if it requires a repeater kit. In 2007 they introduced a new security scheme, and Homelink provided compatible equipment, but not all car manufacturers started using it right away. In fact, as late as 2011 some car makers were still using the old Homelink technology that would not work with the new Chamberlain stuff ""out of the box"". So you will want to confirm with both Chamberlain and Chevrolet if your year and model car will be able to transmit the new codes. If not, there is an add-on repeater that will receive your Homelink signal and translate it to the new Chamberlain security codes, but it is about $50 retail itself. However, this unit IS what you would be looking for to attach to your gate opener to receive signals from your Homelink or a remote. Sorry I can't give a more definitive answer, but there are a lot of variables. May be better to buy one locally that you can return easily if you cannot get your Homelink to work with it.",KB_02675,1,"[""KB_02683""]","[""Used it for my gate opener, which wasn't Homelink compatible.""]",12.35258299857378,The available reviews do not provide enough information to answer this question.,True,113.81804200209444
