golden_id,record_id,asin,category,q_bucket,question_type,pipeline,k,question,gold_answer,evidence_doc_id,is_answerable,retrieved_doc_ids,retrieved_context,retrieval_ms,generated_answer,refused,generation_ms
G_001,REC_001,B00E7LVBCE,Electronics,medium,descriptive,sentwin,10,My computer is DVI-I.  This monitor is DVI-D.  Is it compatible?,[UNANSWERABLE],,1,"[""KB_00001"", ""KB_00004"", ""KB_00001"", ""KB_00002"", ""KB_00005"", ""KB_00003"", ""KB_00005"", ""KB_00009"", ""KB_00006"", ""KB_00007""]","[""I wanted a monitor to connect to my laptop. I am enjoying with my new dell monitor good.It has both VGA and DVI options. Would have given 5 rating if the VGA cable was of good quality."", ""No generic names. My Dell monitor fits my Dell computer just wonderful! And, I received it within 3 days!"", ""Excellent. I wanted a monitor to connect to my laptop. I am enjoying with my new dell monitor good.It has both VGA and DVI options."", ""No - its not supper great for starring at all day - but its good enough to be used as a second monitor. Its attached to a DVI KVM."", ""I bought this monitor because of its low price and thought I had gotten a good deal at the time. I should have payed more attention to the reviews."", ""This item arrived on time as promised. I unpacked the monitor, connected it to the computer, turned it on and it began to work correctly without any problems. I will buy another one if I need in the future."", ""It was hard to look at for any length of time and it could not be seen from a angle. Disappointing at best although I now have a monitor to go with my old computer when I sell it."", ""But I got it a day earlier which made my day. I would recommend this computer screen, very nice resolution."", ""Not that big of a deal. Mine came with two cords, the VGA and DVI were included. Great purchase/ I would definitely recommend."", ""I am quite discouraged. Amazon refuses to exchange the monitor, say I must go to the manufacturer, the manufacturer says I must go to the retailer, ie. Amazon.""]",101.14475002046674,The available reviews do not provide enough information to answer this question.,True,725.1457079546526
G_002,REC_002,B008N7CCJY,Electronics,medium,descriptive,sentwin,10,Can I use this for my android tablet in the car,"Dear Ann I do not own a tablet,however the purpose of this transmitter is to broadcast a signal thru your car stereo from outside devices, when you carstereo does not have an 3.5mm cable port this is a substitute.So if you are planing to play music thru your tablet ( AND ) if your tablet has a ear phone jack then yes it should work",KB_00016,1,"[""KB_00014"", ""KB_00015"", ""KB_00012"", ""KB_00020"", ""KB_00018"", ""KB_00016"", ""KB_00017"", ""KB_00011"", ""KB_00016"", ""KB_00019""]","[""I love it . I can now use my phone in the car . The only couple of problems is that of course there's a little bit of static depending where your at but over all a great product"", ""I just got this for my wife's car so we could listen to music from our phones. We used to use a tape deck adapter but the tape deck in her car just stopped working, so I got this."", ""I use this in my car all of the time when I'm waiting in my car for someone or when I am driving. I love it a lot I definitely recommend!"", ""Got this for my husband and he says it works great, better than the old one. Easy to use & read in the car."", ""And also it charges the phone fast. I have an iphone and one android phone, it's working fine for both."", ""Easy to use with little to no set up. Perfect for those of us that have a car in the collection that pre-dates MP3 audio insert on the dashboard."", ""I have a friend who has a similar product and he showed it to me and I thought that was cool beings I have a older car that doesn't have that .Hooked it up and works GREAT and also you can get phone calls though your car speakers which is quite helpful with the Laws in my State you can't use a cell while driving and it solves that problem. I would recommend this product to anyone THANX AMAZON : ) !"", ""Works great! Works with android phones well which is what both my fiance and I have. Easy to use too."", ""It transfer music or recordings from your mps player, ipad, phone, etc. to your car speakers. Pick a channel that works and out comes the sound."", ""Works great. My granddaughters love listening to their favorite music in the car. The sound is great.""]",31.00545797497034,"Yes, you can use this product with your Android tablet in the car, as it works with Android phones and can transfer music from various devices to car speakers. It is also easy to use with little to no set up.",False,602.8062499826774
G_003,REC_003,B008VGQ4VO,Electronics,long,descriptive,sentwin,10,"Can anyone provide the cord length? My CPU is under my desk, and most earbuds only provide about 4', which is too short.",[UNANSWERABLE],,1,"[""KB_00023"", ""KB_00027"", ""KB_00028"", ""KB_00028"", ""KB_00021"", ""KB_00021"", ""KB_00022"", ""KB_00021"", ""KB_00024"", ""KB_00026""]","[""Comfortable earbuds but there's already a short the sound and I'd say I've had these about a month. Not too happy about that."", ""I recently bought these here and in my opinion....the new flat cord was a terrible idea....I had a pair before these with the round cord and they were great until they developed a short of course....unless you only listen motionless these new one's are worthless....the cord noise is so bad it's ridicules...why they would want to lose good customers like myself is a mystery to me...but they have...."", ""There is also a lot of cord noise. I sit at my desk and listen to pandora, and have to take the headphones out because the cord noise becomes very distracting - the slightest shift is incredibly loud.3."", ""There is also a lot of cord noise. I sit at my desk and listen to pandora, and have to take the headphones out because the cord noise becomes very distracting - the slightest shift is incredibly loud.3. The tip."", ""good for desk work or laying in bed listening to music. the cords DO make a noise when u move them. when i called klipsch to ask about the noise they said they never heard of that before."", ""i doubt that but will be returning them more than likely. also they short out easily if ur ears get sweaty."", ""Same problem as before, a short in the line near the plug. I went online to see if others were having the same problem, and there were loads of complaints from consumers that were having the same exact issue."", ""the sound is great if u are not moving. good for desk work or laying in bed listening to music. the cords DO make a noise when u move them."", ""I purchased these headphones based on a Time article ([...]) comparing them in terms of cost and performance to the Beats by Dre Tour headphones. Unfortunately, the performance of the Klipsch headphones left a lot to be desired. While the headphones sounded very clear and crisp on the high end, the low end did not provide any appreciable bass."", ""Might be the best headphones on the market in this price range. Recommend these to anyone looking for quality earbuds.""]",33.385792048648,The available reviews do not provide enough information to answer this question.,True,145.24920796975493
G_004,REC_004,B00C53831I,Electronics,medium,descriptive,sentwin,10,Will These Work In My Dell Optiplex GX 620sff?,"Yes, they should work on your Dell Optiplex 620. I have a desktop of that vintage and these modules worked on mine. Here's a suggestion: Go to Crucial.com and take advantage of their memory scanner-----this will verify the kind of memory modules your computer needs-----this doesn't commit you to buying theirs.",KB_00033,1,"[""KB_00033"", ""KB_00031"", ""KB_00033"", ""KB_00032"", ""KB_00033"", ""KB_00034"", ""KB_00036"", ""KB_00036"", ""KB_00033"", ""KB_00038""]","[""If you know the exact nomenclature of the description (by a little research) of the modules you need, then it is safe to purchase same. These modules were just what I needed to expand the memory on my Dell desktop computer. Easy to install and ran my memory stress tests with no errors."", ""The memory was a perfect fit for my Dell desktop computers and I had no problem with installing the memory myself. I received my purchase ahead of time and you can not beat the price."", ""One needs to be careful in buying memory modules without the advice of the makers of these modules. If you know the exact nomenclature of the description (by a little research) of the modules you need, then it is safe to purchase same."", ""The memory I received was made in 2007. It passed the performance test with average scores on the old Dell I put it in. Works good and I'm satisfied."", ""One needs to be careful in buying memory modules without the advice of the makers of these modules. If you know the exact nomenclature of the description (by a little research) of the modules you need, then it is safe to purchase same. These modules were just what I needed to expand the memory on my Dell desktop computer."", ""Ordered this a few days ago in order to replace some failing ram sticks, and to my surprise, the packaged arrived early! When I opened it, I thought to myself &#34;this is it, these will last me for a lifetime&#34;, and to my dismay, the ram sticks did NOT match at all! But the worst and most stressing part about this is that the new sticks did not work!"", ""i ordered two matching sticks and got two different ones. according to CPU-Z one stick is PC2-5300 and the other is PC2-6400 both made by MELCO. although the 6400 stick will revert back to 5300 it kinda makes you wonder how this could happen."", ""according to CPU-Z one stick is PC2-5300 and the other is PC2-6400 both made by MELCO. although the 6400 stick will revert back to 5300 it kinda makes you wonder how this could happen. you get what you pay for i guess."", ""These modules were just what I needed to expand the memory on my Dell desktop computer. Easy to install and ran my memory stress tests with no errors. A good buy at a bargain price."", ""Went in smoothly after removing DVD drive. No problems as of now.""]",26.86154202092439,The available reviews do not provide enough information to answer this question.,True,188.8516250764951
G_005,REC_005,B006YVFGAS,Electronics,medium,descriptive,sentwin,10,Would I need to still buy a converter box for this antenna?,"Depends on your display monitor or TV. It needs to have a tuner built in to the display to go without a converter box. If it's an old heavy box CRT TV you will probably need a converter box. If it's a newer LCD TV than you probably don't. In a nutshell, your monitor or TV needs to be able to receive ATSC signals.",KB_00041,1,"[""KB_00041"", ""KB_00041"", ""KB_00048"", ""KB_00045"", ""KB_00049"", ""KB_00042"", ""KB_00043"", ""KB_00043"", ""KB_00044"", ""KB_00046""]","[""I was a little worried that this antenna would be a waste of money, but I was wrong. After years of pixelation and moving my old rabbit ears around to try to get stations, I wanted to try something better."", ""After years of pixelation and moving my old rabbit ears around to try to get stations, I wanted to try something better. I have this going in to a digital converter box as I still have a tube TV. After messing around with the placement, I get more channels than before and I no longer have to worry about if where I sit in the room will affect my reception."", ""When using the amp u can get channel 11 and a few others as well. Also,my antenna box was opened and repacked  like it was a return. Not happy about that."", ""This antenna did very poorly and was able only to get reception on 2 channels which formerly got 15 on old antenna .I would not recommend this product to anyone. I went back to old unit sold at Best Buy ."", ""Sometimes the cables not working too great so I switch to this Antenna and get all the channels I need, never miss a show"", ""power, and with a new converter box scan I was able to somewhat pick up WTMV and its 2 sub-channels, 29-1, 29-2, and 29-3. It was VERY scrambled, and then I tried messing around with the placement of the antenna, and subsequent converter box scans couldn't pick that station up anymore."", ""Setting it up where I wanted it to go served no issue whatsoever. I plugged in the antenna, positioned it with the help of the converter box, and found the ideal position. The picture is comparable to that of satellite, and I am really impressed."", ""It has been years since I bought an antenna, and so, even with digital TV, I was a little skeptical. Setting it up where I wanted it to go served no issue whatsoever."", ""Here in Ashford CT the rumor was we couldn't get any free to air stations. This antenna picks up 12-15 stations although I need to sit it in the window pointing West. Probably three of those channels come in maybe 60% of the time."", ""I can put up with it.Be sure you buy the RIGHT Micron XG--apparently there is a UHF version and I think there is another version yet that comes without the amplifier. Even ClearStream's own website is confusing as to which version is which.And shop around--I paid about $40 too much.""]",28.646041988395154,"Some reviewers mention using a digital converter box with the antenna, suggesting that it may still be necessary to purchase one. However, not all reviewers mention using a converter box, so it's unclear if it's required for all users.",False,483.90375007875264
G_006,REC_006,B00CGW74YU,Electronics,long,descriptive,sentwin,10,It appears to be an elastic band around the middle part of the lens. OUESTION: will this band interfere with the lens when  auto focusing?,[UNANSWERABLE],,1,"[""KB_00053"", ""KB_00051"", ""KB_00055"", ""KB_00057"", ""KB_00052"", ""KB_00059"", ""KB_00054"", ""KB_00058"", ""KB_00056"", ""KB_00053""]","[""I love this product. The band fits great around the lens. No more worrying where to put the lens cap!"", ""The caps are spares, so I didn't need to use them, but I did snap on onto my lens and it appears to fit just fine and is made of heavy plastic...doesn't feel flimsy at all.The cap-keepers are wonderful! I really like the elastic to fit around the lens instead of hooking on to the strap anchor on the camera. It's much less in the way."", ""The caps arrived a timely manner and were appropriately packaged for shipment. They fit the lens as advertised and the elastic band does an excellent job of holding onto the lens barrel. Completely satisfied with the quality and price."", ""I have many times so I bought several of these and they are great and easy to use, especially with the nifty keeper. Just slip the elastic band on the lens itself and stick the sticky end on the lens cover and off you go!"", ""The lens caps that came on the lenses have the brand name NIKON deeply embossed on the middle of the outward facing portion of the lens cap. Very good looking, but unfortunately because of that embossing it is impossible to have the adhesive that holds the lens cap to the elastic that goes around the lens adhere to the lens cap."", ""They have an elastic band that slips over the lens that is then attached to a nice little leash stuck to the cap. Those pesky lenses and their desire for freedom is now thwarted."", ""Many similar elastic band retainers have bee criticized for falling off various lens caps and that may be the result of insufficient pressure when installing them."", ""I love that attaching the part to the cap is easy and it stays. I LOVE the elastic part which goes on and then keeps my cap right where I need it while using my camera. I then can find my cap and am never worried that I can't find my cap."", ""I like tying the string to the lens cap through a small hole in the cap, rather than glueing a string holder to the front of the cap. To accomplish this one must connect the string to the cap, cut off the string holder from the stretchy part that goes around the lens, and then tie the two parts together."", ""The band fits great around the lens. No more worrying where to put the lens cap!""]",13.261665939353406,The available reviews do not provide enough information to answer this question.,True,175.56679202243686
G_007,REC_007,B004HW6F9M,Electronics,medium,descriptive,sentwin,10,Do you need an amp for it?,Yes you do need an amp for it. I suggest pairing it with a pioneer digital amp. I have 2 of these In my TDI golf 2013 and they save so much space but have higher decibel readings then some of the extensive setups my friends have installed so far.,KB_00061,1,"[""KB_00065"", ""KB_00069"", ""KB_00066"", ""KB_00063"", ""KB_00064"", ""KB_00061"", ""KB_00066"", ""KB_00061"", ""KB_00064"", ""KB_00062""]","[""Not sure if that is a mistake or what, but it is rated for 200 Watts. I am currently giving it 200 Watts (from a bridged RF 4 channel amp) and let me tell you, it will need no more. I've had sound systems that were insane in my younger days, so I know what to expect from a shallow mount 10&#34; sub."", ""I am not a person that likes a high amount of bass. This unit has enough bass anybody needs."", ""I was looking for a sub for my 2000 mustang ragtop to give me some bass when the top was down. Almost spent 600.00  plus at an electronics store, they said I would need a special setup to get bass. I read the reviews on this sub with the boss R1100M."", ""It takes up a small amount of space, but I can stack luggage on top if I need the space. The Pioneer GM-3500T amp driving it has plenty of power to drown out road noise on the freeway and rattle the trunk if I turn it up. Overall it is a great combination."", ""It sounds great, I have it running through an ancient RF punch amp and it hits HARD. Granted its an older RF amp and they are SERIOUSLY underrated."", ""this thing is so small and sounds so huge. i have it in a 07 saturn vue running it with a pyramid 1000watt artic amp. if you need space and huuuuge sound buy this."", ""Great sounding bass on the highway with the top down. The adjustable bass control that comes with the amp works great to adjust the sub to different music."", ""i have it in a 07 saturn vue running it with a pyramid 1000watt artic amp. if you need space and huuuuge sound buy this. buy it now!!!!!!!!"", ""It sounds great, I have it running through an ancient RF punch amp and it hits HARD. Granted its an older RF amp and they are SERIOUSLY underrated. Its a sealed enclosure, so it\""s a quick,  solid hard hitting bass, rather than a really deep ultra low tone bass."", ""This thing is awesome! Much more bass than I need. You will not hear it unless you are sitting in the truck and then it rocks.""]",38.117125048302114,"The reviews suggest that an amp is needed to power the sub, as several reviewers mention using an amp, such as a bridged RF 4 channel amp or a Pioneer GM-3500T amp, to drive the sub. The type and power of the amp may vary depending on individual preferences and setups.",False,438.8455000007525
G_008,REC_008,B00CAN8ETE,Electronics,medium,descriptive,sentwin,10,Has any one tried this with any car stereo 30-pin adapters?,It works with most 30 pin adapters. There are a get radios however that will not use the same protocol and do not work with the NAXA,KB_00072,1,"[""KB_00074"", ""KB_00076"", ""KB_00075"", ""KB_00073"", ""KB_00076"", ""KB_00072"", ""KB_00072"", ""KB_00071"", ""KB_00072"", ""KB_00077""]","[""Not only did it not work (it just got super hot), when I plugged my iPod back in there was now a thumping noise, and it would no longer charge the iPod. I have one of those USA Spec adapters that hooks into my stereo. So while I was able to return the NAXA, I'm out $100 for the iPod adapter that I now have to replace."", ""This thing never connected to any of my docks or with my car's 30pin cable. I sent it back and ordered the ViseeO Tune2Air WMA1000 which is more expensive, but works perfectly with every device I have and connects instantly in my car for A2DP Stereo Bluetooth music."", ""I thought this would work on my car. My car has a plugin for an ipod so i tried to use this so I can play music from my galaxy s2. Didn't work."", ""I tried this product with two different Sony bookshelf stereo systems and four different smart phones. It powered up and paired with each phone (iPhone 5, HTC One, and Samsung Galaxy), but it would not play any music through either stereo's speakers."", ""This thing never connected to any of my docks or with my car's 30pin cable. I sent it back and ordered the ViseeO Tune2Air WMA1000 which is more expensive, but works perfectly with every device I have and connects instantly in my car for A2DP Stereo Bluetooth music. Do yourself a favor and spend the extra money to get the ViseeO."", ""I tried this in 2 different cars. My friend has a BMW, not sure model, and used an aftermarket converter to hook up his iphone. It works on his, but the controls don't work."", ""I tried this in 2 different cars. My friend has a BMW, not sure model, and used an aftermarket converter to hook up his iphone."", ""Easy to plug into 30 pin socket and connect to Bluetooth devices. Volume is a bit low so need to crank up stereo then turn volume down for other sources."", ""So if you are looking for that functionality be warned, it May not work. But it still connects and works fine.I also installed one in my wifes car, honda accord. Same thing."", ""You didn't read. That's your fault.So plug it in your powered dock/iphone aux for your car and turn on bluetooth. Go searching for the device and it should come up in a few seconds.""]",31.784916995093226,"Yes, several reviewers have tried this with car stereo 30-pin adapters, but with mixed results, including some reporting that it did not work or had connectivity issues. One reviewer reported it working in a BMW with an aftermarket converter, and another reported it working in a Honda Accord.",False,716.5061660343781
G_009,REC_009,B0013V3CQY,Electronics,long,descriptive,sentwin,10,Can this be connected to a laptop anyway to record if so what do I need if not what will I need to get,"Yes, mine is hooked up to a lap top via an EasyCAP DC60 - USB 2.0 Audio/video Creator Capture High-quality Analog Video and I use a software video capture program to record to the hard drive, however its tedious and I reccomend getting aZmodo PKD-DK4216-500GB H.264 Internet & 3G Phone Accessible 4-Channel DVR with 4 Night Vision Cameras and 500 GB HD for about 100 bucks more for easy recording of surveillance video.",KB_00086,1,"[""KB_00085"", ""KB_00082"", ""KB_00082"", ""KB_00086"", ""KB_00088"", ""KB_00090"", ""KB_00084"", ""KB_00081"", ""KB_00087"", ""KB_00085""]","[""I have yet to catch him, but I have caught many other crazy things outside with this camera. I attached it to my DVD recorder, so I can record for up to several hours non stop and catch anything I might miss."", ""The LCD even has an option to scroll back and forth between the two.Cons:1) To record you do need to hook it up to a recording device. Sadly it does not record on its own which does limit it's helpfulness a bit.2) Sometimes when viewed on a larger TV, the screen can be a bit snowy. However it has never gotten nearly bad enough for me that I couldn't see what was going on outside.3)The camera does need to be sheltered when used outside."", ""The LCD even has an option to scroll back and forth between the two.Cons:1) To record you do need to hook it up to a recording device. Sadly it does not record on its own which does limit it's helpfulness a bit.2) Sometimes when viewed on a larger TV, the screen can be a bit snowy."", ""It views everything in a black and white picture, but does still have a picture whereas most cameras would just show black.3) The camera can and will record if and only if you hook it up to a VCR, DVD recorder, or some other recording device that works with AV cables."", ""Of course I have it in a spot under where hopefully no water will hit it. Just make sure you have somewhere to plug it in outside, I think you can get a rechargeable battery from GE as well for extra of course."", ""the video baby monitor transmitted a crystal clear picture and great sound. ...therefore, I PACKAGED THE GE CAMERA AND MONITOR UP AND RETURNED IT FOR A REFUND  :(not sure what we're going to get to replace this - would like something that can be placed outside - but the baby monitor worked so well, i may end up with one of those  ;-)sorry that i can't say anything good about this system."", ""This is the second monitor and camera that I have purchased and if another one is needed I will not hesitate to order the same one again. It is just what we need for our vewing."", ""It is used to keep an eye on my 1/10th of a mile driveway in a rural area. I keep it connected to my TV and switch to it when the alarm sounds.I would recommend this to anyone having such a need."", ""Even the manual will tell you that if the picture is not coming up clearly just adjust the cables and the monitor position so that it can get a clearer signal. I have also noticed that when I have the video stream running on my 20\"" TV it can be a lot easier to view some of the smaller shapes."", ""I love this little security camera. I bought it back in 2011 for $50 off Amazon.com from a seller.""]",35.49725003540516,"This camera can be connected to a recording device such as a VCR, DVD recorder, or possibly a laptop with the right equipment, to record. You will need a recording device with AV cables to record.",False,510.23254194296896
G_010,REC_010,B004JKBVBY,Electronics,long,descriptive,sentwin,10,Polaroid GL10 PC Driver Does anyone know if Polaroid has issued a printer driver for PC (Win 7) to allow printing on the GL10?I have emailed the Polaroid Customer Contact with no reply.The product instructions say to contact poloriod.com for the software.  I can't find it on that site.Thanks.,"You have to go to, http://www.polaroid.com/en/greylabel and drag the large gray slider bar at the bottom of the page about half way to the right. There you will find links to the Android App, Mac, 32bit and 64bit Windows versions.",KB_00091,1,"[""KB_00091"", ""KB_00093"", ""KB_00094"", ""KB_00091"", ""KB_00100"", ""KB_00096"", ""KB_00098"", ""KB_00093"", ""KB_00099"", ""KB_00099""]","[""Before noticing the button, I had sent and resent the file multiple times thinking it wasn't working.It took two weeks to find the mythical software on the Polaroid site that allows you to print from your computer. You have to go to polaroid dot com /en/greylabel  That's where you find the software for your PC and android smartphones."", ""I understood this product was trying to recreate original Polaroid instant photos when I bought it.Ultimately, I returned the GL10. I like Polaroid's concept regarding this printer. However, the printing jams and the poor user interface in both the PC and Android applications make this product unsatisfactory."", ""I recently purchased the Portable GL10 Zink Printer from Amazon.com. I purchased the product in the view that it was a great idea and an extremely useful way of bringing back the old polaroid photograph style.However, whenever I downloaded the software from the Polaroid website which accompanies the printer, and decided to choose one of the overlaying filters for the photograph, my printer is no longer able to print the normal white border or any other filter."", ""Before noticing the button, I had sent and resent the file multiple times thinking it wasn't working.It took two weeks to find the mythical software on the Polaroid site that allows you to print from your computer. You have to go to polaroid dot com /en/greylabel  That's where you find the software for your PC and android smartphones. If you don't have a cable to print from the computer, one is not supplied."", ""If you try to connect with the USB, you will need drivers. The manual says you should go to the polaroid.com and download the software from there. Which I did but I couldn't find any."", ""Would not power up or connect no matter what I did. No help files, FAQ, drivers, anything really on Polaroid's page. So, I used Amazon's great return policy and just ordered a new one."", ""It is difficult to use. Admittedly, my frustration in navigating the app limited my use.Printer setup, including installing the battery, loading the photo paper, and installing the PC driver, was easy.The physical printing process is poor. The printer jammed 80% of the time (it jammed 4 times out of the 5 times I tried to print).The one photo I printed is best described as \""Polaroid instant film quality.\"""", ""I like Polaroid's concept regarding this printer. However, the printing jams and the poor user interface in both the PC and Android applications make this product unsatisfactory."", ""I had considerable difficulty finding the PC software for this device. It is located on the Polaroid website, but it is not easy to find."", ""I had considerable difficulty finding the PC software for this device. It is located on the Polaroid website, but it is not easy to find. (Incidentally, it is located here: [...] ).The PC software has a poor user interface.""]",35.28395900502801,"The Polaroid GL10 PC driver is available on the Polaroid website, but it can be difficult to find. The software can be located at polaroid.com/en/greylabel, which allows printing from a PC.",False,409.4514580210671
G_011,REC_011,B00CVK49LI,Electronics,medium,descriptive,sentwin,10,How can I order this case in Italy? Help me please.,[UNANSWERABLE],,0,"[""KB_00102"", ""KB_00101"", ""KB_00107"", ""KB_00101"", ""KB_00107"", ""KB_00106"", ""KB_00101"", ""KB_00103"", ""KB_00101"", ""KB_00106""]","[""I give up the second cover that was supposed to fit y Dell. Both were junk and they both would Not stay on my laptop."", ""The color and contrast of the case looks really nice and it fits on the laptop well. The case snaps onto the laptop sides, the bottom one seems to be more sturdier though. Would definitely buy another one if I ever needed it (or maybe a different color)."", ""Fits my Dell Inspiron 15z Touch Ultrabook like a glove. Snapped right on and looks quite nice."", ""Great product! The color and contrast of the case looks really nice and it fits on the laptop well. The case snaps onto the laptop sides, the bottom one seems to be more sturdier though."", ""Fits my Dell Inspiron 15z Touch Ultrabook like a glove. Snapped right on and looks quite nice. It is see-through, but it looks kind of cool that way."", ""inexpensive plastic cover works fine. Make break or become brittle in the future but great for the price."", ""The case snaps onto the laptop sides, the bottom one seems to be more sturdier though. Would definitely buy another one if I ever needed it (or maybe a different color). Very happy with the product."", ""Excellent fit to my Inspiron 15z and looks great. Now I don't have to worry about my laptop handled rough by my kids."", ""Great product! The color and contrast of the case looks really nice and it fits on the laptop well."", ""Make break or become brittle in the future but great for the price. Very happy with this""]",29.127791058272123,The available reviews do not provide enough information to answer this question.,True,144.54950008075684
G_012,REC_012,B0045ZZKOM,Electronics,medium,descriptive,sentwin,10,Will this work with a D3200??,[UNANSWERABLE],,0,"[""KB_00115"", ""KB_00111"", ""KB_00110"", ""KB_00109"", ""KB_00112"", ""KB_00113"", ""KB_00111"", ""KB_00116"", ""KB_00110"", ""KB_00116""]","[""Makes my pictures looks great. I have D7000 and fits perfectly and plus the kits great... so you dont need to buy anything else cuz it's included. Easy to use too, i'm a newbie in this ... quite easy to figure it out, if not.. it's always google it to find the answer."", ""I ordered the flash kit for my Nikon D3100. I was tasked with taking pictures at my school's graduation ceremony and I felt that the built-in flash wouldn't be enough."", ""I am very satisfied with my Nikon Speedlight SB-700. I have not used all of the accessories yet, but those that I have used work just fine."", ""This flash works perfectly. It has very good light power and can reach out for those long shots."", ""Just what I was looking for. I haven't had time to put the flash through its paces yet, but am sure it will deliver what I wanted. The vendor delivered just as promised."", ""This Speedlight was highly recommended at a Nikon class I took & now that I have used it, I can see why. Easy to use, very versatile."", ""I ordered the flash kit for my Nikon D3100. I was tasked with taking pictures at my school's graduation ceremony and I felt that the built-in flash wouldn't be enough. The flashed work as advertized and the rechargeable batteries held up through the whole ceremony."", ""Perfect results. Good power, though not Nikon's most powerful. It will be fine for most situations."", ""I am very satisfied with my Nikon Speedlight SB-700. I have not used all of the accessories yet, but those that I have used work just fine. I look forward to future use of these products."", ""Good power, though not Nikon's most powerful. It will be fine for most situations.""]",32.9163329442963,The available reviews do not provide enough information to answer this question.,True,262.59516703430563
G_013,REC_013,B007KMFXZ8,Electronics,medium,descriptive,sentwin,10,how to add a new genre,[UNANSWERABLE],,0,"[""KB_00127"", ""KB_00122"", ""KB_00121"", ""KB_00119"", ""KB_00119"", ""KB_00121"", ""KB_00121"", ""KB_00120"", ""KB_00121"", ""KB_00118""]","[""After he watches the new episode, he'll delete it so I can't see it anymore. Before, my recordings could not be altered by other viewers and I had my own space."", ""But typically, new improved isn't always improved. And we lose the ability to rename a recording. That made no sense."", ""What would make a great box even better would be some minor tweaks I am sure that are software driven. Please allow more folders and sub folders. Add some of the more mainstream apps like Netflix, Amazon Prime and many of the other great apps found on a Roku box."", ""You can still personalize favorite channels and the interface for doing that is great since it is clear to see what the channel is that you are selecting. You have to set up favorite channels for each Joey though.Transferring content from an external hard drive was easy and as before, you can add an external hard drive for additional recording storage."", ""You can still personalize favorite channels and the interface for doing that is great since it is clear to see what the channel is that you are selecting. You have to set up favorite channels for each Joey though.Transferring content from an external hard drive was easy and as before, you can add an external hard drive for additional recording storage. There are some apps available (which run through your internet)."", ""Please allow more folders and sub folders. Add some of the more mainstream apps like Netflix, Amazon Prime and many of the other great apps found on a Roku box. Web surfing would be cool but might simply be a novelty, if you add the YouTube app and some others you would probably cover the bulk of what people are surfing."", ""Add some of the more mainstream apps like Netflix, Amazon Prime and many of the other great apps found on a Roku box. Web surfing would be cool but might simply be a novelty, if you add the YouTube app and some others you would probably cover the bulk of what people are surfing."", ""So far, after more than 2 months,  find the quality to be at least as good as DTV. The process for recording is different but equally as good."", ""The guide data was instantly available in my guide. What would make a great box even better would be some minor tweaks I am sure that are software driven. Please allow more folders and sub folders."", ""First off, 4 TVs can't watch independently, only 3 can. There are only 3 tuners on the Hopper. The Hopper \""supports\"" 3 Joeys, but if you add a third Joey then one of the Joeys has to watch the same as one of the other TVs, or something recorded.""]",33.00308296456933,The available reviews do not provide enough information to answer this question.,True,249.17979107704014
G_014,REC_014,B00009R95W,Electronics,long,descriptive,sentwin,10,Difference between Hoya 58CIR or Hoya HMC ? Trying to decide between the regular Hoya Circular Polaraizing Filter or the HMC. Does the more expensive HMC give that much better results to justify the price?,"Yes it does.  I would never consider using a non-multi-coated filter on a digital camera.  The reason is simple.  The sensor has a flat glass protecting it (called a low-pass filter - LPF).  Some light will bounce off the LPF and head out the lens.  Since lens elements are multi-coated and curved, very little light will reflect back to the sensor.  But since the front filter IS flat, you can get a lot of light bouncing back.  If you use a non-coated, or single-coated filter, you get a lot of light reflected back into the sensor.  This shows up as a loss of contrast (veiling flair) or as ghosts and hot spots.  Multi-coated filters are designed to reduce this effect, but cannot eliminate it.  This is a real problem when you shoot into a light source.When shooing into a light, ANY filter will degrade the image.  Multi-coated filters are much better, though.",KB_00132,0,"[""KB_00131"", ""KB_00129"", ""KB_00130"", ""KB_00130"", ""KB_00133"", ""KB_00128"", ""KB_00133"", ""KB_00130"", ""KB_00132"", ""KB_00128""]","[""Excellent circular polarizer filter by Hoya. I'm using this for anOlympus PEN E-P1 12.3 MP Micro Four Thirds Interchangeable Lens Digital Camera with 14-42mm f/3.5-5.6 Zuiko Digital Zoom Lens (Silver Body/Black Lens)camera."", ""This is a very good circular polarizer it not the newest one that the Hoya NTX But it still very good for the price can not beat it."", ""The threads on the knock off were rough and the adjustment ring difficult to turn. The Hoya is of a much higher quality. It adjusts with ease and threads onto your lens very smoothly."", ""I have used both a cheap no-name circ-polarizer but it is was not even worth the shipping price. The threads on the knock off were rough and the adjustment ring difficult to turn."", ""The new zoom lens for the NEX SONY cameras uses a smaller filter size than the 49mm diameter which fits most of the other lenses currently being provided for these cameras. For polarizing effects it is therefore necessary to get the 40.5 mm diameter lens. It does provide adequate polarization control."", ""Screwed it on my camera. Turned the the filter while photographing water with sun glinting off it and couldn't see any difference no matter how I turned the filter (I turned it 360 degrees). Could be operator error and if it is I'm happy to change my review but I don't think it's worth anything to me."", ""For polarizing effects it is therefore necessary to get the 40.5 mm diameter lens. It does provide adequate polarization control."", ""The filter is clean with zero imperfections. Highly recommended.The only improvement I would like to see is a mark on the adjustment filter for reference."", "". But I ordered the polarizer as soon as I found out, we took it to Hawaii, and put it to work. We took some with it on the camera and some without, when the situation really calls for it, it definitely makes a huge difference."", ""Could be operator error and if it is I'm happy to change my review but I don't think it's worth anything to me. I've put polarized sunglasses in front of my point and shoot and gotten better results.""]",29.61454202886671,The available reviews do not provide enough information to answer this question.,True,366.98229098692536
G_015,REC_015,B008A4H67I,Electronics,long,descriptive,sentwin,10,"Is this compatible with the new dell inspiron 11 3000 series, the 2-in-1?",[UNANSWERABLE],,0,"[""KB_00138"", ""KB_00137"", ""KB_00138"", ""KB_00136"", ""KB_00138"", ""KB_00134"", ""KB_00134"", ""KB_00135"", ""KB_00135"", ""KB_00136""]","[""My toddler loves my laptop. If I turn my head away for a second, he's already figured how to pop keys off."", ""Ergo, you should twist it COUNTER-CLOCKWISE!Other than that, I like this product. The color is cute (and matches my laptop) and the lock seems to work well."", ""If I turn my head away for a second, he's already figured how to pop keys off. So in order to protect my computer, I ordered this security cable. (It's really very long, so I made sure to wrap it tight to keep my toddler safe, too."", ""This is sturdy, easy to use and a pretty color. You will need a tiny Philip's screwdriver to set your combination but after that it is really a good accessory to have if you use your laptop in public. No one wants to have to pack everything up and lose that prime spot in Starbuck's with the wide table and outlet just to go to the bathroom."", ""(It's really very long, so I made sure to wrap it tight to keep my toddler safe, too. )I can easily lock my laptop to its desk and not worry about it being damaged. It allows for a four-digit combination, which is useful on the road."", ""works great and very easy to use. I much prefer this type rather than the ones with keys."", ""works great and very easy to use. I much prefer this type rather than the ones with keys. I highly recommend."", ""It is lightweight to throw into her backpack and is aware it is to hopefully slow down a would be thief--not necessarily prevent the theft. For now, its worth the investment"", ""after reviewing several different types of locks to send my daughter to college with, this lock was simple and not complicated to use. It is lightweight to throw into her backpack and is aware it is to hopefully slow down a would be thief--not necessarily prevent the theft."", ""No one wants to have to pack everything up and lose that prime spot in Starbuck's with the wide table and outlet just to go to the bathroom. It's a great deal.""]",29.242209042422473,The available reviews do not provide enough information to answer this question.,True,293.5580840567127
G_016,REC_016,B004R7A9NU,Electronics,medium,yesno,sentwin,10,does it work for ipad 4,Yes it does indeed! I have the ipad 4 and its fits it perfectly,KB_00148,1,"[""KB_00140"", ""KB_00141"", ""KB_00142"", ""KB_00148"", ""KB_00141"", ""KB_00147"", ""KB_00140"", ""KB_00140"", ""KB_00146"", ""KB_00141""]","[""So, 1 star for using this with the iPad 3 but 4 stars for using it with the iPad 2 (sleep awake works for the older model). Unfortunately, I bought it for the iPad 3!! I was hesitant to purchase a case before the iPad 3 was released for just this reason, but I bought from this seller because they specifically said it would work with the new iPad."", ""The magnets in the case do not line up to allow auto shutoff of the IPad when cover is closed. Function does work on IPad 2 models as we own one of those as well. As of 3/24 the vendor should only be shipping the new case that supports IPad 2 and IPad3 so review was changed to reflect the fix."", ""I have bought 4 of these now for myself and family, all for iPad 3 (New). They fit fine, nice quality for the price and is the closest case to the original iPad thin vinyl case made by Apple."", ""I have an iPad 4 and this case fits perfect. Nice looking at a reasonable price."", ""As of 3/24 the vendor should only be shipping the new case that supports IPad 2 and IPad3 so review was changed to reflect the fix. They promptly got me a replacement case when the older IPad 2 case would not work."", ""This is a nice looking Ipad 4 case. I love it."", ""Unfortunately, I bought it for the iPad 3!! I was hesitant to purchase a case before the iPad 3 was released for just this reason, but I bought from this seller because they specifically said it would work with the new iPad. Bummer."", ""The sleep / awake funtion on this case does not work for the new iPad. So, 1 star for using this with the iPad 3 but 4 stars for using it with the iPad 2 (sleep awake works for the older model)."", ""The case allows it to stand at 2 different angles, both work perfect. The iPad2 fits like a glove in this case. Many have said that the edges are not protected."", ""Function does work on IPad 2 models as we own one of those as well. As of 3/24 the vendor should only be shipping the new case that supports IPad 2 and IPad3 so review was changed to reflect the fix. They promptly got me a replacement case when the older IPad 2 case would not work.""]",10.68100007250905,"The case fits an iPad 4, with one reviewer stating it ""fits perfect"" and another calling it a ""nice looking Ipad 4 case"".",False,365.12224993202835
G_017,REC_017,B002PWHOYG,Electronics,medium,yesno,sentwin,10,will it position for a vertical shot?,Absolutely. The ball flips the camera on its side.,KB_00149,1,"[""KB_00149"", ""KB_00156"", ""KB_00149"", ""KB_00152"", ""KB_00154"", ""KB_00153"", ""KB_00155"", ""KB_00151"", ""KB_00151"", ""KB_00152""]","[""It took me a little while to get a good operating process down when using the head but I am now able to use it with ease. The head does a good job of holding my Canon 40D in place when in the vertical position. I have a Manfrotto tripod that has a center column that can be place in a horizontal position and have have put my camera in this configuration looking down on an object I was photographing."", ""The little spring arm that is your safety lock, so that if you accidentally move the release is failing. When I engaged the camera, the smaller spring arm does not fully swing back into it fully elevated position. If that does not happen the release arm has nothing to stop it."", ""The head does a good job of holding my Canon 40D in place when in the vertical position. I have a Manfrotto tripod that has a center column that can be place in a horizontal position and have have put my camera in this configuration looking down on an object I was photographing."", ""This is a really nice head. It has multiple adjustments and each one can be tighten individually giving you the ability to position the camera just about any way you want. If you are going to pan from side to side you will have no problems, but if you plan to pan up and down the ability will be somewhat limited."", ""Also added a pic in the customer images.The tension knob still holds a camera in place but I wouldn't walk away from it. It bounces all over the place before settling into place when framing a shot.I got 2 years of acceptable use out of it. Maybe more if I had stuck to lenses under a pound...?"", ""I set up the tripod, head and camera; leveled everything and got ready for a shot; oops, I was pointed a few inches to the left of where I wanted to be; I simply loosened the panning knob and panned to the right until my subject was framed the way I wanted. I think with the 496RC2, I would have rotated the ball head and risked having everything go out of level."", ""I've never had any sag except for a small bit when first setting position. I take this into account now and always aim a bit high before tightening. All the controls are smooth, especially the panning, and all knobs lock securely."", ""The third knob is to rotate the base.The base rotation knob was important to me as I like shooting an occasional panoramic. It's nice getting everything locked down with regard to horizon orientation, vertical and horizontal, then simply pan the camera without loosening up all the controls. But I mainly photograph portraits and this is a nice balance of size, quality and control.The only negative I can think of is why they even bother to put the degree of rotation reference markings on the base."", ""It's nice getting everything locked down with regard to horizon orientation, vertical and horizontal, then simply pan the camera without loosening up all the controls. But I mainly photograph portraits and this is a nice balance of size, quality and control.The only negative I can think of is why they even bother to put the degree of rotation reference markings on the base."", ""It has multiple adjustments and each one can be tighten individually giving you the ability to position the camera just about any way you want. If you are going to pan from side to side you will have no problems, but if you plan to pan up and down the ability will be somewhat limited. My guess is that you can go up to about 10 o'clock very easily but 10 to 12 will be a bit more of a challenge.""]",13.302500010468066,"The head can hold a camera in place when in the vertical position, and it has multiple adjustments to position the camera as desired, although panning up and down may be somewhat limited. It can be used for vertical shots with a tripod that has a center column in a horizontal position. The head does a good job of holding the camera in place in this configuration.",False,546.8563339672983
G_018,REC_018,B003L75CUC,Electronics,medium,yesno,sentwin,10,I've got a nikond90 qith a 18-200 lens (72mm) will it fit?,"Yes, it'll fit.",KB_00167,0,"[""KB_00161"", ""KB_00165"", ""KB_00166"", ""KB_00162"", ""KB_00167"", ""KB_00159"", ""KB_00162"", ""KB_00163"", ""KB_00160"", ""KB_00161""]","[""The case fit by Nikon d7100 camera and was water tight. The problem is that in order to adjust the focus or distance, you have to remove the front cover...which defeats the purpose of it being water tight!."", ""Overall I like this bag it serves its purpose however you have to be conscious of where the lense is pointing. If you do not pay attention you will end up with a black shadow/ring around your pictures from taking a picture of the bag."", ""I was expecting something a little more fitted since it mentions my camera model in the title of the product. It's HUGE and very hard to adjust outside of the water, let alone inside."", ""Also, it floats, or atleast, it was determined to float for me. Which is great, because if you accidentally let it go, atleast you can get it back.The only bad points about the bag is that it's very large (but if I upgrade my camera, I'll be able to use it for that one), it's nearly impossible to zoom the lens under water through the finger grips."", ""I ordered this model for my Nikon D3100. Sent it back.This model is for LARGE DSLR cameras, if you have a Canon Rebel series, or a Nikon D3000, 3100, 5100 or similar, this thing will absolutely swallow the camera."", ""Went to pool to take some pictures.Water got in from two spots same time. Lens lid and bottom, I saved my lens but the water which got in from bottom went in to battery and screwed it up. Both sponges they put in the bottom got sock and let water further in."", ""This bag was extremely good at keeping my camera dry, even up to 20 ft under water. Also, it floats, or atleast, it was determined to float for me."", ""This product worked just as it said it would. I took great photos in Hawaiian surf and not one drop of water touched my investment NIKON Camera.However, my telephoto lens cover has ridges on it and when the lens cover touched the plastic cover of the case it scratched it terribly rendering some photos  not useable.There is no manufacture information to call to replace the cases clear lens. So, the case was shot."", ""Got this to protect our Nikon D3000 slr. Works perfectly."", ""The case fit by Nikon d7100 camera and was water tight. The problem is that in order to adjust the focus or distance, you have to remove the front cover...which defeats the purpose of it being water tight!. Basically it became a waterproof storage case rather than actually taking pictures with it""]",38.11733308248222,The available reviews do not provide enough information to answer this question.,True,275.68379091098905
G_019,REC_019,B000GPHQWO,Electronics,medium,descriptive,sentwin,10,Does this lens fit on a Canon EOS Rebel T3i?,"I am positive that it will fit on Canon EOS Rebel T3i. This camera uses Canon EF Lenses. And this Sigma lens was designed with the same mount as the Canon's EF mounts. Just make sure you buy the one for Canon, and you should be fine.",KB_00170,1,"[""KB_00185"", ""KB_00176"", ""KB_00186"", ""KB_00174"", ""KB_00189"", ""KB_00177"", ""KB_00173"", ""KB_00170"", ""KB_00177"", ""KB_00189""]","[""I used the lens on a Canon 7D."", ""(This review is based on an 11-day rental of this lens. I used the lens on a Canon 7D. )The macro works as specified."", ""Canon does not make an equivalent lens, even if I was willing to pay twice for an 'L' lens."", ""I think it wasn't built strong enough. Was it a Canon or Nikon lens, it should have withstood this much impact. I know that I should have been careful about this."", ""At 1:1 magnification, 3-4 inches away, maximum aperture is f4.8. This is not really what I had in mind when I bought this lens, and I may return it because it's not going to work as well as I had hoped. I bought an f2.8 lens expecting a constant aperture."", ""Someone said it must be the SIGMA 70 or the Tamron 90 and when I got to [...] I looked in all possible lens for specs..rating and found this as the best in under $1500. On that site you have to see this lens in Canon body mount section;It is splendid indeed/ there is absolutely no complain about sharpness and the bokeh is fabulous; however there is a draw back in autofocus if not limited."", ""Image rendition is excellent. We use it on Canon 30D and 40D bodies. It focuses quickly and without a lot of noise."", ""I STRONGLY recommend picking up a Tripod with this one, it's a little heavy on my Canon EOS 450D, and I find myself losing out on some real high quality shots cause of those shaky hands! Get a tripod and get this lens!"", ""I was searching the whole internet to find reviews on a most sharp lens to mount on my K-5 Pentax. Someone said it must be the SIGMA 70 or the Tamron 90 and when I got to [...] I looked in all possible lens for specs..rating and found this as the best in under $1500. On that site you have to see this lens in Canon body mount section;It is splendid indeed/ there is absolutely no complain about sharpness and the bokeh is fabulous; however there is a draw back in autofocus if not limited."", ""And it's nearly a deal-breaker for me. This is NOT a true f2.8 fixed lens. It is from 10ft to infinity, but below that the max aperture grows as the subject distance decreases.""]",10.94454200938344,The available reviews do not provide enough information to answer this question.,True,430.07008300628513
G_020,REC_020,B002TV5M5G,Electronics,long,descriptive,sentwin,10,I have an Edge 15 330M ..Is this the correct battery and is it made by Lenovo?,[UNANSWERABLE],,1,"[""KB_00193"", ""KB_00202"", ""KB_00206"", ""KB_00197"", ""KB_00207"", ""KB_00194"", ""KB_00200"", ""KB_00205"", ""KB_00198"", ""KB_00199""]","[""After a week of using this battery, the bios of my Lenovo, before loading Windows, started saying that I wasn't using a genuine Lenovo battery and that Lenovo cannot guarantee the performance of the battery. Sure does look genuine."", ""After a week of using this battery, the bios of my Lenovo, before loading Windows, started saying that I wasn't using a genuine Lenovo battery and that Lenovo cannot guarantee the performance of the battery."", ""There is not much to say about it except that it is the same battery that comes with lenovo computers."", ""Its a good battery and it works well. There is not much to say about it except that it is the same battery that comes with lenovo computers."", ""My Lenovo accepted it without any problems, and the battery life is good."", ""My Lenovo accepted it without any problems, and the battery life is good. But I replaced it with the old dead battery because I realized my laptop is less portable than I thought, and because I like having it always on (just lift the lid), instead of going to sleep."", ""Batteries I received were Lenovo, appeared identical to mine and fit my laptops. Because I have experienced problems with one laptop after installing batteries (from a prior order) that had also appeared identical, upon arrival I compared the product number of what was ordered with what arrived."", ""Batteries I received were Lenovo, appeared identical to mine and fit my laptops."", ""Not much to say but works great -- an OEM replacement for a bad battery to extend the life of your Lenovo Laptop!"", ""This is the OEM replacement for the battery that shipped with the Lenovo ThinkPad SL410, so if you were happy with your SL410's original battery, you'll be happy with this one.""]",30.707958037965,"The available reviews do not provide enough information to confirm if this is the correct battery for an Edge 15 330M, but they suggest that the battery is made by Lenovo, as some reviews mention it is an OEM replacement or appears identical to the one that comes with Lenovo computers.",True,493.20104194339365
G_021,REC_021,B003YLZ8J0,Electronics,medium,descriptive,sentwin,10,Are there actually five programmable buttons? How are they programmed?,Yes they're are 5 programmable buttons but I only programmed in for video games.,KB_00219,1,"[""KB_00220"", ""KB_00212"", ""KB_00210"", ""KB_00212"", ""KB_00224"", ""KB_00218"", ""KB_00216"", ""KB_00227"", ""KB_00215"", ""KB_00219""]","[""The programmable buttons are backwards."", ""If left sitting for about 5 min, I haven't timed it, the mouse turns off, and won't turn back on until you pick up the mouse, turn it over, turn off the mouse power switch, leave it that way for at least 5 seconds, turn it back on, and it will work until the next time it falls asleep, and then you can repeat the above process. The programmable buttons are backwards. If you set the function you want for button 4 for button 5, and vice versa."", ""I needed the buttons programmable so I could create specific custom repetitive tasks, and after installing the software, I only found that I could change the buttons to do pre programmed things already within the software."", ""The programmable buttons are backwards. If you set the function you want for button 4 for button 5, and vice versa."", ""The buttons are crisp and responsive."", ""The cord is braided fabric, not rubber, making it very flexible. The buttons are crisp and responsive. The mouse itself fits my hand very comfortably."", ""I would recommend this mouse to anyone who is in search of a wireless mouse. I love the extra buttons on it as well as the lights. I have gone almost three months of constant daily use and I have still not had  to change the battery and it feels great."", ""I love the extra buttons on it as well as the lights."", ""If you decide to forgo the software, the default for the forward and back buttons are backwards.... the further button on the left is back and the closer one is forward... recovering from a digression, decent buy."", ""This is a good mouse, so far I like its aesthetics and features, such as the 5 buttons that allow you for quick access in a crucial moment of a game, and its awesome that you can program them to do whatever you want, not necessarily with the software that Tecknet provides, but with other party software, its possible, plus you can bind keys to the mouse in-game so its not a problem. The only problem I've noticed, is the responsiveness of the mouse, it tends to not respond at times when in game and doesn't move when I want it to, I'm not sure whether this is because of the surface I use?""]",11.528915958479047,"There are five buttons, and they can be programmed using third-party software to perform custom tasks, but the default programmable buttons 4 and 5 are backwards, requiring users to set the function for button 4 on button 5 and vice versa.",False,772.481375024654
G_022,REC_022,B0083V5SZK,Electronics,long,descriptive,sentwin,10,"What are the 3 chargers i see 30 pin, is that usb mini? Whats the other?","It includes a 30-pin Apple connector, a Micro-USB and a Mini-USB.",KB_00229,0,"[""KB_00238"", ""KB_00229"", ""KB_00230"", ""KB_00231"", ""KB_00237"", ""KB_00229"", ""KB_00229"", ""KB_00233"", ""KB_00230"", ""KB_00232""]","[""I can carry around one compact little charger and charge both my android phone or my iPad when I'm out somewhere."", ""This little thing is brilliant. I can carry around one compact little charger and charge both my android phone or my iPad when I'm out somewhere. I don't have an iPhone, so I can't help out others who might need to charge their new phones, but that's the only thing it's lacking."", ""I live in the UK and constantly travel to other parts of Eurasia where the electrical systems are different. Works great for my Blackberry device, as well as apple devices in our family."", ""Works great for my Blackberry device, as well as apple devices in our family."", ""I don't have an iPhone, so I can't help out others who might need to charge their new phones, but that's the only thing it's lacking."", ""I can carry around one compact little charger and charge both my android phone or my iPad when I'm out somewhere. I don't have an iPhone, so I can't help out others who might need to charge their new phones, but that's the only thing it's lacking. I'm so glad I found this."", ""This little thing is brilliant. I can carry around one compact little charger and charge both my android phone or my iPad when I'm out somewhere."", ""This little thing is brilliant."", ""I have purchased about 5 of these over the past year, and love them. Very versatile for those who travel--particularly overseas. I live in the UK and constantly travel to other parts of Eurasia where the electrical systems are different."", ""Very versatile for those who travel--particularly overseas.""]",13.741709059104323,The available reviews do not provide enough information to answer this question.,True,556.9726249668747
G_023,REC_023,B000NIQMG0,Electronics,medium,descriptive,sentwin,10,What voltage?  Can the head operate on batteries?,"The external power supply is AC --> DC   12V@200mASo, yes, you could take a small 12vdc battery that has an out of about 200mA and power this unit.  If you did use a 12vdc battery you could charge/recharge the battery with a small solar panel that you could purchase for about $20.For Reference: http://www.emtcompany.com/x10-xm14a-ac-power-supply-charger-adapter/101334292.html",KB_00242,0,"[""KB_00243"", ""KB_00256"", ""KB_00245"", ""KB_00257"", ""KB_00239"", ""KB_00239"", ""KB_00248"", ""KB_00257"", ""KB_00245"", ""KB_00244""]","[""I'd send it back but because we used a Lorex camera we had to slightly modify the holes to attach the camera. So can't return it for a working one. Our loss."", ""The Tilt is controlled by a hand held 'RF' remote device."", ""Center and 4 programed positions, then you can slowly move to any other location with the 4 up, down, left, right keys. The Tilt is controlled by a hand held 'RF' remote device. My camera is outdoors, outback and I control it from the front room about 50 feet away."", ""Center and 4 programed positions, then you can slowly move to any other location with the 4 up, down, left, right keys. The Tilt is controlled by a hand held 'RF' remote device. My camera is outdoors, outback and I control it from the front room about 50 feet away."", ""That is thru 3 house and garage walls and a 10 ft. breezeway. It can go left and right or up and down. You can preset 4 stops for each camera and keep sweeping or you can push left, right, up, down and go only as far as you want."", ""I have the camera and panner set up outside under eave of garage. I can operate remotely from about 60 ft. away. That is thru 3 house and garage walls and a 10 ft. breezeway."", ""I can operate remotely from about 60 ft. away."", ""I mounted my own wired video security camera (not an X10 camera) with Heavy Duty Velcro on top of this and watch the birds around my feeder along with other animals... It has 5 points to go to automatically."", ""I mounted my own wired video security camera (not an X10 camera) with Heavy Duty Velcro on top of this and watch the birds around my feeder along with other animals... It has 5 points to go to automatically."", ""I would like to say I am so happy to have it if it works but I am sorry that I bought this item!!! Be aware!!""]",13.311499962583184,The available reviews do not provide enough information to answer this question.,True,185.14466693159193
G_024,REC_024,B0081XI2Y4,Electronics,short,yesno,sentwin,10,does this play audio?,"A VGA port carries video only, not audio+video like an HDMI cable does. You'll need to run audio through a separate cable (usually through a 3.5mm headphone jack) no matter what adapter you use.",KB_00260,1,"[""KB_00270"", ""KB_00261"", ""KB_00268"", ""KB_00259"", ""KB_00261"", ""KB_00267"", ""KB_00269"", ""KB_00260"", ""KB_00261"", ""KB_00266""]","[""It charges with my phone's charger and it streams audio."", ""It is small, light, loud and comfortable. It charges with my phone's charger and it streams audio. I really love this headset because of its superior noise-cancellation feature and its long battery life."", ""This adapter is simple plug and play."", ""This adapter is simple plug and play. Our new Lenovo X1 Carbon have only a mini display port out - so connecting video equipment (large screen TV's or projectors) requires an adapter."", ""This is a great little headset that combines all the features I want and need. It is small, light, loud and comfortable."", ""it arrived but did not work at all... i ended buying the original one so it waste of money and time"", ""I have used Windows 7 and 8 and never even needed to install any drivers or anything -just plug and play.The white color is nice too."", ""Yes it works on Windows. I have used Windows 7 and 8 and never even needed to install any drivers or anything -just plug and play.The white color is nice too. Great product!"", ""It charges with my phone's charger and it streams audio. I really love this headset because of its superior noise-cancellation feature and its long battery life."", ""Forget about this little piece of trash. It does not recognize most computers.""]",35.592000000178814,"Yes, it streams audio. Some reviews also mention that it is loud, indicating that it is capable of playing audio.",False,427.39654099568725
G_025,REC_025,B006VB6UNI,Electronics,long,descriptive,sentwin,10,if I have no pc how do I charge it.. simple answers please,"You dont need a PC, the Nook have an adapter to connect it to AC power.",KB_00282,1,"[""KB_00289"", ""KB_00278"", ""KB_00284"", ""KB_00287"", ""KB_00277"", ""KB_00282"", ""KB_00293"", ""KB_00277"", ""KB_00286"", ""KB_00285""]","[""I'd like to get a Nook HD also to watch movies and use as a tablet, but my Nook Simple Touch is perfect for reading."", ""I'm so happy with my Nook -- it's so much easier on my eyes with the e-ink screen.I can read for hours without eyestrain. I'd like to get a Nook HD also to watch movies and use as a tablet, but my Nook Simple Touch is perfect for reading."", ""I love my NOOK, IS FIRST TIME YOU BUY A NOOK. BUY IT AND I WENT GREAT USED. I LOVE IT"", ""I love my Nook Simple Touch."", ""I love my Nook Simple Touch. This is my second one (purchased this one as a gift)."", ""I am enjoying it. Just wish I had purchased the backlit one and also wished I had purchased a case for the Nook. Still getting used to it."", ""Just wish I had purchased the backlit one and also wished I had purchased a case for the Nook."", ""I love my Nook Simple Touch. This is my second one (purchased this one as a gift). The Nook got me back into reading."", ""Also miss the lighting. I had to buy a separate light to read at night. I have not been able to see how it will be out in the sun that is the other reason i bought this since i was unable to read in the sun."", ""I got this for a friend for their birthday. I got a pretty big discount on in and it had a case that came with it and I thought it was a steal until I found out that the Nooks are being discontinued shortly and that you aren't going to be able to get new books for them in the near future.""]",11.031541042029858,The available reviews do not provide enough information to answer this question.,True,246.97512504644692
G_026,REC_026,B00FGYC9LI,Electronics,short,descriptive,sentwin,10,Is there a laptop warranty?,[UNANSWERABLE],,1,"[""KB_00314"", ""KB_00303"", ""KB_00317"", ""KB_00298"", ""KB_00317"", ""KB_00297"", ""KB_00307"", ""KB_00301"", ""KB_00317"", ""KB_00306""]","[""The reviews are dead on about how wonderful this laptop is (minus the trackpad)."", ""They are a little funny to type on, but it's something you'll get use to.I really wanted to love this laptop. The reviews are dead on about how wonderful this laptop is (minus the trackpad). I went with a Lenovo Yoga and I'm really happy now.Lenovo 13 3 Inch Convertible Touchscreen Ultrabook"", ""I very rarely review items on Amazon, despite being a regular shopper, but the Acer Aspire V7-582PG-6421 is such a stunning example of a Windows laptop \""done right\"" that I just had to leave a comment or two. The preceding review by Gc is excellent and covers almost all of the bases."", ""ALL FOR $900 LESS than the Air, and $1700 LESS than the MacBook Pro.That's why I say it is the best bargain going in a full feature, desktop replacement laptop."", ""A little larger and heavier than the Pro (less than 1/2\"" longer/wider; 0.08\"" thicker; and 0.35lb ) but the internals are equal to or superior; expandability is only up to your imagination; and the screen, although not retina, is FAR superior to MacBook Air, and not far from the quality of the Retina Pro. ALL FOR $900 LESS than the Air, and $1700 LESS than the MacBook Pro.That's why I say it is the best bargain going in a full feature, desktop replacement laptop."", ""It is sealed by many standard size + head screws. It does NOT look like warranty can be voided by opening the bottom. From there you can upgrade the memory and hard drive."", ""It does NOT look like warranty can be voided by opening the bottom."", ""internet, connect without issue. It's an excellent businessman's laptop as all the &#34;geek&#34; features work as advertised...behind the scenes!"", ""The preceding review by Gc is excellent and covers almost all of the bases. My point in doing this review is to highlight the \""extras\"" you get with the Acer that I have not found on ANY laptops other than the MacBook Pro. One correction to Gc's review, however - the lid is not aluminum, but brushed surface plastic."", ""Anyways...I hated, and I mean I LOATHED the trackpad. Everything else about the laptop is top notch; the touchscreen, the graphics, weight, the look of it (she is pretty), the specs, but it's that trackpad I can't get passed. I can only describe it like running your finger over rubber.""]",33.21600006893277,"There is no explicit mention of a laptop warranty, but some reviews suggest that opening the bottom of the laptop may not void the warranty.",False,368.60670801252127
G_027,REC_027,B002KGXB0I,Electronics,medium,descriptive,sentwin,10,Can you plug headphones into it?,Nope  but if you have an ipod/iPhone you can just plugg headphones into that.,KB_00322,1,"[""KB_00333"", ""KB_00322"", ""KB_00323"", ""KB_00330"", ""KB_00319"", ""KB_00328"", ""KB_00318"", ""KB_00322"", ""KB_00331"", ""KB_00320""]","[""I bought them for a Mexican school use and they want to connect headphones but could not do that."", ""Hi,I just bought from you 11 RCA RCD175i portable CD player with dock for iPhone... in the picture or photo you show the player has two audio jack outlets but the players I just received dosen't have any outlet in the front as shown. I bought them for a Mexican school use and they want to connect headphones but could not do that. How can you change this prodcut for another that comes with the audio jack outlet?"", ""This works perfectly for a white noise CD, along withSennheiser HD 202 II Professional Headphones (Black). It has an audio-in jack for an MP3 player, and the grandkids also use it with their iPods.It's mostly used for recorded books while I'm working, and it's absolutely fine for that, since it takes either a CD or the iPod. Oh, and it works for the Kindle/Audible audiobooks, too, with a cable (purchased separately).It's a little pricy for what we use it for, or I'd give it five stars."", ""She loves being able to plug her ipod into it."", ""The individual who received it loved it and is using it daily. She loves being able to plug her ipod into it."", ""Glad they include a remote because the bottons are hard to push(have to push hard)....on another note after double chevking this product when asked by amazon to answer a question about it i realized the picture shown is not at all what i recieved, there are no plug ins for mp3 player or headphones, half the buttons on the picture are not there."", ""Does what it says. Glad they include a remote because the bottons are hard to push(have to push hard)....on another note after double chevking this product when asked by amazon to answer a question about it i realized the picture shown is not at all what i recieved, there are no plug ins for mp3 player or headphones, half the buttons on the picture are not there. So its quite misleading if you base what you are getting off what the picture shows."", ""I bought them for a Mexican school use and they want to connect headphones but could not do that. How can you change this prodcut for another that comes with the audio jack outlet? ?Thanks"", ""I can't use it unless I use batteries, which is way too expensive, as It did not come with a wall plug."", ""I can't use it unless I use batteries, which is way too expensive, as It did not come with a wall plug. :(""]",11.994709027931094,"Some reviews indicate that the product does not have an audio jack outlet for headphones, while another review mentions using headphones with the product, suggesting inconsistency in the product's features. It seems that some units may have an audio-in jack, but not all. The available reviews do not provide enough information to answer this question definitively.",True,508.54808394797146
G_028,REC_028,B00G2BX616,Electronics,long,descriptive,sentwin,10,I heard that there is a problem and this device doesn't work with iOS 8.3?,[UNANSWERABLE],,0,"[""KB_00340"", ""KB_00358"", ""KB_00343"", ""KB_00341"", ""KB_00359"", ""KB_00347"", ""KB_00349"", ""KB_00340"", ""KB_00344"", ""KB_00351""]","[""It worked for about 3 days. Now it won't stay connected to my mini ipad. If you continue to adjust it will connect but it won't stay connected."", ""Have not been able to use because if you have a case for Ipad it will not fit into the Lightning Connector. Also the seller ANTONLINE is brutal and I will never deal with them again."", ""After only one test trip, navigation with the Bad Elf and the iPad appears to work well. Although more testing is required I found that with the ipad connected to the car power source through the Bad Elf the pad became very warm and recharging seemed not to keep up with the discharge."", ""Questionable accuracy, plastic case, this is hardly a pro-pilot solution. Any older gps phone gets same results as this.I used it with ForeFlight on a mini IPAD. There are dropouts and its reliability is questionable."", ""I am still looking for a working solution to get a cable-connect (or plugin) external gps for the ipad (no-one of  serious nature would use a wireless or bluetooth transmitter in such an environment) - and have had no joy so far for.I have tested signal reception of my iphone 5 at the rear windows, and it works just fine. So I am a little unhappy that this specifically designed external gps could not get a valid signal in the same spot where my iphone got one just fine. How can it be that the internal gps of a phone has a better signal reception than an external gps that has no other purpose than get a GPS (and in this case also GLONASS) signal?Support from bad elf has been mixed, with some good respones first, but now I am complaining about the product, I receive no further replies.If you know where you are going to use this item, I guess there are many fields where it comes in handy."", ""Great GPS for your iPad or iPhone It works everywhere and is easy to use. The apps available that work with the Bad Elf are first class and integrate seamlessly."", ""With the cost of the mini ipad I have about $400 in it.I sent an email to the manufacturer but so far have not heard from them.Was contacted by John at customer support."", ""If you continue to adjust it will connect but it won't stay connected. With the cost of the mini ipad I have about $400 in it.I sent an email to the manufacturer but so far have not heard from them.Was contacted by John at customer support. The company replaced the item and the new unit works as advertised."", ""It hasn't happened yet, only almost, so I had to pull the car over and re-seat the Bad-Elf and its cable connectors.John explained that many of the GPS applications do not download maps large enough so that you can count on them to go just anywhere. For example I was using the WASE app which got confused from its signals from Bad-Elf and was useless to the point of being dangerous while driving."", ""When I switch between the Bad Elf App (free and necessary to download for use on your device) and either my data collection App and/or my topo map App it loses power and fix.""]",14.386374969035387,The available reviews do not provide enough information to answer this question.,True,250.82916603423655
G_029,REC_029,B00HQXUFYA,Electronics,medium,descriptive,sentwin,10,does the HD run Thunderbolt 1 or Thunderbolt 2 ??  Thanks,[UNANSWERABLE],,0,"[""KB_00376"", ""KB_00369"", ""KB_00379"", ""KB_00365"", ""KB_00374"", ""KB_00362"", ""KB_00380"", ""KB_00363"", ""KB_00372"", ""KB_00366""]","[""Here are my initial observations:Pro: the Thunderbolt is really fast."", ""Set it up today. Here are my initial observations:Pro: the Thunderbolt is really fast. It worked right out of the box as it's formatted for Mac."", ""This is my first G-Drive with Thunderbolt, after owning four other G-Drives without incident over the past few years."", ""This is my first G-Drive with Thunderbolt, after owning four other G-Drives without incident over the past few years. All seemed well with the drive until it decided not to turn on."", ""I use the Thunderbolt connection primarily with a maxed out 2014 iMac."", ""Very sturdy, and pretty portable too. The Thunderbolt cable is long, so that is handy, but it's quality made and matches your mac to boot."", ""How simple would it be to say that it DOES come with a USB AND a Thunderbolt cable?? ?Might save a few of us some good money, trying to guess whether it is included."", ""How simple would it be to say that it DOES come with a USB AND a Thunderbolt cable?? ?Might save a few of us some good money, trying to guess whether it is included."", ""With the Thunderbolt port, they're lightening fast."", ""I'm a professional videographer and i trust these hard drives with my footage. With the Thunderbolt port, they're lightening fast. Don't buy any other kind - these are the best.""]",12.969624949619174,The available reviews do not provide enough information to answer this question.,True,262.6408749492839
G_030,REC_030,B008O7MEAU,Electronics,medium,yesno,sentwin,10,will this enclosure fit in a 13' chevy impala,[UNANSWERABLE],,1,"[""KB_00383"", ""KB_00392"", ""KB_00384"", ""KB_00395"", ""KB_00387"", ""KB_00385"", ""KB_00393"", ""KB_00387"", ""KB_00386"", ""KB_00388""]","[""This enclosure does everything I expected it to, it's well constructed, looks great, and is very affordable. Every other enclosure I looked at in retail stores were upwards of $100, and that was without carpeting."", ""This enclosure does everything I expected it to, it's well constructed, looks great, and is very affordable."", ""The box itself looks and feels nice but i will either have by buy another box or mod this one so my Rockford Fosgate p2 sub will fit which I'm sucks so make sure your sub will fit the box before you buy it or it will just become fire wood like mine probably will"", ""now this is review is for &#34;MY&#34; application 88 honda prelude this box fits perfectly and still gives me  plenty of trunk space....so i gave this a 5 star rating because it meets/exeeds ALL of my needs1."", ""now this is review is for &#34;MY&#34; application 88 honda prelude this box fits perfectly and still gives me  plenty of trunk space....so i gave this a 5 star rating because it meets/exeeds ALL of my needs1. fits my trunk2.box hits proper3."", ""Arrived in 2 days, Great workmanship and materials. I was actually surprised when I hooked up my two Boss Audio P12DVC subwoofers in this enclosure. Using the 2 ohm wiring method, at 15% volume using a 100 watt sub amp (the P12DVC's are rated for 1000 each) I was nearly shaking my car already."", ""I was actually surprised when I hooked up my two Boss Audio P12DVC subwoofers in this enclosure."", ""now this is review is for &#34;MY&#34; application 88 honda prelude this box fits perfectly and still gives me  plenty of trunk space....so i gave this a 5 star rating because it meets/exeeds ALL of my needs1. fits my trunk2.box hits proper3. it was 40 buckz."", ""this box is great my punch p2 look and sounds great i would recommend it to anybody looking for a subwoofer box plus good price beats paying 120 dollars at best buy"", ""have this in an 04 lancer with 2 vm audio subs srw12 and it rocks my car with a 1000 watt sony amp turned up half way""]",16.4977089734748,The available reviews do not provide enough information to answer this question.,True,267.56370801012963
G_031,REC_031,B007260OOC,Toys_and_Games,medium,descriptive,sentwin,10,How might I go about hanging them from my ceiling?,[UNANSWERABLE],,1,"[""KB_00400"", ""KB_00399"", ""KB_00398"", ""KB_00401"", ""KB_00402"", ""KB_00403"", ""KB_00399"", ""KB_00405"", ""KB_00399"", ""KB_00406""]","[""These arrived on time and are perfectly light to hang from the ceiling. They added just the right bling to my granddaughter's room."", ""These latterns along with other zebra accessories have brought her room to life and she loves it. The latterns are easy to assemble...took less than a minute and we strung them from the ceiling. Just be careful because they are paper..."", ""These will not open to look round, have them hanging and still won't open all the way. Not what I expected."", ""My 11 year old daughter loves these lanterns hanging over her bean bag reading corner with lights strung through them."", ""Just a little extra item for Christmas. Looks cute hanging."", ""These things tore before I even had a chance to use them for my daughters b-day party. don't recommend them"", ""The latterns are easy to assemble...took less than a minute and we strung them from the ceiling. Just be careful because they are paper..."", ""My daughters loved them. They were perfect for the girls room. Good quality also."", ""I ordered these not so much to use as a party accessory, but to spice up my daughter's room (she's into anything zebra print). These latterns along with other zebra accessories have brought her room to life and she loves it."", ""very nice looking once put together. alittle harder to put up and alot smaller than I expected them to be.. I was under the assumption they we much bigger""]",12.53229205030948,"They can be strung from the ceiling, but be careful because they are made of paper. Assembly is easy and took less than a minute.",False,692.5149579765275
G_032,REC_032,B00BSWSFEC,Toys_and_Games,long,descriptive,sentwin,10,Does the hair on this minion really lay down (like in the picture) or does it kind of stick up a bit?,[UNANSWERABLE],,1,"[""KB_00410"", ""KB_00414"", ""KB_00412"", ""KB_00415"", ""KB_00413"", ""KB_00411"", ""KB_00417"", ""KB_00411"", ""KB_00411"", ""KB_00408""]","[""This is a really nice plush minion. The goggles are hard plastic, not fabric like I have seen on other minions."", ""It's in really good shape, size is great (10 inches), the minion's goggles are rubber and it has like popping eyes, price is good for the qualty you get, really adorable. If you like the movie, you'll love this item."", ""I like it but it doesn't look anything like the photo that I bought it under. It will make a great gift though, just wish the photo was a bit more accurate."", ""This product was really satisfactory for us. Our Kid feel really happy with his minion plush. Thats the only thing that is very important here."", ""Not exactly sure what happened but it isn't what was in the picture and did not match the other Minion I had ordered."", ""I've been looking everywhere for a cute little minion plush, ever since the first movie came out. Glad I could actually find one."", ""My girlfriend is REALLY into the minion thing, absolutely loves the despicable me series. I got this as a gift for her after she was really disappointed in not finding one in any of our stores."", ""This one is especially nice, because of how the eyes are made. They're actually plastic goggles so it looks just like the movie minions. Where as most of them have plush goggles that are all lopsided and weird looking."", ""Glad I could actually find one. This one is especially nice, because of how the eyes are made. They're actually plastic goggles so it looks just like the movie minions."", ""This is perfect, exactly like picture and really cute! if this is something you are looking for its completely worth it.""]",33.31037505995482,The available reviews do not provide enough information to answer this question.,True,208.89362506568432
G_033,REC_033,B00ARQW1C2,Toys_and_Games,short,descriptive,sentwin,10,What is frustration-free packaging,"Agree with previous post.. I think the ""frustration free"" part means 2 things, first of all that it is very easy to wrap. It comes in a plain old cardboard box. Some toys are all kinds of weird shapes and hard to gift wrap. These packages make wrapping simple. The child won't know what the toy is even after unwrapping it. Also the fact that the toy is just simply put in a bag and it comes right out when you open the box. No annoying zip ties, screws, duct tape, twisty-ties or any of the other frustrating things that has your child waiting anxiously in anticipation to play with their toy for 20 minutes while an extremely frustrated Mommy and/or Daddy scramble to find a screwdriver, power scissors, saw or whatever else it takes to get the toy out! The frustration free packaging is so much easier for the gifter and the giftee.",KB_00427,1,"[""KB_00425"", ""KB_00424"", ""KB_00421"", ""KB_00419"", ""KB_00420"", ""KB_00424"", ""KB_00424"", ""KB_00418"", ""KB_00426"", ""KB_00422""]","[""This does come in a small brown box. No fancy packaging. It was a gift for my daughter so I was a bit concerned when it arrived like that."", ""If you go on now they have that option but when I purchased this item I DEFINITELY purchased the standard packaging. They sent it without the packaging anyway."", ""Came in a timely manner. Just a heads up - It did NOT come in the store-type packaging, just a box. It works great and makes my son happy."", ""I bought this for my little girl (1 yo) for Christmas, because she is fascinated with talking stuffed animals and Sesame Street. When we pulled it out of the frustration free packing ( I love that feature), I was a little concerned that she would terrified of it. It is a bit bigger than I expected but it could be because she is so young."", ""I ordered the item six days before Xmas so I knew it may have taken a while to arrive but it came the day before Xmas. I used the frustration free shipping so I understood that the item would not come packaged in it's original box.As for the product itself, my 3 year old loves playing with Elmo... but it stopped working this morning. She only played with him for less than 12 hours!!"", ""They really should make it obvious that they are not sending it in the packaging. If you go on now they have that option but when I purchased this item I DEFINITELY purchased the standard packaging. They sent it without the packaging anyway."", ""They really should make it obvious that they are not sending it in the packaging. If you go on now they have that option but when I purchased this item I DEFINITELY purchased the standard packaging."", ""In addition, although the battery pack is difficult to get to, this Elmo comes in frustration-free packing (thank you Playskool)!"", ""Mine doesn't work. I ordered long before Christmas and at Chirstmas, all the packaging was garbaged.My daughter calls it creepy and won't even have it in her room. She also lays it face down because it's so creepy!"", ""I returned the first one due to the condition of the packaging. The packaging on the second was damaged as well. The toy was not damaged, but I bought it as a gift.""]",12.200333061628044,"Frustration-free packaging refers to an option where the item is not sent in its original box, instead, it comes in a simpler box, such as a brown box, without the standard packaging. This option is available for some items and is intended to make the packaging process easier. It allows the item to be shipped without the extra packaging materials.",False,565.5667909886688
G_034,REC_034,B0001YH03U,Toys_and_Games,long,descriptive,sentwin,10,"what is the width and length of the bed? I would like to make a blanket and more but cannot find any measurements for a bed for an 18"" doll.","so sorry, but the doll bed is with my grand daughter.  I did, however, make blankets and pillows.  Bed is about 11 inches wide and 22 inches long... so an overhang and fold over top would be a blanket aprox. 18X 26",KB_00432,1,"[""KB_00429"", ""KB_00435"", ""KB_00433"", ""KB_00435"", ""KB_00428"", ""KB_00431"", ""KB_00431"", ""KB_00434"", ""KB_00431"", ""KB_00437""]","[""Had to find a bunk bed for 18&#34; dolls for a little girl in the family we sponsored for Christmas and I was excited when I found this one on Amazon. Most places had the beds but they were $50+ and that was just too far outside of my budget."", ""My daughter received this doll bed for her 7th birthday for her American girl doll. We are both very happy with it."", ""My 5 year old loves this bunk bed and it appears to be sturdy enough for her. She uses it for groovy girl dolls, 18 inch dolls and stuffed animals. I would recommend it."", ""We are both very happy with it. It fits the doll perfectly both on the top and bottom bunk. I found it very easy to put together and all the pieces were in great condition."", ""I am going to make a trendy-er cover set, but over all this is perfect for the 18 inch dolls like AG!"", ""My 8 yr. old really wanted to buy a bunk bed for her American Girl dolls with her own money. This bed was great for her budget."", ""This bed was great for her budget. We were worried that it would be difficult to fit the doll in the bottom bunk but it was very easy. They fit just great."", ""Right now my daughter is using a pillowcase as a blanket until we get a little blanket to fit. The pillowcase is the perfect size, by the way."", ""My 8 yr. old really wanted to buy a bunk bed for her American Girl dolls with her own money. This bed was great for her budget. We were worried that it would be difficult to fit the doll in the bottom bunk but it was very easy."", ""My daughter has a mixture of 18 dolls (varying brands)This was easy to put together and looks great!for the price this was absolutely fantastic! What a relief to find something for American girl dolls that does not cost a million!""]",32.51695795916021,The available reviews do not provide enough information to answer this question.,True,243.59466705936939
G_035,REC_035,B000GQ0JZO,Toys_and_Games,medium,descriptive,sentwin,10,what size is this case ?,The case is 14 inches by 8 inches.  It is almost 3 inches deep,KB_00442,1,"[""KB_00440"", ""KB_00443"", ""KB_00439"", ""KB_00438"", ""KB_00441"", ""KB_00438"", ""KB_00447"", ""KB_00445"", ""KB_00444"", ""KB_00443""]","[""I was extremely happy with this backgammon set for the money. A nice little case that is just perfect."", ""So glad to have another classic game to teach my own children. Lovely case - great, well-constructed board."", ""The actual size is smaller than what you would guess from the picture (and smaller than other sets that I saw before). But overall, it is ok."", ""Was wonderful but I exchanged it for a bigger one. I wasn't paying attention to the size. Promo return and refund."", ""I bought this game for my daughters to play on trips to the beach and love it's easy travel case."", ""Was wonderful but I exchanged it for a bigger one. I wasn't paying attention to the size."", ""Very nice for the price. Seems like it is well made."", ""its worth the money. who needs leather?"", ""ok... this game is kind of a small version of what I was thinking... maybe I should have looked at the dimensions before I got it ... but that's my fault... the chips are small and the dice are small... but other then that... this game is exactly the way I expected it and is a great set"", ""Just like the one I used to play when I was a kid. So glad to have another classic game to teach my own children.""]",10.230540996417403,The available reviews do not provide enough information to answer this question.,True,126.29520893096924
G_036,REC_036,B00172R9O0,Toys_and_Games,long,descriptive,sentwin,10,Need to know how to solve this.  I bought one at a garage sale without instructions.,you just move the ball around until it gets underneath the latch. then push the tab and it should open.,KB_00453,1,"[""KB_00449"", ""KB_00456"", ""KB_00453"", ""KB_00449"", ""KB_00456"", ""KB_00452"", ""KB_00453"", ""KB_00448"", ""KB_00450"", ""KB_00454""]","[""Can't figure out how to solve. Maybe I need a better set of eyes."", ""This one was fun for one to open. I had also put the directions to solving the puzzle inside with the cash positioned where he couldn't see how to solve it. After about thirt minutes he blew hard in the hole to try to move the directions and the drawer popped open."", ""Lucky all I put in it was a gift card that had no money on it. Upon completion of the maze I gently pushed the button like the instructions said. However the drawer wouldnt come out."", ""Maybe I need a better set of eyes. I think a solution sheet should be provided!"", ""I had also put the directions to solving the puzzle inside with the cash positioned where he couldn't see how to solve it. After about thirt minutes he blew hard in the hole to try to move the directions and the drawer popped open. All and all, it was a fun money maze."", ""Bought 3 of these for Christmas presents.Fun watching them try to solve the puzzle to get the &#34;prize&#34;. (I used cash instead of a gift card)Nice quality."", ""I bought this as a gag gift for my husband to put money in. When I got the item I decided to try it out first. Lucky all I put in it was a gift card that had no money on it."", ""She LOVED it, and spent the evening playing with it while others opened gifts. She even replayed it several times that evening and a few days later made her dad solve it to get a piece of candy. HIGHLY recommend."", ""could not get any cards or cash out. would need a hammer to open. am returning both that I bought.big disappointment."", ""I got one of these a few years ago, and I won't give a gift card without one anymore. They make a perfect addition to the gift card and you can give the card and still feel like you put a little bit of thought into the present.I have never had anyone complain about getting one of these.""]",31.641832902096212,"To solve the puzzle, try blowing hard in the hole, as this caused the drawer to pop open for one user. Alternatively, following the instructions to complete the maze and then gently pushing the button may also work, although this method was not successful for another user.",False,419.21670897863805
G_037,REC_037,B0084XZE7E,Toys_and_Games,medium,descriptive,sentwin,10,Is this a good gift for a 6 year old?,"Yes, it is perfect for a 6 year old. It is able to be peeled off if they stick it somewhere they are not suppose to do it on. I intend to buy several for all the young girls on my Christmas list and maybe 1 or 2 extra for Toys for Tots also.We also use it to decorate our postcards we send out for Postcossings. We have had lots of people ask us who sells it, especially people in other countries, it seems she haven't seen a lot of it.WE LOVE THIS ITEM!1!",KB_00458,1,"[""KB_00458"", ""KB_00459"", ""KB_00466"", ""KB_00464"", ""KB_00461"", ""KB_00465"", ""KB_00462"", ""KB_00460"", ""KB_00467"", ""KB_00466""]","[""When I saw this on Amazon I knew my 6-year old granddaughter would love it...and she does. For whatever reason, she has an infatuation with tape!"", ""I bought it for a nine year old girl and she loved it! She started making things right away!"", ""I gifted this so I don't know anything about it. It seemed to make a good gift. The little girl liked it."", ""I bought this for my ten year old Granddaughter and she really enjoyed decorating her school binder as well as different items.This is a fun gift to give to either boys or girls. Its like using a scotch tape dispenser, very easy to use."", ""This was a successful gift for an eight year old girl who likes tape. There are a lot of choices of style and nothing that would be in poor taste."", ""Got as a christmas gift for a little 6 yr girl and ended up being jealous and wanting one myself at 26 lol. Perfect for scrapbooking and paper crafts."", ""I bought this as a gift for an 11-year-old girl. It was a big hit!"", ""My 5 year old uses this tape on EVERYTHING and loves it! It's a great gift idea for any craft lover!"", ""My 8 yr old wanted these little rolls of tape. Alot cheaper then the stores, and in stock."", ""It seemed to make a good gift. The little girl liked it.""]",10.51554107107222,"This product appears to be a good gift for a 6-year-old, as one reviewer purchased it for a 6-year-old girl and she loved it, and another reviewer mentioned that their 5-year-old uses the tape on everything and loves it. Additionally, a 6-year-old girl received it as a Christmas gift and enjoyed using it for scrapbooking and paper crafts.",False,476.9122079014778
G_038,REC_038,B00004YRPC,Toys_and_Games,medium,descriptive,sentwin,10,what kind of air can it get bruh?,"Well, ""bruh"" if you are 8, it gets sick air! I'm sure the stronger one is, the higher you can go. No, there wouldn't be back flips happening...and it does feel a bit tight right out of the box.",KB_00473,1,"[""KB_00473"", ""KB_00469"", ""KB_00471"", ""KB_00474"", ""KB_00468"", ""KB_00475"", ""KB_00474"", ""KB_00472"", ""KB_00473"", ""KB_00473""]","[""This is a great pogo for  anyone who wants to jump really high. It gets tons of air. In general it's just a great stick plus the custormer service is really good so I would reccomend this to 10-11 year olds and teenagers who are below the weight limit."", ""I am 85 pounds and it works great (in fact the pedals go down to the tip when i jump!P.S. You can't get over 1foot of air (unlike flybar)"", ""It's an easy option to start with. The weight rating is 80-160 pounds and if you know what you are doing you can get about a 2 feet of air. The product also includes a link for the companies website to get replacement parts."", ""This stick is the the greatest thing ever! My friend just got it a few days ago in just the first few jumps  he was already getting over a foot of air! it was was crazy even he was amazed."", ""It is well made but is too stiff for a seven year old to use. She can't get any bounce out of it. I haven't been able to find an adjustment of any kind yet."", ""He is only 62 lbs. and had no problem getting great jumps and even \""catching air.\"""", ""Even I who had never really done it before learned pretty fast on this stick. Plus the foam is awsome it feels really good on your hands and legs unlike other pogo sticks."", ""The pogo came assembled and ready to rock but golly is it ever hard to bounce! I thought my kid was just too small but I couldn't even get it to really bounce either. My friend ordered the exact same pogo for her son (8 years old, like mine) and had the same problem."", ""This is a great pogo for  anyone who wants to jump really high. It gets tons of air."", ""It gets tons of air. In general it's just a great stick plus the custormer service is really good so I would reccomend this to 10-11 year olds and teenagers who are below the weight limit. For more info on this stick go to  [...]""]",12.150292051956058,"It can get around 1-2 feet of air, with some users reporting they can get ""tons of air"" or jump really high. The amount of air achieved may depend on the user's weight and skill level.",False,370.8937499905005
G_039,REC_039,B00GZ1GUSY,Toys_and_Games,medium,descriptive,sentwin,10,It is Singal Player or Two Players,Single player with an online multiplayer component.,KB_00478,1,"[""KB_00481"", ""KB_00479"", ""KB_00481"", ""KB_00484"", ""KB_00486"", ""KB_00485"", ""KB_00486"", ""KB_00478"", ""KB_00483"", ""KB_00485""]","[""Tense moments throughout really make you jump with a good pair of headphones. The multi-player is a joke, and brings down the rating 1 star. Bad move on Squeenix's part."", ""The only part that I didn't like about the game was some of the QTE's. I haven't tried the multi-player yet, but plan to soon."", ""The single player experience is phenomenal. Tense moments throughout really make you jump with a good pair of headphones."", ""Graphics are amazing, there were a few times when the game went to a cut scene and when it went back to Lara Croft it took me a minute to realize that the cut scene was over and I was back to playing! The player has the choice of whether they want to be stealthy or go for a full on assault or something in between."", ""I like the games that have a Great campaign rather than Multi player. Tomb Raider Definitive Edition may be one of the Best Single player games EVER!"", ""It adds a small but considerable aspect to the gameBottom line-This is a different game than the last gen version, so treat it as such. If you have already played the game I wouldn't warrant buying a new one just cause you can, but if you are looking for an action packed 16 hours (single player) than this is your game. The online isn't anything ground breaking but it is entertaining."", ""I like the games that have a Great campaign rather than Multi player. Tomb Raider Definitive Edition may be one of the Best Single player games EVER! The graphics, game play, story line and upgrade system are Incredible."", ""The multiplayer is pretty undercooked as well.All in all though, this is a fun single player experience for anyone who loves adventure games and great environments."", ""The story keeps you interested. I'm about 65% done and I've yet to hit any dull moments.I played multi-player for about an hour and wasn't impressed. I'm not even sure why they even invested any time in developing that aspect of the game, but I guess some may find it fun."", ""It adds a small but considerable aspect to the gameBottom line-This is a different game than the last gen version, so treat it as such. If you have already played the game I wouldn't warrant buying a new one just cause you can, but if you are looking for an action packed 16 hours (single player) than this is your game.""]",13.407791964709759,"The game has both single player and multi-player options, although the multi-player aspect is considered underwhelming by many reviewers. The single player experience is widely praised, with many considering it one of the best.",False,1536.1995410639793
G_040,REC_040,B000ANKKK2,Toys_and_Games,medium,descriptive,sentwin,10,Do you get a strike every time (like the video shows)?,No. It's just like being at the bowling alley. Fun and challenging.,KB_00488,0,"[""KB_00490"", ""KB_00489"", ""KB_00490"", ""KB_00496"", ""KB_00490"", ""KB_00495"", ""KB_00490"", ""KB_00489"", ""KB_00495"", ""KB_00488""]","[""No whistles. No flashing lights. No batteries."", ""The kids range in age from 13 to 18 months, and they are all enjoying it. The little ones (2 under 2 years old) simply love rolling the ball at the pins and knocking things down. The older ones keep score and get very competitive with each other."", ""No bells. No whistles. No flashing lights."", ""A well made game that has given hours of trouble-free fun to my grand kids. For the size it's the closest thing to actual bowling, being able to control the ball and the pin spotter action."", ""No flashing lights. No batteries. Simple old fashion fun for everyone!"", ""Fun for all ages. The ball launcher is good for those with arthritis. The manual pin setter is unnecessary but creates a nice backboard."", ""Made in the USA just warms my heart and gives me the fuzzies. No bells. No whistles."", ""The pins are wood and are substantial. There's two bowling balls."", ""Fun for all ages. The ball launcher is good for those with arthritis."", ""This is a fun for the whole family low tech game, and made in the USA. It's nicely challenging to the user.""]",14.605959062464535,The available reviews do not provide enough information to answer this question.,True,127.94016697444022
G_041,REC_041,B004KKX82I,Toys_and_Games,short,descriptive,sentwin,10,what is its stamina level?,It's one of our longest lasting blades. Don't know the number.,KB_00497,0,"[""KB_00501"", ""KB_00506"", ""KB_00499"", ""KB_00502"", ""KB_00497"", ""KB_00501"", ""KB_00503"", ""KB_00504"", ""KB_00498"", ""KB_00500""]","[""Scythe Kronos is one of the best stamina types. It has two modes: stamina mode, attack mode. I LOVE IT and I give it *****"", ""from using scythe kronos before this bey by far the best stamina type i have used i am currently borrowing my bfs but it is very impressive. the only thing to look out for is the tip inside the plastic cover it will break if there's to much pressure put on it."", ""It defeated my Phantom Orion B:D and my other beys. This beyblade is good for stamina"", ""Both my boys said it is a really good stamina and attack type beyblade. I would recommend Scythe Khronos to anyone who has children who love beyblades."", ""This is the most awesome bey ever. It has more stamina than all my other beys. It even beat my Diablo Nemesis!!"", ""Scythe Kronos is one of the best stamina types. It has two modes: stamina mode, attack mode."", ""It has really good stamina but the tip really should be more defencey. The spinning energy ring is genius they at like claws and make it spin longer."", ""FACE: KronosClear Wheel: KronosMetal Wheel: SytheTrack: T/TornadoBottom: EDS E/Eternal D/Defense S/SharpThis beyblade is very good. The EDS is free spinning that makes the beyblade stamina.It is a Stamina Type"", ""It is amazing how long this bey spins even while being hit by strong attacks or against other stamina types."", ""Awesome bey grate stamina the tip is great to help attack beys with low stamina just grate All around bey""]",11.327791959047318,"The Scythe Kronos has a high stamina level, with many reviewers considering it one of the best stamina types. It has features such as a free-spinning EDS bottom that contribute to its stamina. Reviewers have reported it outlasting and defeating other beyblades in battles.",False,382.67316692508757
G_042,REC_042,B00DJ78H1A,Toys_and_Games,medium,descriptive,sentwin,10,I wonder if I can buy two adapters and connect 3 batteries?,"I don't see why that would be a problem, but your lift-off weight will start reducing the overall flight time so you wouldn't get three times the length, but probably something like 2 1/2 time.",KB_00509,0,"[""KB_00507"", ""KB_00509"", ""KB_00508"", ""KB_00509"", ""KB_00509"", ""KB_00508"", ""KB_00509"", ""KB_00508"", ""KB_00509""]","[""Best way to connect in parallel two batteries of the same make and size to the phantom to extend flight time. You will want to add a twin battery plates to exterior of Phantom to make best use of the Y Harness."", ""I think with the DJI Phantom Quadcopter Dual Battery Carbon Fiber Mount they make my DJI quadcoper heavier to fly. or maybe the cable drains the energy from both batteries at the same time. cause by the time i finish exhausting the batteries they are both dead whereas i flew the copter for only 5-7 mn."", ""These are just what they say they are. They work great for adding extra batteries to your Phantom. I suggest them is you want more flight time."", ""or maybe the cable drains the energy from both batteries at the same time. cause by the time i finish exhausting the batteries they are both dead whereas i flew the copter for only 5-7 mn. which is normally the fight time of one battery anyway."", ""cause by the time i finish exhausting the batteries they are both dead whereas i flew the copter for only 5-7 mn. which is normally the fight time of one battery anyway."", ""They work great for adding extra batteries to your Phantom. I suggest them is you want more flight time."", ""I dont see the difference. I think with the DJI Phantom Quadcopter Dual Battery Carbon Fiber Mount they make my DJI quadcoper heavier to fly. or maybe the cable drains the energy from both batteries at the same time."", ""These are just what they say they are. They work great for adding extra batteries to your Phantom."", ""I dont see the difference. I think with the DJI Phantom Quadcopter Dual Battery Carbon Fiber Mount they make my DJI quadcoper heavier to fly.""]",12.738791992887855,The available reviews do not provide enough information to answer this question.,True,251.90987496171147
G_043,REC_043,B00IGXUSGY,Toys_and_Games,short,descriptive,sentwin,10,What age is this for,Great for 2 year olds - anywhere from 1.5 - 5 year olds enjoy at our house!,KB_00517,0,"[""KB_00517"", ""KB_00516"", ""KB_00513"", ""KB_00511"", ""KB_00513"", ""KB_00510"", ""KB_00510"", ""KB_00517"", ""KB_00510"", ""KB_00512""]","[""Assembly instructions were detailed and clear pictures (not idealized drawings that are hard to decipher, like some instructions.) Even before the water went in, my 29 month old daughter was already having fun spinning the octopus and organizing the \""fish.\"" Then her four year old big brother and I filled it up with 4 gallons of water and the fun really started."", ""Sturdy and fun for the kids."", ""It comes with several little activities to pour water into and is at a good height for my 19 mo. old son. He seems to like!"", ""by far the best water table for toddlers"", ""This is a good water table. It comes with several little activities to pour water into and is at a good height for my 19 mo. old son."", ""he usually gets in trouble for it, so we thought we might get him a place to splash, discipline-free. best birthday present ever!"", ""my son loves to splash.... in the tub, in the sink, anywhere he can. he usually gets in trouble for it, so we thought we might get him a place to splash, discipline-free."", ""Even before the water went in, my 29 month old daughter was already having fun spinning the octopus and organizing the \""fish.\"" Then her four year old big brother and I filled it up with 4 gallons of water and the fun really started."", ""my son loves to splash.... in the tub, in the sink, anywhere he can. he usually gets in trouble for it, so we thought we might get him a place to splash, discipline-free. best birthday present ever!"", ""Very easy to put together,love the pieces  that were included with  it. I would like it better if the pieces that attach would stay on, my grandson can pull them off but other than that really like it.""]",11.5554160438478,"This product is suitable for toddlers, with ages mentioned including 19 months, 29 months, and 4 years. It is described as a good water table for toddlers. The product's height is also noted to be suitable for a 19-month-old child.",False,566.7651250259951
G_044,REC_044,B0002D00QE,Toys_and_Games,medium,descriptive,sentwin,10,Does this product include any cleaning tools such as swab ?,"It comes with a plastic stick with a loop on the end for attaching a bit of cloth (cloth not included), a fingering chart, and is all in a plastic cover. It was easy enough for me, in my opinion, to get a little of cloth for the cleaning stick to swab it with, some cork greas to have for it, and I additionally made myself a nice instrument roll to have a better place to keep it and accessories than the plastic sleeve it all comes in. I've seen nany inexpensive on etsy on stuff liked that; I just preferred the fun of making my own to customize it and make spots for the accessory supplies I wanted to keep with it.",KB_00518,0,"[""KB_00518"", ""KB_00518"", ""KB_00519"", ""KB_00524"", ""KB_00525"", ""KB_00519"", ""KB_00521"", ""KB_00522"", ""KB_00526"", ""KB_00522""]","[""The sound is richer than the cheaper plastic instruments. It comes with a cleaning rod. The recorder takes apart into two pieces for cleaning."", ""It comes with a cleaning rod. The recorder takes apart into two pieces for cleaning."", ""I own both, and there's no comparison. It's nice that this comes with a cleaning stick, but the storage case is something that looks like it was made out of clear shower curtain material. I'm going to end up searching for, or making a better case for it."", ""The recorder is okay. It sounds about as good as the much less expensive plastic one, but it is quite difficult to clean/sanitize. I sometimes buy products made in China, but I was under the impression that this recorder was from Germany."", ""I have smallhands though and as an older adult found it hard to finger and release all the holeson top and bottom in a manner which would enable even basic baroque tunes to bemasterfully played. Nice quality product however!"", ""These are (I bought two) very nice recorders. Don't let people tell you the plastic ones sound just as good."", ""I had really high hopes for this product and was very excited when it arrived. Good sound, good feel, but within a few months it was very loose and wouldn't stay in tune."", ""This is a good recorder, especially for the price. The wood ones have a great tone that the resin ones cannot compare with."", ""While it is not a bad recorder, I would not buy this again or recommend it to others."", ""It is a soprano recorder so it is pitched high, but the finger spacings are easy and the product itself is quite decent. This is a great beginning recorder to get used to woodwinds and reward yourself with easy playability.""]",33.059208071790636,"This product comes with a cleaning rod or stick, which can be used for cleaning. The recorder also takes apart into two pieces for easier cleaning.",False,352.2842089878395
G_045,REC_045,B00AEQ0JTM,Toys_and_Games,medium,descriptive,sentwin,10,Can it fit in a 1/16 e-revo,[UNANSWERABLE],,0,"[""KB_00527"", ""KB_00527"", ""KB_00527"", ""KB_00527"", ""KB_00527"", ""KB_00527""]","[""Plus amazon prime! Can't beat it."", ""No complaints! Great product and great price. Easy to set up with spektrum radio."", ""Great product and great price. Easy to set up with spektrum radio. I'm hooked on spektrum."", ""No complaints! Great product and great price."", ""Easy to set up with spektrum radio. I'm hooked on spektrum. Plus amazon prime!"", ""I'm hooked on spektrum. Plus amazon prime! Can't beat it.""]",11.306499945931137,The available reviews do not provide enough information to answer this question.,True,260.99750003777444
G_046,REC_046,B0092BWWG8,Toys_and_Games,long,yesno,sentwin,10,"This says fulfilled by Amazon, will I actually have it in 2 days (with Prime shipping)?",[UNANSWERABLE],,1,"[""KB_00531"", ""KB_00528"", ""KB_00534"", ""KB_00530"", ""KB_00529"", ""KB_00528"", ""KB_00531"", ""KB_00533"", ""KB_00533"", ""KB_00537""]","[""Don't waste your money. The shipping was fast."", ""They are cheaply made, and I had one break before I ever even used it, because I was trying to figure out how to make it &#34;flash,&#34; as the Amazon description said it would (it doesn't).HOWEVER, they are super cute, and definitely worth the low price. Right now, they are $5.29 with free (Prime) shipping for a 6 pack. That is a good price."", ""Yes Pretty, Came quickly, I am happy with the product. The hair clip is weak and the power pack is on the heavier side."", ""I saw some on Amazon for like $4 a five pack which is not bad either. I think if I get to use this for about three occasions in the following months, then I'll get more than my money's worth. Also, the clip is a bit on the big side but it lights up too which is a pro."", ""I bought 2 packs of 6. 7 of the 12 broke off the barrette as I was taking the outer cellophane off."", ""Right now, they are $5.29 with free (Prime) shipping for a 6 pack. That is a good price."", ""I bought them for kids and adults and even the adults were falling apart. Don't waste your money. The shipping was fast."", ""I bought the package of 6 to wear to an upcoming music concert. They are battery-operated with an easy on/off switch."", ""I loved the pic of the girl wearing them around her hair-bun. It's actually what inspired me to purchase."", ""They worked for all of 2 seconds! Do not buy this product!""]",11.345625040121377,"The reviews mention that shipping was fast, and one review specifically states that it came with free Prime shipping, suggesting that Prime shipping benefits may apply. However, they do not explicitly confirm a 2-day delivery.",False,372.5311669986695
G_047,REC_047,B00000J0NT,Toys_and_Games,medium,yesno,sentwin,10,are there REALLY 120 different colors?,"Yes you get 3 packs of different types of colors, 1 regulars, one neon and one of "" fun"" colors including extra bright, glitter and more.",KB_00542,1,"[""KB_00538"", ""KB_00547"", ""KB_00545"", ""KB_00541"", ""KB_00540"", ""KB_00544"", ""KB_00540"", ""KB_00539"", ""KB_00543"", ""KB_00541""]","[""NOT 120 COLORS! It includes multiple boxes of crayons that are identical, not 120 different colors"", ""I picked this box because it said that it had 120 unique colors. When I opened it, I saw 2 boxes of 48 and a box of 24."", ""There's not much to say about the quality of Crayons, they seem to be the same as they were decades ago. My problem is that this item was supposed to have 120 different colors and that was not the case. Most of them are different, but out of the 5 small boxes that come in the 120-pack box, 2 of the small boxes were identical."", ""There is nothing negative I can about this.There really are 120 different colors. They really are ALL different (unlike the box of 64 colored pencils)."", ""Crayola's crayons are durable & very vivid. In this box, there really are 120 crayons of different colors. Who knew there even could be that many colors?"", ""i like these crayons and they were cheap, but some of my crayons when i got this were broken, but crayons are easily broken so wasnt that big of a deal. i thought when there was 120 crayons there would be more variety of colors nut some arent all that different. some people said there were duplicate colors of the crayons in the box, that is not true they are similar but not the exact same crayon."", ""In this box, there really are 120 crayons of different colors. Who knew there even could be that many colors? !"", ""I bought these for the school event and was very pleased with 120 different colors of crayons. Good buy for the price."", ""Okay, so when I opened this box I was admittedly confused, I thought, oh no this is just 2 48's and a 24 count box of regular crayons...but when you open the boxes they are all different colors and you really do get 120 different crayons, and amazing colors at that!"", ""There is nothing negative I can about this.There really are 120 different colors. They really are ALL different (unlike the box of 64 colored pencils). It comes in a great sturdy box with a crayon sharpener.""]",12.523624929599464,"The available reviews are conflicting, with some stating that there are 120 different colors and others claiming that there are duplicate or very similar colors. Some reviewers found that the crayons were all different, while others discovered that some boxes contained identical or nearly identical sets of crayons. The reviews do not provide a definitive answer.",True,551.5436249552295
G_048,REC_048,B0062RKIIY,Toys_and_Games,medium,yesno,sentwin,10,can I get it in silver?,[UNANSWERABLE],,0,"[""KB_00556"", ""KB_00554"", ""KB_00552"", ""KB_00554"", ""KB_00552"", ""KB_00557"", ""KB_00554"", ""KB_00552"", ""KB_00551"", ""KB_00552""]","[""I think it is really neat. Super"", ""This piece of crap caught on fire and started smoking 25 minutes after we took it out of the box. Sent an email to manufacture and heard nothing. Will never order anything from TPA Store again."", ""The car was zippy and durable, but the control antenna breaking was obviously a bummer. Hopefully we can find a replacement or return it. I will update later if we get it all figured out."", ""Sent it back and hope to get a refund soon. Do not order this toy!!!!!!!!!!!!! !"", ""We bought my son this toy for his birthday. He has used it for less than 24 hours and already we have a problem."", ""The car looked great but would not turn left and barely turned right. I returned it for a refund."", ""Sent an email to manufacture and heard nothing. Will never order anything from TPA Store again. Sent it back and hope to get a refund soon."", ""Hopefully we can find a replacement or return it. I will update later if we get it all figured out."", ""We'll keep trying though. Either way my son is quite upset :(UPDATE:  After waiting almost 30 days I didn't get a response from either the seller or the toy company, so back it went. I still think it's  a good car, but beware of the fragile antenna!"", ""The antenna is very weak and snapped as we were pushing it back in to put it away. Very disappointing! The car was zippy and durable, but the control antenna breaking was obviously a bummer.""]",11.325250030495226,The available reviews do not provide enough information to answer this question.,True,233.3603329025209
G_049,REC_049,B00FDTJQYY,Toys_and_Games,medium,descriptive,sentwin,10,Are the clips s clips or c clips?,They are s clips,KB_00558,1,"[""KB_00568"", ""KB_00558"", ""KB_00559"", ""KB_00575"", ""KB_00572"", ""KB_00565"", ""KB_00574"", ""KB_00561"", ""KB_00562"", ""KB_00571""]","[""The clips are &#34;s&#34; clips which are a little harder to use than the &#34;c&#34; clips that come with the rainbow loom."", ""This was really a good deal and there were lots of colors in the bag. The clips are &#34;s&#34; clips which are a little harder to use than the &#34;c&#34; clips that come with the rainbow loom."", ""like the price and the quantity you get with them, Love that it has the clips, what a bonus that was!! !"", ""like the price and the quantity you get with them, Love that it has the clips, what a bonus that was! !"", ""Each contain 300 bands and 12 &#34;S&#34; clips."", ""I got 4 bags. Each contain 300 bands and 12 &#34;S&#34; clips. 2 bags had purple, light lavender, yellow, white and hot pink."", ""The latex loom bands came but no clips."", ""The latex loom bands came but no clips. Very disappointing."", ""My daughter was so excited to receive the refill. I also bought charms and s clips. One happy little loomer."", ""I also bought charms and s clips.""]",34.972166060470045,"The clips are ""s"" clips, which are a little harder to use than ""c"" clips. They are included in the purchase, with each containing 12 ""S"" clips.",False,390.3344579739496
G_050,REC_050,B00EZIXA78,Toys_and_Games,medium,descriptive,sentwin,10,what kind of canopy/umbrella do you use with this?,This model doesn't use an umbrella. We have never had any complaints from our three children who are still using this as 3 and a half year old twins and a 20 month old. It is our go to ride.,KB_00583,1,"[""KB_00582"", ""KB_00582"", ""KB_00593"", ""KB_00579"", ""KB_00589"", ""KB_00594"", ""KB_00584"", ""KB_00599"", ""KB_00597"", ""KB_00581""]","[""I am looking forward to Spring when we can get some real mileage on it! Please NOTE:  You cannot add a canopy to this. You must buy the deluxe version if you want  a canopy."", ""Please NOTE:  You cannot add a canopy to this. You must buy the deluxe version if you want  a canopy."", ""You must buy the deluxe version if you want  a canopy."", ""Because it is such a good size, it would be hard for a mom to pick it up and put it in the back of the van. It would be nice perhaps to have provision to attach an umbrella or canopy, however, the fact that it doesn't have a canopy means that taller children fit into it without a problem.I would definitely recommend this wagon to a family with multiple children.I received the Radio Flyer Triple Play Wagon for my honest review from the Amazon Vine Program."", ""It would be nice perhaps to have provision to attach an umbrella or canopy, however, the fact that it doesn't have a canopy means that taller children fit into it without a problem.I would definitely recommend this wagon to a family with multiple children.I received the Radio Flyer Triple Play Wagon for my honest review from the Amazon Vine Program."", ""You have to buy the deluxe model for the canopy."", ""But the wheels of the Step 2 are not either.No canopy. You have to buy the deluxe model for the canopy. I think for the price it should have a canopy and there should be no deluxe model.Overall this is not really much better than the Step 2 except you can haul the extra kid."", ""I would have liked the option to upgrade later if I wanted. So, if you want the canopy on it, get the deluxe version from the start."", ""So, if you want the canopy on it, get the deluxe version from the start."", ""I would have liked the option to upgrade later if I wanted. So, if you want the canopy on it, get the deluxe version from the start.""]",11.190749937668443,The available reviews do not provide enough information to answer this question.,True,133.50683392491192
G_051,REC_051,B0002KW4AC,Toys_and_Games,long,descriptive,sentwin,10,"Does this unit come with tip or need to buy the tip kit?  If it comes with one, what tip is it?  Thanks.","It has been a while, as I recall it comes with a tip. I do not remember what size. I did buy a set of tips because of the different type of soldering I do. I wanted a small tip for surface mount components. Hope that helps.",KB_00605,1,"[""KB_00609"", ""KB_00611"", ""KB_00605"", ""KB_00603"", ""KB_00612"", ""KB_00605"", ""KB_00619"", ""KB_00619"", ""KB_00615"", ""KB_00601""]","[""First 2 sections are for show, I could not use the iron until I turned it to the end of the third and it still wasn't hot enough which is confusing.Overall : Maybe my unit was defective or the tips were bad but 7 bad tips? I bought the package with it with the spare tips just in case. I would not purchase this unit again."", ""I've been doing a lot of SMD soldering with the original tip, however I am going to be getting a separate brass tip cleaner.Still one of the best purchases that any hobbyist can make."", ""I've never replaced the tip and it still works great. I've been doing a lot of SMD soldering with the original tip, however I am going to be getting a separate brass tip cleaner.Still one of the best purchases that any hobbyist can make."", ""The heat control runs just above half the dial so there is plenty of control. I was also able to use my Weller soldering iron by just pluging it in, so your not stuck with one size tip and waiting for the iron to cool down to change the tips."", ""I was also able to use my Weller soldering iron by just pluging it in, so your not stuck with one size tip and waiting for the iron to cool down to change the tips."", ""*****3 years after purchase...And another update nearly a year after the comment I left on this review:Both station and iron are still doing extremely well. I've never replaced the tip and it still works great. I've been doing a lot of SMD soldering with the original tip, however I am going to be getting a separate brass tip cleaner.Still one of the best purchases that any hobbyist can make."", ""Having this setup with the temperature control and built-in sponge will save you lots of hassle.I've only had it for about 2 weeks, but I've used it for about 10 hours at least. Get the extra tips and the desoldering wick if you are planning a serious project. (I was changing out LEDs in 5 exit signs so I had to remove them and put new ones in."", ""(I was changing out LEDs in 5 exit signs so I had to remove them and put new ones in. The bigger tips work well for desoldering, the little tips work great for installing small items)I see no need to get a more expensive model...*****UPDATE 8may2013I've been using this for about 4 years now. I'm not using it as much as when I first reviewed it, but thats just for lack of projects."", ""The bigger tips work well for desoldering, the little tips work great for installing small items)I see no need to get a more expensive model...*****UPDATE 8may2013I've been using this for about 4 years now."", ""LED Soldering, Wire tinning, Adding and removing a component. It really is sad because I had high hopes for the unit but Returning it and getting something better.Pro: Cheap, can plug anything into the unit, Tips are relatively cheap online.Cons: Failed to solder a few components and the joints were not without damage after it finally did solder.""]",34.36158306431025,"The unit comes with a tip, and at least one user has been using the original tip for SMD soldering. The specific type of tip included is not specified.",False,469.2422499647364
G_052,REC_052,B000BO63OC,Toys_and_Games,long,descriptive,sentwin,10,We have this in our garage but we want to buy a cover to protect it when not in use. Is there a cover anyone would recommend? Thanks v much.,"OAW, The STIGA InstaPlay is an indoor table; unfortunately, even an outdoor table cover would not fully protect this table from moisture. If the garage is not climate controlled, the table could become warped, even with a table cover. If you are interested in an outdoor table cover, you should consider the STIGA Baja Outdoor Table Tennis Table and STIGA Coronado Outdoor Table Tennis Table Hope this helps! STIGA",KB_00629,0,"[""KB_00639"", ""KB_00629"", ""KB_00624"", ""KB_00621"", ""KB_00621"", ""KB_00626"", ""KB_00635"", ""KB_00624"", ""KB_00625"", ""KB_00640""]","[""The delivery team dropped off garage and I had to get neighbor to help me carry down to basement."", ""I would only recommend this table for kids or beginners only. Also we have always kept the table in our front living room away from any elements that would normally cause warping by weather etc."", ""To my surprise it came out of the box ready to play. We set it up in the garage and have only left its warm embrace to eat, sleep, and write a review!Great table! Make sure you buy paddles and balls, it does not come with."", ""I have a note into Fogdog for a full refund but of course I need to set up another appointment with the delivery company they use! I just hope to have this mangled table out of my garage by the new year.I've read good things about the table itself so it's sad to not be able to try it out."", ""The table is packaged up as if they are delivering you bath towels so it's not shocking there would be damage. I am not sure why you would ship a $600 item with no real padding provided. Amazing."", ""Been very happy with it!!! Would recommend to any body...very durable and cleans up well!"", ""Would recommend to any body...very durable and cleans up well!"", ""We set it up in the garage and have only left its warm embrace to eat, sleep, and write a review!Great table! Make sure you buy paddles and balls, it does not come with."", ""If I were to buy another table I would not buy this brand again. Jeff, San Diego"", ""If that is true, I must be stupid. I have never seen a rivet that could be reused with any quality or reliability. I will have to say that the replacement part came promptly when ordered, however these parts are mirror images of each other for opposite legs and of course I received the wrong one so I just made do.""]",12.762083089910448,The available reviews do not provide enough information to answer this question.,True,168.22400002274662
G_053,REC_053,B001AEZIY8,Toys_and_Games,long,descriptive,sentwin,10,I'm looking for an X-Wing for my Dagobah themed aquarium.  I need to know if the paint is already on it?  Also are there any metal parts?,There are no metal parts. It is already painted.,KB_00659,0,"[""KB_00654"", ""KB_00656"", ""KB_00646"", ""KB_00659"", ""KB_00645"", ""KB_00659"", ""KB_00646"", ""KB_00655"", ""KB_00642"", ""KB_00659""]","[""Maybe some glow-in-the-dark paint to the engines/cannons.Eventually, I hope to purchase 3 more of this same product, so that I can display them flying in formation (using fishing wire attached to the ceiling).I also purchased the Millenium Falcon model kit from Revell."", ""I'm sure my son liked that part, but I was hoping for a little more teamwork putting it together.It's a snap-together model, so theres no glue or paint required."", ""This is merely a personal preference, but I feel that the X-Wing is lacking in it's color choices. I went ahead and painted in a lot of the pieces that I didn't like; the blue cockpit looked too mellow (all of the light baby blue on this model generally looked ugly), so I painted it silver, and changed the \""vent\"" colors to a black and gray."", ""This is merely a personal preference, but I feel that the X-Wing is lacking in it's color choices. I went ahead and painted in a lot of the pieces that I didn't like; the blue cockpit looked too mellow (all of the light baby blue on this model generally looked ugly), so I painted it silver, and changed the \""vent\"" colors to a black and gray. The thrusters and blasters were also painted to add a bit of color seperation."", ""I really wanted to get a Star Wars model for a long time, and what better start to simple model building that the X-Wing. Pretty simple to put together, did it in about two hours, filing away the break points and slowly taking my time with it :) The instructions were pretty clear."", ""There are no problems with the rear landing gear, though.I will note some downsides to it. This is merely a personal preference, but I feel that the X-Wing is lacking in it's color choices. I went ahead and painted in a lot of the pieces that I didn't like; the blue cockpit looked too mellow (all of the light baby blue on this model generally looked ugly), so I painted it silver, and changed the \""vent\"" colors to a black and gray."", ""There are no problems with the rear landing gear, though.I will note some downsides to it. This is merely a personal preference, but I feel that the X-Wing is lacking in it's color choices. I went ahead and painted in a lot of the pieces that I didn't like; the blue cockpit looked too mellow (all of the light baby blue on this model generally looked ugly), so I painted it silver, and changed the \""vent\"" colors to a black and gray."", ""This is merely a personal preference, but I feel that the X-Wing is lacking in it's color choices."", ""As a general rule, models are meant more for display than for play. You have action figure toys for that.Overall, it's a simple, nice, and faithful representation of the classic X-Wing fighter from the original Star Wars Trilogy."", ""As a general rule, models are meant more for display than for play. You have action figure toys for that.Overall, it's a simple, nice, and faithful representation of the classic X-Wing fighter from the original Star Wars Trilogy. It only takes a day or two to build, detail, and paint.""]",37.522958940826356,"The X-Wing model does not come with paint, as it is a snap-together model that requires no glue or paint. There is no mention of metal parts in the reviews.",False,371.1119999643415
G_054,REC_054,B004G32WA8,Toys_and_Games,short,yesno,sentwin,10,can it hold 5 racks,[UNANSWERABLE],,1,"[""KB_00662"", ""KB_00671"", ""KB_00669"", ""KB_00675"", ""KB_00665"", ""KB_00674"", ""KB_00666"", ""KB_00670"", ""KB_00661"", ""KB_00668""]","[""I love the concept of this case, however the 2nd time I used it the handle broke off. It does hold everything as stated ( racks, pushers and tiles)  The soft zip bags for the tiles are great. I am going to try to see if I can get it repaired."", ""It does hold everything as stated ( racks, pushers and tiles)  The soft zip bags for the tiles are great."", ""This replaced my old hard surface case that was nicked andunattractive. This case has 2 soft internal cases for the tiles and a tote that holds extra tiles and chips leaving plenty of room for my 4 racks . The case can also be wiped down with a damp cloth if needed."", ""This case has 2 soft internal cases for the tiles and a tote that holds extra tiles and chips leaving plenty of room for my 4 racks ."", ""I took it on a cruise and it was much easier to handle than my hard case would have been. Racks with pushers fit into it with all the tiles."", ""Will consider looking into case for racks as mine are wood and I don't want them to break if I drop the case."", ""You will only find out when setting up game. Will consider looking into case for racks as mine are wood and I don't want them to break if I drop the case."", ""Lovely soft sided case can hold complete set of American Mahjong tiles, four racks, and accessories."", ""Lovely soft sided case can hold complete set of American Mahjong tiles, four racks, and accessories. Light weight easy to carry with handle and shoulder strap."", ""I like the pouches for the tiles. There are no protective coverings for the racks but I bought tube sox that fill that need. I would recommend this bag for anyone looking for a nice case to carry their mah jongg game in.""]",10.991499992087483,The available reviews do not provide enough information to answer this question.,True,294.0562500152737
G_055,REC_055,B00DJ4PJ64,Toys_and_Games,long,descriptive,sentwin,10,Are these Lego Mini figures the same type of figures that come in all the Lego sets? or are these those rubbery type of figures?,They are the same kind as in all the regular Lego sets. Not rubbery.,KB_00680,1,"[""KB_00691"", ""KB_00680"", ""KB_00697"", ""KB_00687"", ""KB_00696"", ""KB_00686"", ""KB_00685"", ""KB_00693"", ""KB_00700"", ""KB_00700""]","[""The mini-figures are cool and he can add those to his many Lego Star Wars sets after the holiday."", ""So far, our son (9) is very pleased with it. The mini-figures are cool and he can add those to his many Lego Star Wars sets after the holiday. These are a little on the expensive side when compared to simple advent calendars, but they do of course offer items that your children can use and play with well into the future."", ""However, kids loved the mini figures and there was a lot of product for the price."", ""Not sure if we missed some instructions or what, but we found the calendar lacking in stability as a self-supporting, standing structure. However, kids loved the mini figures and there was a lot of product for the price. Get it on sale...I wouldn't have been happy paying full price."", ""My boys are more excited about the mini figures than the mini ships though."", ""This has been fun so far, we are on day nine. My boys are more excited about the mini figures than the mini ships though. So far we have gotten lots of ships and few figures."", ""I'm a big fan and avid collector of Lego Star Wars Mini Figures, so it's great to see so many figures again. And, I think they did a nice mix of original trilogy and prequel (though I always prefer more original trilogy when possible).You also get some new and nice new ships etc."", ""I'm a big fan and avid collector of Lego Star Wars Mini Figures, so it's great to see so many figures again."", ""), Scout Trooper, R5-F7, Rebel Commando, Clone Trooper, Battle Droid, Geonosian Pilot, and FA-4. I'm a big fan and avid collector of Lego Star Wars Mini Figures, so it's great to see so many figures again. And, I think they did a nice mix of original trilogy and prequel (though I always prefer more original trilogy when possible).You also get some new and nice new ships etc."", ""Received my 2013 Lego Star Wars Advent Calendar the other day, and thought I'd put together a quick review for those who might also be considering getting one. As with the previous Lego Star Wars Advent Calendars, one of the best parts about this one is that it included NINE mini figures (including the EXCLUSIVE Santa Jango Fett figure). In addition to this exclusive figure you get, Young Boba Fett (nice that they kept the family together for the holidays!""]",37.75991697330028,"These Lego Mini figures are the same type of figures that come in Lego sets, as reviewers mention adding them to their existing Lego Star Wars sets. There is no mention of rubbery type figures.",False,281.90950001589954
G_056,REC_056,B003TO4YYC,Toys_and_Games,short,descriptive,sentwin,10,What is the counter height?,"The counter is 21"" from the ground.  The top of the fridge section is 3' from the ground.",KB_00712,1,"[""KB_00715"", ""KB_00701"", ""KB_00713"", ""KB_00703"", ""KB_00714"", ""KB_00704"", ""KB_00706"", ""KB_00711"", ""KB_00704"", ""KB_00719""]","[""It doesn't have any \""counter space\"" so we put a little end-table next to it for our daughter to \""prepare\"" her food."", ""It has some wood pieces and some pressed board pieces, but is nice and sturdy. It doesn't have any \""counter space\"" so we put a little end-table next to it for our daughter to \""prepare\"" her food. Overall, I am very pleased."", ""The \""granite\"" counter, while obviosly not real granite, has a cute, counter top like finish and doesn't look cheesy."", ""It's not solid wood - but the finishes are nice. The \""granite\"" counter, while obviosly not real granite, has a cute, counter top like finish and doesn't look cheesy. The back of the kitchen is also finished nicely, which was important to us since we do not have it backed up against a wall.Our daughter loves playing with it - rummages through the cabinets, puts her dishes in the little sink, turns her \""faucet\"" on and off."", ""It is made out of engineered wood with a wood-grain looking finish, and the black and white counter top is realistically styled to look like laminate, corian or granite counters."", ""There is a white fridge, a two-burner stove with clicking knobs, an oven with similar knobs, a little microwave, a sink with a faucet that has a turn-able handle, and a cubby space to store kitchen what nots. It is made out of engineered wood with a wood-grain looking finish, and the black and white counter top is realistically styled to look like laminate, corian or granite counters. The quality latching mechanism of the doors clicks open and shut firmly."", ""It's a good size; not so small that it's cramped and not so big that it takes up too much space. My tallish 2 1/2 year old seems quite comfortable with the height. Altogether, a great purchase; we really like it a lot.The above was my initial review; since then we still really like the kitchen, but I wanted to mention that the faucet piece broke pretty easily -- he hadn't even had it a month."", ""My tallish 2 1/2 year old seems quite comfortable with the height."", ""I love the red and white color scheme, including real gingham curtains. There is a white fridge, a two-burner stove with clicking knobs, an oven with similar knobs, a little microwave, a sink with a faucet that has a turn-able handle, and a cubby space to store kitchen what nots. It is made out of engineered wood with a wood-grain looking finish, and the black and white counter top is realistically styled to look like laminate, corian or granite counters."", ""the finished kitchen set is the cutest thing and worth the price and time it took to build.the only thing is maybe the last screw by the little phone and sink would not screww all the way in .. its a small support for the fridge shelf but, i believe if its taken out the other three screws should support it .i left mine slightly unscrewed i it becomes an issue for my daughter id remove it ..""]",12.735083932057023,The available reviews do not provide enough information to answer this question.,True,330.596833024174
G_057,REC_057,B000HCL94W,Toys_and_Games,short,descriptive,sentwin,10,what size batteries,3 double As,KB_00727,1,"[""KB_00727"", ""KB_00725"", ""KB_00738"", ""KB_00728"", ""KB_00736"", ""KB_00724"", ""KB_00722"", ""KB_00734"", ""KB_00725"", ""KB_00733""]","[""You can see the full specs on this toy at the manufacturer's website at [...]This toy requires 3 double AA batteries to work. So, if your sound stops working check to see if the batteries need replacing."", ""There is a low and high volume switch but it doesn't seem to be too much different in volume. The product comes with batteries but as with many products that come with batteries, they may not last very long and must be replaced to continue hearing the sounds. The battery pack is in a velcro pouch on the neck by the mane."", ""After reading other reviews, I'm guessing that the model has changed slightly, since the batteries are now easily located in a hidden pocket right along the horse's mane."", ""My older daughter is almost 5, and she loves it as well. After reading other reviews, I'm guessing that the model has changed slightly, since the batteries are now easily located in a hidden pocket right along the horse's mane. We haven't had problems with the buttons in the ears making sounds, although I find that my girls don't care much about the sounds anyway."", ""It even still has the original batteries in it."", ""It is durable as we have had nieces, nephews, & friends kids ride this thing like it was real & it has held up to everything. It even still has the original batteries in it. The only downfall is the saddle."", ""But those who want the songs/sounds won't like that they aren't replaceable. They're just button batteries sewn into the ears."", ""They're just button batteries sewn into the ears."", ""The product comes with batteries but as with many products that come with batteries, they may not last very long and must be replaced to continue hearing the sounds. The battery pack is in a velcro pouch on the neck by the mane."", ""you can rock and bounce up and down on it so it would b fine for 2 year olds or hardy 18 month olds.the lucky fabric saddle soon went off the horse, no need to really have it as it wont stay.I just changed the batteries believe it or not, i didn't think the cheapo chinex batteries that came with it would last, but since only galloping sounds came out i changed them and the song plays again as well as the spoken words, so if you have that problem where it stops, change the batteries.oh and the batteries compartment is in the mane of the neckword to the wise, if you have a curious child, don't let them know where the battery compartment is or they will be messing with the sound controls and on off switch, which since its is motion activated can get annoying every time you walk by a galloping sound happens, this can be turned off though when not in use.the springs are tight and durable and will hold a heavy child, my 13 yr old sat on it and it holds up.overall this is an excellent toy with durability and charm.and thanks for others who posted reviews and comments on this toy it helped me to get this originally!keep on reviewing folks, we parents need all the help we can get from a community for recommendations and everything else.""]",30.628332984633744,The toy requires 3 double AA batteries to work.,False,258.67329200264066
G_058,REC_058,B005V2LJS4,Toys_and_Games,long,descriptive,sentwin,10,"Is this the original, Japanese release (Samurai Sentai Shinkenger branding), or the western release (Power Rangers Samurai branding)?","western most likely. there's really NO difference either way though, only a small logo on the backside of the box and a changed name on the instructions. If I were you, I'd take the plunge and get it, it's only 15 dollars for a premium grade action figure. American release but the same Japanese quality, accessories, and construction.",KB_00742,0,"[""KB_00754"", ""KB_00742"", ""KB_00756"", ""KB_00743"", ""KB_00758"", ""KB_00743"", ""KB_00755"", ""KB_00742"", ""KB_00752"", ""KB_00744""]","[""It was the US import of the Japanese Figuarts and had english instructions and Power Ranger logo, etc."", ""Product was not entirely Japanese super sentai figuart, with Japanese instructions, etc. It was the US import of the Japanese Figuarts and had english instructions and Power Ranger logo, etc."", ""I hope Bandai Tamashii Nations makes more figures of the other Power Rangers/Super Sentai teams."", ""It really is a work of art. I hope Bandai Tamashii Nations makes more figures of the other Power Rangers/Super Sentai teams. Still waiting for teams such as Dino Thunder/Abaranger and Time Force/Timeranger."", ""I'm glad to have the Red Samurai Ranger in my collection."", ""SH Figuarts did an amazing job making these figures with so much detail. I'm glad to have the Red Samurai Ranger in my collection. It really is a work of art."", ""Product was not entirely Japanese super sentai figuart, with Japanese instructions, etc."", ""Was not specific enough in descriptions. Product was not entirely Japanese super sentai figuart, with Japanese instructions, etc. It was the US import of the Japanese Figuarts and had english instructions and Power Ranger logo, etc."", ""Whether you are a fan of Power Rangers Samurai or not, this is a great entry into the world of SH Figuarts collecting as he tends to be the least expensive compared to others PR SHFiguarts, which start at $38."", ""Whether you are a fan of Power Rangers Samurai or not, this is a great entry into the world of SH Figuarts collecting as he tends to be the least expensive compared to others PR SHFiguarts, which start at $38. He is much smaller that I expected, but what he lacks in size, he makes up for in articulation and detailing.""]",13.175167026929557,"This is the western release, as it has English instructions and the Power Ranger logo. The product is a US import of the Japanese Figuarts. It is specifically branded as Power Rangers Samurai.",False,357.5277500785887
G_059,REC_059,B00C1TV1F6,Toys_and_Games,short,descriptive,sentwin,10,how big is it,[UNANSWERABLE],,0,"[""KB_00762"", ""KB_00773"", ""KB_00767"", ""KB_00763"", ""KB_00773"", ""KB_00766"", ""KB_00770"", ""KB_00763"", ""KB_00773"", ""KB_00771""]","[""The facial features and the attention to body detail give this toy a extra * as desirable for a TFP collection. The Japanese releases tend to offer more detail and better coloration...so if you collect Japanese only and TFP Optimus, you'll like this one."", ""My only regret is the damage to the carton as a collector I prefer to keep my collection MISB and the damaged box will reduce the toy's overall value in the future.Now, as for the toy itself, this is one of the best looking toys from the TFPrime line imho, and the 'bulked up' version with wings from Season 3, Beast Hunters. The facial features and the attention to body detail give this toy a extra * as desirable for a TFP collection. The Japanese releases tend to offer more detail and better coloration...so if you collect Japanese only and TFP Optimus, you'll like this one."", ""The facial features and the attention to body detail give this toy a extra * as desirable for a TFP collection."", ""I collect almost anything Optimus Prime....and couldn't wait to receive this one for my collection. The toy is one of my faves from the Beast Hunter series.The shipping box and toy carton were damaged, but the toy was okay. My only regret is the damage to the carton as a collector I prefer to keep my collection MISB and the damaged box will reduce the toy's overall value in the future.Now, as for the toy itself, this is one of the best looking toys from the TFPrime line imho, and the 'bulked up' version with wings from Season 3, Beast Hunters."", ""I collect almost anything Optimus Prime....and couldn't wait to receive this one for my collection. The toy is one of my faves from the Beast Hunter series.The shipping box and toy carton were damaged, but the toy was okay. My only regret is the damage to the carton as a collector I prefer to keep my collection MISB and the damaged box will reduce the toy's overall value in the future.Now, as for the toy itself, this is one of the best looking toys from the TFPrime line imho, and the 'bulked up' version with wings from Season 3, Beast Hunters."", ""The toy is one of my faves from the Beast Hunter series.The shipping box and toy carton were damaged, but the toy was okay."", ""My only regret is the damage to the carton as a collector I prefer to keep my collection MISB and the damaged box will reduce the toy's overall value in the future.Now, as for the toy itself, this is one of the best looking toys from the TFPrime line imho, and the 'bulked up' version with wings from Season 3, Beast Hunters."", ""The toy is one of my faves from the Beast Hunter series.The shipping box and toy carton were damaged, but the toy was okay. My only regret is the damage to the carton as a collector I prefer to keep my collection MISB and the damaged box will reduce the toy's overall value in the future.Now, as for the toy itself, this is one of the best looking toys from the TFPrime line imho, and the 'bulked up' version with wings from Season 3, Beast Hunters."", ""The toy is one of my faves from the Beast Hunter series.The shipping box and toy carton were damaged, but the toy was okay. My only regret is the damage to the carton as a collector I prefer to keep my collection MISB and the damaged box will reduce the toy's overall value in the future.Now, as for the toy itself, this is one of the best looking toys from the TFPrime line imho, and the 'bulked up' version with wings from Season 3, Beast Hunters. The facial features and the attention to body detail give this toy a extra * as desirable for a TFP collection."", ""I collect almost anything Optimus Prime....and couldn't wait to receive this one for my collection.""]",33.64437504205853,The available reviews do not provide enough information to answer this question.,True,301.5305829467252
G_060,REC_060,B000U8SZ4A,Toys_and_Games,medium,yesno,sentwin,10,"are the buttons labeled, i.e. ""Undo"" or ""Highest Score"" , etc.","There is a button to show ""Highest Score"", but when you need to change batteries, everything goes back to zero till the next game is played. There isn't an ""Undo"" button.",KB_00776,1,"[""KB_00789"", ""KB_00782"", ""KB_00788"", ""KB_00778"", ""KB_00783"", ""KB_00791"", ""KB_00781"", ""KB_00790"", ""KB_00792"", ""KB_00777""]","[""Not only does this version not have an undo button but we've played over 100 times and none of us have scored more than 200 points."", ""I would have like a undo button like most games. Just the right size for traveling and carrying in purse."", ""Our old games had the undo button, which this model does not have ~ bummer."", ""Several of the buttons on our two older model Radica games were no longer working and it was a struggle to get them to respond. Our old games had the undo button, which this model does not have ~ bummer. Also, the buttons on the newer model feel like pressing old typewriter keys ~ clicky and too tall."", ""This is one of the best. All it really needs is an undo button. But...so far it has my vote."", ""All it really needs is an undo button."", ""No backlight, slow response on keys, does not allow undo. Frustrating to use after being used to the Radica version."", ""I enjoy the large screen ,I only wish there was an undo button."", ""A nice handheld game, but the only negative feature is that it doesn't have an Undo button like our old one had."", ""Would also suggest more sophisticated moves like being able to transfer a partial row (more than 1 card or not the whole stack) from one card stack to another. Even an \""undo\"" option would be wonderful!""]",13.209290918894112,"The reviews do not mention labeled buttons such as ""Undo"" or ""Highest Score"". The available information only discusses the absence of an ""undo"" feature, not the labeling of buttons.",True,417.1395830344409
G_061,REC_061,B00GD0N9AO,Health_and_Personal_Care,long,descriptive,sentwin,10,any body know how well this chair would work for a knee replacement in comparison to the transfer bench? thank you :),[UNANSWERABLE],,1,"[""KB_00796"", ""KB_00801"", ""KB_00801"", ""KB_00803"", ""KB_00794"", ""KB_00794"", ""KB_00794"", ""KB_00797"", ""KB_00795"", ""KB_00795""]","[""Bought it in case I still needed a bench after 2 knee surgeries to use in  our walk-in shower when we moved to a condo. Found I didn't need to sit anymore when showering but it's ideal to use as a bench to wipe down or shave your legs!"", ""I read a lot of reviews and chose this chair. It worked perfect , easy to put together."", ""It worked perfect , easy to put together. I broke my leg so I was just looking for a chair to use for a few months. I could't be happier with the product, good value."", ""The seat was stable and the hand holds were useful. I recommend this for someone who has had recent hip or knee surgery. Don't fear if it feels a bit light, it is strong enough."", ""), was easy to put together and is very comfortable. I highly recommend this chair! It also arrived very quickly."", ""I had knee replacement surgery and my surgeon and physical therapist advised that I purchase a shower chair. I was more than pleased with this chair."", ""I had knee replacement surgery and my surgeon and physical therapist advised that I purchase a shower chair. I was more than pleased with this chair. It was very reasonable, is very sturdy (holds up to 300lbs!"", ""It served the purpose well and it got me thru my disabled period. I would suggest this seat to others."", ""I didn't use them much, but I would think the handles in the sides of the seat would be helpful to some. One note of caution though, it is a lightweight seat... and as I said, was stable for me."", ""I don't think it would work as well for someone who is over... maybe 5'10. I didn't use them much, but I would think the handles in the sides of the seat would be helpful to some. One note of caution though, it is a lightweight seat... and as I said, was stable for me.""]",16.219457960687578,"This chair is recommended for someone who has had recent knee surgery, with one reviewer stating it was advised by their surgeon and physical therapist after knee replacement surgery. The chair is considered stable and sturdy, with hand holds that are useful for support.",False,449.1360419197008
G_062,REC_062,B004H7GB9G,Health_and_Personal_Care,long,descriptive,sentwin,10,Can the pill be cut in half so you're only getting 5000 mg?,"For the question posted by Sylvia Z. .. first it is micrograms/mcg, not milligrams/mg; very big difference. Web MD and the Mayo Clinic recommend 30mcg and 30mcg-100mcg daily, respectively. 300mcg = 100% of the daily value intake for Biotin. Even if you quarter these pills, you will still be getting 2,500mcg daily which is well beyond the recommended dose.  I have used a half pill off and on with no ill side effects. Also, quartering them will make them last longer.",KB_00805,1,"[""KB_00806"", ""KB_00804"", ""KB_00808"", ""KB_00812"", ""KB_00810"", ""KB_00807"", ""KB_00812"", ""KB_00810"", ""KB_00812"", ""KB_00809""]","[""I ordered this product around a week ago, as soon as I received it I immediately began taking it. I cut the pill in half because I wasn't too sure on taking the maximum dosage. I am a nail bitter and within days of taking this, my nails were growing rather quickly :) I am extremely surprised with how well this product is working and will continue to use it."", ""I cut these pills in half and take half a pill a day (5,000mcg = 5g). I've been taking biotin for over a month and I think my nails feel stronger."", ""After first use I noticed that the product brought me a fast heart bit, but the dosage was too strong for me, now I just cut the pills in half-and I have no problems after that."", ""After steady use for a month, I have noticed thicker hair follicles and less hair being lost. I had to gradually work my dose up to a full pill. Tried taking a whole pill at the beginning and it gave me horrible migraines and headaches."", ""Happy! It's very hard not to take two pills per day, but I am sticking to the directions."", ""This product is amazing and Ur's able to see quick results I was using the 5000 Mg then I saw this one if you want ure. Hair to grow fast I really recommend this product to everyone!"", ""Tried taking a whole pill at the beginning and it gave me horrible migraines and headaches. Then I decreased to a half pill with breakfast or lunch."", ""I could NOT believe my eyes--I still cannot believe it. Why would little pills do so much? I am thrilled, though!"", ""I had to gradually work my dose up to a full pill. Tried taking a whole pill at the beginning and it gave me horrible migraines and headaches. Then I decreased to a half pill with breakfast or lunch."", ""I don't know why I never thought to try this before. I started taking these 3 weeks ago and have at least an inch and a half of growth! I cut off most of my hair 3 years ago to get rid of the relaxer I've had for hundreds of years to grow out my natural hair.""]",17.309707938693464,"Yes, the pill can be cut in half to take 5000 mg, as multiple reviewers have done so without issue. Reviewers have cut the pill in half and taken half a day, with some doing so due to the full dose being too strong. This has allowed them to take a lower dose of 5000 mg.",False,570.324125001207
G_063,REC_063,B004F4PR6Y,Health_and_Personal_Care,medium,descriptive,sentwin,10,Does this come with a shader gun?,"this comes with two "" amateur""  machines at which they can be tuned  for shading or lining.",KB_00822,1,"[""KB_00822"", ""KB_00821"", ""KB_00818"", ""KB_00815"", ""KB_00814"", ""KB_00816"", ""KB_00818"", ""KB_00818"", ""KB_00819"", ""KB_00814""]","[""when i got it only one gun worked and the gun to shade in tattoos didnt and still doesnt work i tryed to fix it but couldnt !"", ""everything came as described with the package  only problem i am having is that the power supply is not sending power to the gun"", ""I guuss for the price the kits is ok. The down side to it is that it comes without instructions on how to put the guns together and does not give you any tattoing tips. It does come with a dvd but the set up makes it very hard to actually find the file to watch it onces its in the dvd player, and the kit on the dvd is NOT the kit you are ordering here."", ""If you plan on purchasing this make sure you have a way to get your stencil on your body. kit does not come with stencils or carbon paper for steciling.The instruction video is worthless it does not really explain set up and use of this product."", ""This was bought for my fiance for christmas and he went over an old tattoo with the ink it comes with, so i will give more when it heals. He also let the tube that goes on the gun soak in water to remove access ink and it started to rust pretty quick. Idk if it was suppose to be soaked to clean it bc it did not come with care instructions, so my advice is to look on google before using or cleaning any of the items."", ""The black isn't actually black. It comes out more of a faded purple. I recommend these inks being JUST for practice."", ""It does come with a dvd but the set up makes it very hard to actually find the file to watch it onces its in the dvd player, and the kit on the dvd is NOT the kit you are ordering here. Its for a much different kit with a lot more items."", ""The down side to it is that it comes without instructions on how to put the guns together and does not give you any tattoing tips. It does come with a dvd but the set up makes it very hard to actually find the file to watch it onces its in the dvd player, and the kit on the dvd is NOT the kit you are ordering here. Its for a much different kit with a lot more items."", ""The practice skins that come with the kit are fine for practicing line work and such, but are nothing like real skin and so aren't of much help, but they do help get the hang of using the machine. You cannot shade on them at all so don't even try. Oranges are much better to practice on as you can actually do shading on them."", ""This was bought for my fiance for christmas and he went over an old tattoo with the ink it comes with, so i will give more when it heals. He also let the tube that goes on the gun soak in water to remove access ink and it started to rust pretty quick.""]",12.289582984521985,The available reviews do not provide enough information to answer this question.,True,307.6579999178648
G_064,REC_064,B000OR5P5Y,Health_and_Personal_Care,medium,descriptive,sentwin,10,Has anyone tried this on wool coats?,"Yes... on my wool and cashmere coat, and another 100% wool coat. It works! Just follow the directions. Very easy! :)",KB_00829,1,"[""KB_00826"", ""KB_00832"", ""KB_00828"", ""KB_00829"", ""KB_00825"", ""KB_00827"", ""KB_00831"", ""KB_00824"", ""KB_00827"", ""KB_00830""]","[""It was very gentle and a capful does a couple sweaters. I used it on wool, cashmere, and blends that I didn't trust I dry clean."", ""I use this for all my wool and cashmere knit sweaters, gloves/hats/scarves, blazers, skirts, and even my cashmere winter coats that I used to ship off to the dry cleaners several times throughout the fall and winter seasons. Everything comes out super clean, soft, and nicely scented (would take cedar smell over weird dry cleaning odors any day)."", ""I have collected quite a few cashmere sweaters in recent years and dry cleaning was expensive and inconvenient. I found The Laundress Wool & Cashmere and tried it on a sweater I wouldn't be horribly dissapointed to find didn't survive, but the results were beautiful. The cedar scent isn 't overpowering and I can't detect it at all after (unfortunately!)."", ""Tried it on my off white cashmere sweater and it worked great. Left it soft and clean."", ""This is truly a great product, and I would recommend to anyone who wants an all natural, easy, and efficient way to clean their wool and cashmere sweaters (and angora - it worked great on angora)."", ""The Laundress's Wool and Cashmere Shampoo is just all around great. I first tried the product on a grey and black striped sweater, that, if ruined, I wouldn't have been too upset. I filled my kitchen sink up with cool water, added some detergent, swished around to dissolve, then added the sweater (inside out)."", ""I don't smell the chemicals in it and I soak the item in it for 15, sometimes 30 minutes. I also tried it on a sweater with leather trimming and it did not affect the leather."", ""I purchased this for my wool sweaters and tried it out in my kitchen sink as I don't like to put these items in a washing machine, especially the ones in my apartment complex. There was absolutely no hint of cedar and it never formed suds."", ""The Laundress's Wool and Cashmere Shampoo is just all around great. I first tried the product on a grey and black striped sweater, that, if ruined, I wouldn't have been too upset."", ""My friend told me this cashmere shampoo. I bought it and tried to wash two of my cashmere. They are so soft.""]",11.612499947659671,"Yes, reviewers have used this product on wool coats, with one reviewer mentioning they use it on their cashmere winter coats and another on wool and cashmere blazers. The results were reported as super clean, soft, and nicely scented.",False,412.6502920407802
G_065,REC_065,B006GA21IW,Health_and_Personal_Care,medium,descriptive,sentwin,10,what is the max weight it can hold?,[UNANSWERABLE],,1,"[""KB_00839"", ""KB_00836"", ""KB_00834"", ""KB_00841"", ""KB_00837"", ""KB_00843"", ""KB_00835"", ""KB_00834"", ""KB_00834"", ""KB_00840""]","[""It looks good .. and I kind of wish that the height is adjustable so that it can sit in the shower which the floor isn't flat. But it is definitely not that sturdy and some of the pre-drilled holes don't line up."", ""quick shipping, came in good condition - holes did not line up correctly, so had to do some adjustments to get the bench together. Very sturdy - would purchase again."", ""Sits perfectly level too! Feels very sturdy and has a nice weight to it."", ""We purchased this to use as extra storage space in our bathroom, and it's working out perfect. It's sturdy and high-quality. I'm not sure why other people found this hard to put together - it worked just fine for me."", ""it's sturdy but the edges of the seat were sharp and hurt my legs so my husband sanded them round . Problem solved."", ""This is a great sturdy little bench that was easy to assemble. All the hardware was there and the holds lined up perfectly."", ""We have a huge walk-in shower that needed something to hold our shampoos and body washes. This stand works really well and holds up under moisture."", ""Easy to assemble. I highly recommend this bench. Sits perfectly level too!"", ""High quality. Easy to assemble. I highly recommend this bench."", ""We recently decided to go with a bamboo theme in our new bathroom, and since we have a 2 year old that needs us to stay in there with her while she takes baths purchasing this bench was a no brainer. The quality is great.""]",12.558666989207268,The available reviews do not provide enough information to answer this question.,True,303.52312501054257
G_066,REC_066,B001DAYJOY,Health_and_Personal_Care,short,descriptive,sentwin,10,Is this red maca,[UNANSWERABLE],,1,"[""KB_00845"", ""KB_00851"", ""KB_00850"", ""KB_00847"", ""KB_00845"", ""KB_00846"", ""KB_00853"", ""KB_00844"", ""KB_00849"", ""KB_00852""]","[""Maca (particularly Red) is reputed to provide energy, sex drive and stamina. In capsule form, Maca can be nice as the raw powder can taste pretty bad."", ""Love macs especially this brand is awesome! I'm about to get another bottle if your looking into maca this is an excellent choice"", ""Maca is a centuries old product having been used by natives of Peru and now being distributed in the world. It is an energizer products with good results."", ""I really like maca . I am taking them to help my mc and it did even the days out."", ""Maca (particularly Red) is reputed to provide energy, sex drive and stamina. In capsule form, Maca can be nice as the raw powder can taste pretty bad. NOW is a well known health food maker."", ""As I am in my mid 60's I had been encountering some (ok a lot) of problems with vaginal dryness which is not a pleasant thing in a relationship. I did some research and started taking the maca along with some fish oil, wheat germ oil, and red Korean ginseng. I noticed the results quickly."", ""i've used maca in the pass, but i believe this product is just a waste of money. i've been taking it for more than a month now, still didn't see any changes."", ""I have very irregular periods and am trying to regulate my cycle to prepare for conception. I had a nutritionist recommend that I take maca along with red clover and royal jelly. I'm taking all three together so I'm not sure which is working or if it is the combination, but the past two months I've been more regular than I have been in 10 years."", ""I have been taking Maca for years, it give me a great energy in the morning, I definitely recommend this product!"", ""After using Maca I was able to get pragnant in less then four month! Now specting are first child in December!""]",13.648165971972048,"The product is maca, and specifically, one review mentions ""Maca (particularly Red)"".",False,412.45137504301965
G_067,REC_067,B003DLZ0OE,Health_and_Personal_Care,short,descriptive,sentwin,10,How does it work?,"Per the picture, you lay your neck along the area where there's a ballon. Follow the instructions and it helps restore the natural bend that your neck is supposed to have. Mine doesn't. I've been having neck problems for over a month now and this honestly helps relieve the pain and little by little the pops and pain is beginning to subside. Day 1 - inflate a little just enough to put some pressure on the neck. Release. I do this 6-7 times holding it for 10-15 seconds. then I inflate and lay there for 10-15 minutes. I do this about every other day. I started with one pump and now I'm up to 3 pumps and it's been about 3+ weeks.It's a great tool.I hope if you get it you'll have good success too.",KB_00863,1,"[""KB_00854"", ""KB_00860"", ""KB_00859"", ""KB_00862"", ""KB_00855"", ""KB_00863"", ""KB_00857"", ""KB_00858"", ""KB_00861"", ""KB_00854""]","[""Again, does it work? Who knows."", ""This product does have a great concept but doesn't work at all! Hoping to find relief and what I ended up finding was just a return, cause of no success."", ""It does work for me, and I feel immediate release and improvement over the a period of time. I don't think it is for everyone."", ""Tried out by three people...hurt each person. The device is taken out of the box and looks so cheap, it's no wonder the thing doesn't work.I returned it one day after receiving it...I wouldn't pay $20 for this garbage"", ""It did help my neck - I had a pinched nerve in my neck.I kept a routine of doing it & it did work."", ""I can't say it doesn't work because I'm sure it does for others but for myself I need something that lifts my neck and then pulls it back also and this product only lifts so not the traction that I need for my particular injury."", ""Seems to work just as described. My doctor wants me to gradually build up to using it for 15 minutes each session by the end of the month."", ""This is the closest I have been to healed in so long. I had forgotten what it felt like to wake up and not hurt!I don't know if it will work for everyone, but the results for me are truly amazing!"", ""Using both of these worked better than using either one by itself.I am dealing with TMJ, and both of these devices work fine without irritating my jaw. They can be used in a modified way to avoid placing pressure on the jaw."", ""Again, does it work? Who knows. But based upon the reviews here I'm not willing to bet that it will.""]",11.841958039440215,"The product appears to work for some users, providing relief and improvement, but not for others, with some experiencing no success or even harm. It seems to be effective for specific issues, such as neck pain or TMJ, when used as intended. Results vary from person to person.",False,509.60983301047236
G_068,REC_068,B000E59GTW,Health_and_Personal_Care,medium,descriptive,sentwin,10,Can this be warmed by boiling or is microwave required?,Microwave only!!!,KB_00864,1,"[""KB_00866"", ""KB_00870"", ""KB_00868"", ""KB_00867"", ""KB_00864"", ""KB_00865"", ""KB_00869"", ""KB_00872"", ""KB_00873"", ""KB_00871""]","[""Used this for sore muscles. only takes 1.5 minutes in the microwave to warm up and it was not too hot to handle."", ""I absolutely love this heat pack. It heats up quickly in the microwave and keeps heat for a good amount of time."", ""nice and warm on my achy joints! Just one minute in the microwave and I can wrap my sore knees and shoulders in warmth"", ""Win. Well i need more words to finish this... you pop it in the microwave. Word"", ""Great size for my neck and shoulders. Stick it in the microwave for a minute and a half and get some relief."", ""A minute or two in the microwave or freezer and it is just right to make that pain go away."", ""This heating pad was very poorly constructed. I have used it fewer than five times before it burst open in the microwave oven."", ""Wonderful comfort while sitting at the computer which can be hard on the back! But wonderful and easy to use wherever there is a microwave oven. Relaxes me also before bedtime!"", ""I bought this heating pad for my wife...she really likes it for back pain and cramps. Wish it was a little bigger but then it wouldn't fit in the microwave."", ""Works well - It goes right in the microwave for about 2 minutes - The pocket feature is nice. Stays hot 25 - 30 minutes""]",19.27758299279958,The available reviews do not provide enough information to answer this question.,True,216.43899998161942
G_069,REC_069,B00472I1V2,Health_and_Personal_Care,medium,descriptive,sentwin,10,Does this scale show weight from the last time it was used?,"No it doesn't.   It does a great job of telling you your current weight, but doesn't save it.",KB_00880,1,"[""KB_00878"", ""KB_00883"", ""KB_00879"", ""KB_00875"", ""KB_00876"", ""KB_00883"", ""KB_00875"", ""KB_00874"", ""KB_00882"", ""KB_00880""]","[""As far as precision is concerned, it is mostly very good. From time to time it will show slightly different weight for the first measurement - the subsequent times the weight will be correct. Don't know what happens the first time, but this happens only occasionally."", ""It gives the same weight, every time I get on it. (My old scale would have a different weight every time you stepped on, even if it was within a minute of the last time you stepped on it!)"", ""Shopping was fast.I would definitely recommend this scale. one of the best features of this beautiful scale is the blue led screen, and no need to tap the top or lift the bottom, just step on the scale and wait for your weight to show up. also  if you  have to move it, then the first time you step on the scale it  calibrates  itself."", ""But today it went down about 15 pounds in just 1 day. What a waste of money!Don't buy this scale!"", ""At first it was super annoying but i got used to it. Other than this, it is an accurate scale.I love this company though, because they sent me a free food scale after I bought this!"", ""This scale is very accurate. I appreciate that it gives me pounds and ounces."", ""It used to show same weight 2 times in a row but when I come in after say 10 minutes without eating or doing anything, the weight just drops down(considerably) and sometimes up. But today it went down about 15 pounds in just 1 day."", ""I also calibrated the first time. Every time I step on it, it adds 20-30 lbs to my weight compared to the last reading. At this point, the scale has gone up so high that every time I step on it, it says OL (overload)."", ""Love the looks of it too! And last but not least, the price for this scale was amazing. Buy it, you won't be sorry."", ""It takes a very short time to show your weight accurately.Very pretty blue light!Both me and my hubby love it:)""]",12.04779208637774,"The scale does not consistently show the same weight from the last time it was used, as some reviews mention fluctuations in weight readings. However, one review states that it gives the same weight every time. Calibration issues may also affect the weight readings.",False,511.5502499975264
G_070,REC_070,B00AC6JYXG,Health_and_Personal_Care,medium,descriptive,sentwin,10,How many carbs are in a serving?,"It depends a little on which flavor.  For the chocolate there a 9 carbs of which 7 are fiber.  There are 0 sugars, and if you are counting ""net"" carbs there are 2.",KB_00889,1,"[""KB_00884"", ""KB_00886"", ""KB_00884"", ""KB_00887"", ""KB_00889"", ""KB_00889"", ""KB_00889"", ""KB_00884"", ""KB_00892"", ""KB_00885""]","[""I was however shocked at how small the bottle is and the fact that it takes two scoops for a serving. They should tell you how many total servings in the container somewhere in the product description (or maybe not, if they did no one would buy it).I originally ordered this to save money over buying atkins shakes in the store; as it turns out, these are 3x-4x as expensive per shake."", ""I looked hard for a product that was low in carbs (I don't do sugar), and chemicals. It cost more than some other protein shakes out there, but the quality and taste is first class."", ""Tastes good and honestly worked as an appetite suppresent. I was however shocked at how small the bottle is and the fact that it takes two scoops for a serving. They should tell you how many total servings in the container somewhere in the product description (or maybe not, if they did no one would buy it).I originally ordered this to save money over buying atkins shakes in the store; as it turns out, these are 3x-4x as expensive per shake."", ""This stuff does WONDERS for my willpower when on my VLCDs. It's a great meal replacement (or use a half serving as a snack on those really hungry days). Tastes good, dissolves completely - no chalky texture here!"", ""this is a great product. It is very low in calorie, ya take 2 scoops mix it with cold water, add a little ice in the blender if you like it a bit frozen and blend it up. It is a good meal replacement."", ""It is a good meal replacement. When dieting, one of these is usually my lunch for the day and they are pretty fulfilling. Chocolate and Vanilla are both good, the spiced chai is ok if you like that sort of thing, I drank it but prefer the chocolate or vanilla."", ""It is very low in calorie, ya take 2 scoops mix it with cold water, add a little ice in the blender if you like it a bit frozen and blend it up. It is a good meal replacement. When dieting, one of these is usually my lunch for the day and they are pretty fulfilling."", ""Tastes good and honestly worked as an appetite suppresent. I was however shocked at how small the bottle is and the fact that it takes two scoops for a serving."", ""Yummy guilt free supplement to the hcg diet. I used this as my breakfast to help stave off morning cravings."", ""Great product! Taste good and easy to grab. When the water is ice cold it is the best.""]",12.766874977387488,The available reviews do not provide enough information to answer this question.,True,511.7924999212846
G_071,REC_071,B002CQU51O,Health_and_Personal_Care,short,descriptive,sentwin,10,fishy taste?,[UNANSWERABLE],,0,"[""KB_00896"", ""KB_00897"", ""KB_00897"", ""KB_00898"", ""KB_00903"", ""KB_00898"", ""KB_00896"", ""KB_00900"", ""KB_00894"", ""KB_00897""]","[""This fish oil is expensive, but has really improved my dry eye problems. I have had dry eye problems for several years."", ""So I ordered more and it has really made a difference. I'll keep taking it for as long as I need it."", ""I'll keep taking it for as long as I need it. It feels wonderful and really helps. I'm down to just the occasional drops at night and in the morning."", ""Seems to be a good product. It has Omega-3 oils as well as Lutein and Zeoxanthin."", ""After having the PRK surgery (the top of the line surgery), my vision was 20/20. Then, I started using this once a day. After 6 months of the surgery, my vision improved dramatically, even the doctor said so."", ""Seems to be a good product. It has Omega-3 oils as well as Lutein and Zeoxanthin. It is supposed to help moisture levels."", ""I wear contacts and had given up wearing them most of the time, wearing glasses instead. After taking the Nordic Naturals vision for about three weeks, I noticed a big change in the amount of moisture in my eyes. I now wear my contacts the majority of the time."", ""Was recommended by my Optomologist and results are good. I would recommend it"", ""i can see again! stress, too much computer time and reading small texts made my eyes go bad. i took 2 pills for the first month then switched to 1 and now i'm seeing again."", ""It feels wonderful and really helps. I'm down to just the occasional drops at night and in the morning.""]",12.42650009226054,The available reviews do not provide enough information to answer this question.,True,237.01295896898955
G_072,REC_072,B008D5YG3G,Health_and_Personal_Care,medium,descriptive,sentwin,10,Ho many hours / watts will a get from this battiers,"it depends on what you are running. if you only run one 100w light bulb, it will run out of jouice after 10-15 hrs.  if you light up 10 lights you'll run out of power in an hr. the 35 ah. stands for 35 ampe hr. so the more amps. you use the faster the battery will deplete. i have 7 of these battiers and when fully charged will power my computer, refrig. tv, vcr/dvd player, printer, all at the same time for 4-5 hrs. bottom line the more battiers the more you can power.",KB_00906,0,"[""KB_00911"", ""KB_00913"", ""KB_00906"", ""KB_00904"", ""KB_00905"", ""KB_00906"", ""KB_00908"", ""KB_00906"", ""KB_00911"", ""KB_00910""]","[""It is still under test for 50w solar charging. It could handle 40w led rope for 4 hours in AC."", ""I use this battery to run a 10&#34; SCT, laptop, DSLR, and iPhone. I've yet to run this battery down even after 6+ hours in the field."", ""Our Laptops worked for 6 hours after the sun went down and the battery still had energy. I would like to get one with more amp hours so I can run more things off of it. This is a great battery if you are first starting of getting into solar energy."", ""=)I had set the tv for 120 minutes because I knew that I should get about 2.5 hours of power from the battery for that tv before getting to the 50% mark.It uses 80 watts; 80/12v = 6.7amps34Ah/6.7 = 5 hours."", ""Charged it to 12.7 volts over 24 hours and was only able to run 300 watts about 1.5 hours till it was 10.6 volts and dead. Hopefully will work better once broken in a bit but of course batteries usually don't improve much"", ""It is not for high voltage things. Our Laptops worked for 6 hours after the sun went down and the battery still had energy. I would like to get one with more amp hours so I can run more things off of it."", ""After I charged it, it is running good, not the best holding time running 200 Watts but worth being made into a battery stack."", ""I would like to get one with more amp hours so I can run more things off of it. This is a great battery if you are first starting of getting into solar energy."", ""It looks good except the handle broken at contacting with the body easily. It is still under test for 50w solar charging. It could handle 40w led rope for 4 hours in AC."", ""So far so good, hooked up in chain setup with our 200W solar system (4 X 50W Instapark panels). My only complaint is that one of the battery terminals arrived bent (due to USPS shipping no doubt, but it is the only option via APO/DPO).""]",12.674750061705709,"The battery can handle 40w led rope for 4 hours and 300 watts for about 1.5 hours, and it can also run laptops for 6 hours. The battery's performance varies depending on the device and wattage used.",False,477.1232500206679
G_073,REC_073,B0010L1KSY,Health_and_Personal_Care,long,descriptive,sentwin,10,"Which cover is made for the 15"" x 24"".  It is not apparent.",[UNANSWERABLE],,0,"[""KB_00914"", ""KB_00916"", ""KB_00916"", ""KB_00916"", ""KB_00915"", ""KB_00916"", ""KB_00916"", ""KB_00914"", ""KB_00914""]","[""This is a high quality, thick cover for the hydrocallator. Just like the kind they have at PT."", ""I thought for the price, there would be something inside it to heat. It was just a piece of fabric. I was very displeased."", ""I thought for the price, there would be something inside it to heat. It was just a piece of fabric."", ""The shipping said 8 lbs. So something else should have been with the package."", ""It's necessary for putting steam packs in and makes it less likely to burn you. It's very comfortable to wear."", ""I was very displeased. The shipping said 8 lbs. So something else should have been with the package."", ""It was just a piece of fabric. I was very displeased. The shipping said 8 lbs."", ""This is a high quality, thick cover for the hydrocallator. Just like the kind they have at PT. I'm completely satisfied."", ""Just like the kind they have at PT. I'm completely satisfied.""]",35.84254102315754,The available reviews do not provide enough information to answer this question.,True,221.2101670447737
G_074,REC_074,B00014WCJ2,Health_and_Personal_Care,medium,descriptive,sentwin,10,Where is it made / manufactured?,[UNANSWERABLE],,0,"[""KB_00917"", ""KB_00921"", ""KB_00921"", ""KB_00918"", ""KB_00919"", ""KB_00918"", ""KB_00918"", ""KB_00918"", ""KB_00921"", ""KB_00920""]","[""This product uses CreaPure creatine as its raw material, a branded raw material manufactured by Degussa AG Trostberg (formerly SKW) in Germany and licensed as a pharmaceutical would be there. Optimum Nutrition is one of only a few brands in North America that use only CreaPure raw material, and likeUniversal Micronized Creatine Monohydrate, 1000-Gram Tubis an exceptionally good value for this expensive raw material in a supplement market dominated by cheap Chinese and other amateur manufacturers."", ""What more do you want? Highest quality, great price. Do it."", ""ON is the shiznit. Period."", ""The company insisted that the lot number was fine, but my subsequent research suggests it was not. The important issues are nicely laid out in two very good articles by Will Brink and readily available on the internet: \""What's in your Creatine?\"""", ""Subsequently, I've bought several of the few products that use exclusively CreaPure, and found them to be similarly free of these widespread off-flavors. There is still no proof that the common creatine contaminants responsible for these flavors (dicyandiamide or dihydrotriazine) are harmful -- but why anyone (let alone a life extensionist!)"", ""The important issues are nicely laid out in two very good articles by Will Brink and readily available on the internet: \""What's in your Creatine?\"" and \""What's Really in Your Supplements? - An Update on Creatine\""."", ""and \""What's Really in Your Supplements? - An Update on Creatine\""."", ""The company insisted that the lot number was fine, but my subsequent research suggests it was not. The important issues are nicely laid out in two very good articles by Will Brink and readily available on the internet: \""What's in your Creatine?\"" and \""What's Really in Your Supplements?"", ""Dissolves instantly.. you can dip your finger in it and its like a micropowder. What more do you want? Highest quality, great price."", ""One thing a lot of folks don't seem to realize is that you don't need a complicated, expensive product to take advantage of the wonders of Creatine. It's a simple compound, and all you need is that simple compound - you don't need it to be a serum, mixed with a bunch of flavoring, or mixed with various ingredients that will supposedly make it absorb better.""]",21.37945801950991,"The raw material, CreaPure creatine, is manufactured by Degussa AG Trostberg in Germany.",False,217.18825004063547
G_075,REC_075,B004T3QT68,Health_and_Personal_Care,short,descriptive,sentwin,10,ac adaptar,It uses batteries.,KB_00930,0,"[""KB_00929"", ""KB_00930"", ""KB_00929"", ""KB_00924"", ""KB_00928"", ""KB_00930"", ""KB_00923"", ""KB_00923"", ""KB_00927"", ""KB_00925""]","[""Very useful product at great price! My doctor uses same monitor in his office."", ""Very simple to set up-Does not include batteries, so have 3 triple A's ready! Would definitely recommend."", ""Very useful product at great price! My doctor uses same monitor in his office. This was a better bargain than the store brand."", ""item arrived as described, new. just make sure you have a good fit at the distal end near the elbow, especially when someone has a relatively large upper arm vs arm area near elbow"", ""Work very good and for people with vision problem easy to see from far away along with easy to set-up and use."", ""Would definitely recommend. Good price, seems to be accurate."", ""very easy to use, and accurate. Compared results with tests at Doctor's office, and it read BP the same."", ""Compared results with tests at Doctor's office, and it read BP the same. Would recommend."", ""Works as expected,love it, recommend to all , tks for great product.Would recommend this to any body who wants great product"", ""it does the job well.but the arm wrap is way too long for me (with a regular size arms)  that I have to fold half of it""]",12.446457985788584,The available reviews do not provide enough information to answer this question.,True,127.61612504255027
G_076,REC_076,B00FAB10ZI,Health_and_Personal_Care,long,descriptive,sentwin,10,"Hi,..did anyone receiced the spurilina tabs all bunched up & stuck together like gummy bears ? Is this normal? I hope it's not defective.",Mine were not like that. I'd probably return them...,KB_00932,0,"[""KB_00936"", ""KB_00933"", ""KB_00931"", ""KB_00932"", ""KB_00940"", ""KB_00933"", ""KB_00934"", ""KB_00932"", ""KB_00939"", ""KB_00935""]","[""I have purchased these twice. I think they help give me energy to burn."", ""These are very convenient in tablet form because I can munch on them. I also like that they put both Chlorella and Spirulina into them so I get a good balance of benefits.If youa re blending a smoothie, tablets are fine."", ""The tablets are small, and easy to swollow, I do like the idea of dealing with a &#34;two-for-one&#34; simple product."", ""Sure the serving is 15. Sure they are tiny tiny little perfect pills of compressed spirulina. But they are fresh, energizing and can also be blended into juices for extra kick."", ""Very pleased with the tablets, lets you build up your level at your own pace, will be getting more when the supply runs low"", ""These are very convenient in tablet form because I can munch on them. I also like that they put both Chlorella and Spirulina into them so I get a good balance of benefits.If youa re blending a smoothie, tablets are fine. I also have a powder, however, if I'm putting it into a glass of juice and stirring it with a spoon, and skipping the blender.High quality is a concern considering the pollution these days."", ""It arrived on time and I did start taking it. Not sure how many to take daily?????"", ""Sure they are tiny tiny little perfect pills of compressed spirulina. But they are fresh, energizing and can also be blended into juices for extra kick. I like them a lot and take them every day to ensure I get my greens."", ""love love, gives me more energy!!! !"", ""Great quality product. Not sure if I see a great difference in my health but you can tell that these pills are well made.""]",39.019750081934035,The available reviews do not provide enough information to answer this question.,True,253.64420900586993
G_077,REC_077,B00HFQQ0U6,Health_and_Personal_Care,long,yesno,sentwin,10,can this be used by two people.  Does it come with two tips?,"Yes, mine came with two regular tips and on fine point tip for periodontal pockets whatever that is.",KB_00941,1,"[""KB_00942"", ""KB_00944"", ""KB_00941"", ""KB_00942"", ""KB_00941"", ""KB_00942"", ""KB_00944"", ""KB_00945"", ""KB_00945"", ""KB_00944""]","[""This water pic is great, it has different power settings and it come with 2 types of tips. All i use is just one type of tip. If you have regular teeth and don't need anything special then one tip is all you need."", ""I also like the fact that with Waterpik you get a handle with the capability of rotating the tip with your finger by rotating the knob on the handle versus using your hand to rotate the entire handle. It came with 3 tips including a pik pocket which is great for your gums.Overall I am happy. Now we will just have to see how long this unit lasts."", ""Good for two a couple or a single. A family would need more tips"", ""This water pic is great, it has different power settings and it come with 2 types of tips. All i use is just one type of tip."", ""Works fine for me, a bit loud, , but I'm just getting used to using it. Good for two a couple or a single. A family would need more tips"", ""All i use is just one type of tip. If you have regular teeth and don't need anything special then one tip is all you need."", ""I also like the fact that with Waterpik you get a handle with the capability of rotating the tip with your finger by rotating the knob on the handle versus using your hand to rotate the entire handle. It came with 3 tips including a pik pocket which is great for your gums.Overall I am happy."", ""After two uses I returned it as the reservoir did not hold enough and the handle was just too large.This classic model has a giant reservoir and a wand. It also has several pressure setting. I love it!"", ""Before I purchased this model I tried the Cordless Flosser from Waterpik. After two uses I returned it as the reservoir did not hold enough and the handle was just too large.This classic model has a giant reservoir and a wand. It also has several pressure setting."", ""Now we will just have to see how long this unit lasts. It does come with a 2 year warranty.""]",14.431833988055587,"This product can be used by two people, but a family would need more tips. It comes with 2 or 3 types of tips, depending on the model.",False,325.5205419845879
G_078,REC_078,B005OYDID8,Health_and_Personal_Care,medium,yesno,sentwin,10,is the battery a lithium ion?,[UNANSWERABLE],,0,"[""KB_00951"", ""KB_00953"", ""KB_00954"", ""KB_00952"", ""KB_00955"", ""KB_00955"", ""KB_00957"", ""KB_00953"", ""KB_00957"", ""KB_00953""]","[""Although this is a good machine, the battery on it isn't good at all, because it's running on a cord (charger) I would recommend this machine to my friends."", ""It is light weight which is why many say it feels &#34;cheap&#34;. It is plenty solid and the battery life is incredible. The shave is super close."", ""it does its job. a little loud. no big deal, if you want quiet you should probably grab a razor"", ""Run at least two cycles like this and you battery has the capability of max charge. Excellent product - Will buy another when this one wears out in probably six or eight years."", ""i have asian hair (very strong and straight), and this shaver, while it does require a razor for my usual spots for touch-up, puts the Panasonic to shame in terms of closeness. i received mine on sept 5  AND I HAVE YET TO CHARGE IT AFTER TAKING IT OUT OF THE BOX."", ""this replaced a 10 year-old Panasonic wet/dry shaver. the shave: very close to my skin on its 'out-of-box' setting."", ""i used the close shave head, on 3 or 4 day growth, it took it down like a lawn mower, only had to use the trimmer on a few spots. the razor has tremendous power. i have used wahl products for 29 years and never had a problem with any of them."", ""I have owned the very best &#34;Made in Germany&#34; Braun razors and this razor is every bit as good. It is light weight which is why many say it feels &#34;cheap&#34;. It is plenty solid and the battery life is incredible."", ""i received my razor today. i used the close shave head, on 3 or 4 day growth, it took it down like a lawn mower, only had to use the trimmer on a few spots."", ""Wonderful razor. I have owned the very best &#34;Made in Germany&#34; Braun razors and this razor is every bit as good.""]",11.891292058862746,The available reviews do not provide enough information to answer this question.,True,248.41899995226413
G_079,REC_079,B003PFNSLK,Health_and_Personal_Care,long,descriptive,sentwin,10,Does anyone know if this is a nebulizing or an ultrasonic diffuser? Thanks!,[UNANSWERABLE],,1,"[""KB_00966"", ""KB_00978"", ""KB_00977"", ""KB_00969"", ""KB_00979"", ""KB_00967"", ""KB_00965"", ""KB_00970"", ""KB_00968"", ""KB_00980""]","[""This is a fantastic diffuser. Looks great!"", ""This is the first diffuser i have ever purchased."", ""This was my first diffuser."", ""I really like this little diffuser. It is easy to fill and empty, and so easy to use."", ""This is my second diffuser and I really like it especially for use at night."", ""This is my second diffuser and I really like it especially for use at night. The 'light off'' feature is an added bonus."", ""All in all, a really nice diffuser, especially for the price."", ""I love this diffuser, it works well and creates a wonderful aroma in my room. I like that it used essential oils."", ""Love this diffuser, I have the Young Living one as well. They look identical."", ""This is my second Mony Diffuser.""]",13.729749945923686,The available reviews do not provide enough information to answer this question.,True,347.19816700089723
G_080,REC_080,B002TRL9AM,Health_and_Personal_Care,medium,descriptive,sentwin,10,Are the hair of the broom soft or firm?,"The bristles are soft, yet firm enough not to be matted or quickly worn from frequent use. It is the best broom we have had for our hardwood floor",KB_00982,1,"[""KB_00995"", ""KB_00985"", ""KB_00993"", ""KB_00983"", ""KB_00985"", ""KB_00994"", ""KB_00987"", ""KB_00997"", ""KB_00982"", ""KB_00992""]","[""I like a very soft bristle broom, and the corn brooms are just too stiff for me."", ""I've spent years and more $$$ than I care to think of trying to find the perfect broom for wood floors, and I'm pleased to report this one is it! I like a very soft bristle broom, and the corn brooms are just too stiff for me. The southeast Asian brooms are soft enough, but they fall apart in what seems to be a matter of days -- what is the point of a broom where you have to continually sweep up the broom straw?"", ""My bristles are horse hair and soft."", ""I didn't think I would find one that had the soft but durable bristles. My bristles are horse hair and soft. Does a great job of picking up EVERYTHING on the floor that even the vac misses."", ""I like a very soft bristle broom, and the corn brooms are just too stiff for me. The southeast Asian brooms are soft enough, but they fall apart in what seems to be a matter of days -- what is the point of a broom where you have to continually sweep up the broom straw? The wood is handsome, but I did deduct a star because of the initial challenge presented by installing the head on the handle."", ""The southeast Asian brooms are soft enough, but they fall apart in what seems to be a matter of days -- what is the point of a broom where you have to continually sweep up the broom straw?"", ""This broom is made of nylon bristles, not horse hair. It seems to do a very good job of sweeping, but I am returning it and will purchase a real horse hair broom elsewhere."", ""This broom is made of nylon bristles, not horse hair."", ""I love this broom. The bristles are soft enough to pick up lint, and firm enough to push together all other floor debris. I am using it on tile and hardwood floors."", ""The bristles are soft enough to pick up lint, and firm enough to push together all other floor debris.""]",14.888209057971835,"The hair of the broom can be either soft or firm, as some reviews describe the bristles as soft, while others mention they are soft enough to pick up lint but firm enough to push other debris. The broom's bristles are made of either horse hair or nylon.",False,511.7477079620585
G_081,REC_081,B000FVM8C2,Health_and_Personal_Care,medium,descriptive,sentwin,10,is this the 60 or 120 capsule bottle?,120 capsules,KB_01013,1,"[""KB_01013"", ""KB_01003"", ""KB_01006"", ""KB_01006"", ""KB_01006"", ""KB_01008"", ""KB_01015"", ""KB_01004"", ""KB_01022"", ""KB_01011""]","[""Last time I bought my oxy-powder, Im pretty sure it was in a larger bottle although it was 120 capsules."", ""They are the country of replica. Last time I bought my oxy-powder, Im pretty sure it was in a larger bottle although it was 120 capsules. This new oxy-powder I received today, the expiration date has been smudged."", ""You should be going between 3 - 5 times per day and the reaction should be gentle, not harsh. What the label doesn't say is that for some people the optimum dose is less than 4 capsules. For most of the people who have trouble and give this product a bad review, it's because they are more sensitive to it and they need to take the dose down to 2 - 3 capsules at first."", ""For most of the people who have trouble and give this product a bad review, it's because they are more sensitive to it and they need to take the dose down to 2 - 3 capsules at first. For some people it's just one capsule that does it! So if your system overreacts, don't give up on the product, just try taking less and be patient.The fact that it oxygenates your system means that there are many other benefits at work and this product can potentially alleviate many chronic health problems besides digestive ones."", ""What the label doesn't say is that for some people the optimum dose is less than 4 capsules. For most of the people who have trouble and give this product a bad review, it's because they are more sensitive to it and they need to take the dose down to 2 - 3 capsules at first. For some people it's just one capsule that does it!"", ""This product really works. I will order another bottle so I can use this on a weekly or monthly basis."", ""I use a capsule or two per day and it has been so helpful."", ""Have had some elimination issues and read about this cleanser. I use a capsule or two per day and it has been so helpful."", ""I'm ordering my fourth bottle today."", ""I loved it, it completely fixed my problem,I wouldn't be without it. I just re-ordered 2 bottles, sent one to my brother. The prescription his Dr. had givenhim was very expensive, and made him very uncomfortable.""]",14.196290983818471,The available reviews do not provide enough information to answer this question.,True,274.83624999877065
G_082,REC_082,B0009EIMW0,Health_and_Personal_Care,long,descriptive,sentwin,10,im going to las vegas and im looking for good insoles that i could use to walk the strip. would these be good or any suggestions?,I use them every day. I walk a lot and replace every 6 to 8 weeks. I think you'll like them,KB_01033,1,"[""KB_01041"", ""KB_01043"", ""KB_01029"", ""KB_01045"", ""KB_01031"", ""KB_01028"", ""KB_01039"", ""KB_01031"", ""KB_01045"", ""KB_01025""]","[""These insoles seem pretty solid, but they are going to be taking a lot of abuse, so how well they hold up in the long run will be interesting to find out."", ""He always order this brand and very happy with them.My husband  suffers from hill spour and thode insoles keeps him going throughout the day."", ""Comfortable and last for few good months . He always order this brand and very happy with them.My husband  suffers from hill spour and thode insoles keeps him going throughout the day."", ""I am reviewing because you need to know what this product will do. I purchased these gel insoles at a local grocery store. The feel was great... for about a day or two."", ""To be honest, they are ok. The original insoles were almost as comfortable as these, but the thing that makes all the difference - the smell. The boots I use them in are Honeywell Pro 6006 USAR boots - [...] - they don't breath the best, but I have work socks for them that are supposed to wick away moisture."", ""Had some really great shoes that i like for work, but constant use had broken down the insoles and was on the verge of getting a new pair. Ordered the Dr. Scholl's insoles as an act of desperation i guess."", ""I purchased these at a local store, my rescue boot insoles were worn and I was looking for a replacement."", ""I purchased these at a local store, my rescue boot insoles were worn and I was looking for a replacement. To be honest, they are ok."", ""Then I noticed they slip around inside my boots - to the point that under my toes, it would scrunch-up and become absolutely unbearable. I have to take my boots off multiple times a day in order to pull the insoles back up to the heel. Well, after about a week, the sweating was worse than ever before in these boots (I have worn the same style of boots for years, and never had this severe sweating problem before)."", ""Before we purchased these, he'd have all he could do to walk through the front door & pull off his work boots; feet absolutely ached terribly. These are exactly as described and would highly recommend them to anyone whose on their feet all day, working strenuously""]",30.098833958618343,"These insoles may be suitable for walking the strip as they are comfortable and can provide relief for people who are on their feet all day. However, their durability and performance over an extended period are uncertain. Some users have reported issues with the insoles slipping and causing discomfort.",False,645.7742500351742
G_083,REC_083,B008NIHE78,Health_and_Personal_Care,long,descriptive,sentwin,10,Is this easy to use? and are there a lot of test? Like strips and chemicals? I have a zero pitcher.Alkaline water is so much better though!!!,[UNANSWERABLE],,0,"[""KB_01055"", ""KB_01047"", ""KB_01054"", ""KB_01048"", ""KB_01053"", ""KB_01061"", ""KB_01049"", ""KB_01060"", ""KB_01052"", ""KB_01048""]","[""I imagined with I purchased this filter that I would be waiting eons for a pitcherful of alkaline water, but this thing works fast."", ""I imagined with I purchased this filter that I would be waiting eons for a pitcherful of alkaline water, but this thing works fast. The water tastes great and it makes tea and coffee taste that much better."", ""I love this pitcher I use filtered water I buy in the 5 gallon jugs to make the filters last longer."", ""I love this pitcher I use filtered water I buy in the 5 gallon jugs to make the filters last longer. It seems my thirst for this invigorating water has increased since I started using it."", ""The water at my college isn't drinkable out of the tap and the bottled water was breaking my budget. This product is a great solution and it really makes the water very drinkable.it filters quickly and doesn't leave a plasticy taste."", ""This product is a great solution and it really makes the water very drinkable.it filters quickly and doesn't leave a plasticy taste."", ""it does what it is supposed to and the price was right compared to others. it feels a little on the cheaper side, but you know the cartridges are much cheaper than for other pitchers as well. all around i really like it."", ""it feels a little on the cheaper side, but you know the cartridges are much cheaper than for other pitchers as well."", ""Everything in our diet today is so acidic even our drinking water so it's nice to find a product that can help bring balance back"", ""It seems my thirst for this invigorating water has increased since I started using it. Almost like my body craves it because it is so good for my ph.""]",30.403166078031063,"This product filters quickly and is easy to use. There is no mention of a lot of tests, strips, or chemicals, but it does have replaceable cartridges.",False,411.2714589573443
G_084,REC_084,B0085A18A8,Health_and_Personal_Care,medium,descriptive,sentwin,10,are there replacement blades? How easy are they to get?,"There is a paper inside the product that gives you a phone number to call to order replacement parts for the item. It gives you the name shows you the picture of it and gives you the produce number.  You do not get any extra parts with the product, but you do have all the information you need.",KB_01074,0,"[""KB_01082"", ""KB_01082"", ""KB_01082"", ""KB_01066"", ""KB_01078"", ""KB_01076"", ""KB_01082"", ""KB_01082"", ""KB_01082"", ""KB_01081""]","[""Usually the store/no name brands we use, while very inexpensive, tend to fail quickly. I've had some of these $7-$10 trimmers stop working in as short as a week. Who needs the hassle of returning inexpensive items, mailing them in, etc."", ""Most of the cheaper trimmers offer a 90 day warranty, at best. Since shipping for warranty service can cost as much as one of the cheapo trimmers, they are, in essence, disposable.The Panasonic ER-GN25VP, on the other hand, while it costs around $20-$25, is better made than any other trimmer of this sort I have used. It is backed by a two year warranty.The head on the trimmer is not like a shaver."", ""It is not a shaver, razor, or tweezer type device. The head resembles the blade on a \""nose hair trimmer\"". In fact, one of the demonstrated uses in the user manual is for nose hair.The device is sleek and easy to use."", ""This is a great product for helping women with those 'mustache' hairs that we can't seem to get rid of. The tool is easy to take apart to clean and I have not had to replace the battery yet. If travelling, you can throw it into a make up bag and bring it with you."", ""The tool is easy to take apart to clean and I have not had to replace the battery yet."", ""Trimmer did exactly what it was stated to do - perfect for removal of upper lip hair and also easy to shape ones eyebrows."", ""Who needs the hassle of returning inexpensive items, mailing them in, etc. Most of the cheaper trimmers offer a 90 day warranty, at best. Since shipping for warranty service can cost as much as one of the cheapo trimmers, they are, in essence, disposable.The Panasonic ER-GN25VP, on the other hand, while it costs around $20-$25, is better made than any other trimmer of this sort I have used."", ""I've had some of these $7-$10 trimmers stop working in as short as a week. Who needs the hassle of returning inexpensive items, mailing them in, etc. Most of the cheaper trimmers offer a 90 day warranty, at best."", ""We have used several of this type of facial hair trimmer in our house. To remove a stray hair, tidy up the edge of a haircut, etc. Usually the store/no name brands we use, while very inexpensive, tend to fail quickly."", ""The illustrations show this trimmer running across hair and cutting them such that nothing is left behind. This was not my experience with this trimmer, which does not remove hair so closely.""]",12.78441702015698,The available reviews do not provide enough information to answer this question.,True,407.0682500023395
G_085,REC_085,B004TTW2VI,Health_and_Personal_Care,medium,descriptive,sentwin,10,How do you know what size?,"If you read the product description, it will give you the sizing. I measured 1 inch above my knee, which was 16"" so according to the sizing chart,  I bought a large. Perfect fit.",KB_01101,1,"[""KB_01084"", ""KB_01093"", ""KB_01083"", ""KB_01091"", ""KB_01098"", ""KB_01083"", ""KB_01085"", ""KB_01095"", ""KB_01088"", ""KB_01090""]","[""Really helped my knee. 's just had to gety right size I measured 14 ordered med it was always sliding down got a small it is about right just washed my med in washer and dryed on high heat now it fits better I know it says to hand wash and let dry but I figured I try it anyway instead of just letting it lay around no damage and I can wear it now"", ""'s just had to gety right size I measured 14 ordered med it was always sliding down got a small it is about right just washed my med in washer and dryed on high heat now it fits better I know it says to hand wash and let dry but I figured I try it anyway instead of just letting it lay around no damage and I can wear it now"", ""I love this product but wich it came in just one size bigger. I would purchase two if it came in one size bigger."", ""It did give a good support. I ordered Small (I'm 5'4&#34; at 140 lbs) and it felt very tight at first but as I ran I felt I had to adjust it twice by pulling it up. It also felt like it was sliding down because of the weight of the gel donut."", ""Pro-tec let me know if you ever make it in a XX-Large"", ""I would purchase two if it came in one size bigger. Pro-tec let me know if you ever make it in a XX-Large"", ""I am giving this a full 5 stars, because it is very well worth it.I have never checked out my knee's with my Doctor's, and know it would be an expensive visit because my knees are very worn out from basketball. I am a young teen, very active with my feet, and I tend to rarely bend my knees when standing upright and such.For basketball: this product is amazing, I purchased the small size, and it is a tight fit, but as I thought, overtime, it expanded perfectly to my knee width."", ""You hardly know you are wearing them."", ""I bought these sorts because my knees would swell up when going for long walks or his. Not any more, these knee sports have eliminated that problem from my work outs."", ""Especially the little Donut on the knee cap which does a great job stabilizing the whole knee. Don't know about your knees but this &#34;sleeve&#34; works for me.""]",13.102540979161859,"You can determine the right size by measuring, as one reviewer measured 14 and ordered a medium, but found a small fit better. Another reviewer, who is 5'4"" and 140 lbs, ordered a small and found it tight at first.",False,511.3588330568746
G_086,REC_086,B001CWT4JI,Health_and_Personal_Care,medium,descriptive,sentwin,10,Mine quits working on me. What should I do?,"Scarlet...Try cleaning your SinuPulse machine with a reservoir of warm water & a little vinegar. Make sure to rinse it at least twice. You could have some calcium & sodium buildup in the pump mechanism. When making your saline solution for your sinus flush,make sure you use USP grade fine saline mix. It dissolves completely. Also,make sure when making your solution that you use nothing but DISTILLED bottled water. If this doesn't work,call the Sinupulse company. They do stand behind their produce. Good luck!",KB_01112,1,"[""KB_01104"", ""KB_01114"", ""KB_01123"", ""KB_01125"", ""KB_01125"", ""KB_01125"", ""KB_01125"", ""KB_01108"", ""KB_01124"", ""KB_01107""]","[""This sinus rinser is pretty good. I have had mine for several months and it is working fine. Very easy to keep clean."", ""I have had mine for several months and it is working fine."", ""This only worked for 11 times before it quit working.I loved the machine for the short time that it worked."", ""When I had the sinus infection, I used over a liter twice a day to irrigate my sinuses. Now I am in maintenance mode and use just 500cc twice a day.I still use medication. One medication I use is Astelin, a nasal spray."", ""I am a registered nurse for 24 years and have suffered with chronic sinusitis for 15+ years. I have tried everything from making changes in my environment to nasal irrigation. My allergist, ENT, and general practitioner have all suggested I irrigate my sinuses twice a day."", ""So I went to order it online and that is when I saw the SinuPulse. At this time, I didn't know which product to try since they cost the same and seemed to do the same thing.I called and spoke with a service rep at Health Solutions. I was impressed that he took so much of his time to talk to me."", ""Like most everyone, it is a hassle to irrigate your sinuses no matter what you use. But for the first time, I feel like this product is working, so I am using it.I have noticed I have used less decongestants and expectorants too. I just haven't needed them."", ""Great quality product is holding up well. I've had mine over three years."", ""If SinuPulse is making a knockoff, they should price it at 69, not 99.My sinuses are as clear as they've ever been. I don't know is it because of couple of weeks of using Grossan, or is it because I quit smoking. It took four months, and it feels good to breathe clearly."", ""I have taken it with me on trips a time or to also. I will buy another one if this one ever gets beyond repair. I have had mine a couple of years.""]",11.695709079504013,The available reviews do not provide enough information to answer this question.,True,296.6630830196664
G_087,REC_087,B0036WTV2C,Health_and_Personal_Care,long,descriptive,sentwin,10,"my son is 7 years old and grinding a lot, I wonder whether this one will be too big for him or not? Anyone use this on a junior? Thank you!","I wouldn't recommend a NG for a 7 yr old unless your dentist does. He is likely grinding because his jaw is growing & he has primary & adult teeth trying to fit together. Most kids will outgrow the grinding. If he is having jaw pain due to it, see your dentist. This size is too big for a 7 yr old.",KB_01136,1,"[""KB_01126"", ""KB_01136"", ""KB_01134"", ""KB_01144"", ""KB_01142"", ""KB_01133"", ""KB_01126"", ""KB_01141"", ""KB_01130"", ""KB_01126""]","[""But, that's exactly why these are so great. You have to change them every couple of months, so growing jaws and missing teeth aren't a problem.My kid is 6 years old, so I just trimmed off about 3/8 of an inch off the rear molar area on each side so it wouldn't be too big."", ""You have to change them every couple of months, so growing jaws and missing teeth aren't a problem.My kid is 6 years old, so I just trimmed off about 3/8 of an inch off the rear molar area on each side so it wouldn't be too big."", ""Very easy to use if you follow the instruction closely. Been using it for many months but the wear and tear is minimal even though I am a serious grinder."", ""This is my first experience with a mouth anti-grinding guard, so I may have problems with the device that anyone who already uses such device may no longer experience."", ""At least this one was cheaper, and I may need it sometime, I have a tooth implant and am supposed to use one to prevent grinding."", ""Anyway, then the dog chewed it up. At least this one was cheaper, and I may need it sometime, I have a tooth implant and am supposed to use one to prevent grinding."", ""After going to three different dentists searching for a solution to my child's chronic night time teeth grinding, I was so desperate I bought this. There wasn't one dentist who would make a bite guard for a child because &#34;their mouths are changing so fast.&#34;  Of course, that makes sense."", ""I've ground the point off an incisor (eye tooth), and I wonder what an x-ray will reveal because I've been clenching more than grinding."", ""and whether or not it's safe to chew on soft plastic every night for years on end. I guess it's better than grinding my teeth down to nothing or finding another dentist who can make me one that would also be of questionable plastic and may or may not fit right and may or may not be covered by my insurance."", ""After going to three different dentists searching for a solution to my child's chronic night time teeth grinding, I was so desperate I bought this. There wasn't one dentist who would make a bite guard for a child because &#34;their mouths are changing so fast.&#34;  Of course, that makes sense. But, that's exactly why these are so great.""]",38.22541702538729,"One reviewer's 6-year-old child used the product, and they trimmed it to fit their child's mouth, suggesting it can be adapted for junior use. The product's design allows for growth and change, as it needs to be replaced every couple of months. This may make it suitable for a 7-year-old child.",False,590.7624999526888
G_088,REC_088,B000RZAIV4,Health_and_Personal_Care,long,descriptive,sentwin,10,"i am a vegetarian, and i have done some research on whether whey protein vegetarian, and i got mixed answers, but most of them saying it depends on the processing.so can you  help me understand if this is a vegetarian protien or not , and why ?",[UNANSWERABLE],,0,"[""KB_01153"", ""KB_01147"", ""KB_01148"", ""KB_01152"", ""KB_01150"", ""KB_01156"", ""KB_01149"", ""KB_01149"", ""KB_01150"", ""KB_01150""]","[""It's whey isolate and a quality whey isolate with added vitamins at that..."", ""To people who say Isopure is expensive. It's whey isolate and a quality whey isolate with added vitamins at that..."", ""I don't understand why the guy below me rated it with 2 stars since he has never tried it and protein shakes are never the best tasting thing out there anyways.? The product is very good but man its retail value is expensive!"", ""I don't understand why the guy below me rated it with 2 stars since he has never tried it and protein shakes are never the best tasting thing out there anyways. ?"", ""its ok thing of this product is the taste it taste really salty even though its zero carbs its taste is bad . If your trying to lose fat and gain muscle yeah i would say buy it ."", ""its ok thing of this product is the taste it taste really salty even though its zero carbs its taste is bad ."", ""If you get the proportions of water incorrect you will either get really watery oatmeal or it's going to be gritty. If you get it spot on however, it's totally DELICIOUS."", ""This stuff is seriously good. I've had all of the flavors of Isopure powder. Try the Strawbery, the Chocolate, the Banana and the Vanilla mixed in oatmeal."", ""If your trying to lose fat and gain muscle yeah i would say buy it . But if not buy the regular kind with more carbs and better taste"", ""its ok thing of this product is the taste it taste really salty even though its zero carbs its taste is bad . If your trying to lose fat and gain muscle yeah i would say buy it . But if not buy the regular kind with more carbs and better taste""]",27.925958042033017,The available reviews do not provide enough information to answer this question.,True,613.1688340101391
G_089,REC_089,B000AAAVZE,Health_and_Personal_Care,medium,descriptive,sentwin,10,Will this work on man pubes?,"As a girl, I couldn't say for sure but my guess is a big NO! This did not work for me at all - anywhere!",KB_01171,0,"[""KB_01174"", ""KB_01167"", ""KB_01171"", ""KB_01177"", ""KB_01162"", ""KB_01176"", ""KB_01163"", ""KB_01173"", ""KB_01165"", ""KB_01179""]","[""Which is to say, if you are a dark-skinned male with coarse hair it probably will not work well for you and cause you mild to moderate annoyance trying."", ""Which is to say, if you are a dark-skinned male with coarse hair it probably will not work well for you and cause you mild to moderate annoyance trying. It's for finer hair and skin."", ""I also like how easy and convenient they are for traveling. They don't work on underarm hair, bikini area or legs which is disappointing."", ""They don't work on underarm hair, bikini area or legs which is disappointing."", ""This product did not work at all. It was just a sticky mess."", ""They work really well for pulling out little hairs, but I have a few tips."", ""What a great Idea, but doesn't always work that great. The wax never gets warm enough to really do the job"", ""i got this thinking it would work at least somewhat but it didnt work for me at all."", ""i got this thinking it would work at least somewhat but it didnt work for me at all. all it did was leave my skin red and sticky and took off no hair."", ""I smooth and smooth with my finger to be sure all the hair is coated, then hold your skin tight with one hand and quickly rip back in the opposite direction the hair grew, holding the strip as close to your skin as possible (meaning do not pull UP...pull BACK.) Does every bit as good a job as the beauty shop!! A fraction of the price and the convienence and privacy of your own home.""]",13.707750011235476,The available reviews do not provide enough information to answer this question.,True,306.389500037767
G_090,REC_090,B0069SQQ2I,Health_and_Personal_Care,long,yesno,sentwin,10,can I add this to wool dryer balls to help my laundry smell better?,Yes,KB_01182,1,"[""KB_01182"", ""KB_01190"", ""KB_01195"", ""KB_01186"", ""KB_01182"", ""KB_01196"", ""KB_01199"", ""KB_01180"", ""KB_01181"", ""KB_01198""]","[""I bought this oil to use on homemade wool dryer balls and it works great. It leaves a nice light lavender scent on my clothes without leaving behind any kind of oil spotting."", ""I bought this oil to use on homemade wool dryer balls and it works great."", ""I wash/process raw wool fleece and put a few drops of this into the rinse water."", ""I wash/process raw wool fleece and put a few drops of this into the rinse water. This leaves a wonderful smell and provides a little bit of oil (i.e., moisture) in the fleece."", ""It leaves a nice light lavender scent on my clothes without leaving behind any kind of oil spotting. It's also safe to use mixed with vinegar as a fabric softener for the washer. It leaves behind a scent that's detectable, but not overpowering."", ""I use this to add to my lavender scented lotions as well as use it sometimes on my body before I go to bed."", ""The aroma is strong and pleasant and what I had hoped. I use it to scent natural oils for use after bath and on a cotton pad laid on top of the humidifier in the bedroom. There are so many uses for essential oils."", ""This is the real deal too. I read another reviewer who put it in the laundry rinse water, so I did that for my sheets. Very pleasant!Sweet Dreams!"", ""Love the essence, just put a dab or two on a towel in the dryer and spreads the essence throughout my laundry!"", ""I got this to add to Tom's of Maine body wash because they seem to have dropped their Lavender line and only have unscented.""]",14.372667064890265,"Yes, you can add this oil to wool dryer balls to help your laundry smell better, as it leaves a nice light lavender scent on clothes without oil spotting. It can also be used in the rinse water or added to a towel in the dryer for a pleasant scent.",False,398.83891597855836
G_091,REC_091,B003L16V9E,Home_and_Kitchen,medium,descriptive,sentwin,10,is the combination color  lime green or sage,more of a sage green. It is really beautiful. I have found this same set on other sites for $2-300.,KB_01201,1,"[""KB_01200"", ""KB_01204"", ""KB_01203"", ""KB_01205"", ""KB_01201"", ""KB_01202"", ""KB_01206"", ""KB_01208"", ""KB_01209"", ""KB_01207""]","[""The &#34;sage&#34; is better described as lime green. Sticthing between colors gaping upon opening."", ""I really love this bedding - it is light weight enough to use all year and looks stylish with great material. The green is a lime and as bright as the picture and the brown is dark chocolate. Has the European shams, shams, decorative pillows, skirt and comforter for a great price!"", ""In the pic on the actual packaging and on the add it's a green apple color and a chocolate brown. I'm sending it back and going to Target for a real deal."", ""I wish the green matched my green walls but it did not so I am returning. The quality is very good and I even like the kelly green, but it just does not work in my room."", ""I purchased this Sage Queen Size comforter set for my master bedroom. I love the modern look of this beautiful bold stripe, sage green color comforter set. It enhances my room!The material of this comforter set, is very comfortable, especially when you lie under the covers, its feels soft to the touch."", ""This was a great buy and I am so pleased with it. If anyone likes this color combination I suggest you buy this and its very comfortable"", ""we have chocolate drapes and green walls. the brown in this set is alittle more grey/chocolate instead of true chocolate. It also is a shiner material but looks nice"", ""We gave this Bed in Bag as a gift and the recipient said they absolutely loved them. The color scheme was perfect and it was just what they needed."", ""very nice color. love the feel of it."", ""I needed a new comforter as the old was over 20 years in age . The color and comfort was excellent.""]",13.043583021499217,"The combination color is described as lime green, not sage, by multiple reviewers. The actual color is a bright, lime green, contrary to the described sage color.",False,899.9314160319045
G_092,REC_092,B0012RTMUY,Home_and_Kitchen,long,descriptive,sentwin,10,"I own this blender, and it is leaking from the bottom of the container (where the blades attach). Does anyone know how to repair this?","Same thing happened to me and it cannot be repaired....the entire jar must be replaced. Call kitchen aid, they offer a one time courtesy replacement jar even if your blender is out of warranty. I have retired mine from smoothie making and purchased a ninja ultima.",KB_01214,1,"[""KB_01210"", ""KB_01215"", ""KB_01211"", ""KB_01212"", ""KB_01216"", ""KB_01211"", ""KB_01218"", ""KB_01214"", ""KB_01215"", ""KB_01211""]","[""I make smoothies a couple times a week and it handled frozen ingredients easily. However after three years, the blender began leaking around the bottom nut, as other reviewers have said. Apparently there is no recall and I wish there was."", ""I love KitchenAid however I am not happy with this product. After using my blender for around a year, off and on, I noticed that it had developed a leak on the bottom of the polycarbonate jar. When I call KitchenAid they assured me that this was unusual so I went ahead and ordered a new jug."", ""After a few uses the jar started to crack, much like a windshield would if hit by a rock, the cracks started from the four drainage holes at the bottom on the outside of the jar and went inward toward the blades. Soy milk or orange juice would leak out everywhere, I dealt with it for a while because the blender was new and it was a hundred dollars. I made my last angry smoothie and dumped the thing in the trash."", ""Yes, it leaks. I have been making daily smoothies with about 3 or 4 ice cubes, and it quickly started leaking. Just like the other reviewers, mine leaks heavily after just one or two days."", ""The product has been progressively leaking more and more over the past few months. Do not buy this product, put your money towards something else of quality!"", ""I purchased this blender for morning smoothies for the family. After a few uses the jar started to crack, much like a windshield would if hit by a rock, the cracks started from the four drainage holes at the bottom on the outside of the jar and went inward toward the blades. Soy milk or orange juice would leak out everywhere, I dealt with it for a while because the blender was new and it was a hundred dollars."", ""Needless to say I am not amused. I am now looking at buying a new blender with a glass or stainless steel jug. Save your money and buy a different model."", ""UPDATE 5/24/14Okay, I still can't believe they let this blender go to retail with such an issue with the carafe BUT I went on live chat support with KitchenAid and after giving them the serial# from the bottom of the base they shipped out a redesigned replacement via FedEx, no charge, no questions asked.The base unit of this thing is awesome, super powerful, commercial grade."", ""After using my blender for around a year, off and on, I noticed that it had developed a leak on the bottom of the polycarbonate jar. When I call KitchenAid they assured me that this was unusual so I went ahead and ordered a new jug. It took months for the new jug to come in and when it did I noticed that they had changed the design on the base."", ""I purchased this blender for morning smoothies for the family. After a few uses the jar started to crack, much like a windshield would if hit by a rock, the cracks started from the four drainage holes at the bottom on the outside of the jar and went inward toward the blades.""]",34.587666974402964,"One reviewer contacted KitchenAid's live chat support and received a redesigned replacement carafe shipped out at no charge. Another reviewer was told the leak was unusual and ordered a new jug, which had a changed design on the base when it arrived.",False,852.6825829176232
G_093,REC_093,B00DDYH9BS,Home_and_Kitchen,medium,descriptive,sentwin,10,Is this a 5 qt. Stockpot?,[UNANSWERABLE],,1,"[""KB_01221"", ""KB_01221"", ""KB_01220"", ""KB_01221"", ""KB_01221"", ""KB_01225"", ""KB_01227"", ""KB_01220"", ""KB_01224"", ""KB_01228""]","[""This pot is THREE quarts volume, the one called &#34;Pot with Lid&#34; in the 365+ series. Do not buy this if expecting a good stock pot. It's tiny and disappointing."", ""This is not the 365+ Stock Pot from the IKEA website. That pot is 11 quarts volume."", ""Downsizing the kitchen, needed something smaller than a 5 qt for just the wife and I. This 3 qt pot fits the bill! Just the right size for two or three, No plastic handles so it can go in the oven, nice heavy bottom for even heating."", ""This is not the 365+ Stock Pot from the IKEA website. That pot is 11 quarts volume. This pot is THREE quarts volume, the one called &#34;Pot with Lid&#34; in the 365+ series."", ""That pot is 11 quarts volume. This pot is THREE quarts volume, the one called &#34;Pot with Lid&#34; in the 365+ series. Do not buy this if expecting a good stock pot."", ""I don't know about the longevity because I haven't had it very long, but it seems to be very well made and I expect to hand it down when I no longer cook. Too small for making stock from poultry carcasses, or soups using a ham bone, or boiling full sized noodles, but I have another pot for that. It is perfect for my needs."", ""While I do have a full set of stainless cookware, I have increasing been using a countertop induction grill to do most boiling tasks. I bought this to supplement a larger stock pot, and have found it to be the perfect size for cooking for up to four people on items using smaller sized ingredients. Perfect for chile, Japanese style curry, elbow macaroni and steaming a few items (use it to steam Laulau - yes, I live in Hawaii)."", ""Downsizing the kitchen, needed something smaller than a 5 qt for just the wife and I. This 3 qt pot fits the bill!"", ""I like the quality and finish of the pot ,  it is great for smaller families, and works great with my induction cook top ....."", ""Great size and shape and it works perfectly with my induction cook top. It's just right for a pot of soup for three of us.""]",10.927749914117157,"No, this is a 3 qt pot, not a 5 qt Stockpot. It is considered too small for tasks that require a larger stock pot.",False,1636.5958329988644
G_094,REC_094,B003U9T9CI,Home_and_Kitchen,short,descriptive,sentwin,10,Does it include power cord,yes there is a power cord,KB_01230,1,"[""KB_01230"", ""KB_01231"", ""KB_01235"", ""KB_01232"", ""KB_01234"", ""KB_01234"", ""KB_01233"", ""KB_01232"", ""KB_01235"", ""KB_01236""]","[""For some reason, the inner bottom of this rice cooker starts to peel off after I use it for only couple of times. And I often have to wash off these small pieces of metal fragments, with attached power cord, it's not very convenience. For sure it's not stainless steel as the advertisement claims."", ""I like this large size because I can use it for steaming other food items, not only for making rice.The only drawback I feel is that the manufacturer changed the design so that the plug is attached permanently to the rice cooker. Older models used to have the cord detachable so the unit could be washed easily."", ""I would give it five stars based on that. BUT, and this is a big but, this is the third one we've had to buy. Average lifespan is about 1 year."", ""when i wanted to buy a rice cooker, all my family told me to get one of this. So, even it cost 4 times than other brands, i bought it anyway. After few times cooking, around 2 weeks after I received it, it just don't heat up anymore."", ""When I opened the package as received, there was a very noticeable \""ding\"" on the outer shell of the rice cooker. I almost, almost re-packed and shipped it back. I was not sure about the shipping and handling cost reimbursement and I thought it was too much of a hazzle."", ""I was not sure about the shipping and handling cost reimbursement and I thought it was too much of a hazzle. So I pluged in and tried the functions. It worked."", ""i grew up with one of these at home and couldn't imagine my new apartment without one. it works great as a general steamer in addition to the perfect rice cooker."", ""when i wanted to buy a rice cooker, all my family told me to get one of this. So, even it cost 4 times than other brands, i bought it anyway."", ""First one died outside of the warranty. Second one died about 8 days before the warranty was up so we got a replacement for the cost of shipping the defective unit back."", ""This rice cooker is the best. it has a stainless cooker insert (where the rice goes) instead of nonstick. I really didn't like that my wife's previous (and well-worn) rice cooker had a nonstick cooking surface.""]",12.804416008293629,"The rice cooker comes with a power cord, and in some cases, it is attached permanently to the unit.",False,409.27441604435444
G_095,REC_095,B00BUP5A22,Home_and_Kitchen,long,descriptive,sentwin,10,Does the charger have contacts that the unit sits on or does the charger need to be plugged into the vacuum?,[UNANSWERABLE],,1,"[""KB_01241"", ""KB_01246"", ""KB_01240"", ""KB_01245"", ""KB_01248"", ""KB_01244"", ""KB_01242"", ""KB_01242"", ""KB_01249"", ""KB_01247""]","[""The more careful you do it, the less dust you get everywhere. There is no mess if you do it properly!The suction on this has been great, I've used it for about 2 months and I don't keep it on the charger, but only when I need to."", ""it works as I expected , easy to storage and charge. It does the job...... well this is my first hand vacuum but Im satisfied."", ""The person that had all the problems with it is either trying to sabotage the rating or has a defective unit. It is easier to use than a normal vacuum for messes that don't need a normal vacuum. I have had this for about 6 months and works perfectly still."", ""Bought this vacuum for my husband. He has used it in his office and his pickup."", ""This is a great hand vacuum. The battery hasn't been affected by the fact that I have it charging all the time."", ""I don't know what other reviewers are talking about when they have 'trouble' emptying this hand vac. It's pretty much the same design as other conventional handheld wet vac."", ""The on/off button is very hard to push. I had to use the force of both hands to turn the unit on and off! There's a big surprise inside when you open the unit for emptying."", ""I had to use the force of both hands to turn the unit on and off! There's a big surprise inside when you open the unit for emptying. First there is a black sponge to remove which gives you access to a plastic &#34;rib&#34; which you pull to find the main debris."", ""The only negative I found is the thumb on/off switch is hard to operate with your thumb. The vacuum is a quality product and well worth the price. Wall mount is great."", ""To be fair, I am a great fan of B&D products and this vacuum is the first one I have ever purchased that failed to live up to the advertising.""]",30.905041028745472,The available reviews do not provide enough information to answer this question.,True,241.8467920506373
G_096,REC_096,B005RK8JF6,Home_and_Kitchen,medium,descriptive,sentwin,10,Can you use oil on this board for doughs ?,My wife uses a little mineral oil to preserve the wood.,KB_01250,1,"[""KB_01250"", ""KB_01256"", ""KB_01253"", ""KB_01254"", ""KB_01254"", ""KB_01255"", ""KB_01258"", ""KB_01257"", ""KB_01252"", ""KB_01256""]","[""Plenty of space to roll out even the largest crust or fondant. 'Lip' over edge prevents board from moving much when kneading or rolling stiff doughs.Be sure to treat with food grade mineral oil to preserve wood, prevent cracking/splitting, and extend life of board."", ""I have nothing bad and everything good to say about this board.It is heavy, but I like that. I did season it with cutting board oil before using, very easy to do."", ""I am an avid baker who lives in a one-bedroom apartment. This board fits atop my stove top as a hand in glove and provides me ample room to shape and work various doughs. I wish I bought this years ago!"", ""I bake a lot - sourdough, baguettes, croissants, rolls, crackers, pie crusts, etc. Having this big board (it is really big!)"", ""to put on my counter has made my life so much easier. This is especially great for kneading very wet doughs requiring what I call the &#34;slap and slip&#34; method of kneading."", ""Great board,quality is high,size is great!Remember my childhood my Mom using this kind of kneading board,making lots of delicacy.Clean nicely and protect whit recommended oil,and last forever."", ""I have not used the board yet. I am sure I will get many years of use out of it."", ""It's a great size for making bread or pizzas. After using it I season it with oil and put it away. I wish I had a kitchen big enough where it could out all the time, it's so pretty to look at."", ""This is the schnizzle in pastry boards. I am using the heck out of it and I am completely happy with it."", ""I don&#8217;t know if I need it, but I had one so I have been using it.The board is very substantial. It doesn&#8217;t move, I don&#8217;t have to worry about putting too much pressure on it.""]",13.544082990847528,"Yes, you can use oil on this board for doughs, and it's even recommended to treat it with food-grade mineral oil or cutting board oil to preserve the wood and extend its life.",False,370.91645901091397
G_097,REC_097,B004H2SDTM,Home_and_Kitchen,long,descriptive,sentwin,10,"I am mostly interested in flax seeds , or linseed. Does it work?",Yes it works,KB_01261,1,"[""KB_01262"", ""KB_01261"", ""KB_01262"", ""KB_01268"", ""KB_01268"", ""KB_01260"", ""KB_01267"", ""KB_01269"", ""KB_01263"", ""KB_01266""]","[""I want to give this a 5 star coz I love my oil press but how do you stop the seed from getting compacted at the end bolt? Is flax seed not good? If so what seed shall I use."", ""The ultimate in sustainability! I didn't have so much luck with flax seed, I found that it all compacted towards the end but then I emailed the manufacturer and he got back quickly telling me to just add a little water because flax can be tricky."", ""Is flax seed not good? If so what seed shall I use. When it's working I love it."", ""Once you get the hang of it, no mess will continue and you will be happily spending your evenings squeezing various nuts and seeds. I recommend using peanuts first and not sunflower seeds, as I did. Enjoy!"", ""Once you get the hang of it, no mess will continue and you will be happily spending your evenings squeezing various nuts and seeds. I recommend using peanuts first and not sunflower seeds, as I did."", ""This implies one person cranking while the other person's arm recovers.I bought a small cutting table and mounted it on that using two bolts. Our very first try was with an old bucket of very dry pumpkin and squash seeds."", ""I have yet had time to use this product but the shipping was so fast I was shocked it arrived as fast as it did. I am excited to press my seeds. I wish it had come with a book to explain a little better."", ""Ive abused this tool. learned to control the seeds moisture, apply the right pressure, the right temperature... even got an electric coal starter to heat it :) its time I move on to the big guns. Thank you Piteba."", ""It does take hard work to use but it also really makes you appreciate the fact you can just go out and buy vegetable oil. The only thing I didn't like about it is that it took a few times to get all the machining dust off the interior, but I figured that was normal."", ""I give it 4 stars because it is fixation to bench was difficult and the scrows was short and i had bought another scrows to fix it but after all it extract oil from seeds very well.""]",13.385541969910264,"Flax seed can be tricky to use and may compact towards the end, but adding a little water can help. Some users have had difficulty with flax seed, but the product can extract oil from seeds well with the right technique.",False,441.219582920894
G_098,REC_098,B005I5DO3M,Home_and_Kitchen,short,descriptive,sentwin,10,What is the Height?,[UNANSWERABLE],,1,"[""KB_01277"", ""KB_01273"", ""KB_01276"", ""KB_01272"", ""KB_01278"", ""KB_01275"", ""KB_01276"", ""KB_01275"", ""KB_01274"", ""KB_01270""]","[""I am disabled and need a lift chair, so when it became difficult for me to get out of my lift chair, I noticed that I needed more height to be able to stand and hold on to my walker. Did a lot of research for a \""furniture riser\"", or similar product that would satisfy my need."", ""This riser/booster has made all the difference and she is able to get out of her recliner without any help. I highly recommend this for anyone who needs the extra inches in the height of their recliner to be able to get up alone."", ""We needed to raise the height of my Dad's recliner so that he could get up and down without assistance. We wanted to get him a lift chair but he refused."", ""The platform is sturdy and provides just the extra height needed so that a tall person can rise without injury. I have arthritis and could not rise without assistance until I got the platform."", ""I am so happy. Having the height on my recliner has helped me greatly. I was very concerned that it would not hold up under my weight (380 lb), but it does."", ""My husband had knee surgery and we were conderned that he would not be able to sit in his recliner. With the added height, he had  no problem. I too, was having trouble getting out of my recliner because it was so low to the floor."", ""This platform really made a difference. It was very easy to put the recliner on the platform and it is stable and stays in place.I would like to suggest that the description on Amazon should give the dimensions of the platform. I had to call the company to get this info and they were VERY helpful."", ""I too, was having trouble getting out of my recliner because it was so low to the floor. With the little boost platform, I can now sit comfortably with my feet on the floor and get up very easily."", ""But its far less expensive than having to purchase all new chairs when you need some additional height. These make it MUCH easier for tall folks to get up out of standard recliners. Since they are unassuming and plain looking, no one ever notices they are there...they just comment how much easier it is to get up."", ""I was amazed how much it improved my ability to get out of my chair. I would recommend it to anyone needing more height from their chair.""]",12.449875008314848,The available reviews do not provide enough information to answer this question.,True,333.76520802266896
G_099,REC_099,B00A6Z5DK6,Home_and_Kitchen,long,descriptive,sentwin,10,Can these be used with polymer clay and can you bake the silicone mold?,[UNANSWERABLE],,1,"[""KB_01281"", ""KB_01282"", ""KB_01280"", ""KB_01284"", ""KB_01286"", ""KB_01283"", ""KB_01283"", ""KB_01285"", ""KB_01287"", ""KB_01289""]","[""The silicone is very flexible, and I had no problems making clay molds with this. I see lots of little bows as part of my projects in the future."", ""Yes I could Make these, but was it worth it to pay the couple bucks and have mailed YES YES ....its a very good durable mold, I will be using it for clay."", ""Very nice mold, very adorable. The mold putty was clearly mixed very well, and polymer clay comes out of the mold perfectly."", ""Hi &#128075;I bought this how mold , as I have become really into fondant and accessories for baking things .. I haven't got to use it yet but it is super small , like,  the size of a quarter ."", ""They turned out perfect. I used these on cupcakes. People asked how I made them."", ""The three-bows silicone mold is very cute. However, the bows are very small."", ""However, the bows are very small. I can't use them now, but, I will use them in the future whenever I do a small child's birthday cake. Arrived on time."", ""Cute bow embellishments for my clay crafting. Clay pops out quickly and easily."", ""It is very small but you can tell it's a bow. I will have to be very creative given the size to use in soaping."", ""Cute little bows that go well on mini cupcakes. I used almond paste (not fondant) and it was perfect. I could pop the bow out very easily.""]",15.738624962978065,"These molds can be used with polymer clay, as evidenced by multiple reviews mentioning their use with clay. The reviews do not provide information on baking the silicone mold itself, but rather using it to shape clay or other materials that are then baked.",True,430.29645807109773
G_100,REC_100,B0027FFPHO,Home_and_Kitchen,long,descriptive,sentwin,10,Is the bottom inside the pot steel or ceramic? I want to make sure the herbal will not contacted with steel at all.,"Hi, there is a metal/steel at the bottom inside the pot, I believed it's a heat element.",KB_01295,1,"[""KB_01291"", ""KB_01299"", ""KB_01297"", ""KB_01290"", ""KB_01291"", ""KB_01293"", ""KB_01298"", ""KB_01294"", ""KB_01295"", ""KB_01295""]","[""I literally can't live without this herbal cooker. I brew herbs 12 out of 14 days and was trying to do it in a stainless steel pot on the stove. The Herbal Medicine Cooker brews the herbs so well that I only have to drink 1/3 of a cup 3 times a day instead of 1 cup 3 times a day."", ""This cooker is purchased for my wife to cook the traditional Chinese herbal medicine. This machine is well made, performed all tasks described well, and easy to clean."", ""I have Bladder Cancer and Chinese Herbs have beena Life Savor. I have tried to find the best Possible Pot, one that is Reliable, Unfortunately This Pot as all the rest4 from this Co. Do not shut off as Needed &#34;When there is ONE CUP left after 6 cups and herbs are cooked.The Heating Element gets Dirty and isDirected to Not use any Rough Pads to clean?"", ""this is a good herbal medicine cooker. the only thing I don't like is if you put in a big pot of herbal medicine which fills near the top, you will likely also add more water, and it will take a very long time like 3 to 4 hours to cook the medicine."", ""I literally can't live without this herbal cooker. I brew herbs 12 out of 14 days and was trying to do it in a stainless steel pot on the stove."", ""I can't say enough good things about this pot, I'm sure you will be just as happy as I am."", ""I have been using this herb cooker for the past 7 months and have absolutely no complaints, I am extremely happy with the purchase and have recommended it to many of my friends and classmates.As a soon to be acupuncturist and herbalist I cannot think of anything more handy to have, it makes brewing herbs so simple. All you do is add herbs and water, the pot does the rest. I usually let it cook while I'm away and when I return it's all done and ready to drink."", ""I purchased this Auto Herbal Medicine Pot for my wife about 2 Weeks ago. Every thing is just like what it is described from the website."", ""After just a few uses, the stainless steel heater element began to rust. Now I'm not comfortable using it."", ""Rust can't be healthy. It appears the stainless steel is not very high quality at all.Other than the rusting, which is a big problem, the product is very nice and works well.""]",13.055125018581748,The available reviews do not provide enough information to answer this question.,True,244.74066693801433
G_101,REC_101,B000652LWO,Home_and_Kitchen,long,descriptive,sentwin,10,I am planning to use these for drinking glasses for young children. How many ounces do they hold? Are they big enough for little hands? How heavy?,[UNANSWERABLE],,0,"[""KB_01300"", ""KB_01300"", ""KB_01304"", ""KB_01307"", ""KB_01305"", ""KB_01308"", ""KB_01307"", ""KB_01308"", ""KB_01305"", ""KB_01302""]","[""I see a lady who plans to return her 1/2 pt salt & pepper shakers, packed 24 to a box. I have dozens and dozens of them made by Golden Harvest, with the little handles on them like the drinking mugs, but I cannot find the lids and rings for them. Can you help?"", ""Can you help? They are about 3/8\"" smaller than the small Ball Mason Regular Dome lids."", ""We sell a specialty product that uses these jars like a salt shaker. It is a low-volume add-on so we only use a case or two a year; it's easier for us to buy these on Amazon than from any other supplier, and the price is fair here."", ""Quality does not seem to be an issue. But (a) they are not Ball (they are Golden Harvest), and (b) each individual jar had a Walmart sticker on it that required soaking and scraping to get off. Disappointing on both counts, but once you get over that the jars are just fine - quite nice."", ""We're giving them away as gifts to the bridal party filled with hugs and kisses with a sunflower theme to represent fall. These will be perfect at each place setting at the dinner. Thank you for having what we were looking for."", ""Love the shakers, especially the non-corrosive tops. They distribute the salt and pepper evenly and are easy to take care of. The shakers arrived with two broken, but a call to the shipper and they were replaced in a jiffy!"", ""But (a) they are not Ball (they are Golden Harvest), and (b) each individual jar had a Walmart sticker on it that required soaking and scraping to get off. Disappointing on both counts, but once you get over that the jars are just fine - quite nice."", ""Love the shakers, especially the non-corrosive tops. They distribute the salt and pepper evenly and are easy to take care of."", ""We've been looking for the the canning jar salt & pepper shaker to complete the theme of our son's wedding. We're giving them away as gifts to the bridal party filled with hugs and kisses with a sunflower theme to represent fall. These will be perfect at each place setting at the dinner."", ""These are perfect for the event we are planning. Very cute and novel.""]",36.729332990944386,The available reviews do not provide enough information to answer this question.,True,293.39633393101394
G_102,REC_102,B001V98IRQ,Home_and_Kitchen,medium,descriptive,sentwin,10,Would this paper work with a Silhouette Cameo cutter?,[UNANSWERABLE],,0,"[""KB_01315"", ""KB_01314"", ""KB_01312"", ""KB_01310"", ""KB_01313"", ""KB_01313"", ""KB_01310"", ""KB_01313"", ""KB_01310"", ""KB_01311""]","[""It was easy to use and does a good job of making the hood look almost as good as real stainless. I would  have given it 5 stars, but there were some flaws in the paper at the beginning and at the end and the tape used to hold it together is difficult to remove without leaving a sticky mess, making it difficult to use the entire roll."", ""While it is thin, I found it easy to work with and it should be convenient to keep clean. I plan on using my leftover contact paper on some shelves in our medicine cabinet to spruce them up a bit!"", ""I bought four rolls of this contact paper. Turns out it would not stick to ANYTHING I put it on that was not metal."", ""Love this contact paper. Easy to cut, use and adhere. Everyone is noticing the faux \""stainless steel\"" items in my home and can't believe it's contact paper."", ""I wanted to cover  the side of my refrigerator that was black and not stainless steel. I had used heavier SS  paper before and it was just OK. When I read the reviews they said the paper was &#34;flimsey&#34; like alumminun foil."", ""I had used heavier SS  paper before and it was just OK. When I read the reviews they said the paper was &#34;flimsey&#34; like alumminun foil. Well it was and if you take your time and smooth it out it comes out perfect (for me it did)."", ""Love this contact paper. Easy to cut, use and adhere."", ""Well it was and if you take your time and smooth it out it comes out perfect (for me it did). I would recommend this paper but you have to take your time with it."", ""Easy to cut, use and adhere. Everyone is noticing the faux \""stainless steel\"" items in my home and can't believe it's contact paper. Would definitely recommend."", ""If you want a silver contact paper (not stainless) I would give it a 5. If you want stainless contact paper I would only give it 3.It looks like I painted the cabinet with silver spray paint.""]",13.667625025846064,The available reviews do not provide enough information to answer this question.,True,311.31099991034716
G_103,REC_103,B004K3FKL2,Home_and_Kitchen,medium,descriptive,sentwin,10,Can you attach a headboard to this frame?,[UNANSWERABLE],,0,"[""KB_01319"", ""KB_01319"", ""KB_01319"", ""KB_01319"", ""KB_01320""]","[""It took my husband 20 minutes to put it together. Awesome frame."", ""We have been sleeping well and squeak free! And our allergy problems are better due to the frame. It took my husband 20 minutes to put it together."", ""And our allergy problems are better due to the frame. It took my husband 20 minutes to put it together. Awesome frame."", ""We have been sleeping well and squeak free! And our allergy problems are better due to the frame."", ""I was very disappointed in this purchase. It is very strong, however, it is noisy and slides easily over the floor.""]",12.9370839567855,The available reviews do not provide enough information to answer this question.,True,265.76858304906636
G_104,REC_104,B002S52ZFI,Home_and_Kitchen,long,descriptive,sentwin,10,Tags says it is cotton loops. What is the base? Is it Polyester?,"Hi, I bought these towels in white and according to the tag on the towels, they are 100% Egyptian cotton loop and 100% cotton nothing else! Take care, Andrea",KB_01328,0,"[""KB_01321"", ""KB_01326"", ""KB_01327"", ""KB_01329"", ""KB_01328"", ""KB_01330"", ""KB_01329"", ""KB_01324"", ""KB_01325"", ""KB_01324""]","[""These Pike Street towels seemed like they were good quality on their own, but comparing them next to the other fluffier towels it was a no brainer which to keep. The Pike Street towels look like they are made well; there were no loose threads hanging off, the seams looked solid, and the loops were even throughout the towels. They're not a bad purchase at all, just don't expect something really thick that will feel like a soft blanket when you step out of the shower."", ""They are thick enough to soak up water, dry my whole body, soak water from lots of hair, and yet they wrap around your body or waist without a problem - AND they never seemed to be heavy and soaking wet. No stiffness, no roughness, really soft towels."", ""These towels are great!!! !"", ""The Burgundy towels are a sad sad state if affairs. I bought them with the others but never opened them until the end of november 2012 and they were stringy by end of january."", ""The color of these towels is a nice slate grey, and they seemed to be pretty soft when I received them. I imagine they would have gotten even softer after washing and they would have fluffed up a bit."", ""THE DK BLUE IS A BEAUTIFUL JEWEL TONE AND IS THE BEST COLOR OF THEM ALL.THE RED IS A JEWELTONE TOO-ALMOST BURGUNDY. MY CHOCOLATE TOWELS HAVE BEEN WASHED 3 TIMES A WEEK AND ARE STILL CHOCOLATE AND ONLY ONE STRING FOUND SO FAR AND NOW I HAVE ENOUGH WITH THE BLUE AND TAN SO I DON'T HAVE WASH AS OFTEN. THE TAN COLOR IS MY LEAST FAVORITE BECAUSE ITS THAT IN-BETWEEN TAN THAT LOOKS A LITTLE OLD WHEREAS THE OTHERS ARE CRISP AN LUSH AND WONDERFUL."", ""I bought them with the others but never opened them until the end of november 2012 and they were stringy by end of january. First a few strings here and there but then suddenly the edging came apart on all of the towels-bath, hand, and washcloths. These are a mess and it is ridiculous to use them for so short a time, assuming I would pack them up and use them for years and years at Christmastime."", ""Navy are 12 months and same great condition as. Cocoa, great color-no fading at all, no thinning, no strings, absorbent and soft, would buy again in a minute!"", ""Theyre not the most absorbant towels but they do the job look nice and do have a thickness that you would believe to be of good quality. For the price though you can't really ask for more."", ""Cocoa set 14 months old washed and dried on high heat 2-3 X's a Wk are still in great condition. Colorado is still the same as day one, supersoft, no strings. Navy are 12 months and same great condition as.""]",13.672708068042994,The available reviews do not provide enough information to answer this question.,True,300.9508749237284
G_105,REC_105,B003VSWZYM,Home_and_Kitchen,medium,descriptive,sentwin,10,BPA FREE ?? Where is its place of origin?,[UNANSWERABLE],,0,"[""KB_01339"", ""KB_01331"", ""KB_01335"", ""KB_01338"", ""KB_01340"", ""KB_01331"", ""KB_01338"", ""KB_01331"", ""KB_01331"", ""KB_01338""]","[""Zojirushi SM-JA36BA 0.36-Liter Stainless Steel Vacuum Insulated Mug... good ......keep heat to 3 hours ..may be i return buy anothere"", ""It's great as a portable cup to avoid using any disposable cups. Construction quality is top notch and Zojirushi standard."", ""nice looking mug, but it has lots of parts and gaskets to clean. they are also on the small side so great for kids or if you don't want to carry a heavy mug around."", ""same dimentions as the similar starbucks 10oz container but this one holds 12oz. and i love how it comes apart to clean. coffee is never cold now ty!"", ""You will not regret it, very handy, especially if you go shopping, travel, really good-looking and good quality. This size 0.36-Liter is just right."", ""Construction quality is top notch and Zojirushi standard. However the lid is a complicated assembly of several mixed plastic, rubber, and metal components which means I would not trust it to transport liquid from one place to another as the top part of the lid could pop off. I see absolutely no reason why it could not be a simple one-piece lid, unscrew to drink."", ""and i love how it comes apart to clean. coffee is never cold now ty!"", ""It's great as a portable cup to avoid using any disposable cups. Construction quality is top notch and Zojirushi standard. However the lid is a complicated assembly of several mixed plastic, rubber, and metal components which means I would not trust it to transport liquid from one place to another as the top part of the lid could pop off."", ""However the lid is a complicated assembly of several mixed plastic, rubber, and metal components which means I would not trust it to transport liquid from one place to another as the top part of the lid could pop off. I see absolutely no reason why it could not be a simple one-piece lid, unscrew to drink."", ""excellent quality. same dimentions as the similar starbucks 10oz container but this one holds 12oz. and i love how it comes apart to clean.""]",11.873167008161545,The available reviews do not provide enough information to answer this question.,True,273.7892910372466
G_106,REC_106,B000RZPGCK,Home_and_Kitchen,medium,descriptive,sentwin,10,What is it made of? 100% cotton?,"I believe it is a cotton/poly blend. It was a gift for a grandson and I am pretty sure it was not 100% cotton. It was very soft, though.",KB_01346,0,"[""KB_01346"", ""KB_01345"", ""KB_01346"", ""KB_01348"", ""KB_01346"", ""KB_01344"", ""KB_01350"", ""KB_01345"", ""KB_01344"", ""KB_01343""]","[""There was no fabric description, and the item was cheap, so I was suspicious. The fabric is a flimsy cotton/poly blend. I returned it."", ""The fabric these sheets are made out of is terrible. My son loves seeing Thomas and Cranky on his sheets, however, so I have not gotten rid of them."", ""This item came up when I searched for flannel sheets. There was no fabric description, and the item was cheap, so I was suspicious. The fabric is a flimsy cotton/poly blend."", ""Grandson is wild about &#34;Thomas The Train&#34; - thought this would be great, but was not happy with the &#34;feel&#34; or quality of thefabric. This product is made by several different manufacturers depending on where it is purchased, and the fabrics vary...."", ""This item came up when I searched for flannel sheets. There was no fabric description, and the item was cheap, so I was suspicious."", ""my son LOVES these sheets!!! i got these for him when he made the transition from toddler bed to twin and he loves them!"", ""It adds a nice touch!!! My grandson loved them and the went well with the fleece blanket and curtains that I made for him! Nice."", ""The fabric these sheets are made out of is terrible. My son loves seeing Thomas and Cranky on his sheets, however, so I have not gotten rid of them. They do not fit very well on a standard twin, either."", ""i got these for him when he made the transition from toddler bed to twin and he loves them! wash really nice and still look new!"", ""Amazon made good on my purchase, but i still wont be receiving the blue sheets i wanted to get for my sons new bed.""]",10.847666999325156,"The item is made of a flimsy cotton/poly blend, not 100% cotton. The fabric quality is also described as poor by some reviewers.",False,440.54362503811717
G_107,REC_107,B0000DDXLE,Home_and_Kitchen,medium,yesno,sentwin,10,"Hi, I have a GCG-2 Cuisinart Mini-Prep Plus, will this work?",If you are asking about a replacement for the original where the plastic cracked the answer is yes.,KB_01352,1,"[""KB_01358"", ""KB_01354"", ""KB_01352"", ""KB_01357"", ""KB_01356"", ""KB_01355"", ""KB_01353"", ""KB_01359"", ""KB_01351"", ""KB_01352""]","[""This blade does not fit my Cuisinart Mini Prep. The core of the bowl is too large for the blade to drop down into the bowl."", ""I was looking for a replacement for my Cuisinart Mini Prep which is quite old and the replacement part was PERFECT!!! !"", ""I've had a Cuisinart mini-prep for many years, and it was still working just fine except that the blade housing cracked. I was looking for a replacement unit when I discovered that I could simply purchase a new blade!"", ""This is a replacement blade (the original cracked over time) for my little cuisinart mini-prep. It works perfect and is super sharp."", ""I've owned a Cuisinart Mini-Prep for many years, but the plastic around the blade was starting to split. I was concerned that the blade would soon go flying off the hub, and do some real damage."", ""We have a mini chop prep (I think it's called mini prep) cuisinart that I love, but have been loving less lately because the blade was dull and gross. Replaced it with this and have restored it to it's former glory days of pulverizing nuts in seconds."", ""It works just like the original did. But, the price.... it is almost the same price of getting a new mini Cuisinart. But it does work well."", ""All I needed is a new blade for my old cuisinart to work like new again. Glad that I can get the part on Amazon."", ""I really like using the one cup capacity mini-processor so I bought this replacement chopping and mixing blade. Because I sometimes want a larger salad I also ordered the two cup DLC-2 processor when I ordered this replacement blade."", ""I was looking for a replacement unit when I discovered that I could simply purchase a new blade! It fits perfectly and I expect the small processor to work for years to come:  It's just right for chopping nuts, herbs, and garlic.""]",16.368500073440373,The available reviews do not provide enough information to answer this question.,True,407.6754170237109
G_108,REC_108,B002IVU5KE,Home_and_Kitchen,short,yesno,sentwin,10,is it dish washer safe,yes,KB_01361,0,"[""KB_01361"", ""KB_01370"", ""KB_01364"", ""KB_01363"", ""KB_01361"", ""KB_01369"", ""KB_01362"", ""KB_01361"", ""KB_01369"", ""KB_01365""]","[""I bought this pitcher because it stated it was dishwasher safe and is made in the USA. The spout is not designed well."", ""It's big enough for a pitcher of ice tea or lemon water and small enough to fit in my refrigerator. I love the cap, keeps the inside clean. And this product is made in America."", ""We purchased this pitcher for daily use at the dinner table, when getting water and ice from our fridge.My 8 year old son easily fills it, the lids stays on nice and snug, and the kids can use it without any problems or spills.It is pretty looking, looks like glass, goes in the dishwasher and the ice doesn't go through the spout, which is great."", ""Will probably use it for a little longer then just give it to Goodwill."", ""When trying to pour without the lid it overflows the spout and spills. With the lid it is much better but liquid sometime leaks around the spout lid and dribbles outside the glass. I bought cheap and it's worth that much but not much more!"", ""One good drop & it'll be history. (Wouldn't risk it outside near a pool or on a concrete patio.) Not sure about that extra 1/2 quart listed either, really looks like a plain 2 qt."", ""these pitcher are great for storing homemade tea. a lot better then useing mr. coffee pitchers"", ""I bought this pitcher because it stated it was dishwasher safe and is made in the USA. The spout is not designed well. When trying to pour without the lid it overflows the spout and spills."", ""This pitcher looks good from a distance & is lightweight, so not too heavy when full, which is nice - but it is made from rather thin & fragile plastic/acrylic material so beware. Should last the summer if you're careful, probably not a long term drink ware solution though. One good drop & it'll be history."", ""Wanted a lid that stayed on when pouring - it probably will.....but not taking any chances! Love the design and like that I can see the contents.""]",16.29875006619841,"The pitcher is stated to be dishwasher safe by multiple reviewers. It is mentioned as being dishwasher safe in several reviews, indicating that it can be safely washed in a dishwasher.",False,383.083084016107
G_109,REC_109,B005GNQ5E6,Home_and_Kitchen,long,descriptive,sentwin,10,"Does this product come with any pans, trays, etc? Should I purchase any additional accessories?","It comes with one small, shallow tray. I purchased two baking pans. Any 9x13 pan that does not have handles will fit. I use Pyrex, pottery and metal pans, just like a large oven. I also use parchment and foil to line and cover and have had no problems.",KB_01372,1,"[""KB_01376"", ""KB_01388"", ""KB_01372"", ""KB_01391"", ""KB_01372"", ""KB_01380"", ""KB_01377"", ""KB_01380"", ""KB_01391"", ""KB_01379""]","[""I just might do a small ham in it for Easter. Now looking for small pans to use in it. Not that much on offer online."", ""I have plenty of other pans to use."", ""The pan that comes with it is an after thought and an insult. Every cheap oven has come with a proper broiler pan but not this one. I hope Calphalon reads this."", ""Hope this helps:Approximate Outer Dimensions:Width: 19.25\""Depth: 13.13\"" without handle/ 15.25\"" with handleHeight: 10.81\"" without handle/ 11.63\"" with handleApproximate Inside Dimensions:Width: 13.75\""Depth: 12\"" (total depth, rounds out in the back)Height: 5\"" (respective height to fit a pan)** Big enough to fit a 12\"" frozen pizza** Fits a straight walled 9 x 13 pan fine, but will not fit a 9 x 13 pan with helper handles.Capacity : 0.7 cubic feet (fits a 9x13-in. pan, 12-in. pizza, 6 slices of toast)Cleaning & Care : Clean inside with damp sponge."", ""The pan that comes with it is an after thought and an insult. Every cheap oven has come with a proper broiler pan but not this one."", "". Cleaning the \""crumb\"" pan is awinner. Even though I thought I would never spend this kind of money on a toaster oven, I am not sorry as I listend to my husband who encouraged me to purchase it."", ""(This is my first convection oven. I have had only inexpensive toaster ovens throughout the years.) Dimensions were a concern, as well as reliability, ease of use and customer service.I have had the oven for approximately 6 weeks, and so far, am extremely pleased with my purchase."", ""I have purchased a Calphalon Digital Toaster Oven several months ago. I had a DeLonghi that no longer worked andtherefore went first class in purchasing the Calphalon Toaster Oven. I absolutely love it!"", ""pizza, 6 slices of toast)Cleaning & Care : Clean inside with damp sponge. Removable crumb tray is dishwasher-safe.Material : Aluminum/Stainless SteelAluminum/Stainless SteelOrigin : ChinaTemperature Settings : 150-450F (65-230C)Volts/Watts : 1400-wattsWarranty : 1-year"", ""I was happy to realize that this one is made well enough that it is perfectly comfortable and safe with cabinets above it. (I will post a picture)You can program from a number of choices of types of cooking (bake, broil, toast, bagels, pizza, etc) and choose any number of minutes you need.""]",16.309916973114014,"The product comes with a pan, but it has been described as an ""afterthought"" and not a proper broiler pan. You may want to consider purchasing additional pans or accessories, as some reviewers have mentioned looking for or using their own pans with the oven.",False,435.40049996227026
G_110,REC_110,B0040VIN18,Home_and_Kitchen,long,descriptive,sentwin,10,Can the metal filter from this be used instead of a paper filter in the ceramic v60 dripper?,"No, you can't. The metal filter is part of the filter and can't be separated. For the ceramic V60 dripper you can only use the paper filter.",KB_01393,1,"[""KB_01399"", ""KB_01404"", ""KB_01394"", ""KB_01402"", ""KB_01393"", ""KB_01403"", ""KB_01392"", ""KB_01400"", ""KB_01410"", ""KB_01396""]","[""Sure, there's going to be sediment, but that's a far cry from grinds. Are we using the same terminology?There is no paper filter, and it's a very fine mesh, so you're going to get a rich cup of coffee with all the wonderful oils (that get retained by the paper filter normally).Also, technique is very important (more so than with the V60)."", ""Are we using the same terminology?There is no paper filter, and it's a very fine mesh, so you're going to get a rich cup of coffee with all the wonderful oils (that get retained by the paper filter normally).Also, technique is very important (more so than with the V60)."", ""Works better than cheaper steel filters I've used before, definitely great if you are looking to save money on paper filters."", ""I wonder if that plunger deal with the circle of filter paper at the bottom which you just pour, stir, let sit a moment, and plunge through like a piston in an engine cylinder makes good coffee as was said to me at the kitchen utencil store when I took in my new Hario filter to show them what I'd wanted them to consider carrying.But this is so elegant, sturdy, cleverly built."", ""It avoids paper filters and gives you fresh taste. I wonder if that plunger deal with the circle of filter paper at the bottom which you just pour, stir, let sit a moment, and plunge through like a piston in an engine cylinder makes good coffee as was said to me at the kitchen utencil store when I took in my new Hario filter to show them what I'd wanted them to consider carrying.But this is so elegant, sturdy, cleverly built. The plastic frame around the steel mesh is some kind of very dense plastic, almost a ceramic."", ""I am very impressed with this filter .....It indeed makes a rich brew without any paper filter use."", ""I am very impressed with this filter .....It indeed makes a rich brew without any paper filter use. Wish it was offered in ceramic or glass as I am not a fan of plastic but the functionality and usage comfort outwins other aesthetic reasons ."", ""This filter is great if one is looking for a paperless version. Easy to use, no messing with paper filters."", ""this dripper works extremely well."", ""this dripper works extremely well. no more paper filters for me.""]",13.027083943597972,"The metal filter can be used instead of a paper filter, and it allows for a rich cup of coffee with the wonderful oils that would normally be retained by a paper filter. It is designed to work without paper filters. The reviews suggest it is a suitable replacement for paper filters in a dripper.",False,615.6262080185115
G_111,REC_111,B002A1LGH8,Home_and_Kitchen,short,descriptive,sentwin,10,Can you microwave this container??,[UNANSWERABLE],,1,"[""KB_01414"", ""KB_01413"", ""KB_01426"", ""KB_01420"", ""KB_01417"", ""KB_01414"", ""KB_01422"", ""KB_01414"", ""KB_01420"", ""KB_01413""]","[""I just received 4 of these containers in the mail, intending to use them for my family's lunches. Before I even took one of the containers out of the packaging, I noticed a statement on the box:  \""FOR BEST RESULTS PLACE SANDWICH IN A PLASTIC BAG TO PROTECT FROM CONDENSATION.\"""", ""They fit nicely into the lunchbox and you can pack yogurt tubes, cheesesticks, or other items that need to stay cold around the outside of the container. I like this container much better than containers that have the \""cold spot\"" in the lid only. In my opinion, that does not keep the sandwich cold enough."", ""I like this container much better than containers that have the \""cold spot\"" in the lid only."", ""They keep your foods cold all day! Don't let the title fool you...I use the sandwich chiller for any type of food. Get in the habit of coming home and cleaning the product and putting the freezer part in the freezer, and you are all set."", ""We love these containers. They keep my kids' fruit nice and cold in their lunches and the size is very convenient."", ""Before I even took one of the containers out of the packaging, I noticed a statement on the box:  \""FOR BEST RESULTS PLACE SANDWICH IN A PLASTIC BAG TO PROTECT FROM CONDENSATION.\"" The purpose of a sandwich container is to prevent the use of plastic bags! It leads me to ask - What were they thinking?"", ""The purpose of a sandwich container is to prevent the use of plastic bags!"", ""Or were they?? Sadly, these will have to be returned as I do NOT want soggy sandwiches or to use plastic bags."", ""These containers are great! They keep your foods cold all day!"", ""I like this container much better than containers that have the \""cold spot\"" in the lid only. In my opinion, that does not keep the sandwich cold enough.""]",15.654540969990194,The available reviews do not provide enough information to answer this question.,True,248.96712496411055
G_112,REC_112,B007QZ8NII,Home_and_Kitchen,long,descriptive,sentwin,10,Does anyone know what the reason would be that the number 9 would be displayed on the unit after it's powered off?   Thank you!!!,[UNANSWERABLE],,1,"[""KB_01440"", ""KB_01452"", ""KB_01440"", ""KB_01438"", ""KB_01441"", ""KB_01448"", ""KB_01439"", ""KB_01443"", ""KB_01437"", ""KB_01434""]","[""I'll just let it sit there for a minute.&#34; A minute goes by about sixty times, flip on the AC: nothing. Time to call the company.The girl that answers the phone assured me at least three times that she has worked there for &#34;a long time.&#34; I would have believed her if she didn't have to put me on hold another three times after I informed her that my unit wasn't working. &#34;Have you let it sit for two to four hours?&#34;I have to let it sit for possibly four hours?&#34;You didn't know that?"", ""I would give it 5 stars but it's a little noisier than I wish it was. That's my deal, though, and no fault of the unit. I would buy it again, and I would recommend it to a friend."", ""&#34;No problem. I'll just let it sit there for a minute.&#34; A minute goes by about sixty times, flip on the AC: nothing. Time to call the company.The girl that answers the phone assured me at least three times that she has worked there for &#34;a long time.&#34; I would have believed her if she didn't have to put me on hold another three times after I informed her that my unit wasn't working."", ""I don't know how people survive without it, and wish I bought it sooner. Also, I was afraid that 8000 BTUs would not be efficient but it was more than."", ""No problem - we've all had summer jobs. But ask me to buy a more expensive product as your first response to, what I would consider to be, a pretty popular question for any company - that's a little ridiculous.She ended up starting to send me a replacement unit while I went through the headache of boxing up the broken one and shipping it back for a refund, which I received today, but I opted to cancel the order."", ""Its a nice option if you are on a budget and cant use a window unit(for whatever reason), and don't plan on running it 24/7."", ""Now when the window shuts to hold it in place the pool noodle fills the gaps and creates a decent seal to keep the hot air out!I think that an 8,000 btu window unit(in the right brand) probably does cool slightly better than the portable unit, but Over all I would recommend it. Its a nice option if you are on a budget and cant use a window unit(for whatever reason), and don't plan on running it 24/7. I have not had the need to run mine for more than a few hours at a time, so I cannot say if it will hold up to 24/7 use or not."", ""Produces 10,000 BTU At 950 Watts Consumed ( EER - 10.53 ) Draws 9 Amps.As Each Unit Has Same EER, If The Smaller Soleus Unit Were Less Prone To Stopping, I Would Give This Unit Great Preference."", ""The Much Shorter Hair Exhaust Adapters Yield The Front Of Its Much Larger Unit 20\"" From The Window. Produces 10,000 BTU At 950 Watts Consumed ( EER - 10.53 ) Draws 9 Amps.As Each Unit Has Same EER, If The Smaller Soleus Unit Were Less Prone To Stopping, I Would Give This Unit Great Preference."", ""But having said that, so far, this little unit works quite well.Update: This past weekend our bldg's central air went out...it was VERY humid even tho the temp inside was only 79d, the humidity was 62%. I set the unit up in the living room to see what would happen even though the area is at least 700 sq ft. The unit reduced the temp by 2 degrees...which is amazing considering the size of the room, but it reduced the humidity by 9%...down to 53%.""]",14.399083913303912,The available reviews do not provide enough information to answer this question.,True,316.68383395299315
G_113,REC_113,B00B4M83MU,Home_and_Kitchen,medium,descriptive,sentwin,10,What is the outside diameter or circumference?,"Way small, I have thicker spaghetti. I don't know the exact measurement but it is very similar to what you'd find at a gas station for coffee. Hope this helps.",KB_01460,0,"[""KB_01459"", ""KB_01458"", ""KB_01455"", ""KB_01456"", ""KB_01454"", ""KB_01470"", ""KB_01461"", ""KB_01464"", ""KB_01470"", ""KB_01456""]","[""Works like a straw should. Great length for the high ball glasses, awesome for the person who likes to sip their drink..."", ""Wow! - great length. ."", ""it's too short. it's ok for coffee but not cocktail drinks."", ""it was very convenient and i will purchase this again. I love it and last long."", ""these were a bit shorter then i expected, hard to stir a drink when your fingers are dragging in your coffee"", ""No-one could explain why. The soda straw just ruins the drink for me, so I ordered these and will carry a few with me in case I would like a drink somewhere. Strange but true."", ""Well, the Black Sip Stirrers 5 Inch 1000/box came as expected. Its a thousand black straws in a box, and they all work ."", ""version for my travel mugs, this barely sticks out the top..no other cons I can think of.Simple item, easy on the wallet price.."", ""For some reason everywhere I go lately and order a drink, they are using full size straws in them. I was told by two establishments they are not allowed to use these anymore."", ""I love it and last long. another thing use and throw""]",11.874207993969321,The available reviews do not provide enough information to answer this question.,True,142.45987497270107
G_114,REC_114,B002865DNI,Home_and_Kitchen,short,descriptive,sentwin,10,Measurements?,[UNANSWERABLE],,0,"[""KB_01473"", ""KB_01474"", ""KB_01484"", ""KB_01472"", ""KB_01477"", ""KB_01473"", ""KB_01488"", ""KB_01475"", ""KB_01483"", ""KB_01477""]","[""its definitely not as fancy looking as I imagined from the picture so the high price seems less justified. each bag fits 2 loads of laundry in a large washer so I have no idea why people are disappointed by the size. the handles are great."", ""it's stylish, compact. holds my dirty clothes... well that's what it's supposed to do.I love it.you can pull out the bins and carry them around.maybe if it came in different colors?"", ""seems expensive for its size, I expected it to take more loads."", ""seems expensive for its size, I expected it to take more loads. nice design though but the bags can't stand on its own when removed"", ""You should definitely spend your money on this. No regrets. I bought 2 so that I could have four types of laundry separated."", ""each bag fits 2 loads of laundry in a large washer so I have no idea why people are disappointed by the size. the handles are great. makes it very easy to carry out to the washer."", ""I like the hamper quite a bit. Better than any I have ever had. The only gripe I have is that when you take out one side of it to take it to the washer, it doesn't stand up on it's own."", ""don't know how i lived without a double laundry basket. sorting was so annoying."", ""that fall apart, look ugly and/or don't stand up well over time."", ""Worth every penny. You should definitely spend your money on this.""]",35.82899994216859,"Each bag fits 2 loads of laundry in a large washer. The available reviews do not provide exact measurements in terms of height, width, or length.",True,622.0309159252793
G_115,REC_115,B004P2LEE0,Home_and_Kitchen,long,descriptive,sentwin,10,I want a slow cooker that I can cook oatmeal in thu the night ?? For one person !!!!,"Yes, this is the perfect size. In fact, the recipe I have makes 3 servings and I've found that it cooks steel cut oats perfectly, and they re-heat great with a little extra milk. Great time-saver for being able to have breakfast before work! The recipe can be found in ""Vegan Slow Cooking For Two - or - Just For You"" by Kathy Hester. She also has a blog online where a bunch of recipes are posted. (Pear Rose Cardamom Oatmeal) I substituted an apple for the pear and skipped the rosewater, but love the cardamom!",KB_01497,1,"[""KB_01508"", ""KB_01489"", ""KB_01490"", ""KB_01494"", ""KB_01490"", ""KB_01491"", ""KB_01502"", ""KB_01493"", ""KB_01501"", ""KB_01509""]","[""I bought this to cook oatmeal and so far that is all I have cooked."", ""A well made slow cooker. Bought this to dedicate to making soap."", ""for months I basically ate out for every meal, because I craved a warm meal, but had no desire to spend my few hours of free time after work in the kitchen putting together a meal that I would devour in less than ten minutes.So, I got myself this slow cooker and tried out a few recipes. I have to say, I can't imagine life without a slow cooker now! I made a pot roast with red wine a few times and let it cook on low for 12 hours over night."", ""I tried several brands of slow cookers for my \""Shabbos chulent\"" (a food made of meat and beans) but none of them did the job properly. One of them dried it out completely even on the low setting."", ""I recently landed my first full-time gig after graduating college. for months I basically ate out for every meal, because I craved a warm meal, but had no desire to spend my few hours of free time after work in the kitchen putting together a meal that I would devour in less than ten minutes.So, I got myself this slow cooker and tried out a few recipes. I have to say, I can't imagine life without a slow cooker now!"", ""Oh, how I loved this Crock Pot.....until I totally destroyed it by overfilling it with angel food cake batter, which overflowed into the heating elements and essentially fried it. I ordered a smaller one, a 1.5-quart slow cooker this time, thinking that since I'm only cooking for one that was all I really needed. SO, SO WRONG."", ""I ordered a smaller one, a 1.5-quart slow cooker this time, thinking that since I'm only cooking for one that was all I really needed."", ""Room for 3-4 portions of food. This is going to be my summer cooker when it's hot outisde and I want to cook hot food inside. Doesn't heat up the whole house."", ""This is going to be my summer cooker when it's hot outisde and I want to cook hot food inside."", ""I live in a high desert area with extremes of climate, yet I find that my metabolism is most in balance when I eat consistent amounts of protein, in meals that are warm and savory, all year round. With those elements in mind, I decided to incorporate the use of a Slow Cooker into my meal preparation.With all the sources of recipes on the internet and in cookbooks, I have discovered that I can spend as much or as little time on the prep as I desire, have easy clean up, and this little cooker will yield 3-4 servings, just enough for our household of two. And I can still spend most of the day in my studio.Technical Notes:The outside of the cooker does get hot to the touch, and there is no indicator light to remind you that it is running.""]",11.810791911557317,"One reviewer used their slow cooker to cook oatmeal, and another reviewer mentioned cooking overnight, suggesting it can be used for overnight oatmeal. A 1.5-quart slow cooker may be suitable for one person.",False,425.6834170082584
G_116,REC_116,B00ECH685S,Home_and_Kitchen,long,descriptive,sentwin,10,Where do I find the cover that fits the one gallon crock?  I wish these listings were more clear regarding what size you are getting when you order.,"Search Amazon for Ohio Stoneware 11600 crock cove (""cover"" is misspelled).  It fits the 1 gallon Ohio Stoneware crock. I do not own it myself, as I have the 3 gallon crock and cover instead. Good luck!",KB_01510,1,"[""KB_01510"", ""KB_01518"", ""KB_01510"", ""KB_01520"", ""KB_01511"", ""KB_01516"", ""KB_01512"", ""KB_01524"", ""KB_01511"", ""KB_01519""]","[""It fits a 3 gallon crock perfectly. The advertising claimed that it would also fit a one gallon crock, but it doesn't do more than just cover the top of the crock and does not look pleasing with so much of the lid hanging over the top edge. I recommend using it for 3 gallon crocks."", ""The advertising claimed that it would also fit a one gallon crock, but it doesn't do more than just cover the top of the crock and does not look pleasing with so much of the lid hanging over the top edge."", ""This item is a quality item. It fits a 3 gallon crock perfectly. The advertising claimed that it would also fit a one gallon crock, but it doesn't do more than just cover the top of the crock and does not look pleasing with so much of the lid hanging over the top edge."", ""It fits a 3 gallon crock perfectly."", ""I've ordered these crock covers twice now. The first was canceled because they were out of stock."", ""The actual product is a stoneware crock cover."", ""The actual product is a stoneware crock cover. It works exactly as you'd expect."", ""The actual product is a stoneware crock cover. It works exactly as you'd expect."", ""When Amazon notified me they were available I ordered right away. These covers are very hard to find. With that being said I simply do not understand why they pack these covers with a piece of flimsy cardboard between them."", ""These covers are very hard to find.""]",12.636041035875678,The available reviews do not provide enough information to answer this question.,True,494.3786249496043
G_117,REC_117,B009MBW1AK,Home_and_Kitchen,medium,descriptive,sentwin,10,Can this cookware be used in the oven?,"No, the handles are not oven proof. It's the only bad thing I can say about the set. Other than that I absolutely love them. The quality is very good. I use my cast iron in the oven.",KB_01525,1,"[""KB_01526"", ""KB_01535"", ""KB_01525"", ""KB_01536"", ""KB_01532"", ""KB_01537"", ""KB_01538"", ""KB_01527"", ""KB_01533"", ""KB_01541""]","[""I have only a couple of suggestions. I had someone ask me if they could go in the oven and I had no idea, so perhaps some information regarding general use would be helpful."", ""If you want skillets to put in the oven then you shouldn't purchase these."", ""If you want skillets to put in the oven then you shouldn't purchase these. I seasoned mine and they work perfect....no sticking whatsoever."", ""I  still love my cast iron and use them for anything that needs to go in the oven or frying, however, many things cannot be cooked in cast iron so these are the ticket!"", ""I like the heat ring and the conduction design distributes heat very evenly. I  still love my cast iron and use them for anything that needs to go in the oven or frying, however, many things cannot be cooked in cast iron so these are the ticket! The pans are thick and I like the black color interior coating as well as the Tuscany exterior design."", ""This is the best (frying pan) cookware set--ever."", ""This is a great cookware set."", ""This is a great cookware set. It is so easy to use and to clean!"", ""Making food look pretty makes it taste better. Maybe cooking in pretty cookware does the same."", ""Maybe cooking in pretty cookware does the same.""]",10.44187496881932,"This cookware should not be used in the oven. Two reviews explicitly state that if you want skillets to put in the oven, you shouldn't purchase these.",False,409.95737502817065
G_118,REC_118,B003QCJHK8,Home_and_Kitchen,long,descriptive,sentwin,10,how long have you had your? is it still sturdy now?  please answer if you you have had it for years.,[UNANSWERABLE],,1,"[""KB_01547"", ""KB_01548"", ""KB_01565"", ""KB_01549"", ""KB_01547"", ""KB_01555"", ""KB_01551"", ""KB_01559"", ""KB_01566"", ""KB_01549""]","[""I got the matching chairs also and, though there are cheaper options out there, this will last a long time, I can tell. Had it about 6 months and it's great so far!"", ""The surface is very smooth to the touch and the color complements our white walls very nicely as well. The table feels sturdy and is perfect for the two of us. Assembly was very easy and didn't take too long."", ""VERY sturdy, great material and a true pub feel."", ""This table is the best buy I've made in years on Amazon. VERY sturdy, great material and a true pub feel. This thing is my favorite spot for work or coffee."", ""Good little table and a great color, too. The construction is very sturdy and it was easy to put together. I got the matching chairs also and, though there are cheaper options out there, this will last a long time, I can tell."", ""I bought this table for a small apartment and it is a great find. Looks and feels much more sturdy than your average Ikea table and for only $99. Very happy with this purchase."", ""I have a very tiny apartment, there isn't room for a larger table. I was finally able to get the square table I had wanted for several years."", ""I was finally able to get the square table I had wanted for several years."", ""I was very pleased with this square dining table. The price, the walnut stain, and the sturdiness are all very pleasing."", ""This table is the best buy I've made in years on Amazon. VERY sturdy, great material and a true pub feel.""]",15.429166029207408,The available reviews do not provide enough information to answer this question.,True,306.7915409337729
G_119,REC_119,B00A1ECR2E,Home_and_Kitchen,long,descriptive,sentwin,10,"Did you need to use a mold release spray?  I'm wondering if I need to bother spending extra money on it, or if they will pop right out.  Thanks.",I have used this mold several times now and there was no problem getting the resin out. Hope this helps!,KB_01567,0,"[""KB_01574"", ""KB_01569"", ""KB_01568"", ""KB_01571"", ""KB_01577"", ""KB_01578"", ""KB_01567"", ""KB_01567"", ""KB_01575"", ""KB_01572""]","[""I had ordered another mold that I ended up breaking when trying to get the resin coaster out and this one has some give so you can just pop it out like an ice cube tray."", ""Worked really well! I had ordered another mold that I ended up breaking when trying to get the resin coaster out and this one has some give so you can just pop it out like an ice cube tray."", ""You can pour from either side of the mold (Blyth dudes are useable).Resin pops from mold fairly easily (I use easy cast resin)"", ""I had previously bought a different casting mold and it was beyond underwhelming. This one however met every expectation I had."", ""I had previously bought a different casting mold and it was beyond underwhelming."", ""My husband and I have made 10 coasters and not once had a problem getting the finished product out of the mold."", ""I was very happy with that decision. My husband and I have made 10 coasters and not once had a problem getting the finished product out of the mold. It is big enough to make your coaster look beautiful."", ""I ordered this to make coasters at home for a Christmas gift. I read other product reviews for something similar and decided not to spend the extra money on a release formula for the resin. I was very happy with that decision."", ""I read other product reviews for something similar and decided not to spend the extra money on a release formula for the resin."", ""The size if fairly good for coasters, these molds scratch easily and came with a few scuffs so you will have to do some finishing work to fix it after getting the casting out.""]",17.356707947328687,"The reviews suggest that a mold release spray is not necessary, as multiple users were able to remove the resin coasters from the mold without issue. One user even mentioned deciding not to spend extra money on a release formula and was happy with that decision.",False,714.6792500279844
G_120,REC_120,B0000BY8S6,Home_and_Kitchen,long,descriptive,sentwin,10,"I just bought 2 (forgot from whom) that were more gray than blue.  Are yours a pretty blue, like sky or baby blue, or grayish?","My Martex Vellux blanket is blue, but I would characterize it as more of a ""grayish"" blue than a baby blue or sky blue.",KB_01595,0,"[""KB_01587"", ""KB_01591"", ""KB_01594"", ""KB_01584"", ""KB_01588"", ""KB_01591"", ""KB_01589"", ""KB_01584"", ""KB_01588"", ""KB_01592""]","[""I own many of these blankets in various colors. They are great during the summer or the winter."", ""We purchased the Vellux to replace an old worn maroon blanket of the same material. We had been searching all over for a new one of a particular color. Well, we found it."", ""I ordered the hunter green color and it looks just like the picture."", ""it was not stiff). I ordered the hunter green color and it looks just like the picture. Note: Only the top and bottom are hemmed."", ""Light-weight but, still keeps you warm. Hunter green is a hard color to find. Amazon came through as usual!"", ""Well, we found it. Right color, right material. Thank you, Amazon"", ""Beautiful soft, lightweight and warm vellux blanket in a rich dark hunter green. Super fast shipping."", ""It is very durable and I would consider it very \""washing machine friendly\"". Mine arrived very soft (i.e. it was not stiff)."", ""Excellent quality blanket. Just what I was looking for."", ""This is also my third Vellux blanket. All are still kicking.""]",13.578666956163943,The available reviews do not provide enough information to answer this question.,True,143.5052080778405
G_121,REC_121,B00E8Y79SK,Home_and_Kitchen,long,descriptive,sentwin,10,How durable is the line itself?  Does it sag much if you hang a hand towel?,The line is very durable.     We have hangers on it all the time -- very little sagging.,KB_01608,1,"[""KB_01602"", ""KB_01605"", ""KB_01608"", ""KB_01604"", ""KB_01606"", ""KB_01608"", ""KB_01603"", ""KB_01611"", ""KB_01607"", ""KB_01606""]","[""This clothesline is just what we needed to replace one in our RV. The locking feature creates a tight line to hang wet towels on, which is what we use it for. I would recommend it for anyone looking for a line that you need occasionally that doesn't take up much space."", ""This is quality construction and works perfect in our RV garage. The locking mechanism is really great after you hang your wet stuff on it, you just pull in the line and tighten it thereby minimizing the sagging. Very good product!"", ""This is the sturdiest clothesline we've ever purchased. The line is thick and strong, the tension holds (rather than droops, like some other clotheslines) and is easy to put away.Works great - easy to install and use."", ""Like to hang up my delicates & things I don't want to risk possibly shrinking in dryer, sturdy enough to hold up 3 heavy sweatshirts to air dry! Just have the line hung in our master bathroom over the tub to use in the winter when I can't use my outdoor line, really looks great & durable!"", ""I put two pairs of pants on it and it sagged significantly. The line is not coated in plastic/rubber so the clothes slide down to the middle when it sags. I wish I could return the thing."", ""This is the sturdiest clothesline we've ever purchased. The line is thick and strong, the tension holds (rather than droops, like some other clotheslines) and is easy to put away.Works great - easy to install and use. ."", ""DH installed it so that when the line is not in use, it is not noticeable. Yes, it will support a line of wet clothing without sagging so much that the clothes all slide together if you tighten the line tension adjuster. Love it!"", ""Not as long as I wanted, should have heeded the reviews. It sags too much. Don't think I would recommend it."", ""It's perfect and easy to mount! I hang out laundry by day, put the line away when finished. I like the retraction design idea, very easy to use."", ""The line itself is basically a thin piece of string. I put two pairs of pants on it and it sagged significantly.""]",31.272249994799495,"The line's durability varies, with some reviewers finding it sturdy and strong, while others experience significant sagging, especially when hanging heavy or multiple items, such as two pairs of pants or a hand towel. The line is described as a thin piece of string by one reviewer. Some reviewers mention that tightening the line tension adjuster helps minimize sagging.",False,472.54591598175466
G_122,REC_122,B001076GP0,Health_and_Personal_Care,long,descriptive,sentwin,10,Does it work for a Series 7   760cc-a shaver? what is the difference in 760cc and 760cc-a?,[UNANSWERABLE],,1,"[""KB_01616"", ""KB_01615"", ""KB_01613"", ""KB_01618"", ""KB_01612"", ""KB_01620"", ""KB_01614"", ""KB_01612"", ""KB_01619"", ""KB_01621""]","[""The cord works for my 760cc Braun Razor. I would have given 5 stars, but the price while comparatively good, is more than a power cord should cost."", ""This product works as advertised. Can't say much else about it really besides it works and it fits my 760cc"", ""i had to get this adapter coz i forgot to get mine when i moved to the states .... as all braun products it works flawlessly .... but at $30 its ridiculously priced ... i was actually  considering getting one of the cheaper shavers  which were about $50 .... but the quality and the satisfaction of using a series 7 is way too high to compromise ... so i went ahead and bought it ...  but bottom line is TOO EXPENSIVE ! !"", ""Exact fit for my shaver. Lost the original and this is working well."", ""I bought this charger for my Braun 790CC-4. For those wondering, I got the Hugo Boss edition from a German seller."", ""I have a Braun Pulsonic shaver and i left the shaver charger cord in New Jersey and I live in Alaska. I couldn't find the charging cord anywhere in Alaska so i ordered it form Amazon and it got here in half the time Amazon told me it would and it worked like a dream."", ""Listed for my model but does not work as expected. Will charge razor but not work with cleaner."", ""So I bought this. Now I can charge my shaver with ease."", ""I immediately went to Amazon.com, found the replacement cord and ordered it. Due to your quick delivery time, the cord got here before the shaver battery went dead. Thanks!"", ""Without the cord, there is no way to power up the shaver when the battery is expended. It was along on the three-week trip \""just in case\"" the shaver battery went down. The battery lasted just fine for the entire trip, but it was low.""]",13.414458953775465,The available reviews do not provide enough information to answer this question.,True,152.99008297733963
G_123,REC_123,B00ANIYKRS,Patio_Lawn_and_Garden,long,descriptive,sentwin,10,The line won't auto-feed and I have to stop and manually pull it out every few minutes. HALP!,"That's only happened to me once. Pop the spool cap off (squeeze the two sides and pull it) and look at the spool of line. It's possible you have some sort of knot in the line stopping it feeding freely. If so, pull it out and rewind it. I've had very few problems with it, though if you're whacking weeds close to concrete or stone, for instance, it will wear quite fast, requiring stopping every minute or two to feed more line. BTW, you should hear the line feed click just before the head stops turning. The thing is designed for about a 1/4"" feed on each stop/start.",KB_01623,1,"[""KB_01625"", ""KB_01627"", ""KB_01626"", ""KB_01622"", ""KB_01630"", ""KB_01624"", ""KB_01629"", ""KB_01629"", ""KB_01624"", ""KB_01625""]","[""Been using this trimmer for about 6 months now, actually using it once in a while as the automatic feed never worked on it. It is so frustrating to have to stop and manually feed the line. The trimmer also does not allow you to get very close to the target area as the bulky front end is way too big for close trimming."", ""This is a hardliner for me and I NEVER allow myself to deviate from this ever.The trimmer portion works fantastic. Automatic feed, per the instructions when you turn off the trimmer wait 2 seconds and pull the power trigger twice and the line will extend. I use the power saver dial and by turning the dial to a minimum energy use I am able to trim the slightly under an acre yard."", ""It usually has about half charge left in the battery. I was concerned about the auto-feed for the line, but it's not a problem -- no waste."", ""The battery charges very quickly, it has enough power, and it's easy to use.The problem is the trimmer line won't feed properly. I have to stop and pull line by hand. It will notauto feed."", ""I loved it out of the box, but note that this is an extended length model, so it you are under 6 foot you may not be happy. The auto feed is a little annoying because you need to let the head slow down to get it to release the next peice so not as easy as tapping the head. For a snap at the head the have a release to manual extend, which is easier the starting and stopping 10 times, but once your trained it works ok."", ""After a few uses the trigger auto feed function stopped working. No matter how many times I press the button no line is advanced."", ""I bought this based on reviews and boy, what a mistake. First of all,  the automatic string feed is worthless. Sometimes it works, sometimes not."", ""Sometimes it works, sometimes not. I wasted lots of time manually advancing the line, not fun at all. It trims fair at best."", ""After a few uses the trigger auto feed function stopped working. No matter how many times I press the button no line is advanced. There is a manual release button on the side of the spool housing but this requires you flip the tool upside down every few minute or so.If you are looking for a good option please save yourself the money and look somewhere else."", ""Been using this trimmer for about 6 months now, actually using it once in a while as the automatic feed never worked on it. It is so frustrating to have to stop and manually feed the line.""]",16.609541955403984,"According to one review, to get the automatic feed working, you should turn off the trimmer, wait 2 seconds, and pull the power trigger twice. However, multiple reviews suggest that the auto-feed function may not work reliably.",False,466.9974580174312
G_124,REC_124,B009T7H0QM,Home_and_Kitchen,long,descriptive,sentwin,10,"can youadjust the temperature manually or are there just ""settings,"" like on a crock pot ?","There are temperature settings you can set if you use it in ""oven"" mode.  There are also low, high, and keep warm settings if you want to use it like a crockpot.",KB_01637,1,"[""KB_01632"", ""KB_01634"", ""KB_01637"", ""KB_01640"", ""KB_01633"", ""KB_01638"", ""KB_01632"", ""KB_01632"", ""KB_01635"", ""KB_01636""]","[""A few people have told me that this product was a great way to cook your meals. I tried it and I have to agree, it is so simple to just throw everything in the pot, turn it on, and just sit back and let the crock pot do its thing. The meals I have cooked in this crock pot were very tasty."", ""It's easy to clean. The cooking system gets hot, so you have to be careful with it. The unit must be used on an open counter because of the vent-hole in the lid."", ""As a bonus, it's much easier to wash than my slow cooker; although instructions say dishwasher safe, I continue to hand wash it.) I've used it on all settings, and have yet to have a meal that's failed."", ""Ready to make breakfast in the morning. I fix the coffee pot before I go to bed and in the morningall I have to do is turn it on and then fix the eggs, pancakes and sausage on the grill! Then I put dinner in the Ninja and let it cook until dinner time."", ""Excellent results and very convenient. I especially like being able to brown the meat and then cook it in the same pot. ;"", ""My suggestion is to let the pot cool after cooking and then cleaning immediately to avoid \""stuck\"" on foods. This product is not dishwasher safe, so know going in that you have to hand wash."", ""I have seen  this same crock pot elsewhere for at least $50.00 cheaper!!! A few people have told me that this product was a great way to cook your meals."", ""I tried it and I have to agree, it is so simple to just throw everything in the pot, turn it on, and just sit back and let the crock pot do its thing. The meals I have cooked in this crock pot were very tasty."", ""I was looking for some type of slow cooker that could sear meat. Cooker does everything it claims to do, but there are a few things that took a star away from my review. 1."", ""I will not buy any more crock pots that can't sear, but I'm hoping that Crockpot comes out with a searing version at a much lower price. I'm expecting they will in the future.""]",16.221666941419244,The available reviews do not provide enough information to answer this question.,True,509.762458037585
G_125,REC_125,B00101TXPG,Baby,long,descriptive,sentwin,10,"I like being able to hear everything that goes on in my baby's room.  Can you clearly hear all background noises (e.g., wave machines, etc.)?",It is quite clear but the volume is not high. We use it for our quadriplegic daughter when she calls in the middle of the night. I like that we don't get static from other electrical objects or the aluminum wiring in this house.,KB_01649,1,"[""KB_01643"", ""KB_01642"", ""KB_01647"", ""KB_01643"", ""KB_01646"", ""KB_01645"", ""KB_01648"", ""KB_01644"", ""KB_01648"", ""KB_01650""]","[""It has a great mic, you can definitely hear everything going on in the babys room: a clock ticking, the sound that the curtain makes, etc. Even if the baby breathes deeply and you have the parents unit on loud you can hear it perfectly. I like that about it.There is no static on mine at all."", ""I sleep with a sound machine next to my bed (my baby's shuts off after 20 min), and I can clearly hear him over that.I also like that the fact that if the baby unit fails or the power goes out, the parent unit immediately makes a horrendous beep.CONS:I don't like that there is no battery backup for the baby unit.Finally, I think that the ease of use could be better (hence 4 stars)."", ""I have packed it and moved it, dropped it on the floor, kicked it and it is still working. I can hear everything clearly...if I turn it up to the highest level I can hear my daughter breathing. Of course then if its at the highest level when she starts crying its REALLY loud."", ""I've had several monitors over the years and I can tell you, for this price range this is as good as it gets. It has a great mic, you can definitely hear everything going on in the babys room: a clock ticking, the sound that the curtain makes, etc. Even if the baby breathes deeply and you have the parents unit on loud you can hear it perfectly."", ""Big mistake. One cannot hear the baby's small noises if there is TV, you are talking to someone, the bathroom fan is on etc. It is really painful."", ""Since it is digital, I have had no problem with interference. The sound quality is great, I can clearly hear the baby noises, even with background noises (white noise maker, music from the swing). The unique aspect of the monitor is the visual sound indicator."", ""We can still hear everything with no problem. There is background noise, a slight hum, all the time, but we don't find it to be an issue."", ""This is a great monitor.I feel like I can hear everything going on in Baby's room, NO interference, no pesky channels to mess with.The design is beautiful."", ""We can go down to the basement level with the parent unit and still be within range. We can still hear everything with no problem. There is background noise, a slight hum, all the time, but we don't find it to be an issue."", ""i sometimes have to check to make sure it's still on- it is just that quiet. yes, the light on the baby monitor does blink when you have the parent monitor off, but i just put my baby monitor on the opposite side of his room (about 12' away) and i can still hear him perfectly clearly on the second volume level.buy this monitor! !""]",16.21966704260558,"You can clearly hear all background noises, such as wave machines, with this monitor. Reviews mention being able to hear clocks ticking, curtain sounds, and white noise makers, even with the parent unit on loud. However, one review notes that small noises may not be audible with louder background noises like TV or talking.",False,513.440000009723
G_126,REC_126,B009HRFGNS,Home_and_Kitchen,medium,descriptive,sentwin,10,Is this oven big enough to cook a turkey?,It's only big enough for a 5 lb. chicken or turkey if you can find a really small one.,KB_01652,1,"[""KB_01654"", ""KB_01652"", ""KB_01658"", ""KB_01653"", ""KB_01652"", ""KB_01653"", ""KB_01652"", ""KB_01661"", ""KB_01656"", ""KB_01657""]","[""This toaster oven exceeds my expectations. I wanted something to cook small portion and not use my oven,this oven is perfect to bake and boil in."", ""This fit the bill. One of the big complaints was that our old oven wasn't big enough to really do a nice chicken in the rotisserie, but this is a little bigger so should do fine (other reviews stated up to 5lbs and I haven't used that feature just yet). Everything else really cooks well in there."", ""The oven is plenty functional. I love the top shelf under the lid."", ""use this oven all the time. Toast sandwiches, backed cookies, baked muffins, and breakfast."", ""Works great. Had to find something to replace the little oven that we had and love the griddle on top. This fit the bill."", ""Recommend the rotiserie baking kit it Fits well. Does everything my big oven does but sits on my counter top. :-)"", ""One of the big complaints was that our old oven wasn't big enough to really do a nice chicken in the rotisserie, but this is a little bigger so should do fine (other reviews stated up to 5lbs and I haven't used that feature just yet). Everything else really cooks well in there. I am very happy with it."", ""Has multiple uses and works wonderfully. Saves on energy as opposed to running the oven too. If you're debating, then I would say YES for sure!"", ""This is a very nice 6 slice counter top toaster oven, however when you bake or toast with the oven you will have to rotate the dish front to back half way through or the bake will cook more than the front as the door is not insulated and does not stay at the same temperature as the back of the oven."", ""I bought this a few months ago as a stop-gap while our regular stove's oven was being repaired. First impressions: The materials/pieces were way more light and flimsy than I expected.""]",13.060208992101252,"The oven can fit up to 5lbs, which is sufficient for a chicken, but there is no mention of its capacity to cook a turkey.",False,407.5685410061851
G_127,REC_127,B00GYBZURM,Toys_and_Games,long,descriptive,sentwin,10,Does this kit come with a go-pro camera? I am building my own drone and would like to include an FPV system...,No you must buy your own camera,KB_01667,1,"[""KB_01662"", ""KB_01662"", ""KB_01670"", ""KB_01669"", ""KB_01664"", ""KB_01667"", ""KB_01662"", ""KB_01666"", ""KB_01664"", ""KB_01668""]","[""I have been doing a lot of flying with my DJI Phantom 2 and F550 Hexacopter for a little bit and wanted to take my flying and filming to the next level. I wanted to be able to comfortably fly far distances out side of my line of sight, and the ability to frame up my shots for ariel video via my go pro 3+."", ""I have been using the KumbaCam advanced kit for 3 weeks now and it rocks! I have been doing a lot of flying with my DJI Phantom 2 and F550 Hexacopter for a little bit and wanted to take my flying and filming to the next level. I wanted to be able to comfortably fly far distances out side of my line of sight, and the ability to frame up my shots for ariel video via my go pro 3+."", ""I spent hours and hours researching FPV kits and components, watching many youtube videos. Because I needed a video kit installed on my Phantom in time for my sons upcoming wedding, I went and and threw in the towel and purchased this kit because it was just the easiest thing to do and I couldn't sort out all the conflicting information regarding other similar products."", ""The sunshades snap together on the monitor in seconds and with the built in (removable YAYYY) battery, the monitor itself is great. I was able to get some really good use out of it and adds that extra level of FPV i really needed. The kit has been nothing short of great."", ""I hook my FPV system today and it work perfect and it was very simple to do. I was not flying my DJI phantom 2 but if there is any indacation on how it was going to work I am very happy."", ""I bought the advanced unit one month ago and had several problems with it including burning a Gopro and having to send my advanced unit back for repairs. It came back as not defective and it was still not working to specifications(signal would go out at about 100ft)."", ""I have been using the KumbaCam advanced kit for 3 weeks now and it rocks! I have been doing a lot of flying with my DJI Phantom 2 and F550 Hexacopter for a little bit and wanted to take my flying and filming to the next level."", ""There's also something to be said for a U.S. company to buy from if you have issues.And boy am I glad that I did buy from KumbaCam. I received the kit on a Friday and installed it the next day and performed my first test flights."", ""I hook my FPV system today and it work perfect and it was very simple to do. I was not flying my DJI phantom 2 but if there is any indacation on how it was going to work I am very happy. Now I can't wait to take it out flying, but it has been way to windy."", ""Unfortunately I don't of anyone else who owns anything with this or other FPV kits, so I don't have anything to compare mine with.But the way I'm looking at it, it works fine for closeup work, and maybe out to a few hundred feet under good conditions. I'm assuming that it's doing the best it can and I'll go on from here.""]",11.700709001161158,The available reviews do not provide enough information to answer this question.,True,538.3922919863835
G_128,REC_128,B00GGN264I,Health_and_Personal_Care,short,descriptive,sentwin,10,Is psyllium better than inulin?,"Most psyllium products need sugar, artificial sugar and color and other additives to make it palatable.  I doubt if any of us need those additives and Clear and Natural is 100percent inulin without additives.  Strange that it costs more without all that other""stuff""!",KB_01673,1,"[""KB_01673"", ""KB_01680"", ""KB_01672"", ""KB_01672"", ""KB_01675"", ""KB_01673"", ""KB_01676"", ""KB_01676"", ""KB_01678"", ""KB_01677""]","[""The active ingredient in Clear & Natural is &#34;inulin&#34;, an insoluble fiber supplement, which has controversial reviews from various users and authorities, regarding its efficacy and effectiveness. I found that it resulted in serious gastrointestinal distress, gas and flatulence."", ""Title says it all! This is the best fiber supplement out there - smooth and tasteless, and mixes in any liquid."", ""this product works so well for me - much better than a wheat product. and I don't like the physillium products"", ""when I found that I couldn't buy this product because the manufacturer wasn't making it anymore I was looking for a replacement but was happy to find it available at a great price on Amazon. this product works so well for me - much better than a wheat product. and I don't like the physillium products"", ""large size in stores in my area for $16 to $18 per bottle if i can find it at all. I highly recommend Clear & Natural & will buy it again."", ""The active ingredient in Clear & Natural is &#34;inulin&#34;, an insoluble fiber supplement, which has controversial reviews from various users and authorities, regarding its efficacy and effectiveness. I found that it resulted in serious gastrointestinal distress, gas and flatulence. I promptly returned it to Amazon and cannot recommend it."", ""Works like a charm and no disgusting grit or slime. I use it everyday with results. Really helped my intetstinal condition."", ""Works like a charm and no disgusting grit or slime. I use it everyday with results."", ""Very happy with this product."", ""Delivery was quick. Glad I found it as it as this particular Metamucil is not stocked in many stores in my area.""]",16.12225000280887,"One reviewer found inulin to cause gastrointestinal distress, while another reviewer prefers their current product over psyllium products, but the reviews do not provide a direct comparison of the two. The available reviews do not provide enough information to definitively answer this question.",True,486.8567920057103
G_129,REC_129,B008AG5VOQ,Toys_and_Games,long,descriptive,sentwin,10,Does this tricycle have an easy way of taking on and off the push handle and does it fold down for transport?,Push handle easily removed with a single pin under the seat . Does not collapse or fold down.,KB_01685,1,"[""KB_01688"", ""KB_01687"", ""KB_01685"", ""KB_01683"", ""KB_01687"", ""KB_01684"", ""KB_01690"", ""KB_01682"", ""KB_01690"", ""KB_01686""]","[""I have a 17 month old and a 2 month old, and I can wear my 2 month old in a harness while I push my 17 month old on this trike. I love how it transforms from a &#34;stroller&#34; into a tricycle. You get a lot of use out of this and truly get your money's worth."", ""The tricycle isn't extremely high quality. The pushing handle has alot of slop in it as others mentioned but doesn't make it too hard to navigate with. I compared lots of similar products and if I had to do it again, I would still purchase this."", ""I really like this tricycle. I just with the handle was a little taller for my man and he's only 5'9&#34;."", ""Easy to assemble, less than 30 minutes. Still a stroller but well on it's way to becoming a trike. Extremely well built and very sturdy."", ""The tricycle isn't extremely high quality. The pushing handle has alot of slop in it as others mentioned but doesn't make it too hard to navigate with."", ""We bought this for my daughter as a birthday gift she absolutely loves this thing its great for taking her to the park i only wish the handle would be a little longer definitely not for tall parents but other than that we love it"", ""It just feels like thin and cheap plastic. The little canopy is difficult to get on and off. While it's on, you can't actually see your toddler--even when you fold it back."", ""Great growing bike. Easy assembly, I only needed my husband to hammer in one of the wheels. I really like that it will grow with my daughter and that the push handle is adjustable, I am tall at almost 6 foot so I appreciate the adjustable handle."", ""While it's on, you can't actually see your toddler--even when you fold it back. The worse is that the pin that olds the handles for the adult to push in the back is loose in its design."", ""Steering is fine and easy. WE even go through the grassy yard!""]",12.516707996837795,The available reviews do not provide enough information to answer this question.,True,306.2182089779526
G_130,REC_130,B00004RGB7,Home_and_Kitchen,short,descriptive,sentwin,10,Is it difficult to clean?,No,KB_01693,1,"[""KB_01700"", ""KB_01699"", ""KB_01691"", ""KB_01697"", ""KB_01699"", ""KB_01696"", ""KB_01698"", ""KB_01695"", ""KB_01693"", ""KB_01695""]","[""He uses it all the time.Never burn the cheese sauce again! And it is really easy to clean."", ""Fine double boiler. Be careful to clean the little crevice well. I use a plastic scrubbie on it."", ""The handles stay cool and the pots are still in great condition after two years. My only gripe is that the insert has a groove on the inside (where it sits on the rim of the lower pot) that is difficult to clean if food gets into it."", ""Although I rarely use the double boiling feature, it's been effective (if you know what you're doing). My big complaints are that they don't clean easily and you'll definitely need potholders for the handles."", ""Be careful to clean the little crevice well. I use a plastic scrubbie on it. Bottom pot makes a good extra pot."", ""I adore them. They cook evenly and are easy to clean. Great product!"", ""This double boiler is an excellent value and thankfully, 100 percent stainless steel. It arrived promptly, was very reasonably priced, and is easy to clean. Would recommend highly!"", ""Great item does the job well cools even ,ease to clean. and of course no stick  to the bottom of pot."", ""So I'm thrilled with my purchase. It's heavy duty, has a beautiful finish, cleans up easily, and everything fits together perfectly."", ""Great item does the job well cools even ,ease to clean. and of course no stick  to the bottom of pot. Great for all jobs.""]",12.013625004328787,"Some reviewers found it easy to clean, while others mentioned that certain parts, such as the insert's groove or crevices, can be difficult to clean. Overall, opinions on cleaning difficulty are mixed.",False,731.0450419317931
G_131,REC_131,B001DEYVXO,Electronics,medium,descriptive,sentwin,10,Anybody know if this works with windows 8?,"Yes, I have been using the Hauppauge TV Tuner with Windows 8 for about a month with no issues.",KB_01707,1,"[""KB_01702"", ""KB_01706"", ""KB_01707"", ""KB_01702"", ""KB_01704"", ""KB_01705"", ""KB_01708"", ""KB_01707"", ""KB_01709"", ""KB_01703""]","[""I would've given this tuner 5 stars if I could figure out how to make the remote control work with media center and/or if the antenna was higher quality. I bought this unit because it was listed as compatible by the most people on the Microsoft Win 8 Compatibility Center web site. I haven't been able to get the remote control to work with Media Center."", ""I'm generally quite tech-savvy, but for some reason I could not get any channels initially. To make a long story short, it eventually started working after a few hours (and an upgrade to Windows 8), and it seems to work well now.I give it four stars because the picture quality is quite good, the scheduling works well, and it otherwise meets my needs."", ""The Hauppauge works perfectly with my Lenovo laptop running Windows 8. I called the Hauppauge company for advice about which tuner to purchase and received friendly and competent customer service."", ""I haven't been able to get the remote control to work with Media Center. I suspect it only works with the OEM software? I would appreciate any feedback on this if you know otherwise."", ""Review of Hauppauge! WinTV-HVR 950Q HYBRID TV STICKThis review is based on my use of the TV adapter on two computers and the supplied antenna and a cable connection on two computers.An old Dell Latitude D running Windows XP and an ASUS Viveotab Smart running Windows 8 (no CD/DVD drive)I am not a computer expert, but I do know my way around them.LOADING THE SOFTWAREI loaded the CD into the Del and followed the directions. The software loaded as expected."", ""I would recommend. OS in Windows 8.1 on a 11.6 netbook with Intel Celeron 1.5ghz 4 gb ram.."", ""I'm running Windows 8 Pro. The device is compatible."", ""The tuner works perfectly. Based on reviews, I also decided to purchase Windows Media Center ($100 extra to convert Windows 8 to Windows 8 Pro) and don't regret it. The tuner has worked seamlessly and easily with Windows Media Center."", ""I purchased a Hauppauge TV tuner card many years ago in order to use it with my Win98 machine; never worked worth a damn. So I figured they would have only gotten better over a decade, right?"", ""Bought an amplified antenna7. Software had to be updated.8. Internet explorer crashed downloading the updated software.9.""]",12.524915975518525,"This device works with Windows 8, as multiple reviewers have confirmed its compatibility with the operating system. Some reviewers have also mentioned using it with Windows 8 Pro and Windows 8.1. The device seems to work seamlessly with Windows Media Center on Windows 8.",False,499.8126670252532
G_132,REC_132,B00276BKBS,Health_and_Personal_Care,short,descriptive,sentwin,10,How many servings per container?,Product label says 28. Using the measuring scoop  provided  you will get 28 single servings per container.P Galie,KB_01711,1,"[""KB_01711"", ""KB_01720"", ""KB_01720"", ""KB_01713"", ""KB_01712"", ""KB_01717"", ""KB_01720"", ""KB_01719"", ""KB_01718"", ""KB_01712""]","[""You get 28 servings per jar, so if you take one a day it will last you all month.I prefer to take it with about 8 ounces of cold water stirred in a glass with a spoon (easier to use a blender). I may try it with other types of drinks, but just the water seems to work quite well.All in all, This stuff is great for Vegans or anyone who wants a fine meal replacer."", ""I use ONE SCOOP as two is just way way too thick! Just shy of a full scoop in a 16 ounce tumbler it full to the top with 12-14 ounces of rice milk!Excellent, will definately buy more!"", ""the taste is excellent, very berry flavored and when mixed with rice milk and some frozen berries and a frozen banana, it makes an EXCELLENT meal replacement! I use ONE SCOOP as two is just way way too thick! Just shy of a full scoop in a 16 ounce tumbler it full to the top with 12-14 ounces of rice milk!Excellent, will definately buy more!"", ""It gives me 215 Calories of solid nutrition and takes the place of the other supplements I would normally take (a multivitamin and a probiotic).As a diet supplement I think this is second to none -- the price per serving is comparable to prepackaged diet shakes and those are nutritional train wrecks compared to this."", ""I'll be sticking with this one. Cheap tastes good, mixes well, and give me a huge burt of energy because it's so easy to digest. I mix it in a blender with apples, bananas oranges and dates."", ""I have been using The Ultimate Meal for a long time but I wanted something with a few more vitamins and a little cheaper. Tru-Food Vegan has a lot of nutritious ingredients, many are organic and the price is reasonable."", ""I gotta say that this is an excellent product! the taste is excellent, very berry flavored and when mixed with rice milk and some frozen berries and a frozen banana, it makes an EXCELLENT meal replacement! I use ONE SCOOP as two is just way way too thick!"", ""Who knows). Heck, I'll own up - I reused my smoothie bottle without washing it between doses, and didn't even notice.3. Label comparison - Tru-Food and VegaOne really are comparable."", ""I have been a fan of the Vega product line for the past couple of years and read Brendan Brazier's books. Although I think the whole lifestyle concept is great, I was less enthused about the high cost per serving of the Vega products. Looking for a healthy and wholesome alternative I came across this product."", ""I mix it in a blender with apples, bananas oranges and dates. I find it lasts 1-2 days unrefrigerated if kept in a sealed container. Does seem to give me a bit of gas though, as one would expect with a product made of plant-based organic matter.""]",12.500333017669618,You get 28 servings per jar.,False,302.63370799366385
G_133,REC_133,B0063N7OZ2,Electronics,long,descriptive,sentwin,10,Can a cop pull you over in the state of CT for having the detector hanging from your rear view? You can get pulled for hanging an air freshener.,[UNANSWERABLE],,1,"[""KB_01728"", ""KB_01724"", ""KB_01721"", ""KB_01729"", ""KB_01727"", ""KB_01722"", ""KB_01724"", ""KB_01730"", ""KB_01721"", ""KB_01729""]","[""While you can still run your traditional cigarette lighter chord up the the detector, hardwiring it eliminates that curly chord from having to run from your dash up to your mirror. I mean really, if you're going to go through the trouble the make your detector look sleek by mounting it to your rear-view, you might as well go all the way by hardwiring your detector to your car.Overall, great product and a breeze to install!"", ""Very easy to install. Radar detector looks great hanging under the mirror instead of hanging from the windshield. Gives the radar detector a clearer view of the road."", ""The Radar Detector can be moved around in any direction to assure a level install of the RD. Once installed the only thing I see is the RD hanging under my rear view mirror."", ""I like it, simple and it works well. The detector is stable if you tighten down the screws. I am going to buy a 2nd one for the other car."", ""It does what I need it to.- The hardware is metal, so be careful as it scratches the rear view mirror stem easily- You have to tighten the adjustment screws really tight to keep it from sliding down- I wish it could put the detector closer to the windshield instead of directly under the mirror. Right now it is extended as far into the windshield as possible, but still about a foot away"", ""Rock solidly built out of aluminum with superior strength. Easy to attach to the rear view mirror and holds my Solo Radar Detector firmly in place. Somewhat expensive, but in life you get what you pay for!"", ""Radar detector looks great hanging under the mirror instead of hanging from the windshield. Gives the radar detector a clearer view of the road."", ""The package also included the mount for BEL/Escort detectors, no need to reuse your suction cup mount (you can keep this in tack for when temporarily using your detector in another vehicle).The mount seems to be well though out, and provides adjustment along all three axises, allowing you to align and place the detector snugly below your rear mirror.I installed mine with a hardwire kit that taps into the rear view power supply, keeping the install clean."", ""The Radar Detector can be moved around in any direction to assure a level install of the RD. Once installed the only thing I see is the RD hanging under my rear view mirror. The Ultimount is completely hidden behind the mirror, (It was smaller than I imagined it would be when I ordered it)."", ""Installation is self explanatory, no need to watch the video. Just clamp it on the rear view mirror, use the thumb screws to adjust the height and distance forward/back and then take off your suction cups and bolt the bracket to your mount.""]",16.882749972864985,The available reviews do not provide enough information to answer this question.,True,350.29012500308454
G_134,REC_134,B003C6RR1E,Health_and_Personal_Care,short,descriptive,sentwin,10,what is the ingredient formula?,[UNANSWERABLE],,1,"[""KB_01731"", ""KB_01734"", ""KB_01734"", ""KB_01734"", ""KB_01733"", ""KB_01735"", ""KB_01733"", ""KB_01732"", ""KB_01733"", ""KB_01735""]","[""eye doctor says this is only formula that works this is only product i could find that matched formula available other then band he sold for much higher price"", ""My eye doctor recommended an ocular supplement. This product contained the ingredients and the amount needed at a price that is cheaper than what my doctor suggested. The package was delivered in a timely manner and in good condition."", ""My eye doctor recommended an ocular supplement. This product contained the ingredients and the amount needed at a price that is cheaper than what my doctor suggested."", ""The package was delivered in a timely manner and in good condition. I will continue to order this product."", ""Packaged differently than in the USA. Package was a bit damaged when it arrived but the product looks the same. It is priced better than in the USA but I wish the packaging was better for the long trip overseas."", ""All I can say is that it works. My eyes have never felt better."", ""Packaged differently than in the USA. Package was a bit damaged when it arrived but the product looks the same."", ""Saved money purchasing on-line versus at the doctor's office.Product arrived just as described. Very convenient and efficient.Highly recommend!"", ""Package was a bit damaged when it arrived but the product looks the same. It is priced better than in the USA but I wish the packaging was better for the long trip overseas."", ""All I can say is that it works. My eyes have never felt better. I would recommend this too anyone.""]",12.19954201951623,The available reviews do not provide enough information to answer this question.,True,368.2857919484377
G_135,REC_135,B00A9PKN3A,Sports_and_Outdoors,medium,descriptive,sentwin,10,Does the bike have to be assembled?,Yes,KB_01736,1,"[""KB_01745"", ""KB_01736"", ""KB_01737"", ""KB_01742"", ""KB_01745"", ""KB_01739"", ""KB_01738"", ""KB_01740"", ""KB_01736"", ""KB_01745""]","[""Bike was delivered in a double box so that helped eliminate the chance of damage. The bike went together easily and worked fine. Seems to be a nice bike for the price"", ""It's delivered in disassemble condition and without any tools. If you are not familiar with bike, so please buy one from bike stores, But the assembled one in bike store is nearly $300 as far as I know. So pay attention."", ""From the moment I took this out of the box I was thinking oops, this looks like junk. I got it assembled and never really could get it adusted right. The wheel was slightly bent and it constantly rubbed the brake."", ""This is a wonderful bike. Very light, rides very well, have had it for 2 years with no problems whatsoever."", ""Bike was delivered in a double box so that helped eliminate the chance of damage. The bike went together easily and worked fine."", ""AROCK used to ride this bike but he broke it in half 87 times before he was ready to fo."", ""It is a nice bike but you need to go to the store have a whole body adjustment to make it safety."", ""Already broken. I will not purchase this bike again. I was not able to return it either."", ""It's delivered in disassemble condition and without any tools. If you are not familiar with bike, so please buy one from bike stores, But the assembled one in bike store is nearly $300 as far as I know."", ""The bike went together easily and worked fine. Seems to be a nice bike for the price""]",13.196042040362954,"The bike is delivered in a disassembled condition and requires assembly. It does not come with tools, and some reviewers found it easy to assemble while others had difficulties.",False,817.5547090359032
G_136,REC_136,B0090EC7BM,Electronics,medium,descriptive,sentwin,10,if it comes with the wiring connector?,[UNANSWERABLE],,1,"[""KB_01748"", ""KB_01752"", ""KB_01746"", ""KB_01751"", ""KB_01750"", ""KB_01746"", ""KB_01752"", ""KB_01752"", ""KB_01754"", ""KB_01751""]","[""You also need the wiring harness conversion (and wire crimp connectors), a bracket and a molding piece specific for your car/truck. We did successfully install the radio in my sons 97 honda civic where the radio does match the space but still does not allow screws to a mounting bracket to allow vibrations from moving it."", ""I bought this to replace my OEM radio so I could use an XM tuner. It was fairly easy to install, I had to purchase a connector separately that would connect to the factory harness. XM tuner plugged right in, as well as the Blue tooth Mic."", ""It also comes with a wireless remote control. It was really easy to hook up my small subwoofer with amp."", ""I installed this about a week ago in my 2006 Nissan Frontier. Install was very easy thanks to theMetra 70-7550 Radio Wiring Harness For Nissan 95-Up Power 4 Speakerand theMetra 99-7581 Niss Pathfinder/Frontier 05-Up Dashkit.I was easily able to figure out how to pair with my phone via Bluetooth. Operation is pretty straight forward."", ""Got this radio installed in my 2006 Eclipse. Works great and sounds much better than the stock single disc."", ""It also comes with a wireless remote control. It was really easy to hook up my small subwoofer with amp. There are built in settings that allow you to make all the base go to the sub instead of the speakers."", ""It was fairly easy to install, I had to purchase a connector separately that would connect to the factory harness. XM tuner plugged right in, as well as the Blue tooth Mic. Blue tooth works great, no complaints from callers, and I can hear them clearly."", ""I bought this to replace my OEM radio so I could use an XM tuner. It was fairly easy to install, I had to purchase a connector separately that would connect to the factory harness."", ""it will kill the carputer market.but one thing i would like to point out is the app software looks nothing like the one in the videos. i was expecting a full stereo interface with eq and volume etc."", ""I installed this about a week ago in my 2006 Nissan Frontier. Install was very easy thanks to theMetra 70-7550 Radio Wiring Harness For Nissan 95-Up Power 4 Speakerand theMetra 99-7581 Niss Pathfinder/Frontier 05-Up Dashkit.I was easily able to figure out how to pair with my phone via Bluetooth.""]",11.895166942849755,The available reviews do not provide enough information to answer this question.,True,614.5341250812635
G_137,REC_137,B004CLYAJK,Home_and_Kitchen,medium,descriptive,sentwin,10,How large of an area does this cover?,[UNANSWERABLE],,1,"[""KB_01760"", ""KB_01756"", ""KB_01759"", ""KB_01756"", ""KB_01758"", ""KB_01764"", ""KB_01759"", ""KB_01765"", ""KB_01757"", ""KB_01760""]","[""It was a little on the overkill side, but it does a fantastic job. Especially if you have pets and babies under the same roof.This little number is great for one large room. The timer is great - set it and forget it, and I like the three speed settings in case I want it on but don't want to hear it much."", ""Reduced a lot dust in rooms! Easily portable to cover all rooms! Wish I bought two when they were on sale!"", ""Immediately noticed the difference at night when sleeping. Very heavy pollution and allergens in our area and it really cut down on those symptoms. Easy to clean and there was quite a lot on the filters, evidence of  the effectiveness."", ""Great for price!! Reduced a lot dust in rooms! Easily portable to cover all rooms!"", ""I highly recommend. I plan on purchasing another unit in the future to put in the living room area of our house. Great product!"", ""it generates more cool air than I expected however it is really taking care of the smoke in the homeI purchased this for my parents as one smokes and one can't anymoreit has made the environment much more breathable"", ""Easy to clean and there was quite a lot on the filters, evidence of  the effectiveness. Only question, as with all products these days, is how long will it last?"", ""no 5 star review because i have yet to see how it stands up to time, and it isn't revolutionary. Have only had it for a week and a half but noticeably cleaner air in the first day."", ""The only drawback is that the lights on the top are really bright. I have to cover them up with a book when using the purifier at night."", ""I used to have a $$& Air-Pura. It was a little on the overkill side, but it does a fantastic job. Especially if you have pets and babies under the same roof.This little number is great for one large room.""]",12.405875022523105,This product is great for one large room and can be easily portable to cover all rooms. It is effective in reducing dust and allergens in the area it covers.,False,717.4628750653937
G_138,REC_138,B00GN5DHH4,Electronics,medium,descriptive,sentwin,10,Does the ear piece come with a microphone to talk into?,"The microphone is not the best quality, several of ours stopped working after just a few days. But the earpieces and the radios were still well worth the purchase.",KB_01770,1,"[""KB_01769"", ""KB_01766"", ""KB_01767"", ""KB_01768"", ""KB_01769"", ""KB_01770"", ""KB_01769"", ""KB_01770"", ""KB_01769"", ""KB_01769""]","[""We had the speaker keep the mic open on the radio so the crew in the back could hear. The ear pieces work great."", ""They talk to you and tell you which channel it is on and when the power is low. You can use the ear pieces... or not."", ""We operate a large testing lab, where we need to stay in touch. The ear piece is a little uncomfortable, but better than I expected. The sound quality is good and the units appear to be well made."", ""I wanted something that was hard to mess up, dials for power and channels help achieve that simplicity. The ear sets that come with the radios aren't great, I ordered different ones, found one stopped working well the first time I used it. Over they are a fantastic radio and the price is great!"", ""While the MC was speaking I unplugged my headset and turned up the volume and everyone around me was able to hear the speaker through the radio. We had the speaker keep the mic open on the radio so the crew in the back could hear. The ear pieces work great."", ""I purchased 10 total and ordered the clear earpieces produced by the same company. The earpieces that come with them aren't worth it. That's why this is a 4 star review."", ""The radios were great, we were able to speak with each other and hear each other regardless of the noise around us. While the MC was speaking I unplugged my headset and turned up the volume and everyone around me was able to hear the speaker through the radio. We had the speaker keep the mic open on the radio so the crew in the back could hear."", ""I purchased these a few weeks back for our church worship/media and ministry teams. I purchased 10 total and ordered the clear earpieces produced by the same company. The earpieces that come with them aren't worth it."", ""We purchased the radios to keep in communication when setting up and orchestrating a fireworks show. The radios were great, we were able to speak with each other and hear each other regardless of the noise around us. While the MC was speaking I unplugged my headset and turned up the volume and everyone around me was able to hear the speaker through the radio."", ""We purchased the radios to keep in communication when setting up and orchestrating a fireworks show. The radios were great, we were able to speak with each other and hear each other regardless of the noise around us.""]",16.35954191442579,The available reviews do not provide enough information to answer this question.,True,409.06724997330457
G_139,REC_139,B00067MVUE,Pet_Supplies,medium,descriptive,sentwin,10,What parts of it are made of metal?,Just the springs are metal. If you leave the Scoop outside they do rust eventually but last for years. Mine was in the weather for many years before they rusted and broke but would have lasted longer if I kept it indoors. I immediately bought another Scoop as it is such a good product.,KB_01784,1,"[""KB_01777"", ""KB_01780"", ""KB_01778"", ""KB_01783"", ""KB_01782"", ""KB_01780"", ""KB_01775"", ""KB_01776"", ""KB_01784"", ""KB_01779""]","[""Sooner or later, and it seems like it's sooner, the cheap plastic gives out and snaps somewhere and the thing is useless. Shop around and find one made of metal. Otherwise, this will be an ongoing expense."", ""It's plastic. Enough said."", ""It really REALY needs a flashlight that points down at the scoop. (guess I could get out the duck tape) I wish it was made of metal also so I could wack a stray without worrying about it disintegrating on me.Chris Olsen"", ""Returned item and received a new one. Parts were all on this one. Yay!!"", ""Works great. The last one I had (different manufacturer) rusted at the metal springs. Since I leave this thing outside (obviously) I need one that will last!"", ""Enough said. You are better off purchasing a metal unit that won't break and will last more than a minute."", ""I love this its great just remember to put some WD40 on the metal parts. Worth a repeat purchase so I did."", ""THis is a nice scooper works amazing and gets the job done. It is plastic and some metal parts so it would be wise to keep in in a shed or outside closet out of the rain."", ""As they are giant breeds, they eat a ton, and tend to \""return\"" just as much to my backyard. I don't really like the old metal rake types since they need two hands, so I picked this up."", ""We have 3 dogs so this is a must around the yard. No issues with broken parts or malfunctions.""]",13.138749985955656,"The metal parts include the springs. Additionally, some models have some metal parts, but the specific parts are not detailed.",False,469.9598749866709
G_140,REC_140,B000F6Y686,Electronics,long,descriptive,sentwin,10,Does this let you focus at objects at ~12x telephoto zoom from a closer distance than with the normal lens setup of an FZ200?,[UNANSWERABLE],,1,"[""KB_01788"", ""KB_01791"", ""KB_01790"", ""KB_01788"", ""KB_01794"", ""KB_01786"", ""KB_01793"", ""KB_01789"", ""KB_01791"", ""KB_01787""]","[""At least it works with them, but it adds to the screwing/unscrewing process. Good info to know.-The FZ-200 does focus better if you zoom all the way in to 48X (iZoom) rather than leaving it at 24X and cropping it later. The image quality will be otherwise identical once processed and cropped, but the focus at the time of shooting is better if you zoom in to 48X."", ""If you have an an FZ50, this is your only telephoto option. Optically, it works quite well, with good sharpness across the entire lens, but some of the mechanical aspects of it could have been better done."", ""I enjoy birdwatching and naturally I wish to photograph the birds I see when I can. I used this lens with the FZ7 on a trip to Maui. I saw the i'iwi and apapane, but those birds flit around too much for me to be able to get a pic."", ""Good info to know.-The FZ-200 does focus better if you zoom all the way in to 48X (iZoom) rather than leaving it at 24X and cropping it later. The image quality will be otherwise identical once processed and cropped, but the focus at the time of shooting is better if you zoom in to 48X. Why?"", ""A word of advise to anyone considering a no name or knock off version of this lens thinking you'll save some money; don't do it. I wasted my money on getting the non Lumix version of this lens, and was plagued by chromatic aberrations, severe blurring all around the edges, and over all poor quality.The use of this proper Lumix OEM telephoto lens reduced the chromatic aberrations by 90%, and gave me clear, crisp photographs.I heartily recommend this lens to any and all FZ30 and FZ50 owners."", ""It is only for taking shots at long distance. If you decide to quickly pull your zoom back and try to take a shot of a close item, you will be looking down a black tunnel with the circular lens at the end of the tunnel. Sort of like looking down a spyglass."", ""The lens are great, I use it with the Lumix FZ-70 so now I get not 60x, but 102x of optical zoom with clean, crisp and distortion free images"", ""This lens ended a mounting frustration of photographing birds that keep their distance. I can now capture sharper eyes and plumage; far more definition.When a great blue heron unexpectedly landed nearby, I nearly held my breath as I slowly raised my camera to my face."", ""Optically, it works quite well, with good sharpness across the entire lens, but some of the mechanical aspects of it could have been better done. The main problem with it is that since the FZ50 has a fixed lens, the tele-converter attaches to the camera lens by screwing onto the filter thread."", ""I bough the DMW-LT55 to go with my Panasonic FZ200 to use for bird photography. The lens is great, giving me that extra boost of zoom and the images are clear and bright. I highly recommend it.""]",14.275916037149727,The available reviews do not provide enough information to answer this question.,True,391.8768330477178
G_141,REC_141,B009KZ20D6,Tools_and_Home_Improvement,long,descriptive,sentwin,10,How durable are the heads on these? I have another precision set I got from RadioShack (lol) and the smallest Phillips head bent painfully easily.,They're quite durable. I purchased this set in September of last year and I have used it on multiple cell phones and laptops. The #000 Phillips screwdriver I have used the most and I took a picture with a macro lens to show you how well it's held up.  http://i.imgur.com/H4MrxbR.jpgHope this helps,KB_01795,1,"[""KB_01795"", ""KB_01801"", ""KB_01796"", ""KB_01798"", ""KB_01800"", ""KB_01798"", ""KB_01798"", ""KB_01797"", ""KB_01800"", ""KB_01795""]","[""I looked at all the similar products and this is the one. For dirt cheap, it's a very nice, very well designed set of precision screwdrivers, and I need the tiny #00 and #000 phillips heads. I've only used it twice so far, but I really have enjoyed the easy to grasp plastic grips, with a nice tactile feel."", ""For the money, they work quite well and have all the sizes commonly found in laptops. They seem pretty durable, the grips are reasonably comfortable and the carrying case is a nice touch. They have slight magnetism which is useful in retrieving \""lost\"" screws."", ""I bought this as an extra set, but tips of the Phillips screw driver are not sharp and wont work on most screws. They end on flat.I have other set of another brand that works perfect."", ""The end of the handle fits comfortable in the hand and I have never had a problem getting a good enough grip. The only way this set could be better is if it included a larger Phillips head.I would recommend this set to anyone who needs to do some work on their computer."", ""I purchased this set hoping that the #00 and #000 phillips heads would be small enough to work on my camera. But the size differences between #0, #00 and #000 are nearly indistinguishable and certainly none are small enough for most work on cameras, cell phones, etc."", ""The quality of the screwdrivers is excellent. They feel very solid and are long and thin enough to reach nearly any screw."", ""The quality of the screwdrivers is excellent. They feel very solid and are long and thin enough to reach nearly any screw. The end of the handle fits comfortable in the hand and I have never had a problem getting a good enough grip."", ""Guess I didn't read the fine print. This jewelers screwdriver set includes three useless star head drivers that I wish were more sizes of Phillips head. Otherwise the quality is good and the design is one of the best I have used so the drivers are easy to handle and grip."", ""But the size differences between #0, #00 and #000 are nearly indistinguishable and certainly none are small enough for most work on cameras, cell phones, etc. The drivers are well made, balanced, but much too large for any very small screws."", ""I've only used it twice so far, but I really have enjoyed the easy to grasp plastic grips, with a nice tactile feel. They are well shaped so that you can really put some force into the screw, with freely turning tops for your thumb to press on.""]",12.034374987706542,"They seem pretty durable. One reviewer mentioned that the quality of the screwdrivers is excellent and they feel very solid. However, another reviewer noted that the tips of the Phillips screwdriver are not sharp, but this does not directly address durability.",False,1000.7082499796525
G_142,REC_142,B001BOD9JI,Pet_Supplies,long,descriptive,sentwin,10,can you adjust the flow rate or is it just 3.5 gph. i wanting to use to add Kalk but want to do way slower than that,"Flow isn't adjustable on these. I use one to topoff kalk, but on a digital timer that runs the pump for about 5 minutes at a time, 6 times a day.",KB_01805,1,"[""KB_01807"", ""KB_01805"", ""KB_01808"", ""KB_01806"", ""KB_01809"", ""KB_01813"", ""KB_01810"", ""KB_01805"", ""KB_01812"", ""KB_01806""]","[""The pump works as advertised! I get about 2 gph instead of the 3.5 gph, however I am pumping through 4 ft of tubing. This is the second Aqualifter that I have purchased."", ""This is just enough to topoff the 1 gallon or so per day that evaporates from the tank. Actual flow rate of the pump is highly dependent on the height you are pumping. When the bucket is nearly empty, the pump is sucking through about two feet of tubing, plus pumping up about 20 inches, and pumps more like 1.5 to 2 gph."", ""TOM Aquarium Aqua Lifter Pump 3.5gph flow rate to 30 inches height,  works like stated. would recomend to others."", ""I did not want the noise of an air pump with an air stone. In the end I settled for the &#34;Azoo palm filter&#34; which has a regulator that can redue the flow to much less than any other pump I found (and it's cheap)."", ""I find out the water pump is way to strong for hang on box, so I decide to try this one.Fortunately, this product works perfectly after I diy the pipe head and direct the pipe going to the box where I want to be. The water flow just perfectly for small fish, betta, killifish...etc.I will defiantly get another one for my another tank. I also suggest to get their lifter pump holder."", ""At first, I assumed the cheap price meant they wouldn't last long, so bought two to have a spare. Both are still running strong, despite the harsh kalk solution running through them."", ""I got the 1 gallon hang on tank with air pump for breeding smaller fish or other purpose. However, the water flow is way too small produced by air pump."", ""Actual flow rate of the pump is highly dependent on the height you are pumping. When the bucket is nearly empty, the pump is sucking through about two feet of tubing, plus pumping up about 20 inches, and pumps more like 1.5 to 2 gph."", ""I use this to add about 2 gallons of water from my top off tank which is located in a room behind my 125 gallon main display. I went this route because I dont want the worry about a float valve going bad and flooding my house.I figured out that i need to run the pump about 38 minutes a day to equal the amount of evaporation im getting. I have this unit plugged into a digital outlet timer and it works flawlessly.This unit saves me a ton of work."", ""I simply don't use the prefilter.In all honesty, What I was looking for was a filter that would circulate  a small volume of water for a small (2.5 gallon) tank. I did not want the noise of an air pump with an air stone.""]",11.234333971515298,The available reviews do not provide enough information to answer this question.,True,249.851041007787
G_143,REC_143,B00119QDPA,Musical_Instruments,long,descriptive,sentwin,10,What is the measurement of the circle at the bottom? I am wondering if it will work with my mic. Thanks!,[UNANSWERABLE],,1,"[""KB_01819"", ""KB_01815"", ""KB_01821"", ""KB_01820"", ""KB_01818"", ""KB_01821"", ""KB_01824"", ""KB_01822"", ""KB_01823"", ""KB_01824""]","[""I bought this mount which is EXACTLY like the one that came from the manufacturer when the mic was purchased. My ordering was fast easy and the delivery was quick with no problems."", ""So honestly this will not work with out that inside piece. Note: I am not talking about the piece that holds the mic, im talking about the part that screws on to the stand."", ""My microphone stand base is round and heavy but not always stable. When the stand tipped over one day from the weight of the condenser mic, and broke this mount, I immediately went to our local Guitar Center to purchase a new one. Guitar Center said they didn't carry one."", ""So glad I found this part for my microphone stand/mic -- it's exactly what came with the original equipment, so I saved a ton of money being able to just replace this part. Very good price, too."", ""Not what I needed for my condenser mic. I couldn't use it, but you get what you pay for."", ""Guitar Center said they didn't carry one. In fact, they said they carry a mount for almost every mic but this particular one."", ""This piece was purchased as a replacement part that had failed in operation. It is designed to hold a large condensor microphone on a Mic stand or boom. In order to hold it in place on a mic boom, the screw clamp must be tightened with a lot of force."", ""I've had an MXL condenser mic for 10 years or so. The threads in the hard mount stripped, and as a result, made the mic difficult to use. Duct tape was a quick fix that lasted until I finally found the replacement."", ""my mic came with this clip and i try to tight in to my mic but it just falls off."", ""It is designed to hold a large condensor microphone on a Mic stand or boom. In order to hold it in place on a mic boom, the screw clamp must be tightened with a lot of force. Unfortunately, the brass screw threads are about a #6-32.""]",13.82587500847876,The available reviews do not provide enough information to answer this question.,True,296.1460000369698
G_144,REC_144,B000063XH7,Home_and_Kitchen,long,descriptive,sentwin,10,Is there a grease channel and catch-area for bacon grease as the bacon cooks?,"There's a guide on one corner that will funnel the grease, but no catch or drop pan.",KB_01831,1,"[""KB_01826"", ""KB_01827"", ""KB_01827"", ""KB_01827"", ""KB_01827"", ""KB_01830"", ""KB_01827"", ""KB_01829"", ""KB_01828"", ""KB_01834""]","[""We cook sandwiches, waffles, and pancakes  daily on it. We tried to cook bacon but the grease kept overflowing over the sides, so won't do that again. Everything  comes out golden brown."", ""He explained in one episode how he fries bacon in a waffle maker. While cooking, grease drains away from bacon and splatter is eliminated. Needless to say, this is one of my uses for this machine: cooking organic bacon."", ""While cooking, grease drains away from bacon and splatter is eliminated. Needless to say, this is one of my uses for this machine: cooking organic bacon. Spouts on side of each plate makes it easy to drain grease to refrigerate and use for flavoring other foods later."", ""He explained in one episode how he fries bacon in a waffle maker. While cooking, grease drains away from bacon and splatter is eliminated."", ""Needless to say, this is one of my uses for this machine: cooking organic bacon. Spouts on side of each plate makes it easy to drain grease to refrigerate and use for flavoring other foods later. (Such as homemade fajitas."", ""It makes the best waffles and pancakes. So far I've only been able to use my in the laying flat position to make turkey bacon and pancakes. The turned out so good because the unit cooks evenly."", ""(Such as homemade fajitas. )Besides waffles, bacon, and grilled items, I use just the grill plates to make home made tortillas!"", ""I bought this specifically for making home made waffles but it cooks other things well also with griddle side. The drip channel takes some care and im not a fan of non stick coatings but it does the job well."", ""I like to be able to flip the grates over and use it to grill both sides of a sandwich at the same time. It opens so that I have 2 flat surfaces to fry eggs or bacon.I like the waffles for the smaller squares."", ""You should do this after each waffle. I don't wash my grids (I only ever cook waffles and pancakes on it) so I don't know how it works if you do, but as time has gone on I don't need to grease the iron as much and can make a few waffles without needing to oil it.""]",14.839915907941759,"There is a drip channel that helps with grease drainage, and some models have spouts on the side of each plate to make it easy to drain grease. This suggests that there is a grease channel and catch-area for bacon grease as the bacon cooks. The drip channel requires some care, but it does the job well.",False,908.2857089815661
G_145,REC_145,B005JVNQPQ,Automotive,long,descriptive,sentwin,10,"Is it normal that where the rust was that its black and textured?  Is it also normal that the rust just doesn't ""fall off"" and requires rubbing?","I just use some today, and you do have to rub it sometime to get the rust to come off. I have seen the metal turn black and some time metal gray when the rust was removed. I love this product, it just saved me some tools that had gotten wet and rusted badly. I thought I was going to have to throw them away but it saved them. Well worth what I spent when I saved my Harley Davidson gas tank that rusted inside when it sat to long.",KB_01835,0,"[""KB_01835"", ""KB_01839"", ""KB_01839"", ""KB_01836"", ""KB_01837"", ""KB_01838"", ""KB_01835"", ""KB_01844"", ""KB_01841"", ""KB_01838""]","[""just turned fluid dark and left most of rust on a set of dies. leaving rust and black spots. 48 hr soak"", ""Followed the instructions to clean out a very rusty motorcycle tank,  Temp was well above 68 degrees and I let the tank sit for 5 days. When I poured out the rust remover it was black as ink. The inside of the tank looked like new."", ""The inside of the tank looked like new. I have since used the reserved black liquid with good results to remove rust from a variety of rusted items,  I would definitely recommend this product but you must follow the instructions."", ""I was surprised it really works cleans the rust off like it states. one thing is don't leave it in to long or it will turn the metal black."", ""I let my rusted tools sit in liquid over night and took all the rust away left somm black marks on some of the really badly rusted tools but would buy from them again"", ""This is bad to the bone, it works like advertised and removes the rust. Make sure to watch the items, if you leave it in too long chrome parts will turn black and will be hard to clean."", ""just turned fluid dark and left most of rust on a set of dies. leaving rust and black spots."", ""This product is great it works as advertised... I bought this for my Honda cbr 600 f4i  2005 gas tank and lets just say I watched the rust just fall off. Great product..."", ""&#34;Cleaning rust out of a motorcycle gas tank? No problem."", ""This is bad to the bone, it works like advertised and removes the rust. Make sure to watch the items, if you leave it in too long chrome parts will turn black and will be hard to clean. Spills on concrete will leave a white film, so make sure to clean spills with clean water.""]",36.330249975435436,"Yes, it's normal for the area where the rust was to turn black and textured, as several reviews mention this as a possible outcome if the product is left on for too long. The rust may not ""fall off"" easily and may require rubbing, as some reviews mention that it leaves black spots or marks on badly rusted items.",False,550.7130830083042
G_146,REC_146,B000CPI5XM,Automotive,medium,descriptive,sentwin,10,Does this work for ford 2002 f350 diesel??,Yes it will.,KB_01851,0,"[""KB_01854"", ""KB_01845"", ""KB_01851"", ""KB_01847"", ""KB_01852"", ""KB_01853"", ""KB_01852"", ""KB_01846"", ""KB_01850"", ""KB_01847""]","[""I'm using this in a ZF S5-42 manual transmission (Ford truck, 7.3 IDI). Works great, smooth shifts, no problems."", ""I have a 2002 Mazda B-3000 truck (Ford Ranger) with about 80,000 miles on it and a 5-speed MANUAL transmission (Yes, this trans uses ATF - not gear oil as you would expect).Before the ATF change, my truck shifted a little roughly and I could hear a slight whine in second gear when the truck was cold. This ATF made a huge difference."", ""Bought this stuff to put in the 6 speed transmission & transfer case of my 99 Ford Powerjoke. Seems to shift fine, can't tell much difference here as I was just doing maintenance."", ""It's work great for my BMW 325xi. Thank you so much."", ""My 1998 Ford Ranger was experiencing transmission problems. A friend recommended I try this stuff before replacing the transmission. It's awesome."", ""I recommend fluid testing.For the Ford, I would suck the old fluid out the dipstick with a vacuum pump, a fluid transfer lid, and a quart jar. The other vehicles have drain plugs.Just measure how much old fluid you take out, and put that same amount back!"", ""My 1998 Ford Ranger was experiencing transmission problems. A friend recommended I try this stuff before replacing the transmission."", ""I have now done 3, 3qt drain and fills on my 2002 Ford Explorer V6 2WD - the latest two with Redline D4. The original transmission failed at 110k and was rebuilt."", ""I give it 5 stars for how well it works on 2 of my vehicles, and 2 or 3 stars for the third.I've been using Redline D4 for years.In my 93 Taurus, it made the transmission work RIGHT. An awesome difference over petroleum ATF.In my 98 Sienna, shifts feel the same as the petroleum ATF, in other words, great, like new.In my 00 Camry, the shifts seemed too grabby/abrupt, so I started using Amsoil ATF."", ""Thank you so much. Awesome  product for a bmw. I love it .""]",12.349708005785942,The available reviews do not provide enough information to answer this question.,True,594.4832919631153
G_147,REC_147,B00FM0N514,Home_and_Kitchen,medium,descriptive,sentwin,10,What are the dimensions of the bottom cabinets?  The drawers?,"The two bottom cabinets are each 15.5"" deep, 16"" tall and 19.5"" wide.  There are adjustable shelves that you can opt to put in them.  The drawers are 17.5"" wide, 12.5"" deep and about 3 3/8"" tall.",KB_01862,0,"[""KB_01855"", ""KB_01857"", ""KB_01858"", ""KB_01856"", ""KB_01858"", ""KB_01859"", ""KB_01859"", ""KB_01858"", ""KB_01856"", ""KB_01863""]","[""It really was a lot of work to put together (1 person) but worth it in the end. I had to play around with adjusting the drawers until they finally fit. Once assembled, it is just as pictured."", ""Purchased this for office. Looks nice and was not overly complicated to assemble.When assembling the front legs,  it is easy to get the reversed which would cause the bottom shelf to not line up. Be sure they are flush with the sides on the inside,  not outside."", ""Very nice looking piece of furniture. Provides a surprising amount of storage!"", ""The instructions are not hard to follow, as some have warned, and although not all the pieces are labeled it is easy to determine what every piece is. It's nice that the doors and drawers have an adjustment function, though I did not need it."", ""An exceptional value for the price-- this will hold up and is equally as attractive as other much more expensive options.Assembly was comparable to Ikea purchases we've made in the past, or even easier. The directions provide some helpful clues, so study the illustrations carefully and it's not a terrible project. Time consuming, yes, but the difficulty was minimal."", ""This sideboard is a good addition to our dining room. It was a good deal and the quality is nice."", ""There are a lot of pieces and the directions are a little difficult to follow but with 2 people putting it together it only took us a couple of days. Some pieces didn't slide together as well as it says they should in the directions and a few of the pieces were scratched. In the end it was a good bargain and we are happy with it."", ""Doesn't seem overly large or bulky. An exceptional value for the price-- this will hold up and is equally as attractive as other much more expensive options.Assembly was comparable to Ikea purchases we've made in the past, or even easier. The directions provide some helpful clues, so study the illustrations carefully and it's not a terrible project."", ""I'm a 30-something gal and I was able to assemble this, by myself, in two hours. The instructions are not hard to follow, as some have warned, and although not all the pieces are labeled it is easy to determine what every piece is."", ""Sturdy material. A lot of pieces to put together but the instructions were very clear.""]",13.18587502464652,The available reviews do not provide enough information to answer this question.,True,286.98825009632856
G_148,REC_148,B000X596HU,Tools_and_Home_Improvement,long,descriptive,sentwin,10,I have this can can not get it primed.  The instructions are nto very clear.  Can anyone tell me the correct way to prime it?  I'm about to trash it.,as far as priming it i could only let it sit in a warm spot and it bled itself hahahahaha i know but all i could do to get it going,KB_01874,0,"[""KB_01865"", ""KB_01867"", ""KB_01865"", ""KB_01871"", ""KB_01865"", ""KB_01873"", ""KB_01874"", ""KB_01865"", ""KB_01872"", ""KB_01866""]","[""item was very hard to get primed. Luckily I have lots of experience with grease guns."", ""The grease gun won't pick up the grease. Tried two different tubes of grease and spend about two hours to get it work."", ""Luckily I have lots of experience with grease guns. The instructions for the charger are wrong. One of the batteries was bad and they promptly shipped another one."", ""I finally ended up cutting this nozzle fitting from the grease fitting.I replaced the fitting that was supplied with this grease gun with one that I had laying around and now this grease gun works great."", ""I also agree with the fitting on end of hose being very hard to remove...bad design. I will be changing it out today with one from my manual Alemite grease gun."", ""The kit comes with two batteries and I keep one on charge while using the other one. It works well for me and the seller provided good service."", ""hey for the price it is not a bad grease gun, 2 so far, and both work fine, i still think a  lithium-ion battery would make it better.just like any grease gun, cold grease can be a pain to pump, so keep it warm,"", ""The instructions for the charger are wrong. One of the batteries was bad and they promptly shipped another one. I also agree with the fitting on end of hose being very hard to remove...bad design."", ""This unit  is quite heavy and bulky but not really a problem.I would have given this grease gun 5 stars except for my one problem.When I started using this grease gun, the tip that connects to the grease fitting was VERY hard to remove from the fitting."", ""I have to grease my truck and trailer every two weeks. I have used it twice now and it has lived up to expectations.""]",36.452375003136694,The available reviews do not provide enough information to answer this question.,True,171.92375008016825
G_149,REC_149,B00F5TR1I0,Beauty,medium,descriptive,sentwin,10,Does it have enough space for your books ?,"it's a pretty big purse. fits my digital camera and accessories. I don't know how many school books it would fit, but it'll fit a few reading books",KB_01875,0,"[""KB_01875"", ""KB_01875"", ""KB_01882"", ""KB_01877"", ""KB_01881"", ""KB_01879"", ""KB_01878"", ""KB_01882"", ""KB_01879"", ""KB_01882""]","[""I just wanted a cute black bag to carry my school stuff in and it does that. Not as big as it looks in the pictures but it's big enough to hold my notebooks and folders. Cheap leather but hey it doesn't look bad."", ""It's not the best but not the worst. I just wanted a cute black bag to carry my school stuff in and it does that. Not as big as it looks in the pictures but it's big enough to hold my notebooks and folders."", ""I've had the bag for 4 days and zipper just broke! Inside hardly has any compartments and zipper is very sharp and hard to close. Definitely waste of money."", ""i love the handbagits a pretty good size tooI use it for school and for days out during the weekendI would definitely recommend"", ""I loved my bag, and I use it every day. I will be ordering again in the future."", ""Was really excited to get this bag but as soon as I walked out the door with it the strap broke on me! All my stuff came tumbling out! Also my inside zipper pocket became detached already :(  it is A good price but I've had better purses for the same price."", ""i love the handbag i got it for my daughter and she looved it she got it for school and they all lloved it"", ""I just bought this bag, thought it would be nice but instead VERY cheap material! I've had the bag for 4 days and zipper just broke! Inside hardly has any compartments and zipper is very sharp and hard to close."", ""All my stuff came tumbling out! Also my inside zipper pocket became detached already :(  it is A good price but I've had better purses for the same price."", ""I just bought this bag, thought it would be nice but instead VERY cheap material! I've had the bag for 4 days and zipper just broke!""]",11.308832908980548,"The bag is big enough to hold notebooks and folders, but it hardly has any compartments. It's a pretty good size, suitable for school and days out.",False,441.7771250009537
G_150,REC_150,B001EYYJVC,Automotive,long,descriptive,sentwin,10,why does the listing say its 66/80cc? the sticker on the engine clearly says its a 47cc.,[UNANSWERABLE],,0,"[""KB_01883"", ""KB_01891"", ""KB_01885"", ""KB_01891"", ""KB_01886"", ""KB_01887"", ""KB_01889"", ""KB_01890"", ""KB_01892"", ""KB_01884""]","[""I ordered this engine, not really knowing what to expect. It just looked cool."", ""It climbs hills effortlessly and it's able to take over from pedaling at about 5mph, which is much better than I expected. It's got several times more horsepower than most electric bikes that cost 5 times the price. As long as you keep your speed up, you probably won't ever have to pedal, even running up steep hills.About noise and air pollution:  This is a EPA certified kit, whatever that really means."", ""It's no race engine but it had more than enough power for a bicycle! Already put 200miles on mine and it still running strong!"", ""As long as you keep your speed up, you probably won't ever have to pedal, even running up steep hills.About noise and air pollution:  This is a EPA certified kit, whatever that really means. It's noisy and smelly because it's a cheap 2 stroke engine."", ""The engine is made to mount on bottom tubes that are not over-sized. Although it does come with an adapter to mount it on over-sized tubes, I have found that the adapter and engine slide sideways on my bottom tube causing the chain to become slack."", ""I received this engine in 4 days from ordering it. I have a Schwinn Stingray Chopper and i planned on putting the engine on this bike, however i was a bit disappointed to find that it wouldnt fit on the chopper because there was no mount for it."", ""You need to make sure you measure the inside of the triangle part of the frame. I have a 700c hybrid bike (one of the three biggest bikes at Wal-Mart) that has too small of a frame for this engine."", ""If I mounted another engine kit to the same bike today, it would take me about 3 hours tops, because I know how to do it. I bought a Scwinn cruiser frame 7 speed, available at Walmart for about 150.00. The kit would mount on the \""Scwinn Delmar\"" costing less than a hundred, but I avoided buying a bike with coaster brakes, which require more work when mounting an engine kit."", ""I read that the engine would fit on all newer cruisers, nothing about the muffler may block pedaling. No prob, I like my blow torch."", ""I had to ask someone on another website about how to wire it.I would like to say that this product does work pretty well. It's cheap and makes riding a bike much easier, especially uphill. It takes at least 4 hours to put this on your bike.""]",11.401417083106935,The available reviews do not provide enough information to answer this question.,True,157.74641698226333
G_151,REC_151,B00HWM5PMW,Electronics,medium,descriptive,sentwin,10,How long does the battery last?,[UNANSWERABLE],,0,"[""KB_01895"", ""KB_01894"", ""KB_01896"", ""KB_01897"", ""KB_01899"", ""KB_01893"", ""KB_01898"", ""KB_01893"", ""KB_01896"", ""KB_01893""]","[""excellent laptop. Due to the processor, the speed is very good."", ""great laptop at a great price"", ""It Comes with Intel Core i7 Processor 8 GB DIMM RAM and 1 TB . Hard Drive. It also comes with a back lighted keyboard, DVD/CD drive and 3 USB slots and a Hdmi slot."", ""This is an amazing laptop, it is sleek and has the processing power and ram needed to run software. The keyboard lights up and it looks very nice, not cheesy at all."", ""There is literally no way to make the touchpad less sensitive to accidental clicks by tapping. Very bad if you use your computer for power point presentations, etc. If it the tap function required a double tap it wouldn't be a problem, but a single gentle tap will do it."", ""However, the plastic framing is rough and kinda annoying. ITs sharp on the ends and you cannot rest your hands very long. Other than that, not bad at all."", ""This is a great lap top, windows 8 takes some time to get used to. But this product has exceeded my expectation."", ""I enjoy the robust speed and quiet sound of the laptop. The speakers are ok, not great, not bad either."", ""This model Toshiba Laptop is fast and useful for all my needs. I was sorry to leave my familiar old XP desktop, but learning windows 8 isn't the chore i thought it would be."", ""ITs sharp on the ends and you cannot rest your hands very long. Other than that, not bad at all.""]",15.067624975927174,The available reviews do not provide enough information to answer this question.,True,213.62770802807063
G_152,REC_152,B00AT93GBM,Electronics,medium,descriptive,sentwin,10,Will it work with an iPod touch 4?,"It works as a standard wireless B/g router, it only requieres a 5volt power supply (not inluded, just a usb cable) yiu can use a computer usb port or any cell phone charger with a usb port for powering it, you only have to plug a usb 3g Modem (mine's an Alcatel, tought many ZTE and other brands are supported) , once  you power it up, you can log on to the setup page and conigure settings such as SSID, wireless security.  Very weak signal, by the way, it only reaches the room I'm using it and the next, sometimes reaches the 1st floor of my house . Hope this answer helps.",KB_01905,0,"[""KB_01908"", ""KB_01906"", ""KB_01903"", ""KB_01910"", ""KB_01910"", ""KB_01904"", ""KB_01909"", ""KB_01907"", ""KB_01907"", ""KB_01910""]","[""I would give it 5 stars if there was an A/C adapter included."", ""Not compatible with my Huawei Evo Wingle EC315."", ""No amount of tinkering would get this to work even with a 3g modem it is supposedly compatible with. Sent all 4 back"", ""The built in router software is fantastic. It has everything I need. It was a bit strange that the WEP setting didn't automatically generate a key, but I used something more secure anyway."", ""All I had to do was plug in my USB 3G connection and I was up and running. The built in router software is fantastic."", ""it wasnt what i expected i wouldnt let you log into the wifi and occasionally if it didi it was very slow"", ""I can only give this item one star. Yes it does power on and it came in a cool box and it was not real expensive but since it doesn't support my 4G modem It's no good to me."", ""My only worry is longevity, but so far it has been flawless. This is a really smart product. Great job HAME!"", ""It was just what I needed, and the alternative products range in the $200s. My only worry is longevity, but so far it has been flawless."", ""It has everything I need. It was a bit strange that the WEP setting didn't automatically generate a key, but I used something more secure anyway.""]",11.79183297790587,The available reviews do not provide enough information to answer this question.,True,549.8249169904739
G_153,REC_153,B002TNIN2S,Beauty,medium,descriptive,sentwin,10,How is this cream supposed to be applied? Finger? Q-tip? Brush?,"A finger tip will work perfectly. However  for spot treatment a Qtip is highly recommended. FYI please avoid direct sunlight when using product or apply at night before bed time, use a towel on pillow if applying at night. Thanks",KB_01911,0,"[""KB_01911"", ""KB_01911"", ""KB_01912"", ""KB_01914"", ""KB_01913"", ""KB_01914"", ""KB_01911"", ""KB_01915"", ""KB_01917"", ""KB_01916""]","[""I am using this cream on my back, legs, arms and face. My dark marks are getting lighter, but it is taking a little more time than expected."", ""My dark marks are getting lighter, but it is taking a little more time than expected. But, I am on my third bottle of cream. My husband says, \""have patience and it will work\""."", ""I bought it since I had some spots on my neck, but after using for one month I notice that those spots were A VERY LITTLE BIT better, so I bought &#34;Triluma&#34; (a prescribed cream), and my spots desapeared, so I am not sure about this product. Perhaps for lighter a little bit your skin but think to use it for at less three moths."", ""use this twice a day and you will see remarkable differences. lightens dark spots, but will also lighten general skin tone (unless you dab spots with a q tip.) if you put some lemon or lime juice on your skin first and let it dry (concentrate from a bottle is fine, dilute if too strong)  accelerates the process, and your skin will do some age reversing and be very smooth."", ""The result after a couple of hours is quite nice, smooth, soft skin. Also one person commented that it turned her face red and that it irritated the skin, caused peeling, etc - I don't think the product is supposed to work that way, I think she had a reaction to it."", ""lightens dark spots, but will also lighten general skin tone (unless you dab spots with a q tip.) if you put some lemon or lime juice on your skin first and let it dry (concentrate from a bottle is fine, dilute if too strong)  accelerates the process, and your skin will do some age reversing and be very smooth. only problem is that it may stain clothes or bed linens and it's real greasy."", ""So far my patience is paying off. I will continue to use this product until all the marks are gone. Thanks."", ""too greasy and doesn't clear up anything. I'm very upsetthat I wasted my money on this piece of crap"", ""Yikes! That would suck!Only time will tell if the product will work for what I bought it for which was to lighten my skin tone. I'll update down the road and let everyone know what happens."", ""i really dont have time to write reviews but i thought i would do it for this particular product. IT CAME DRY .. useless !""]",11.880125035531819,The cream can be applied by dabbing spots with a Q-tip to avoid lightening the general skin tone.,False,289.6105000982061
G_154,REC_154,B001J8SYV4,Toys_and_Games,long,descriptive,sentwin,10,Is this waterproof ? I want to use outside to keep chalk for an outsie chalkboard ?,no it is not waterproof. Very poorly made.,KB_01925,0,"[""KB_01926"", ""KB_01926"", ""KB_01922"", ""KB_01925"", ""KB_01921"", ""KB_01928"", ""KB_01920"", ""KB_01922"", ""KB_01920"", ""KB_01920""]","[""It is strong and really cute. He put stickers all over it!"", ""My little guy loves to write letters and play with mailboxes. I bought this for him and he loves it!"", ""I bought each of my boys a small mailbox that they could keep in front of their bedroom doors and write letters to one another. They loved it."", ""Very poor quality, flag would not stay up on one that I bought, mailboxes bent very easily. Did return and no problems with the return."", ""We use these mailboxs to make ornamental mailbox and birdhouses to put in front of our campers to identify us. Several people have these items and have their name on the mailbox just as if it were a real size box."", ""Did not return product because not sure about the return process. I donated the boxes to our local Goodwill foundation."", ""My sister and I had similar mailboxes while growing up and really enjoyed them. However I received these today and found them to be very flimsy and not durable at all. I expect that after my nephew pulls on the handle a few times it will break off in his hand."", ""They loved it. Unfortunately, those mailboxes were made of cardboard and didn't last long so I was excited when Santa brough these cute metal ones.I was happy when I first saw them but then we tried to open one. It was really, really hard and I felt like it might break if I pulled too much."", ""I got a pair of these mailboxes for my niece and nephew to use when playing \""mail.\"" My sister and I had similar mailboxes while growing up and really enjoyed them."", ""I expect that after my nephew pulls on the handle a few times it will break off in his hand. And if they get stepped on they will dent for sure.""]",13.327999971807003,The available reviews do not provide enough information to answer this question.,True,325.8170409826562
G_155,REC_155,B00DMAGWVG,Sports_and_Outdoors,long,descriptive,sentwin,10,"is this the 2013 model? suitable for 8 yr old in hilly terrain family rides in Colorado? thanks, bobbi",It's quite heavy. My 14 year old loved it til it was stolen. It would be a bike he could grow into. I'd buy it for that age.,KB_01930,0,"[""KB_01931"", ""KB_01932"", ""KB_01930"", ""KB_01930"", ""KB_01930"", ""KB_01930"", ""KB_01930""]","[""I didn't get this bike long ago, and so far it's met many challenges, it holds up really well and it was cheep! That makes it even better."", ""Great bike for price son loves it easy to put together out of box awesome thank you from me and my son"", ""Eh so far it's not necisserily what I was expecting, but it'll do I suppose. It's a tad but heavier than I was hoping/expecting. The description says it comes with a pack of &#34;Frame Forged&#34; sticks which it does not."", ""The description says it comes with a pack of &#34;Frame Forged&#34; sticks which it does not. My bike specifically only came with one air cap(front tire) and the breaks aren't as snappy as I wanted."", ""Just got it, finally! Eh so far it's not necisserily what I was expecting, but it'll do I suppose. It's a tad but heavier than I was hoping/expecting."", ""Just got it, finally! Eh so far it's not necisserily what I was expecting, but it'll do I suppose."", ""It's a tad but heavier than I was hoping/expecting. The description says it comes with a pack of &#34;Frame Forged&#34; sticks which it does not. My bike specifically only came with one air cap(front tire) and the breaks aren't as snappy as I wanted.""]",13.256374979391694,The available reviews do not provide enough information to answer this question.,True,674.939125077799
G_156,REC_156,B00G8IVXZE,Toys_and_Games,long,descriptive,sentwin,10,Can I simply use these as rubber bands? Are they as strong as rubber bands you might buy in an office supply store? What size are they?,"Good idea, but much too small and not elastic enough to replace office supply type bands.",KB_01939,0,"[""KB_01934"", ""KB_01942"", ""KB_01935"", ""KB_01941"", ""KB_01936"", ""KB_01941"", ""KB_01940"", ""KB_01938"", ""KB_01937"", ""KB_01939""]","[""I bought these for my kids so they could use with their rainbow loom. They are good quality rubber bands, they are stretchy and have vibrant colors. Happy kids, happy mom.Update: I would suggest not to buy from \""Customer Satisfaction LLC\"", very unreliable company."", ""These rubber bands were like the ones purchased at any store. My eleven year old daughter had no complaints while using them."", ""After purchasing bands from a large toy store and having the bands break on everything we made, I decided to purchase these. Great strong bands with nice colors too!"", ""My daughter was in a panic, she needed more rubber bands to make more bracelets. These rubber bands were delievered promptly making an 8-year-old very happy. They were bright colors, strong and I liked how they came with clips."", ""She has been looming for about a year now and these have been her favorite bands to use. They are thicker and heavier than the store bought bands and came in great colors. We will be buying them again!"", ""My daughter was in a panic, she needed more rubber bands to make more bracelets. These rubber bands were delievered promptly making an 8-year-old very happy."", ""The grandkids have been making rubber band bracelets at a frantic pace since school has been out for the summer. Everyone from the UPS man to our grocery store clerks to their grandfather's employees have received a customized bracelet!"", ""I personally use loomy bands on my rainbow loom board. I am very mad when it ALWAYS leaves grease and stains on the pegs."", ""The colors are nice and bright. I will wait and see if they are strong/durable and then will buy again..."", ""The colors are separated and so easy for them to make cute patterns without searching for what they want. The bags have a great little paper punch size hole for them to insert the hook and just pull out one of what the want instead of having bands everywhere.""]",14.834541012533009,"These rubber bands can be used as regular rubber bands, and they are comparable in strength to those found in office supply stores. They are described as strong, stretchy, and thicker than store-bought bands. The size is not explicitly stated, but they are suitable for use with a rainbow loom and for making bracelets.",False,467.3631669720635
G_157,REC_157,B005QIYUMU,Patio_Lawn_and_Garden,long,descriptive,sentwin,10,Has anyone had any problems with this tipping over? I can see my son running back and forth into the sides and would be concerned about it tipping.,[UNANSWERABLE],,0,"[""KB_01945"", ""KB_01948"", ""KB_01944"", ""KB_01943"", ""KB_01945"", ""KB_01951"", ""KB_01947"", ""KB_01952"", ""KB_01947"", ""KB_01946""]","[""They have a blast! The only complaint I have is: my son is really tall for his age, and when he gets in and out, he tries to duck under the top yellow tube, but his back and shoulders still graze were the doors and top tube meet. This has caused a tear in the doors as well as the top tube."", ""Within 1 week it started leaking at a seam, no way to patch it. Returned it and ordered another thinking it was just a one time flaw. Within a week the new one was leaking in the same place."", ""Very disappointed. My son went to climb inside, and when he pulled the door flaps open, it ripped a hole in it. I sent it back, and received a replacement."", ""My 18-month old son, who is rather wild and active, used this for about three months, until he pulled on the mesh doors, which are connected to the sides (yellow). This caused a tear, and eventually deflated the sides."", ""I was able to fix this with duct tape and silicone. My daughter doesn't seem to have this problem."", ""Nevertheless, we cut the sides off and my son uses it as a gigantic (open sided albeit) ball pit, where he still has fun in it! We ordered the non-tear blow up (with a motor) bounce for about $179.99 on Amazon, which seems to be a better longevity item (and you just turn it off when finished to deflate it)."", ""I read all of the reviews so it was clearly a buyer beware situation, but somehow I thought our experience would be different. We blew it up for my 4 year old on Christmas morning and it already had a leak in the main jump section. We figured it was slow and we would allow her to just jump on it and blow it back up as needed.We wanted it to work and our expectation were set really low."", ""my son really injoys the jump o lene he had to warm up to it but he loves it now. its well made i would say"", ""I read all of the reviews so it was clearly a buyer beware situation, but somehow I thought our experience would be different. We blew it up for my 4 year old on Christmas morning and it already had a leak in the main jump section."", ""it was worth the money just to see my 2 year old granddaughter yell' jumpy'one of my friends now wants one for her son - can not get them out of it""]",10.363583103753626,The available reviews do not provide enough information to answer this question.,True,173.37695800233632
G_158,REC_158,B00523K104,Electronics,short,descriptive,sentwin,10,What is the shutter count?,[UNANSWERABLE],,0,"[""KB_01957"", ""KB_01958"", ""KB_01953"", ""KB_01954"", ""KB_01955"", ""KB_01960"", ""KB_01959"", ""KB_01957"", ""KB_01961"", ""KB_01953""]","[""This camera takes beautiful pictures!!! I've had some very nice moderately priced cameras over the years, but this one has the quality/precision/clarity that gives you back exactly what you are seeing!!"", ""This camera takes amazing pics. The lens is unreal how close it brings the images and so clear."", ""The internal noise reduction of the Nikon D5100 is amazing. I have done 15&#34; exposures of the sky just after sunset, with amazing results, capturing a passing meteor with no problems using an ISO of 200."", ""We were very pleased to get a camera bag, tripod, cleaning solution, 32 GB card, etc. with the camera which hadn't been advertised when we bought it! After using it the first time we came home and found the little &#34;door&#34; that protects the battery was gone."", ""Very easy to use for beginners. Takes excellent quality pictures. Price is right."", ""{There was some reason they couldn't just replace the door.} My husband and I love this camera; it takes excellent photos and is everything we hoped it would be. We aren't pros so we got a couple of books for the Nikon D5100 and are studying them so we can learn all there is to learn about it."", ""This camera is awesome... You just need to know how to click it. It outperforms in all conditions of light."", ""This camera takes beautiful pictures!!! I've had some very nice moderately priced cameras over the years, but this one has the quality/precision/clarity that gives you back exactly what you are seeing!! !"", ""There are a lot of menu's and sub-menu's that you have to learn) to get at the heart of the camera, and there is certainly a learning curve, but nothing overwhelming for those familiar with Nikon cameras. I am still learning more, every time I pick the camera up, and try something new.One of my passions, has always been storm photography, and meteor shower photography, and I was left with a bad taste in my mouth, with my experience with digital, long exposure results."", ""Would I ever be able to capture meteors, lightening, and other celestial events, with a digital camera, like I did with film?The answer to that question is an astoundingly loud, YES. The internal noise reduction of the Nikon D5100 is amazing.""]",14.056666987016797,The available reviews do not provide enough information to answer this question.,True,289.29266694467515
G_159,REC_159,B00A2AWBKU,Electronics,long,descriptive,sentwin,10,"LENOVO THINKPAD L430 caddy, does the caddy connect to the computer terminals itself, or would I need to open the computer and connect it?",no need to open. just pull out the dvd player and put this one in. all set.,KB_01970,0,"[""KB_01963"", ""KB_01964"", ""KB_01963"", ""KB_01963"", ""KB_01963"", ""KB_01969"", ""KB_01967"", ""KB_01964"", ""KB_01964"", ""KB_01972""]","[""Have been using the caddy for about a month in my Lenovo W530 and have had no problems. The drive fits perfectly into the caddy and is secured by four screws with no need for rubber rails."", ""My extra drive fit very nicely into this caddy, and installed in about 5 minutes. The well built caddy secured the hard drive very nicely."", ""The drive fits perfectly into the caddy and is secured by four screws with no need for rubber rails. The caddy fits perfectly into the ultrabay slot and locks into place just like the DVD unit does. So everything is secure and it has performed flawlessly."", ""So everything is secure and it has performed flawlessly. It even comes with a carrying case that you can use for your DVD unit while the caddy is in use. Would highly recommend."", ""Have been using the caddy for about a month in my Lenovo W530 and have had no problems. The drive fits perfectly into the caddy and is secured by four screws with no need for rubber rails. The caddy fits perfectly into the ultrabay slot and locks into place just like the DVD unit does."", ""Installation was a snap -- screw in your new SSD with the provided (tiny) screws, plug in to laptop. Fits cleanly when locked-in."", ""easy to install, good construction , looks like it came with original laptop, works fine, I liked the idea that it is compatible and interchangeable with a wide range of other Lenovo laptop model's. I would recommend it to a friend."", ""I was very disappointed as I need the extra space with my type of work. My extra drive fit very nicely into this caddy, and installed in about 5 minutes. The well built caddy secured the hard drive very nicely."", ""When I bought my T430, I bought a 1TB drive to replace the 320GB drive that came with it... (not knowing that Thinkpad only has a 7mm high drive bay and I bought a 9.5 mm high drive.) I was very disappointed as I need the extra space with my type of work."", ""Works like a charm on the W530. I moved my main 500gb drive to this Caddy and instead put a 250gb SSD as my main drive. The laptop is super fast now, and I have 500gb of storage to utilize :)""]",12.682541040703654,"The caddy fits into the ultrabay slot and locks into place, suggesting that it connects to the computer terminals itself without needing to open the computer. Installation is described as easy and taking only a few minutes.",False,513.0396670429036
G_160,REC_160,B001PGP33M,Toys_and_Games,long,descriptive,sentwin,10,How big is the box or the parts if taken out of the box to get it home from the store?,....massive. We have a F150 and the tray was completely full. Each wall and roof panel is a solid piece.,KB_01978,0,"[""KB_01974"", ""KB_01974"", ""KB_01978"", ""KB_01973"", ""KB_01982"", ""KB_01978"", ""KB_01981"", ""KB_01977"", ""KB_01975"", ""KB_01975""]","[""I was scared when I arrived from work and saw the size of the box this thing came in the garage. But to my surprise the box was easy to handle and the pieces came together very easily.You must use an electric screwdriver because the screws are long and not pre-drilled.I had a small issue then installing the doorknob as I put a little too much force and the screw casing broke."", ""I was scared when I arrived from work and saw the size of the box this thing came in the garage. But to my surprise the box was easy to handle and the pieces came together very easily.You must use an electric screwdriver because the screws are long and not pre-drilled.I had a small issue then installing the doorknob as I put a little too much force and the screw casing broke. However, I was able to remove the broken piece and install it back without problems."", ""first off,  you better have a lot of room to put this, as it's massive! easily big enough to sub-let out to a family if required!it's 18 months old and has been disassembled and reassembled 4 times and it is still holding up as strong as the day it arrived.every kid who comes over goes nuts playing in and around the \""cubby\"". kids smashing things against it, drawing on it with crayons, spilling food and drink all over it, no problems."", ""My daughter loves this play house... and it;s big enough for a 2-4 kids to play inside... or in my case..it;s bid=g enough to for me to sit inside and play tea party with her. Super easy to assemble, very sturdy"", ""We also strung a row of lights at the top of the roof for light in the evenings...the roof is high enough so I don't have to worry about her reaching them and pulling them down. My husband put the cottage together in less then 30 minutes! super easy!"", ""first off,  you better have a lot of room to put this, as it's massive! easily big enough to sub-let out to a family if required!it's 18 months old and has been disassembled and reassembled 4 times and it is still holding up as strong as the day it arrived.every kid who comes over goes nuts playing in and around the \""cubby\""."", ""We just purchased this for my 2 year old daughter and she loves it! It was very easy to set up, my husband set it up in 10 minutes and its very transportable from grass to deck. She loves playing in it and has brought some of her kitchen toys so she can \""cook\"", and also has her kiddie lawn chair so she can have \""tea time\"" with her friends!"", ""I just bought this for my 1 year old daughter and am so happy I did so! It is so spacious in side, even I can get in and play with her for hours. I keep seeing things about a secret passage however due to safety the newest model does not have one, which I am more than fine with becuase it still has a ton of fatures that my little girl loves and will continue to love for years to come."", ""Our kids love this playhouse. Our 18 month old especially loves ringing the doorbell and our 4 year old daughter loves to play with the little kitchen in it."", ""Our 18 month old especially loves ringing the doorbell and our 4 year old daughter loves to play with the little kitchen in it. Right now we have it down in our basement while it's winter out, but when summer comes around, we are anxious to get it outside and let them play out there with it!""]",11.040124925784767,The available reviews do not provide enough information to answer this question.,True,307.3584159137681
G_161,REC_161,B008YRG5JQ,Cell_Phones_and_Accessories,medium,yesno,sentwin,10,can it charge a laptop comuter,yes it will charge a laptop.,KB_01984,1,"[""KB_01986"", ""KB_01991"", ""KB_01988"", ""KB_01992"", ""KB_01986"", ""KB_01986"", ""KB_01983"", ""KB_01987"", ""KB_01984"", ""KB_01985""]","[""They are all neatly labeled and easy to access. This thing will charge my Ipad mini twice."", ""This will outperform your expectations, hands down. It can charge you pad and smartphone at the same time."", ""Anker initially had my vote because of the DC output. However, looking at the devices I'd use it with, I realized it wasn't enough power so it presently served no purpose for me (laptop requires 18.5, I believe the astro3 goes to 12V)."", ""It works great, use it to charge my tablet all the time. Have had it for about 6 months or so."", ""The unit is a little bulky, nut still very portable. It have 4 different voltage outputs to fit the different charging voltage of various devices. They are all neatly labeled and easy to access."", ""My sons have a tendency to leave a game running, even after they switch over to Legos. Previously I would have to plug into my laptop, or sit by a power cord to use any given device. Not anymore."", ""It fits fine in my laptop case, doesn't get hot when I'm charging it or using it to charge other things. And the fact that I can charge multiple things at once is a bonus.So far it's worked great, and has become my &#34;go to&#34; charger when I'm on the road."", ""LOVE the 4 USB ports. the only complaint is the mini-usb charging port. Wish it were on the same face as the USB ports, and is a little cheap; it works with some cables, too loose with others."", ""Plus I am able to walk around with the telephone while it is charging and I am not confined to an electrical outlet. While in the airport I no longer need to look for an electrical outlet and sit close by to charge my laptop, tablet or telephone anymore.When you think about it the average cellphone battery is 2500mah, with this charger you have 12000mah this is like having 5 batteries for the small price of under $50."", ""This is a must have if you have a phone, tablet, laptop, etc. I highly recommend purchasing a backup battery charger. If you are constantly on the go and need to make sure you have enough juice for your electronics, this is a &#34;no brainer&#34; purchase.""]",11.399584007449448,"The available reviews do not provide enough information to confirm if it can charge a laptop computer, although one review mentions that the device's DC output is not enough power for their laptop, which requires 18.5V.",True,384.52520908322185
G_162,REC_162,B004EPXIA6,Patio_Lawn_and_Garden,short,yesno,sentwin,10,can I refill the spools?,"Okay. My earlier response to a similar question was yes and now i have more experience and knowledge to respond more thoroughly. a) yes, one can replace the line in these spools with thicker line. I have done so two times now using 0.08 in line i had leftover form my old dual line trimmer. I have the Greenworks 21242 G-MAX 40V model which is a single line design. These spools are only for single line machines.  They accommodate only one single line. B) When you load them with thicker line, there must-needs be less line length on the spool.  Thicker line works better for thicker stemmed plants and so will break less often in that case. However,...since my Greenworks 21242 G-MAX 40V trimmer has a ""no bump"" automatic line feed, the line is advanced 1/4 in every time you stop and start the motor.  If the weeds don't break the line, the cutter-knife thing will be cutting off that 1/4 in every time you stop. This means if you are only cutting grass and other less resistant weeds, the .065 in line is probably a better bet since there will be more line to use up per spool as you go about your standard trimming operations.  IF you have heavier weeds as i do, the .08 in line is a better bet since it is less likely to break for these tasks and if you are willing to continue trimming without stopping until the line has been shredded by the weeds.  i.e., more weeds per spool under such conditions.",KB_01996,1,"[""KB_01999"", ""KB_02001"", ""KB_01999"", ""KB_01999"", ""KB_01994"", ""KB_01993"", ""KB_01997"", ""KB_02000"", ""KB_01995"", ""KB_01996""]","[""The spool that came on the trimmer is refillable and so are these. It's good to have spools on hand when one goes empty and these do the trick."", ""The replacement spools are a good deal. But the line that comes on them is round unlike the line on my original trimmer that is a twisted type."", ""The spool that came on the trimmer is refillable and so are these. It's good to have spools on hand when one goes empty and these do the trick. Once you buy these you can just keep refilling them."", ""It's good to have spools on hand when one goes empty and these do the trick. Once you buy these you can just keep refilling them."", ""I would recommend rewinding the spools with your favorite line. This stuff is a helix twist and sticks somewhat on the spool."", ""Sure beats buying bulk and winding on the old spools. I don't use the trimmer that much and like having a spare spool."", ""I got these for the new Greenworks Grass Trimmer/Edger that I purchased here on Amazon. It's great to have the extras on hand...I never could quite wind a spool correctly. It always ended up that I was having to take the spool out to untangle it so it would advance properly."", ""simple easy to use repacement  spools  a no brainer to install  i would recomend to anyone rather than trying to rewind spools  by hand"", ""I only give this four stars because I have found on various brands of trimmers that the replacement spools many times do not work as well as the original. They usually do not hold the tension as well, and seem to use the string more quickly...odd."", ""I was skeptical when ordering the Greenworks trimmer and 3 spools of replacement line. No longer!""]",11.571374954655766,"Yes, the spools are refillable, and it's recommended to rewind them with your favorite line. You can keep refilling the spools once you buy them.",False,340.1589170098305
G_163,REC_163,B003ARSPIO,Cell_Phones_and_Accessories,short,yesno,sentwin,10,is it a smart phone,"It's not a smartphone, but it's smart to have it if you are a SIM card user. It is easy to use and more than worth the price.",KB_02011,1,"[""KB_02004"", ""KB_02004"", ""KB_02005"", ""KB_02012"", ""KB_02007"", ""KB_02006"", ""KB_02007"", ""KB_02008"", ""KB_02004"", ""KB_02003""]","[""does this phone have GPS?. does it have android operating system? is the keyboard lighted?how is the speaker on the phone?"", ""does this phone have GPS?. does it have android operating system?"", ""the phone is ok ,but the battery life is too short and it take hours to recharge. would i refer this phone to my friends, not likely."", ""You'll find those at the end of this review.The LG GW525 is an interesting little phone in that it doesn't look like it should have the capabilities it has. There's a lot of stuff packed into such a small, cheap and ultimately kiddy looking phone, which gives it a quirky appeal."", ""This phone was horrid. It stalled more than my two year old phone that I was trying to replace."", ""Love the combination of touch screen and pull-out qwerty keyboard! In addition, the phone seems to be very well made. Great customer service!"", ""It was very slow and was terrible at receiving calls and messages. Do not by this phone."", ""when i bought this phone back in 2009 it was a nice descent slide phone. for basic use and a nice keyboard for fast texting camera was ok for cheap phone at time for 98 us. sold it in 2010.."", ""does it have android operating system? is the keyboard lighted?how is the speaker on the phone?"", ""The person i give the phone ,tell me that she doesn't really like it,and the battery is no good.""]",11.938750045374036,"The available reviews do not provide enough information to definitively answer this question, but some reviews mention features like a touch screen, pull-out qwerty keyboard, and GPS, which are commonly found in smartphones. However, the operating system is not confirmed to be a smartphone OS like Android.",True,603.1800420023501
G_164,REC_164,B00429NVQA,Electronics,long,yesno,sentwin,10,can i aim this out a closed windw to view my back yard.,Yes and no. The camera has a set of IR LEDs that allow it to see at night. You will have not be able to see what is going on at night unless you do what I did and tape off the LEDs using black electrical tape. What happens is the IRs hit the glass and at night it acts like a mirror and blinds the camera. Without the LEDs it works fine during the day and at night it works decently with ambient/porch light. You could also get an IR LED array for fairly cheap here off amazon and point that into your yard as well. That way it would have pretty good B&W; night vision.,KB_02013,1,"[""KB_02018"", ""KB_02013"", ""KB_02016"", ""KB_02017"", ""KB_02015"", ""KB_02013"", ""KB_02015"", ""KB_02019"", ""KB_02014"", ""KB_02014""]","[""You aren't going to get super clear pictures or read license plates 30 feet away but if you just want to know if someone/thing has been into your yard or keep an eye on the family pet then this is fine for that.I'd say if you are thinking about this one then spend a bit more and get the newer PTZ camera with 720p output on it."", ""now she can watch on her phone or computer to see when it arrives.I wish there were a way to turn off the night vision IR. We have it in a window and at night the IR reflects from the window back into the camera obliterating the street view."", ""Oddly enough, the best software I've seen for these cameras is on iOS. I've been using Foscam Pro app [...] made by RobotoApps lately and have been happy with it as a remote viewing solution.In general, you'll need to have some basic networking knowledge and be comfortable tweaking settings on your router if you ever hope to be able to view your camera outside of your home network."", ""}18w series foscam for INDOOR P/T {pan tilt} setups less than 50feet}09w series foscam {this model here} for indoor &#34;fixed position setups less than 50feetall these series cameras WILL work together on the same network ,and are EASY to port forward for remote view {over the enternet}great seller ,buy the way=)"", ""It also buffers up several frames in advance so you don't miss the action... without the buffer, your camera will trigger via motion detection too late, and it will miss the action. With Blue Iris, I can view in remotely to see what's going on via web page. Without good software, the camera is probably not going to amaze you."", ""She cannot see when her para-transit bus arrives and sometimes had to sit in the rain so she wouldn't miss it. now she can watch on her phone or computer to see when it arrives.I wish there were a way to turn off the night vision IR. We have it in a window and at night the IR reflects from the window back into the camera obliterating the street view."", ""With Blue Iris, I can view in remotely to see what's going on via web page. Without good software, the camera is probably not going to amaze you."", ""I just received this unit and was really excited to use it wirelessly. I noticed that out of the box, it didn't find my wireless when I hit scan (or that of my neighbors). I upgraded both firmware (system and webgui) and still no result."", ""The camera is easy to set up even with the clunky interface. Once it is up and running it is great. We have it set up to view on our iPhones, so we do not really have any issues with the browser viewing.The only issue i had with this camera was aesthetic."", ""Once it is up and running it is great. We have it set up to view on our iPhones, so we do not really have any issues with the browser viewing.The only issue i had with this camera was aesthetic. The camera is white (at least for the model number ending in W).""]",14.730833005160093,"You can aim the camera out a closed window to view your backyard, but be aware that the night vision IR may reflect off the window and obstruct the view.",False,490.5043749604374
G_165,REC_165,B002N3TO36,Automotive,long,yesno,sentwin,10,would it be okay if I wanted to trim (cut) each bar to match the width of the roof of my Volvo V50 for a more flush mount,[UNANSWERABLE],,1,"[""KB_02024"", ""KB_02027"", ""KB_02028"", ""KB_02025"", ""KB_02024"", ""KB_02026"", ""KB_02027"", ""KB_02024"", ""KB_02029"", ""KB_02030""]","[""They contacted me directly to make sure they were shipping me the color I wanted (chrome or black), and to confirm the make and model of my car. In addition, these crossbars are much less expensive than ones sold by Volvo, or the big name suppliers.The bars themselves are a mixed bag out of the box. On the plus side, the installation is quick and easy."", ""Volvo sells cross bars but they cost significantly more. Thes fit the car and my budget."", ""We looked everywhere for a rack to fit our volvo and the costs were insane. We made the perfect choice on this one"", ""I was able to mount bike racks to them without issue.The brackets that attach the bars to the roof rails are where things fall short. Although the bracket assembly is made of heavy gauge metal, the nut for tightening the bracket in place is not."", ""I'll start with saying that the supplier of these crossbars was great to deal with. They contacted me directly to make sure they were shipping me the color I wanted (chrome or black), and to confirm the make and model of my car."", ""The washers solved issue and only set me back $1.04. With the washers in place, I have a sturdy roof rack that I think will provide years of service."", ""Volvo sells cross bars but they cost significantly more. Thes fit the car and my budget. Most importantly, they work just fine."", ""In addition, these crossbars are much less expensive than ones sold by Volvo, or the big name suppliers.The bars themselves are a mixed bag out of the box. On the plus side, the installation is quick and easy."", ""Best purchase I have ever made. Easy to install, looks great, and can't go wrong for the price."", ""Once I figured out to ignore the enclosed instuctions it became much easier to install. I've used it twice and it seems very solid with lighter items.""]",13.49154207855463,The available reviews do not provide enough information to answer this question.,True,243.84254193864763
G_166,REC_166,B0081ILUOI,Automotive,medium,yesno,sentwin,10,"will this fit a 2014 elantra limited with 17"" wheels?",[UNANSWERABLE],,0,"[""KB_02038"", ""KB_02039"", ""KB_02036"", ""KB_02040"", ""KB_02037"", ""KB_02035"", ""KB_02031"", ""KB_02034"", ""KB_02039"", ""KB_02039""]","[""Tire is mounted and inflated. Fits in the 2013 Elantra trunk perfectly. Feel safer driving now that I have a spare knowing I won't be stranded."", ""Shipping was very reasonable as well for the size of the item and arrived quickly. If you're looking for an Elantra spare tire kit, this is the one to buy."", ""I would recommend this product to all Elantra owners!All the tools needed to complete a tire change were included as well as an organizer.Thank you"", ""When we bought our Elantra, we didn't realize that it didn't come with some sort of spare. My wife damaged the sidewall of the right front tire on the way to work, and all there was in the wheel well, was a large piece of fitted Styrofoam, and a glorified Fix-A-Flat kit."", ""All parts are in labeled plastic bags.Keffer Hyundai ships quickly and does a great job of packing. With this Elantra Spare Tire Kit you won't have to worry about getting a flat tire."", ""This spare tire kit is great. This is a doughnut tire in case your wondering, but plenty large enough to do the job.Comes with all hardware needed to mount tire in trunck Jack, Jack handle, lug iron, tow screw, which was already included with the fix a flat and air pump in the trunk.All parts fit neatly in the foam molded tray provided with the kit to replace the existing tray."", ""The kit came complete with all parts. Literally fit like a glove in the trunk as if manufacturer installed it."", ""The tire kit was not delivered in a reasonable time and the supplier had to be contacted. Apparently the package had been stolen from the supplier's loading dock and the theft had not been discovered until Amazon notified them."", ""Everything was as advertised. It was great to have the tire already mounted on the rim unlike so many others available for purchase. Saved me a trip to the garage to have the tire mounted."", ""It was great to have the tire already mounted on the rim unlike so many others available for purchase. Saved me a trip to the garage to have the tire mounted. Shipping was very reasonable as well for the size of the item and arrived quickly.""]",15.775874955579638,The available reviews do not provide enough information to answer this question.,True,257.23233399912715
G_167,REC_167,B00BI4JXGO,Electronics,short,yesno,sentwin,10,are any cables required,Yes. I purchased an Amazon HDMI (ARC) cable to connect my main unit HTB770 ARC output to the TV HDMI ARC input. It woks great and gives you on/off and volume control.,KB_02041,0,"[""KB_02042"", ""KB_02043"", ""KB_02041"", ""KB_02041"", ""KB_02046"", ""KB_02042"", ""KB_02043"", ""KB_02041"", ""KB_02049"", ""KB_02043""]","[""from cable box to Blu-ray), either the sound would drop out, or the video became shaky and showed a lot of interference (lines and snow/static on the screen). I checked all connections, all cables were sound. My TV is a Panasonic plasma, by the way.Returning it."", ""It took me 3 years to buy the audio system so I was used to using the speakers from the tv which were becoming over-modulated. Anyway, I followed the theatre systems instructions and hooked up my 2 sources to the main unit using hdmi cables."", ""This is how I have it set up:2 HDMI cables coming from my 2 sources (blu-ray player and cable tv) right into the tv (input 2 and 3). From the tv  have 1 HDMI cable from input 1 (this is the designated ARC port) going into the ARC input of the home theater main unit."", ""This is how I have it set up:2 HDMI cables coming from my 2 sources (blu-ray player and cable tv) right into the tv (input 2 and 3). From the tv  have 1 HDMI cable from input 1 (this is the designated ARC port) going into the ARC input of the home theater main unit. So, basically I am using my tv as the router/switcher (instead of the crappy main  audio unit)."", ""easy hookup to my panasonic tv ,but not really that happy with overall sound.probably will go for surround sound amp in future ,this will do for now .gs"", ""When switching from one input to another (e.g. from cable box to Blu-ray), either the sound would drop out, or the video became shaky and showed a lot of interference (lines and snow/static on the screen). I checked all connections, all cables were sound."", ""I also have a Panasonic plasma tv - the TC-P50VT25. It took me 3 years to buy the audio system so I was used to using the speakers from the tv which were becoming over-modulated. Anyway, I followed the theatre systems instructions and hooked up my 2 sources to the main unit using hdmi cables."", ""From the tv  have 1 HDMI cable from input 1 (this is the designated ARC port) going into the ARC input of the home theater main unit. So, basically I am using my tv as the router/switcher (instead of the crappy main  audio unit)."", ""seriously? I cant use my external speakers for the holidays? that SUCKS!"", ""I bought the SC-HTB770 in November 2013. I also have a Panasonic plasma tv - the TC-P50VT25. It took me 3 years to buy the audio system so I was used to using the speakers from the tv which were becoming over-modulated.""]",14.48345894459635,"HDMI cables are required to connect sources to the main unit and to the TV. Users have mentioned using HDMI cables to connect their Blu-ray players, cable TVs, and the home theater main unit to their TVs.",False,442.4548330716789
G_168,REC_168,B006SDI6X6,Home_and_Kitchen,medium,yesno,sentwin,10,can i use this without the bars in the middle,If by bars you are talking about  the spaces between the canvases then yes you can put them as far apart or as close together as you want.  Keep in mind that there will still be a small seam even if they are as close together as you can put them so it will never look quite the same as one canvas.,KB_02050,0,"[""KB_02056"", ""KB_02050"", ""KB_02051"", ""KB_02056"", ""KB_02056"", ""KB_02058"", ""KB_02055"", ""KB_02056"", ""KB_02050"", ""KB_02053""]","[""We just measured, hammered in the hangars and the work was done. Per the manufacturers instructions, we left a couple of inches between each space. The five pieces make a BIG display."", ""Each panel is light and framed for easy installation. I have the paintings pressed tightly together to make one scene, unlike the picture included on Amazon that shows silver bars separating the paintings."", ""The canvas is 100% cotton 370gsm artist grade canvas. The frames are 3.8 cm wide and are environmentally friendly MDF wooden bars. As someone who reduces, reuses, and recycles, I truly appreciate this piece."", ""The five pieces make a BIG display. In this case, the stretch across the wall behind an oversized green leather sofa. The sofa is fat...overstuffed and fairly plane."", ""We just measured, hammered in the hangars and the work was done. Per the manufacturers instructions, we left a couple of inches between each space."", ""Usually pre-framed or ready to hang work that is affordably priced is pretty bad in terms of quality and construction. These aren't disappointing and, in fact, are much better than what I expected."", ""We wanted something to accent our new colors and this did it.Product was nicely packaged and went up on the wall with ease.Follow the instructions for spacing and you can't go wrong."", ""In this case, the stretch across the wall behind an oversized green leather sofa. The sofa is fat...overstuffed and fairly plane."", ""The painting invites us in for a walk down the lane to the setting sun.Be advised, this series of paintings needs a large wall for placement. Each panel is light and framed for easy installation. I have the paintings pressed tightly together to make one scene, unlike the picture included on Amazon that shows silver bars separating the paintings."", ""While this piece is a little out of my usual aesthetic, I can't help but be drawn to it. The mist settling in the trees gives me a feeling of tranquility.""]",13.52537504862994,"Yes, you can use this without the bars in the middle, as one reviewer has the paintings pressed tightly together to make one scene.",False,409.4969170400873
G_169,REC_169,B003J8PCL2,Electronics,long,descriptive,sentwin,10,I have an Onyx EZ Model XEZ1.  Will the work with my model?,"I'm sorry not really sure if it will, but the thin wire tends to break very easily right @ the plug. Just breaks cause they're so thin. I'm on my 3rd. Not happy.",KB_02069,1,"[""KB_02065"", ""KB_02078"", ""KB_02076"", ""KB_02060"", ""KB_02070"", ""KB_02062"", ""KB_02060"", ""KB_02067"", ""KB_02066"", ""KB_02073""]","[""This cord works with the onyx radio.Seams to be a little better than the one that came with the radio but I  put electrical tape on what I think are the weakest point to eliminate the breakage that happened to the last one."", ""cord is thin  and  breaksi won't  my xm /  someone sell me another cord that fits  the onyx  that lasts"", ""I have tried to find more durable replacements, but have not been able to find one that says it is compatible with the Onyx."", ""I have gone through two, nearing the need for a third one. I have tried to find more durable replacements, but have not been able to find one that says it is compatible with the Onyx. XM should work on a thicker cord, for this one breaks at the point right before the thicker part that goes into the cigarette lighter."", ""Just as described, just what I needed to replace the power cord on my onyx xm radio."", ""Just as described, just what I needed to replace the power cord on my onyx xm radio. Got a great deal on it ."", ""I have tried to find more durable replacements, but have not been able to find one that says it is compatible with the Onyx. XM should work on a thicker cord, for this one breaks at the point right before the thicker part that goes into the cigarette lighter. I thickly wrap with electrical tape, but it is still trying to break in the same place..... again."", ""did not realize that Sirius and XM mounts are not the same, will only work with XM, now I know,"", ""I love my Onyx system but I really dislike the fact that I have had to replace the power cord twice in the 2+ years I've had it. The power cords that I've ordered from Amazon have been great and were shipped and received in a super great turn around time."", ""I love my Onyx system but I really dislike the fact that I have had to replace the power cord twice in the 2+ years I've had it.""]",16.08445798046887,The available reviews do not provide enough information to answer this question.,True,306.95429199840873
G_170,REC_170,B00E395L7Q,Electronics,long,descriptive,sentwin,10,Does it have a card reader slot? In the pictures it looks like it does.,"Yes,  but haven't used it yet",KB_02085,1,"[""KB_02089"", ""KB_02080"", ""KB_02099"", ""KB_02099"", ""KB_02090"", ""KB_02080"", ""KB_02080"", ""KB_02099"", ""KB_02099"", ""KB_02080""]","[""It remembers all the passwords and usernames that I need and gets me into these sites by swiping my finger over the reader."", ""Another feature I didn't know if I'd use is the fingerprint reader. It remembers all the passwords and usernames that I need and gets me into these sites by swiping my finger over the reader. I logged onto my Amazon account this way to write this review."", ""Another feature I didn't know if I'd use is the fingerprint reader. It remembers all the passwords and usernames that I need and gets me into these sites by swiping my finger over the reader. I logged onto my Amazon account this way to write this review."", ""It works great. Another feature I didn't know if I'd use is the fingerprint reader. It remembers all the passwords and usernames that I need and gets me into these sites by swiping my finger over the reader."", ""Another feature I didn't know if I'd use is the fingerprint reader."", ""It works great. Another feature I didn't know if I'd use is the fingerprint reader. It remembers all the passwords and usernames that I need and gets me into these sites by swiping my finger over the reader."", ""I logged onto my Amazon account this way to write this review. So it's a great feature, too.Watch for computers that don't have an optical drive. When I was shopping for a computer, this seemed to be the norm."", ""I logged onto my Amazon account this way to write this review. So it's a great feature, too.Watch for computers that don't have an optical drive. When I was shopping for a computer, this seemed to be the norm."", ""When I was shopping for a computer, this seemed to be the norm. This computer has a built-in Blu-ray Player and DVD burner.My wife and I travel in an RV. We could watch TV shows on this computer if we wanted to, but it also has an HDMI output."", ""When I was shopping for a computer, this seemed to be the norm. This computer has a built-in Blu-ray Player and DVD burner.My wife and I travel in an RV.""]",15.962334000505507,The available reviews do not provide enough information to answer this question.,True,148.68937502615154
G_171,REC_171,B00F144HYA,Electronics,long,descriptive,sentwin,10,"what size screen do I need with the 5030ube, sitting approx 14 feet from wall where screen would go.","i have a 120"" 16:9 screen at 13 ft away and it is great, it is amazing for movie format which takes about 6inch from top and 6inch on bottom and then the whole screen is used for hdtv which is gigantic but it is not difficult to watch.  i just bought projector last week and even though the resolution from my 4k samsung has spoiled me movies in true 1080p look great using the projector",KB_02103,1,"[""KB_02115"", ""KB_02107"", ""KB_02100"", ""KB_02110"", ""KB_02117"", ""KB_02101"", ""KB_02104"", ""KB_02101"", ""KB_02109"", ""KB_02107""]","[""I waited for years to buy a projector thinking the picture quality would not be very good but the 5030UB blows away most LCD and plasma TVs.My 5030UB sits on a shelf about 8' off the floor and about 19' from my 120\"" Silver Ticket screen (also fantastic)."", ""I am projecting 5030ub on to a Elite Screens Inc. R120DHD5 ezFrame CineGrey 5D Projection Screen for 2D and 3D which is about 20 feet away and it looks phenomenal. The black look very well even though I have some indirect ambient light coming in through my living room."", ""I could not get the test pattern in focus across the whole projected image. I have about a 14.5 foot throw, with the projector located 2.5 feet from the top of the screen. Essentially, it was impossible to focus the right had side of the pattern.3."", ""I have about a 14.5 foot throw, with the projector located 2.5 feet from the top of the screen."", ""***IMPORTANT*** measure the distance projector to wall/screen."", ""we have tried several setting all work we do not notice any issues.6. ***IMPORTANT*** measure the distance projector to wall/screen. there are auto programs on the web that know your 5030ub and you plug in number out comes answers."", ""Set up was easy and the picture quality was awesome. I'm using a 120&#34; screen and we all love it. Some have said the fan on this model is loud."", ""This will also add in better picture. 84\"" TV 8 to 13 feet and 120\"" in greater."", ""Remember to set the right distance (shortest distance to screen to get brightest picture and remember screen gains want super bright high gain be careful you do go to bright can hurt your eyes. Truly you should have three screens (white, gray, black Matt) and you can change the light or screen to best suit the movie or gaming you are watching. ** this works best** for all projectors"", ""The black look very well even though I have some indirect ambient light coming in through my living room. Both the 5030ub and 6030ub have the same contrast ratio but the other differences I do not know if it justify the prices differences. The picture looks crisp and clear.""]",13.11874995008111,"Based on the reviews, a 120"" screen is recommended for a distance of around 14 feet from the projector. A larger screen may be suitable, but 120"" is mentioned as a good option.",False,466.26745793037117
G_172,REC_172,B0048G9LDE,Toys_and_Games,long,descriptive,sentwin,10,How well does this game play with 2 players?  Is it less interesting then 4 players?,"It plays alright. The choices in the different zones are reduced (blocked off) when playing with fewer than 4 players. So, while it's still playable, it's a lot more fun with 4.",KB_02121,1,"[""KB_02141"", ""KB_02121"", ""KB_02132"", ""KB_02128"", ""KB_02129"", ""KB_02134"", ""KB_02123"", ""KB_02141"", ""KB_02133"", ""KB_02126""]","[""Really, the idea behind play is simple, but because you are competing head to head against other players for the same limited spaces on the board, sometimes you'll find yourself fighting other players for the same resources.No one is eliminated early from the game, so everyone can stay in it until the end. While the game can be played with 2 and 3 players, for the best games I recommend playing with 4.This game is out of stock on many websites, so if you see it for sale, pick it up. Because of it's easy learning curve, it also makes a great gift."", ""Really, the idea behind play is simple, but because you are competing head to head against other players for the same limited spaces on the board, sometimes you'll find yourself fighting other players for the same resources.No one is eliminated early from the game, so everyone can stay in it until the end. While the game can be played with 2 and 3 players, for the best games I recommend playing with 4.This game is out of stock on many websites, so if you see it for sale, pick it up."", ""While the game can be played with 2 and 3 players, for the best games I recommend playing with 4.This game is out of stock on many websites, so if you see it for sale, pick it up."", ""The re-playability is extremely high, allowing for a myriad of possible ways to win, with no one strategy always being the path to victory. Its even better with the expansion cards.Playing with two players completely changes the dynamic of the game. It becomes extremely cutthroat and people who have only played with 4 players will probably not realize the changes in tactics required."", ""The rule book also contains examples to give further clarification.Game LengthI personally prefer playing this game with three (3) people. While four (4) is still fun, but it increases the time between turns and overall game length to the point casual players may be turned off (~90 minutes v ~60 minutes with three (3) players). However if all participants are gamers or already like the game, a good time will be had by all.ThemeAlien Frontier's theme works great, helped with the impressive art and beautiful components."", ""While four (4) is still fun, but it increases the time between turns and overall game length to the point casual players may be turned off (~90 minutes v ~60 minutes with three (3) players)."", ""It is a great game, with very well thought out and balanced mechanics, but is easy to learn (which means i can get my wife to play with me). It is definitely more fun (ie challenging) when there are 3 or 4 people as there is a lot more conflict for resources & positioning. This game is definitely going on my list to buy."", ""This is probably one of my favorite new games that I've played in a long time, and much better if you can play with the max of 4 players.Players start off with 3 ships (dice), and take turns rolling all of them. Depending on how players roll, they may place the ships on different areas on the board."", ""This is probably one of my favorite new games that I've played in a long time, and much better if you can play with the max of 4 players.Players start off with 3 ships (dice), and take turns rolling all of them."", ""This is probably one of my favorite new games that I've played in a long time, and much better if you can play with the max of 4 players.Players start off with 3 ships (dice), and take turns rolling all of them. Depending on how players roll, they may place the ships on different areas on the board.""]",17.88612501695752,"The game can be played with 2 players, but it is considered more fun and challenging with 3 or 4 players, as it introduces more conflict for resources and positioning. Playing with 2 players changes the dynamic of the game, making it extremely cutthroat and requiring different tactics.",False,404.5719999121502
G_173,REC_173,B000E8VAIO,Tools_and_Home_Improvement,long,descriptive,sentwin,10,can this be placed in a gang wall switch box? I have a 7 switch gang box and need to place two side by side?,"When we originally bought this item, it replaced a light switch. It fit in fine next to two other light switches. The same switch plate we used before covers all three.",KB_02157,1,"[""KB_02143"", ""KB_02160"", ""KB_02151"", ""KB_02156"", ""KB_02148"", ""KB_02142"", ""KB_02157"", ""KB_02159"", ""KB_02146"", ""KB_02142""]","[""I (a woman in my early 60's) ordered this to replace a broken wall switch timer to control two overhead porch lights and a pole lamp. We have an older home and the switch boxes are smaller. This timer fit in the box perfectly; and because it only has three wires to connect and the instructions were very simple to follow, I installed it very easily and quickly."", ""I can do that with my old, $1.50 wall switch!"", ""This wall switch is easy to install, but it is really complicated to program. The instructions are not user friendly and some steps are confusing."", ""Just be aware.The writing on the unit is VERY small and hard to see.The spaces are tight for fat fingers.The unit fills the entire half of a switch box and in my case with new, thick wires and twist caps inside, I had to finagle and bend and adjust to make it fit the space."", ""I have installed three in the last five years, great product.1st install at mom and dad's ~5yrs ago:Pushed dad to install the heavier duty model due to eight bulbs surrounding his property but this is what he bought so I agreed due to most of them being CFL bulbs (therefore no issue with current &#34;leak&#34; when off). Had to get creative to make room inside a 4 gang box where all these circuits converged but was not too bad due to 14ga. wire and lots of patience."", ""I noticed one reviewer complained, he couldn't fit it into his box. I had to move some of the wires around, but I was able to get mine to fit without too much trouble, and I had a LOT of wires stuffed into my box. I had to wire mine for a 3-way switch configuration, and the electrical box is shared with another 3-way switch and a 2-way switch.The previous generation was just a simple digital 7-day timer, which meant twice a year, I had to adjust it for daylight saving time, and I had to periodically adjust it during the year for seasonal changes in sunset times."", ""It is also a little deeper than what it replaced so I had to be careful as I moved the house wiring around in the 3 switch box this beast was installed in."", ""The outlet box is covered by a Decora type wall plate."", ""At my house I needed a few outdoor receptacles to be controlled by programmed timers to turn ON and OFF my outdoor lighting at certain times.The Intermatic EJ500C timer was easy to mount in the existing wall boxes and replace the ON-OFF switches. The outlet box is covered by a Decora type wall plate. The timer programming is easy to do and it contain 6 different daily switching programs."", ""The EJ500 sits flush with the switch panel. Admittedly, the housing is recessed into the wall by more than an inch. I noticed one reviewer complained, he couldn't fit it into his box.""]",15.554250101558864,"The unit fills the entire half of a switch box, and some reviewers had to get creative or move wires around to make it fit, even in a 3 or 4 gang box. It may be possible to place two side by side in a 7 switch gang box, but it could require some adjustments. The device's depth and size may require careful planning to fit in the box.",False,512.9580419743434
G_174,REC_174,B0044U42LU,Sports_and_Outdoors,medium,descriptive,sentwin,10,Will these kill zombies if i get good at it?,"Projectile weapons typically are not efficient for killings zombies. Throwing knives would be better served as a tool or self defense against humanity's other faction that you'll ultimately have to fight. Likely they will capture you, and their Che Guevara look alike will make you play basketball while only have a couple hours left before a horrible poison destroys your body. Welcome to the human race.",KB_02164,1,"[""KB_02163"", ""KB_02173"", ""KB_02174"", ""KB_02165"", ""KB_02165"", ""KB_02170"", ""KB_02166"", ""KB_02166"", ""KB_02165"", ""KB_02182""]","[""I bought these to get ready for zombies and i wasnt dissapointed! Very sharp and very accurate will hit targt easy!"", ""I bought these to get ready for zombies and i wasnt dissapointed!"", ""I'm sure there are professional knife throwers somewhere who laugh at these, but we did not buy them for competition or for killing zombies; they were bought for me and my 13 year old to have fun."", ""I set up a compressed cardboard target for my wife and use a bow target for myself. I'm sure they'd work with a cork target too, but it you go slinging them at a hardwood or solid wood product you will kill them quickly."", ""She thinks they are quite fun. I wouldn't sharpen them until you were ready or just throw them at any target however. I set up a compressed cardboard target for my wife and use a bow target for myself."", ""Who does not like a nice set of throwing knives. Like to take them camping and when I get bored, take them out and start throwing. Good weight and Balance."", ""I like 'em, but who are we kidding? Who do you think you're going to kill with these things? NOBODY, that's who!"", ""NOBODY, that's who! They are very sharp, though."", ""Taking that into account I think they are quite good. They are very small and light which actually makes you try harder to throw them properly. I gave my first set to my wife."", ""(Thats another factor, they bounce back when not thrown correctly so you REALLY have to know what your doing) But the bright side of these knives is THIS.Once you master these knives, you'll be able to throw and land OTHER knives that are much easier to use than this LIKE NOTHING. These are probably the BEST PRACTICE KNIVES out there, but NOT FOR FUN QUICK AND EASY INEXPERIENCED ENTERTAINMENT.""]",16.14650001283735,The available reviews do not provide enough information to answer this question.,True,176.6459580976516
G_175,REC_175,B000BVQ80E,Home_and_Kitchen,long,descriptive,sentwin,10,Do I only have to use  Sephora chocolate or will any brand do ?,Any brand will work as long as it is formulated to use in a fountain.,KB_02185,1,"[""KB_02192"", ""KB_02193"", ""KB_02194"", ""KB_02186"", ""KB_02202"", ""KB_02190"", ""KB_02195"", ""KB_02185"", ""KB_02187"", ""KB_02185""]","[""I thought about getting a bigger one but opted for the smaller one to use for more intimate occasions. This size uses 4 pounds of chocolate.I used the Sephra Milk Chocolate because you don't have to add anything to the chocolate to get the right consistency."", ""Definitely worth paying extra for this. I bought 2 bags of Sephra milk chocolate and didn't even use everything. After melting about 1.5 bags of chocolate (3 lbs) in the machine, we turned it on, and it worked like a charm."", ""I bought 2 bags of Sephra milk chocolate and didn't even use everything."", ""Had never used a chocolate fountain, but had no problems setting it up. We used Sephra brand chocolate and had no need to burp it. Everything worked perfectly and was much less expensive than renting one for our party of ~50."", ""We used Sephra brand chocolate and had no need to burp it."", ""It looks nice however, I could not get the chocolate warm enough to flow. Perhaps I should have purchased the recommended chocolate. I will keep it and call for help rather than send it back because I really would like to use it again in the future."", ""I would advise buying the Sephra brand chocolate wafers that are recommended, too, because you don't have to add oil and they melt quickly."", ""It worked beautifully, and was a huge hit at our party. I would advise buying the Sephra brand chocolate wafers that are recommended, too, because you don't have to add oil and they melt quickly. Also, the milk chocolate was delicious!"", ""I was amazed how easy this was to use. I would recommend this fountain along with the Sephra chocolate."", ""The cascading chocolate formed a perfect curtain of chocolate, just like the picture on the ad and on the box! We also tried the Wilton Chocolate Pro Melting chocolate wafers, and they also worked perfectly.""]",13.185042073018849,"You don't have to use only Sephora chocolate, as Wilton Chocolate Pro Melting chocolate wafers also worked perfectly. However, using Sephra brand chocolate wafers is recommended because they melt quickly and don't require adding oil.",False,332.0178330177441
G_176,REC_176,B00HG1L334,Electronics,medium,descriptive,sentwin,10,Is it fit with lifeproofcase ipad mini?,[UNANSWERABLE],,1,"[""KB_02218"", ""KB_02211"", ""KB_02205"", ""KB_02214"", ""KB_02205"", ""KB_02216"", ""KB_02213"", ""KB_02210"", ""KB_02206"", ""KB_02221""]","[""I tried this cable on some of my problem cases and the fit was perfect."", ""I own a number of devices (phones and tablets), and cases can sometimes be problematic when connecting cables. I tried this cable on some of my problem cases and the fit was perfect. Plus one for that!I love this cable so much that I am ordering a spare in case I lose this one."", ""It works perfectly for my new iPad. I have it in a case and my old cable would not plug all the way in. This snapped right into place and provides great sound for my desktop speaker."", ""It works perfectly for my new iPad."", ""I just received this cable today and cannot believe the quality for this price. It works perfectly for my new iPad. I have it in a case and my old cable would not plug all the way in."", ""The step down style jack allows it to fit easily on my iPhone in my Otter Box case."", ""It is covered with cloth which makes it extra durable. The step down style jack allows it to fit easily on my iPhone in my Otter Box case."", ""It is a little stiff, but I did not find that to be a problem. (3) FIT: The connectors are designed to fit case cutouts."", ""I am happily using these exclusively, due to the rounded heads, which fit nicely into various things including cases. Can not think of another word to say."", ""I am happily using these exclusively, due to the rounded heads, which fit nicely into various things including cases.""]",12.139959027990699,The available reviews do not provide enough information to answer this question.,True,675.8702079532668
G_177,REC_177,B007VFTO0E,Patio_Lawn_and_Garden,short,descriptive,sentwin,10,What size is the hole?,[UNANSWERABLE],,0,"[""KB_02226"", ""KB_02224"", ""KB_02225""]","[""It's Craftsman... do you need to make a review?"", ""It's Craftsman... do you need to make a review? It's a quality item wouldn't expect anything else from that company."", ""It's a quality item wouldn't expect anything else from that company.""]",11.55129203107208,The available reviews do not provide enough information to answer this question.,True,215.21533303894103
G_178,REC_178,B001L1R3SO,Home_and_Kitchen,long,descriptive,sentwin,10,Does this blanket go on top of the bedding or do you sleep on top of it?,[UNANSWERABLE],,0,"[""KB_02227"", ""KB_02228"", ""KB_02227"", ""KB_02229"", ""KB_02230"", ""KB_02227""]","[""We bought the queen-sized blanket for a queen-sized bed. I wish I'd bought the king &#8230; it's hanging over the edge of the mattress but there is NO way I could even come close to tucking it in."", ""We bought the queen-sized blanket for a queen-sized bed."", ""We bought the queen-sized blanket for a queen-sized bed. I wish I'd bought the king &#8230; it's hanging over the edge of the mattress but there is NO way I could even come close to tucking it in. But it does keep us super warm and it's so much safer than the antique version that we were using."", ""I wish I'd bought the king &#8230; it's hanging over the edge of the mattress but there is NO way I could even come close to tucking it in."", ""But it does keep us super warm and it's so much safer than the antique version that we were using."", ""I wish I'd bought the king &#8230; it's hanging over the edge of the mattress but there is NO way I could even come close to tucking it in. But it does keep us super warm and it's so much safer than the antique version that we were using.""]",12.553791049867868,"The blanket is used on top of the bedding, as one reviewer mentions it hangs over the edge of the mattress and cannot be tucked in. This suggests that it is placed on top of the existing bedding. The reviewers also mention that it keeps them warm, implying that they sleep under it.",False,610.1565000135452
G_179,REC_179,B005N1190G,Pet_Supplies,short,descriptive,sentwin,10,What gage is the wire?,It looks to be 10 Ga,KB_02242,0,"[""KB_02231"", ""KB_02240"", ""KB_02231"", ""KB_02236"", ""KB_02234"", ""KB_02242"", ""KB_02238"", ""KB_02231"", ""KB_02238"", ""KB_02231""]","[""Has double locks on door for secure closure. Folds pretty easily to transport and wire is heavier than others I looked at. Drawback is only one door, but so far not a problem."", ""Folds pretty easily to transport and wire is heavier than others I looked at."", ""This crate is more heavy duty than the ones I saw at the pet stores. Has double locks on door for secure closure."", ""This is a really big crate. My dog is a little nervous about being enclosed (lab/boxer), but because it is so spacious, she is handling this crate better than I expected."", ""We LOVE this kennel. Our dogs both have awful separation anxiety, so we could never go out."", ""was also the size I needed it to be."", ""It is easy to put up and take down. Just what I was looking for."", ""Drawback is only one door, but so far not a problem. A little pricey compared to others, but worth it--you tend to get what you pay for in dog crates. My dog likes it, so I can't say how it would hold up to a large dog who wanted out of it."", ""This cage meets my requirements and I believe that it is a good buy for the quality of the cage. It is easy to put up and take down."", ""This crate is more heavy duty than the ones I saw at the pet stores. Has double locks on door for secure closure. Folds pretty easily to transport and wire is heavier than others I looked at.""]",12.73483398836106,The available reviews do not provide enough information to answer this question.,True,462.12995797395706
G_180,REC_180,B003F8GH6U,Sports_and_Outdoors,short,descriptive,sentwin,10,Where was it made?,They are made in China. The only water bottle I've found that is made in the US is Liberty Bottles. You can get them here or I saw them on the shelf at Whole Foods.,KB_02254,0,"[""KB_02248"", ""KB_02260"", ""KB_02264"", ""KB_02247"", ""KB_02264"", ""KB_02251"", ""KB_02264"", ""KB_02247"", ""KB_02251"", ""KB_02264""]","[""Love my new kanteen, it arrived quickly and the product is wonderful. Klean Kanteen is durable and easy to carry around!"", ""Love my new kanteen, it arrived quickly and the product is wonderful."", ""It had excellent reviews, and was extremely reasonably priced. I love that it is steel, not aluminum. Now my water has no metallic taste or smell- it is just water."", ""I love that it is steel, not aluminum. Now my water has no metallic taste or smell- it is just water."", ""All of those bottle failures have since been recycled.Once I was in the market for a new one, I decided to try Klean Kanteen. It had excellent reviews, and was extremely reasonably priced. I love that it is steel, not aluminum."", ""All of those bottle failures have since been recycled.Once I was in the market for a new one, I decided to try Klean Kanteen. It had excellent reviews, and was extremely reasonably priced."", ""The cap is made from a smooth and durable plastic.I ordered the Green Energy color, which is much more subtle when you get it. It is closer to celery, which is beautiful.I have not yet dropped it, so I cannot attest to its durability in that sense, but it has survived a few bike rides so far and has done marvelously. It has also stood up to the daily abuse that is my backpack without a scratch.I appreciate the interchangable caps avaliable through Klean Kanteen, and plan on ordering the sport cap."", ""The cap is made from a smooth and durable plastic.I ordered the Green Energy color, which is much more subtle when you get it. It is closer to celery, which is beautiful.I have not yet dropped it, so I cannot attest to its durability in that sense, but it has survived a few bike rides so far and has done marvelously. It has also stood up to the daily abuse that is my backpack without a scratch.I appreciate the interchangable caps avaliable through Klean Kanteen, and plan on ordering the sport cap."", ""The paint on one of them started to get sticky and rub off onto other objects in my bag after just a few days. All of those bottle failures have since been recycled.Once I was in the market for a new one, I decided to try Klean Kanteen. It had excellent reviews, and was extremely reasonably priced."", ""The paint on one of them started to get sticky and rub off onto other objects in my bag after just a few days. All of those bottle failures have since been recycled.Once I was in the market for a new one, I decided to try Klean Kanteen. It had excellent reviews, and was extremely reasonably priced.""]",12.267207959666848,The available reviews do not provide enough information to answer this question.,True,554.5276659540832
G_181,REC_181,B005IHAPBY,Automotive,long,descriptive,sentwin,10,"How tall are the top and bottom sides? I'm thinking about getting this engraved, but if it's too small then I can't",[UNANSWERABLE],,0,"[""KB_02266"", ""KB_02280"", ""KB_02270"", ""KB_02286"", ""KB_02286"", ""KB_02274"", ""KB_02286"", ""KB_02268"", ""KB_02279"", ""KB_02271""]","[""Good looking plate frame, I bought this one as NC truck plate has the state name at the bottom of license plate. Many plates has the wide lower part of the frame with a logo, this covered over the name of state causing the police to get upset.Good quality, sturdy frame."", ""Good looking plate frame, I bought this one as NC truck plate has the state name at the bottom of license plate."", ""Having received and installed it, I'm glad I did.It is just what it should be. That is, a nice frame that covers the not-so-beautiful edges of the license plate. It is definitely sturdy, and from the reviews I read, it will last better than some others that seem to fade over time.The caps fit nicely over the screws I got at Home Depot for $1.If you're spending your time reading about license plate frames, you can feel good stopping now and purchasing this one."", ""The size of the frame does not allow enough tolerance for a license plate that might be stamped a little larger than normal. One of my plates is slightly taller than the other. I had to slightly bend the edge of the frame out for it to fit over the plate properly."", ""I have two issues with it:1. The size of the frame does not allow enough tolerance for a license plate that might be stamped a little larger than normal. One of my plates is slightly taller than the other."", ""I use it in conjunction with the Bullnose I installed on my F150. It dresses up the license plate well."", ""I had to slightly bend the edge of the frame out for it to fit over the plate properly. It's not enough to notice looking at it, but noticeable when assembling it.2. Two of the eight plastic caps fit loosely in the screw holes."", ""I'm using the screws I already have, but now the plastic covers won't fit over them.People who write a good review on this have low standards. If I would have seen this item in person at my local auto store, I would have passed and bought another one.Having a license plate frame is about making your car look neat, and this looks sloppy and cheap."", ""I thought about putting in my own 2 at the bottom  to keep the plate and holder together (No place on the bumper)  But just the 2 screws kept everything nice and tight."", ""No screws included - nor advertised as included. I thought about putting in my own 2 at the bottom  to keep the plate and holder together (No place on the bumper)  But just the 2 screws kept everything nice and tight. The screw covers look sharp.""]",12.371167074888945,The available reviews do not provide enough information to answer this question.,True,565.838124952279
G_182,REC_182,B009LJ9Z0M,Electronics,medium,yesno,sentwin,10,will this unit include docking for an Ipod and an Iphone 4?,Yes. I have used both my iPhone 4 and my iPod in the docking station and they work fine. One thing that could cause trouble is the size of your phone case. My phone case is small and it fits. A large case would need to be removed to use the dock.,KB_02287,1,"[""KB_02295"", ""KB_02287"", ""KB_02299"", ""KB_02301"", ""KB_02295"", ""KB_02303"", ""KB_02292"", ""KB_02297"", ""KB_02287"", ""KB_02307""]","[""This is a very well made product, as with most BOSE products......iPod/iTouch connects just fine and sounds good. Keep in mind, you can only connect older 30 pin connector iPods and iTouches......does not have the latest Apple connection. Also, you get an additional remote with this package deal, but it also comes with the standard credit card sized remote."", ""I purchased the radio and it is great! Love the alarm etc.The I-Phone Dock does not work with my Iphone 5C. It has the larger plug and is compatible with the Iphone 4 I think."", ""Love the alarm etc.The I-Phone Dock does not work with my Iphone 5C."", ""This is a very well made product, as with most BOSE products......iPod/iTouch connects just fine and sounds good."", ""This is a very well made product, as with most BOSE products......iPod/iTouch connects just fine and sounds good. Keep in mind, you can only connect older 30 pin connector iPods and iTouches......does not have the latest Apple connection."", ""The Ipod dock can be placed out of sight if it is important to keep a clean surface for the radio."", ""We received a second controller which was a nice surprise. The Ipod dock can be placed out of sight if it is important to keep a clean surface for the radio. However, be prepared for the Bose price!"", ""It has the larger plug and is compatible with the Iphone 4 I think."", ""Love the alarm etc.The I-Phone Dock does not work with my Iphone 5C. It has the larger plug and is compatible with the Iphone 4 I think. If you have the new I phone don't waste the money.Otherwise a great product!!"", ""I did not receive two remotes like someone else did, so I assume that was a fluke. I've not yet connected my iPod (so this is a premature review), but did not find that part straightforward (as in, I couldn't just plug it in and go). Will read the instructions and feed back on that later.""]",16.519750002771616,The unit includes docking for an iPod with a 30 pin connector and is compatible with an iPhone 4. It does not support the latest Apple connections or iPhone 5C.,False,549.8113749781623
G_183,REC_183,B003WAOVGY,Home_and_Kitchen,medium,yesno,sentwin,10,does this chair work with xbox one,"Yes, it will work with xbox one as long as you have a headphone jack in the tv or stereo. The chair can then be connected wirelessly or by wire (extra).",KB_02327,1,"[""KB_02308"", ""KB_02323"", ""KB_02317"", ""KB_02313"", ""KB_02312"", ""KB_02318"", ""KB_02308"", ""KB_02314"", ""KB_02322"", ""KB_02327""]","[""My teenage son would blast anyone sitting nearby as he sprawled on the floor playing his Xbox or other games. With the X Rocker Pro gaming chair, he plugs in his earphones (peace and quiet for the rest of the household), experiences all of the special effects vibrations and sounds), and improves his posture too. He loves it (and so does mom)!"", ""With the X Rocker Pro gaming chair, he plugs in his earphones (peace and quiet for the rest of the household), experiences all of the special effects vibrations and sounds), and improves his posture too."", ""My son loves the chair, he calls it &#34;THE BEST SEAT IN THE HOUSE&#34; We looked at other gaming chairs and they don't come close to the X rocker pro."", ""I bought this for my husband for his birthday and he divorced me a few days later mmmm the chair or me I'm not sure!"", ""My fianc&eacute; loves this chair and so do our children."", ""My teenage son would blast anyone sitting nearby as he sprawled on the floor playing his Xbox or other games."", ""My teenage son would blast anyone sitting nearby as he sprawled on the floor playing his Xbox or other games. With the X Rocker Pro gaming chair, he plugs in his earphones (peace and quiet for the rest of the household), experiences all of the special effects vibrations and sounds), and improves his posture too."", ""great chair, everyone loves it. I got it for my handicap daughter and she enjoys rocking in it while listening to music."", ""great chair, everyone loves it."", ""I use it in my gaming room to play video games or enjoy tv comfortably. Arm rests are sturdy, feels great/solid, the speakers sound amazing, and make it enjoyable to watch your tv.Great for middle school aged kids to adults 5ft 10in tallCan hook up to your gaming system or to an MP3 player, laptop, or handheld gaming system (PSP, 3DS, Gameboy)Makes playing COD or BF3 like you're at an IMAX watching Black Hawk Down.The wireless option is confusing but wired setup is easy. Feels like leather and even though I have small dogs they havent been able to scratch yet.This is a great gift for a Gaming-husband/brother/child or even daughter/sister.This is also very good for comfort if you have children who play sitting indian style on the floor or supported by their elbows.""]",14.224334037862718,"The chair works with Xbox, as one review mentions a teenage son playing his Xbox while using the X Rocker Pro gaming chair. It also mentions that the chair can be hooked up to a gaming system.",False,716.5143330348656
G_184,REC_184,B00EVC9PQI,Electronics,medium,yesno,sentwin,10,would this tripod fit GE X450 power pro camera?,"It should look at the bottom of your camera, if there is a small hole yes, if its a 2 inch square lock or Oregon scientific mount no. Its a great pod I've had mine and been using it regularly for about a year works like new after some pretty severe beatings including submerging it a bunch of times. Still can't beat the price.",KB_02333,0,"[""KB_02328"", ""KB_02338"", ""KB_02334"", ""KB_02330"", ""KB_02330"", ""KB_02331"", ""KB_02343"", ""KB_02333"", ""KB_02341"", ""KB_02330""]","[""For the price I couldn't believe how well it holds up as I would by another 1!!! This tripod holds my Panasonic Pro AG-DVX100B camera. I'm so glad I didn't waste my money on a $80.00 tripod!"", ""This tripod holds my Panasonic Pro AG-DVX100B camera."", ""I'm using one with my little Panasonic Camcorder and the other one with my Fujifilm Finepix DSLR. This tripod will be able to hold cameras much heavier than mine with no problem, I know it can. I would recommend this wonderful tripod to anyone anytime .Even when I raise them all the way to 66 inches, they remained steady and strong!"", ""I'd recommend this tripod if you just want a cheap tripod that can go up to almost 6ft. Again, if you want a really good tripod, spend the $50-100. This is more for amateur's (ie me) who just do some simple photography with my phone or point and shoot camera.I do believe this tripod can hold a dslr camera okay.. but if you're gonna spend $600 on a dslr,.. might as well spend more on a good tripod."", ""The tripod includes a nice inexpensive nylon bag. I'd recommend this tripod if you just want a cheap tripod that can go up to almost 6ft. Again, if you want a really good tripod, spend the $50-100."", ""I had been shopping locally trying to find a tripod that would not break the bank and was prepared to spend more than four times as much to buy even a used tripod. Not really familiar with Amazon, I took a chance based on the many good reviews this product had received and I will be shopping Amazon more regular."", ""I had been shopping locally trying to find a tripod that would not break the bank and was prepared to spend more than four times as much to buy even a used tripod."", ""I just got it to use with my shooting chronograph.It is great, except a part broke on it the very first time I used it. The base where you attach the camera or chronograph comes apart from the tripod. On the bottom side is a tab that allows you to tighten the screw that holds the camera/chronograph on."", ""The base where you attach the camera or chronograph comes apart from the tripod."", ""Again, if you want a really good tripod, spend the $50-100. This is more for amateur's (ie me) who just do some simple photography with my phone or point and shoot camera.I do believe this tripod can hold a dslr camera okay.. but if you're gonna spend $600 on a dslr,.. might as well spend more on a good tripod.""]",12.447874993085861,The available reviews do not provide enough information to answer this question.,True,497.8664160007611
G_185,REC_185,B0077QHF1C,Electronics,medium,descriptive,sentwin,10,"Can I select ""Random mode"" for songs playback?","Yes you can.  Press and hold the play/pause button on the device or the remote.  You will be able to choose between playing ALL songs in sequence, RANDOM within the current directory, FOLDERALL playing all the songs in the current directory only, ONE to repeat the current song.",KB_02363,1,"[""KB_02349"", ""KB_02359"", ""KB_02356"", ""KB_02363"", ""KB_02356"", ""KB_02348"", ""KB_02352"", ""KB_02366"", ""KB_02368"", ""KB_02367""]","[""When it works, it is good. You can change the frequency, volume and select the songs.After 8 month, this one doesn't work any more. The display is still bright, and all the buttons &#34;works&#34;."", ""You can change the frequency, volume and select the songs.After 8 month, this one doesn't work any more."", ""I can't find a way to \""random play everything on the SD card\"" - only \""random in this folder\"" and I can't seem to find a way to navigate \""out of this folder and up one level\"". This means I have to copy all my music over, move everything to the root directory and hit random."", ""I can't find a way to \""random play everything on the SD card\"" - only \""random in this folder\"" and I can't seem to find a way to navigate \""out of this folder and up one level\""."", ""I can't find a way to \""random play everything on the SD card\"" - only \""random in this folder\"" and I can't seem to find a way to navigate \""out of this folder and up one level\"". This means I have to copy all my music over, move everything to the root directory and hit random. And that means I'm now not able to play \""just this album\"".If I hadn't tossed the packaging I would have returned it, but thankfully my commute is pretty short so I'll live with it; thankfully it was only about a tenner."", ""It does shuffle when you hold down the play button, but each folder only reads 999 files in the shuffle (at least on my SD card), so I had to create 5 folders of 999 files. It does not shuffle across folders."", ""Interfaces through USB with i-pod as well but cannot control from i-pod. It treats it as a flash drive and plays random shuffle, which is perfectly fine for me. Charges the ipod simultaneously."", ""I use it mainly with a SD inserted, seems to only pick up 999 of the 1500 songs on the card."", ""You can only skip between tracks, not search within them. For people who listen to long podcasts or that this feature is important to, you'll have to find a similar transmitter (there are a lot of them out there, granted this I feel is the best value) and some have the search option.Another small drawback is this is literally an MP3 player... other formats such as MP4s will not read.Some users may also find it somewhat difficult at first to toggle through folders. After using the device, you will get used to its functionality and this will be simple.Also, not a drawback but informational note: there is no separate output jack - the \""output\"" is simply the ability to send the sound (from a flash drive, sd card, phone, external mp3 player, or anything that can send sound over a simple audio chord with a 1/8\"" plug at one end) over an unused FM station."", ""I put 490 songs on my SD card and could only hear six on shuffle, the same six over and over, ridiculous!The interference is terrible, guess the FM transmitter is just too weak, always hear static, no channel is clear.""]",12.103665969334543,"You can select a ""random"" mode, but it only works within a folder, not across all songs on the SD card.",False,418.3373749256134
G_186,REC_186,B004T6M6Y4,Home_and_Kitchen,medium,descriptive,sentwin,10,Is lid transparent or do you know a transparent compatible lid?,no the lid is not transparent. I don't know of a compatible transparent lid.,KB_02388,1,"[""KB_02373"", ""KB_02383"", ""KB_02374"", ""KB_02376"", ""KB_02388"", ""KB_02388"", ""KB_02372"", ""KB_02382"", ""KB_02370"", ""KB_02388""]","[""Yes, it is expensive, but I wanted to try it, so watched for 1 pan I would use a lot to come down in price. I purchased the 1.5 quart with lid and LOVE it. The ergonomic handle is soooooo nice and comfortable use."", ""Displays very nicely on my pot rack and cleverly stores the lid on the long handle."", ""It washes up very nicely and I've only had to lightly clean it with barkeeper's friend one time. Displays very nicely on my pot rack and cleverly stores the lid on the long handle."", ""Even heat. Got rid of that due to getting rid of the person in the house who had won it.3)  some walmart cheap ($10) stainless steel thing with a glass lid that had very thin sides and resulting poor heat conduction up the sides. Also the handle got really hotI finally got totally fed up with the walmart pan and bought this all clad stainless steel pan."", ""The Stainless and MC2 are traditional clad, which is a 3-ply construction of aluminum between American-made 18-10 stainless, which is a very beefy steel. You will notice that the most obvious different of the Stainless and MC is that the Stainless has a high-polish outer finish on the cookware and lids, where as the MC is brushed. Having used both, I can say both are very durable and easy to upkeep."", ""The little extra cleaning effort is worth this level of durability as those rivets will give decades of great usage.There are at least five top-end makers of clad cookware. All-Clad is most certainly one, and probably the best known. You pay a premium for the name, but they are fantastic."", ""The first time I used it (cooked oatmeal) there was a stain when I washed it, so I washed it again, used it again and washed it again all according to the manufacturers recommendation. It cooks well, the lid fits tight and everything else about the pan is fine. Will be looking for other brands as replacement for what I currently own."", ""It cooks well, the lid fits tight and everything else about the pan is fine."", ""This little pot has everything I was looking for in a sauce pan; good size, even heat distribution, not too heavy, easy to handle and clean, comes with a lid, and the handle has a hole for hanging on my cook rack, perfect!"", ""Additionally, most cookware types are best suited for only one or two of the following cooking types: gas, electric, induction, or open flame.Enter clad, the great compromise. Stainless on the outside, aluminum on the inside (and with All-Clad's higher end models, add copper and multiple cores). The aluminum betters the heat transfer, and the thick stainless encases the aluminum.""]",15.784084098413587,The available reviews do not provide enough information to answer this question.,True,293.181165936403
G_187,REC_187,B000Q5APCC,Electronics,medium,descriptive,sentwin,10,What is the size of this radio?,[UNANSWERABLE],,1,"[""KB_02391"", ""KB_02400"", ""KB_02391"", ""KB_02390"", ""KB_02399"", ""KB_02403"", ""KB_02396"", ""KB_02392"", ""KB_02404"", ""KB_02394""]","[""The radio was larger than I expected. So be clear about the size of the radio you want before you order it. When the radio arrived, I put in batteries."", ""So be clear about the size of the radio you want before you order it."", ""The radio was larger than I expected. So be clear about the size of the radio you want before you order it."", ""The GS350DL Field Radio by Grundi is receiving signals from great distances, and produces clear voice and music qualities, with no distortion at high volume. It seems lighter than other radios of it's size we have owned. Used it for a month now and  We are very pleased with our purchase!"", ""This radio gets great reception of distant FM stations and the sound quality is great for the size."", ""I'm happy with my purchase, but it doesn't have quite as good of sound quality as I had hoped it would.I love the size of this radio."", ""This radio is better than I expected when I bought it for $100.00. It has long battery life and allows you to choose AA or D size batteries with the ease of a selector switch."", ""Bought this radio after storm Sandy. It works very well and receives all local and national signals, and many international signals."", ""Best part of this radio (for me) is the dual-battery size compatibility!"", ""Great radio with many analogs bands to select with a digital display. Best part of this radio (for me) is the dual-battery size compatibility! Operates on 4 D or 4 AA batteries and the AC adapter is included.""]",15.683250036090612,The available reviews do not provide enough information to answer this question.,True,319.3423750344664
G_188,REC_188,B004MKJWJO,Electronics,medium,descriptive,sentwin,10,Will this card work with a 375 watt power supply?,"Yes, but I would recommend getting at least a 600 watt sometime in the future if you game a lot",KB_02409,1,"[""KB_02419"", ""KB_02409"", ""KB_02411"", ""KB_02420"", ""KB_02414"", ""KB_02423"", ""KB_02422"", ""KB_02410"", ""KB_02418"", ""KB_02429""]","[""It takes only 1 6-pin power conenctor and comes with molex adapters so as long as you have a 350watt power supply/psu or higher than your good.My brother used this on his stock 350watt psu which has no 6-pin connector and the card works fine (used the molex adapter)."", ""My take on this card is that if you want good performance/fps and still have better graphics than the 360 or ps3 and dont care if you max the games graphics out than this card is for you. It takes only 1 6-pin power conenctor and comes with molex adapters so as long as you have a 350watt power supply/psu or higher than your good.My brother used this on his stock 350watt psu which has no 6-pin connector and the card works fine (used the molex adapter)."", ""This card provides a lot of power for the price. I bought 2 of them so I could have SLI."", ""This card provides a lot of power for the price."", ""If you want to spend a small amount of money, but get something that can still run today's games in 720p at 30-60 FPS on medium settings, this is a card to get. Just keep in mind that it is fairly big and uses a nice chunk of power, but it still fit in my mATX case.As a primarily console gamer that would still like to play some PC exclusives and pick up some Steam sales, this card is perfect. It runs almost everything I throw at it, at least with acceptable performance, and is great value, at least until DX11 becomes a requirement for new games (I haven't run into that yet)."", ""Just keep in mind that it is fairly big and uses a nice chunk of power, but it still fit in my mATX case.As a primarily console gamer that would still like to play some PC exclusives and pick up some Steam sales, this card is perfect."", ""if you can get one for around that price and have a good Power supply, then this card is awesome."", ""So i ended up getting this on ebay for 32.95 manufacturer refurbished. if you can get one for around that price and have a good Power supply, then this card is awesome. It plays some older games without breaking a sweat, I personally only tested this card on NFS Carbon, where with everything up to the max, and trilinear texture filtering, I got 90FPS @1280x1024."", ""I bought this for my sons computer so he would stay off mine he just want a good card to play games this fit the bill with no problems"", ""I recived this card today and installed it right away. i was currently running a 6200LE before.""]",12.394291930831969,"The card will work with a 375 watt power supply, as reviews mention it works with a 350 watt power supply or higher.",False,503.30408301670104
G_189,REC_189,B004MMXB6W,Sports_and_Outdoors,short,descriptive,sentwin,10,How wide is the sheath?,[UNANSWERABLE],,1,"[""KB_02433"", ""KB_02445"", ""KB_02432"", ""KB_02431"", ""KB_02441"", ""KB_02437"", ""KB_02443"", ""KB_02435"", ""KB_02444"", ""KB_02436""]","[""Should have read the description better, did not know it was an over the shoulder type of sheath. Great Quality and all just not my style but it keeps my blade safe so it works."", ""Should have read the description better, did not know it was an over the shoulder type of sheath."", ""I bought this to go with the machete I got my son for his b-day and couldn't believe the quality of the sheath"", ""This is a well made sheath for the price. Machete slides in easily and the strap holds the handle nicely in place."", ""This is a well made sheath for the price."", ""I've seen other reviews complaining about this sheath. Its decent black nylon of the quality and type you will see with your average holster or magazine pouch."", ""I've seen other reviews complaining about this sheath."", ""I do not recomend this sheath the machete itself is very good but this type of sheath is dificult to use and impractical I would suggust just geting a normal belt sheash."", ""The only thing that keeps me from giving it a full five stars is that there's no way of reversing the sheath."", ""It does exactly what it is supposed to do, which is safely hold the machete. The only thing that keeps me from giving it a full five stars is that there's no way of reversing the sheath. You know, they do still make left-handed people!""]",12.251332984305918,The available reviews do not provide enough information to answer this question.,True,327.2758749080822
G_190,REC_190,B002Q0W80W,Electronics,long,descriptive,sentwin,10,will it cpome with a plug in power adapter or do i neet to purchase it seperately,"It comes with the power adapter, and a antenna with VERY long cord. You will need a sound source, like powered computer speakers.",KB_02447,1,"[""KB_02458"", ""KB_02447"", ""KB_02451"", ""KB_02462"", ""KB_02454"", ""KB_02447"", ""KB_02448"", ""KB_02457"", ""KB_02447"", ""KB_02456""]","[""Invest in a1-Foot Extension Power Cable, 5-Packif you're going to plug this into a power strip."", ""I plugged some high-quality computer speakers into the unit and it worked great), a wall-wart, and an instruction manual. Invest in a1-Foot Extension Power Cable, 5-Packif you're going to plug this into a power strip."", ""I believe I returned this product because I needed to purchase an additional adaptor to use with it, which at the time I was unwilling to do--so I can't really review it's productivity."", ""Set up was an easy thing, just plug it in."", ""This home kit really works well. Set up was an easy thing, just plug it in. Reception is excellent and the whole experience is just as I had hoped it would be."", ""The unit comes with the dock (which isn't cheap plastic, it's \""pleasantly heavy\""), an indoor/outdoor hinged antenna with a metal bracket on the back for sturdy mounting (no screws included that I could find), a headphone-to-RCA cable for connection to your receiver (That I didn't use. I plugged some high-quality computer speakers into the unit and it worked great), a wall-wart, and an instruction manual. Invest in a1-Foot Extension Power Cable, 5-Packif you're going to plug this into a power strip."", ""Everything was intact and in excellent condition upon arrival. There were no instructions included, but the set-up was too easy; just plug everything into the dock (power cord, speakers and antenna cable). I have an XM Xpress RCi Radio that used to only be in my car; now, I have it rocking my &#34;Man-Cave&#34; in the backyard!"", ""There were no instructions included, but the set-up was too easy; just plug everything into the dock (power cord, speakers and antenna cable)."", ""The unit comes with the dock (which isn't cheap plastic, it's \""pleasantly heavy\""), an indoor/outdoor hinged antenna with a metal bracket on the back for sturdy mounting (no screws included that I could find), a headphone-to-RCA cable for connection to your receiver (That I didn't use. I plugged some high-quality computer speakers into the unit and it worked great), a wall-wart, and an instruction manual."", ""awesome cheap price product to enjoy xm radio inside the home antenna is long enough can plug it into a system or speakers and puts out awesome sound defiantly worth the money A+ Amazon does it again with the lowest pricing""]",14.075541985221207,"The unit comes with a wall-wart, which is a type of power adapter, so you do not need to purchase it separately. However, one reviewer mentioned needing to purchase an additional adaptor, but this seems to be an exception. Most reviews indicate that the product comes with the necessary power adapter.",False,512.9664581036195
G_191,REC_191,B00AU6ED8Y,Sports_and_Outdoors,long,descriptive,sentwin,10,Is the barrel on this Umarex Octane .22 cal rifled? I read a review that said this was a smooth bore barrel???,"Yes, the barrel on the .22 cal is rifled.",KB_02476,1,"[""KB_02470"", ""KB_02477"", ""KB_02465"", ""KB_02470"", ""KB_02472"", ""KB_02466"", ""KB_02465"", ""KB_02467"", ""KB_02483"", ""KB_02471""]","[""Researched the Web for a couple of weeks, looking for an air rifle that was accurate, powerful, and price friendly. The Umarex .22 caliber air rifle appeared to be the best &#34;bang&#34; for the buck. I like the rifle very much; it is accurate after you break it in, if you use a heavy weight solid nose pellet."", ""The Umarex .22 caliber air rifle appeared to be the best &#34;bang&#34; for the buck."", ""Due to govt. overreach there is a shortage of any pistol or rifle ammunition, so getting a .22 pellet rifle had me looking in all the stores.. and then the Umarex shows up as an ad."", ""The Umarex .22 caliber air rifle appeared to be the best &#34;bang&#34; for the buck. I like the rifle very much; it is accurate after you break it in, if you use a heavy weight solid nose pellet. It has plenty of power."", ""I have never owned an air rifle but recently purchased a Umarex to take care of a ground squirrel problem at my home. This is an extremely powerful weapon and after using it for 2 weeks I am very pleased."", ""I hope my iron sighting issue was just a random defect. This could be a great rifle for the current price. Good luck and thanks for your patience in taking to read my novel sized review."", ""I was concerned about break barrel air rifles, but its been a long time since I bought a pellet rifle. I have owned crossman, daisy etc.. and my best was my pump bb rifle that broke and my grandfather replaced the spring.. wow I could shoot holes right through a tin can."", ""It wouldnt even fit in my gun safe. It is longer than me remington 870 12 guage with a 28 inch barrel. This being said, It is to big to pack around in the woods comfortably not that I would anyway."", ""My points of reference are the two gas rams named above. All three .22s have more than 1k pellets through them except the uma which is closer to 500, however, I feel I have a good gauge on how it's breaking in.The one liner:  I'll be selling or giving away the Benji trail as it, in my case is redundant and less of a fit than the Uma.The Uma is the heaviest and the hardest to cock, while the Gamo is the easiest. The difference is HUGE, but the weights and feeling of sturdiness is commensurate to the difficulty in cocking."", ""My Octane is in .22 caliber and no lead pellets will be breaking the speed of sound from it. In fact, this is my quietest rifle. Probably not much louder than my Red Ryder, though the sound of the pellet's impact is still very pronounced on a solid target.""]",13.017083052545786,The available reviews do not provide enough information to answer this question.,True,188.72224993538111
G_192,REC_192,B003F8UFC2,Tools_and_Home_Improvement,short,descriptive,sentwin,10,How long are the arms?,[UNANSWERABLE],,1,"[""KB_02491"", ""KB_02494"", ""KB_02484"", ""KB_02491"", ""KB_02488"", ""KB_02490"", ""KB_02487"", ""KB_02492"", ""KB_02487"", ""KB_02500""]","[""Mounted two 7ft. surfboards and two 10ft."", ""They are very easy to install and the padded arms and arm spacing are perfect for SUPs."", ""I use them to rack two SUPs (one 9'2\"" and one 10') high in my garage, and they work great. They are very easy to install and the padded arms and arm spacing are perfect for SUPs. I highly recommend this rack to anyone looking to get one or more SUPs off the floor and stored nicely."", ""Mounted two 7ft. surfboards and two 10ft. stand up paddleboards in our garage."", ""These arrived in about 2 days.Easy to install - 4 screws.They work for the two 12' Costco boards I bought."", ""I looked at many devices to hold my boards, this is the only one in my eyes. Easy to hang, comes with everything you need - even the drill bit. You can't go wrong!"", ""They hold our two SUP boards, look gorgeous, and are easy to maneuver when getting the boards on and off. Practical, well-built, and attractive. I would recommend these to anyone, especially in regards to quality."", ""I've got my longboard on top and my 9'8\"" SUP paddle surfboad on the bottom rack. They look beautiful mounted on these fine racks. The Surfdogz SUP rack is awesome!"", ""These racks are amazing. They were quite difficult to install into our walls/ studs, requiring several Home Depot trips for the right hardware, but they are SO worth it. They hold our two SUP boards, look gorgeous, and are easy to maneuver when getting the boards on and off."", ""They were quite difficult to install into our walls/ studs, requiring several Home Depot trips for the right hardware, but they are SO worth it.""]",11.475250008516014,The available reviews do not provide enough information to answer this question.,True,233.44695894047618
G_193,REC_193,B00B2B4OE4,Automotive,medium,descriptive,sentwin,10,for a 2000 xj need somewhere else?,Hi jose....you can use it is very good kit ... take a look on roughcountry page and check for updates... because I change some more parts for the steering..thanks.. in amazon they have a very good price... I use 15 wheel and separator too..,KB_02505,0,"[""KB_02501"", ""KB_02502"", ""KB_02512"", ""KB_02502"", ""KB_02501"", ""KB_02508"", ""KB_02502"", ""KB_02503"", ""KB_02513"", ""KB_02501""]","[""I trust Amazon so I saw several kits at  reasonable prices and decided to purchase from here. A box pops up asking what's the vehicle information ( Style, make, model, year) I entered in my info and this was the kit recommended. I set up an Amazon account went through with purchase and 4 days later I received 3 boxes."", ""This took him and another guy  5 hours to instal the front suspension. He started to open the rear box and sure enough NOT the right parts for this complete kit! The rear end is for a Jeep Cherokee style suspension."", ""The rear end is for a Jeep Cherokee style suspension."", ""He started to open the rear box and sure enough NOT the right parts for this complete kit! The rear end is for a Jeep Cherokee style suspension. I emailed Amazon and a Rough Country as directed to do if something was wrong."", ""After doing several weeks of searching online to find a good suspension lift for my 2000 Jeep Wrangler, I decided to go with Rough Country. I trust Amazon so I saw several kits at  reasonable prices and decided to purchase from here."", ""After doing several weeks of searching online to find a good suspension lift for my 2000 Jeep Wrangler, I decided to go with Rough Country."", ""I emailed Amazon and a Rough Country as directed to do if something was wrong. I'm now waiting a whole day with my Jeep sitting in a garage half way finished trying to solve this problem. My advice google reviews about the product when people receive it because a few other purchases of a a Rough Country Suspension Kits that were sent to people had the wrong parts shipped to them."", ""The drop pitman arm and the front adjustable track bar should come with the kit. That way you dont have to drill into the bracket."", ""The drop pitman arm and the front adjustable track bar should come with the kit."", ""After doing several weeks of searching online to find a good suspension lift for my 2000 Jeep Wrangler, I decided to go with Rough Country. I trust Amazon so I saw several kits at  reasonable prices and decided to purchase from here. A box pops up asking what's the vehicle information ( Style, make, model, year) I entered in my info and this was the kit recommended.""]",12.9595419857651,The available reviews do not provide enough information to answer this question.,True,171.900957939215
G_194,REC_194,B00079EH3U,Sports_and_Outdoors,long,descriptive,sentwin,10,Do you need the back rest that is now available for the Swooper?,No.  The lack of a back rest helps me keep good posture.,KB_02533,0,"[""KB_02517"", ""KB_02529"", ""KB_02537"", ""KB_02533"", ""KB_02532"", ""KB_02519"", ""KB_02522"", ""KB_02525"", ""KB_02537"", ""KB_02536""]","[""For me personally, it doesn't need a back, as It uses your own body for support. I recommend sampling the chair for a few days first to see if it's for you."", ""For me personally, it doesn't need a back, as It uses your own body for support."", ""Not only that, it promotes the right posture, movement and active sitting. Unlike other similarly priced so called ergonomic chairs that have a back support, the lack of one on the swopper actually strengthens the lower back muscles. Plush ergonomic chairs with back support just weaken the back."", ""Unlike other similarly priced so called ergonomic chairs that have a back support, the lack of one on the swopper actually strengthens the lower back muscles."", ""When considering buying the Swopper, I hadn't been at all worried about it being a backless chair, because I never lean back in my chairs anyway; it causes too much tailbone pain.So I've tried sitting on the Swopper again, but this time sitting all the way on the back edge, rather than square in the middle/top."", ""When considering buying the Swopper, I hadn't been at all worried about it being a backless chair, because I never lean back in my chairs anyway; it causes too much tailbone pain.So I've tried sitting on the Swopper again, but this time sitting all the way on the back edge, rather than square in the middle/top. No tailbone pain!"", ""this is a good product, especially for those who suffer from lower back pains. Swopper allows the healthiest way of sitting: perching; for those long hours in front of the computer.However, the product is disassembled in the US, the backrest and its fabric cover are missing; every part is then sold separately and by different providers; the total cost to the customer is thus maximized."", ""I was skeptical about the results of sitting on the swopper before purchase, but I am totally convinced and thrilled that it works. You will never go back to sitting on a regular chair (however expensive) again."", ""Plush ergonomic chairs with back support just weaken the back. I was skeptical about the results of sitting on the swopper before purchase, but I am totally convinced and thrilled that it works. You will never go back to sitting on a regular chair (however expensive) again."", ""That said, my friend, who has back problems, wasn't really able to get used to it, so it may not work for everyone.I'm not sure if there is a difference in the new chairs compared to when I got mine, but the the chair came completely assembled with the exception of having to place the seat on the base.""]",15.051583992317319,"The available reviews suggest that the Swooper does not need a back rest, as it uses the user's own body for support and promotes good posture and strengthens lower back muscles. Multiple reviewers have mentioned that the lack of a back support is actually a benefit. However, one reviewer mentioned that it may not work for everyone, particularly those with back problems.",False,462.9757918883115
G_195,REC_195,B00EA1T3G2,Home_and_Kitchen,short,descriptive,sentwin,10,Where is it made?,[UNANSWERABLE],,0,"[""KB_02543"", ""KB_02553"", ""KB_02556"", ""KB_02556"", ""KB_02541"", ""KB_02539"", ""KB_02540"", ""KB_02555"", ""KB_02538"", ""KB_02541""]","[""Good thing we have a large old house with plenty of space....  With all the different kinds of dinnerware that I have, I wanted something square-ish to mix things up a bit.10 Strawberry Street does a lot of white. Their designs seem to fit in many places. And they are quality pieces:  They don't chip easily; they don't have flaws in the finish; the undersides are finished nicely; they don't show knife cuts (under normal pressure); the shades of white they use are not too bright."", ""Their designs seem to fit in many places."", ""Good thing we have a large old house with plenty of space....  With all the different kinds of dinnerware that I have, I wanted something square-ish to mix things up a bit.10 Strawberry Street does a lot of white. Their designs seem to fit in many places. And they are quality pieces:  They don't chip easily; they don't have flaws in the finish; the undersides are finished nicely; they don't show knife cuts (under normal pressure); the shades of white they use are not too bright."", ""And they are quality pieces:  They don't chip easily; they don't have flaws in the finish; the undersides are finished nicely; they don't show knife cuts (under normal pressure); the shades of white they use are not too bright. I trust this brand.So this set was almost a no-brainer for me. We don't use the cups in this set, but we've been loving all the other pieces."", ""I trust this brand.So this set was almost a no-brainer for me. We don't use the cups in this set, but we've been loving all the other pieces."", ""The box arrived in perfect condition, so it was packed in its defective state at the factory---poor business practice to say the least."", ""I don't know how to attach photos to this email. I have pictures of the chipped cup and warped plates.The low level of QI with this company is appalling. Instead of assuring me that they would investigate how this came about, they and ( you) insinuate that I am not returning the items in a timely manner-- then repeatedly request I withdraw my negative comments."", ""The quality is excellent with no flaws in any dish or cup."", ""We purchased enough sets for 12 place settings for everyday use. The quality is excellent with no flaws in any dish or cup. The color was perfect and even on all pieces."", ""We don't use the cups in this set, but we've been loving all the other pieces. It is great for mixing up with some of my other round dinnerware.I've found 10 Strawberry Street to be a reliable brand, and I recommend it.""]",16.27841591835022,The available reviews do not provide enough information to answer this question.,True,257.29199999477714
G_196,REC_196,B004Q3PE30,Sports_and_Outdoors,medium,descriptive,sentwin,10,Are the brakes powerful enough when descending steep hills?,"Based on feedback from other reviews I replaced the brakes before I used the bike! I am very very happy with the bike overall - by upgrading the brakes, the chain tensioner, and new rim tape. This is a screaming bike,make sure you have a bike shop give it a tune-up before riding.",KB_02565,0,"[""KB_02559"", ""KB_02567"", ""KB_02576"", ""KB_02557"", ""KB_02576"", ""KB_02559"", ""KB_02559"", ""KB_02558"", ""KB_02576"", ""KB_02576""]","[""Once the upgrades are made, it becomes a long distance cruising machine.After a short test ride, I immediately replaced the BRAKES that came with the bike and would recommend this to everyone. I live in San Francisco, and given the hills we have, I couldn't rely on the factory brakes that came with the bike (mass times velocity gets into some big numbers on tandems!). You'll need a Travel Agent brake pulley for both the front and rear brakes."", ""I live in San Francisco, and given the hills we have, I couldn't rely on the factory brakes that came with the bike (mass times velocity gets into some big numbers on tandems! )."", ""I took the advice of several others and changed out the break pads to Kool Stop MTB pad. After truing the wheels and properly adjusting the brakes, I can stop on a dime on a hill. * My stock rim tape was crappy."", ""If you are just buying this for flat surfaces you will be ok. I road some hills with my wife and it is tough because of the bike's weight.Overall I am satisfied."", ""Or at least the did on the Lambo. Add to it that the wheels will probably need to be trued and the brakes adjusted before the bike is ridden. The bike is likely DANGEROUS out of the box until these details are tended to."", ""You'll need a Travel Agent brake pulley for both the front and rear brakes. I installed Avid Single Digit 7 V-brakes which are great value for the money."", ""Once the upgrades are made, it becomes a long distance cruising machine.After a short test ride, I immediately replaced the BRAKES that came with the bike and would recommend this to everyone. I live in San Francisco, and given the hills we have, I couldn't rely on the factory brakes that came with the bike (mass times velocity gets into some big numbers on tandems!)."", ""The front derailler isn't that great but if you use it right, it will shift properly (by anticipating hills and such). As with any tandem bicycle, the cables for the rear brakes are extra long so they rear brakes need a device that gives it extra pull; we found one for 20 bucks."", ""When I first assembled mine and took it for a very cautions spin, I almost could not stop the bike, and I was solo and on the flat and level. With 2 people on a hill, this thing could be deadly. I took the advice of several others and changed out the break pads to Kool Stop MTB pad."", ""* The bike, like any on-line bike purchase, requires some assembly. If you are not familiar with adjusting brakes, derailers and truing wheels you MUST have this done by a qualified bike mechanic. The bike could be dangerous if not properly assembled and adjusted.""]",13.368000043556094,"The factory brakes that come with the bike are not powerful enough when descending steep hills, as evidenced by multiple reviewers who had to replace or upgrade them. Reviewers from San Francisco, known for its hills, specifically mention the need for better brakes. Upgrading the brakes, such as with Kool Stop MTB pads, can improve stopping power on hills.",False,630.4002499673516
G_197,REC_197,B00873AO8A,Home_and_Kitchen,medium,descriptive,sentwin,10,Does it come with both unperforated and perforated insets?,Just a perforated.,KB_02598,0,"[""KB_02590"", ""KB_02584"", ""KB_02599"", ""KB_02599"", ""KB_02582"", ""KB_02598"", ""KB_02597"", ""KB_02599"", ""KB_02578"", ""KB_02599""]","[""roast and garnishes with no problem."", ""Will handle a 3-4 lb. roast and garnishes with no problem. It heats quickly and evenly, holds pressure at a very low burner setting and, when required, quick releases very safely and efficiently."", ""Cooking with pressure is a big part of my life and I use my PCs several times in an average week. This one is a real keeper."", ""I love this cooker. In fact, I just ordered the smaller 4.2Pressure Pan Set! Cooking with pressure is a big part of my life and I use my PCs several times in an average week."", ""I was reluctant to go the pressure cooker route (I'm a slow foodie) but my family wanted the option of quick meals of beans and rice so there you go. I read the reviews in Cook's Illustrated and after comparing this to the lower priced option decided to go for the Fissler. Really glad I did."", ""Fast Potato SaladUsed this to cook potatoes for a summer potato salad. Used Yukon Golds, filled insert basket with 15 potatoes, 2 cups of alkaline filtered water, brought to pressure with two rings showing for 4 minutes, quick release and the potatoes were PERFECT. Cooled them on countertop, peeled and created my potato salad.Quick Green Bean SaladDecided to try a bag of Trader Joe's Haricot Green Beans... 2 cups alkaline water, put them in steamer tray, brought to pressure with two rings for 1 minute, quick release, ice bath, drained, added dressing and refrigerated for 30 minutes.Presto Pressure CookerI also bought the Presto Stainless Steel 6 quart Pressure Cooker, but the Fissler Vitaquick is LIGHT YEARS ahead of traditional pressure cooking.BUY the Fissler, it's well worth the added cost for the ROLLS ROYCE of Pressure Cookers, the Fissler Vitaquick!Read my review and recipes at chezbettayDOTcom.UPDATE: Several people have ask about the right size to purchase."", ""Used Yukon Golds, filled insert basket with 15 potatoes, 2 cups of alkaline filtered water, brought to pressure with two rings showing for 4 minutes, quick release and the potatoes were PERFECT."", ""I own several Kuhn Rikon pressure cookers which I always thought were the best. When I read the Cooks Illustrated review of PCs I was intrigued by the top-rated Fissler Vitaquick."", ""The 2 white rings, 1st for low pressure; and the 2nd, lower one, indicating full pressure, were accurate and reassuring. Fissler included complete instructions. My recipe cooked just right in this beautiful pressure cooker."", ""I own several Kuhn Rikon pressure cookers which I always thought were the best. When I read the Cooks Illustrated review of PCs I was intrigued by the top-rated Fissler Vitaquick. I bought the 6.4 qt.""]",12.598750065080822,The available reviews do not provide enough information to answer this question.,True,282.5601249933243
G_198,REC_198,B00FORK3R4,Cell_Phones_and_Accessories,medium,yesno,sentwin,10,can i use this for maxboost,[UNANSWERABLE],,1,"[""KB_02613"", ""KB_02601"", ""KB_02612"", ""KB_02600"", ""KB_02611"", ""KB_02602"", ""KB_02619"", ""KB_02603"", ""KB_02619"", ""KB_02610""]","[""Buy the Maxboost version of this."", ""Buy the Maxboost version of this. It's the same cover but made with much better material."", ""I needed a case in a hurry so I ordered the Maxboost and like it very much."", ""It didn't work very well. I needed a case in a hurry so I ordered the Maxboost and like it very much."", ""It's also worth noting that the kickstand holds the phone up more securely than the Maxboost case: the face of the phone can take a decent amount of force without falling over backwards."", ""It's also worth noting that the kickstand holds the phone up more securely than the Maxboost case: the face of the phone can take a decent amount of force without falling over backwards. HOWEVER, the kickstand on my Nexus 5 version is not as well-made as the S4 version."", ""I actually trimmed my nails to do the S4 review and while it wasn't quite as easy without much fingernail, it was still fairly effortless (same on S4 and Nexus 5). It's also worth noting that the kickstand holds the phone up more securely than the Maxboost case: the face of the phone can take a decent amount of force without falling over backwards. HOWEVER, the kickstand on my Nexus 5 version is not as well-made as the S4 version."", ""It's such a simple little design that adds an important functionality...I don't understand why so few popular cases have one. While the Maxboost case I tried with my S4 offered both portrait and horizontal viewing, it also seemed a bit flimsier and more prone to breaking than the i-Blason version."", ""It's such a simple little design that adds an important functionality...I don't understand why so few popular cases have one. While the Maxboost case I tried with my S4 offered both portrait and horizontal viewing, it also seemed a bit flimsier and more prone to breaking than the i-Blason version. At first I pulled out the kickstand and thought: \""uh oh, it's not clicking into place\""."", ""While the Maxboost case I tried with my S4 offered both portrait and horizontal viewing, it also seemed a bit flimsier and more prone to breaking than the i-Blason version.""]",12.047415948472917,The available reviews do not provide enough information to answer this question.,True,330.1568749593571
G_199,REC_199,B004I4FRZW,Sports_and_Outdoors,medium,yesno,sentwin,10,"I have a oversized bag, will this cart work for larger bags?","Yes. I have a ""tour"" sized bag and there is no problem with it on this cart.",KB_02622,1,"[""KB_02622"", ""KB_02633"", ""KB_02630"", ""KB_02620"", ""KB_02637"", ""KB_02624"", ""KB_02621"", ""KB_02628"", ""KB_02622"", ""KB_02626""]","[""Good, solid cart that handles large bags. Wheels are excellent."", ""Good, solid cart that handles large bags."", ""my golf bag fits perfectly, its actually a little larger that I thought it would be."", ""the two rear wheels just pop into place, and the front wheel has a single pin with butterfly nut. my golf bag fits perfectly, its actually a little larger that I thought it would be. It rolls very well with my bag on there, the wheels are large, and while they are plastic, I anticipate no issues on the course with them."", ""Have been looking for a cart but did not want to spend $150+ for what I wanted."", ""Have been looking for a cart but did not want to spend $150+ for what I wanted. This was 1/2 the price and just as good as the more expensive carts I looked at."", ""This cart was a surprise 60th birthday present for my husband. Boy was he surprised too!"", ""It only takes about two minutes to put it together, it is sturdy and it collapses to an easily portable size. Can't say enough about this golf cart - by far the best I've ever had and I've been playing golf for forty years."", ""Folds quickly and easily and fits nicely into the truck. My only complaint, along with most push carts, is the flimsy Score Card holder. No cup holder or umbrella holder."", ""but really, as long as this cart lasts at least a year, it will have paid for itself many times over. It also folds up rather nicely, and fits in a small space in my closet.Very happy with this purchase, glad I decided to try it.hope to see you on the links!Hit em long and straight.""]",13.143041986040771,"This cart can handle large bags, as multiple reviewers have mentioned it can accommodate oversized bags, including golf bags. The wheels are also described as excellent and large, which suggests they can support heavier loads.",False,430.17566693015397
G_200,REC_200,B006AVLS22,Tools_and_Home_Improvement,medium,yesno,sentwin,10,"will this one also remove heavy metals ( ie: arsenic,lead etc.) ?",[UNANSWERABLE],,0,"[""KB_02639"", ""KB_02644"", ""KB_02641"", ""KB_02641"", ""KB_02645"", ""KB_02640"", ""KB_02646"", ""KB_02639"", ""KB_02648"", ""KB_02641""]","[""Hunting, fishing or camping and the zoo is the best. It is also the only filter that I know of in the world with its complete cleaning water system."", ""It is also the only filter that I know of in the world with its complete cleaning water system."", ""However if this thing does exactly what it claims to do it's one of the best filters you can buy supposedly. Filters all kinds of radiation chorine germs bacteria dirt so sounds good to me wonder if it works?"", ""It's not like I thought to where you can just stick it in a river and fill it up! However if this thing does exactly what it claims to do it's one of the best filters you can buy supposedly. Filters all kinds of radiation chorine germs bacteria dirt so sounds good to me wonder if it works?"", ""However if this thing does exactly what it claims to do it's one of the best filters you can buy supposedly."", ""having a child going to college in Japan and with their ongoing nuclear power plant problems, one can never be too safe when the reports of not to worry, everything's under control and there is no risk to the public is pure bs this product gives me have a chance of sleeping at night knowing that at least the water is safer to drink than if drunk straight from the tap. it also filters similarly to the non radiological filter but not to as fine a degree as the regular filter.i would recommend this to anyone to use your daily water bottle replacement."", ""it also filters similarly to the non radiological filter but not to as fine a degree as the regular filter.i would recommend this to anyone to use your daily water bottle replacement."", ""I really like this Bottle with a great filter system. I was so impressed I bought one for each member of my family."", ""having a child going to college in Japan and with their ongoing nuclear power plant problems, one can never be too safe when the reports of not to worry, everything's under control and there is no risk to the public is pure bs this product gives me have a chance of sleeping at night knowing that at least the water is safer to drink than if drunk straight from the tap."", ""Little miss leading or maby I read it wrong but it's actually a filter you hook up to a sink or hose thus there needs to be either running water or a powered pump to properly filter. It's not like I thought to where you can just stick it in a river and fill it up!""]",15.841374988667667,The available reviews do not provide enough information to answer this question.,True,245.4252919415012
