golden_id,record_id,asin,category,q_bucket,question_type,pipeline,k,question,gold_answer,evidence_doc_id,is_answerable,retrieved_doc_ids,retrieved_context,retrieval_ms
G_001,REC_001,B003HV3WN6,Automotive,medium,descriptive,sentwin,3,Does this work on 12 and 24 volts system,[UNANSWERABLE],,0,"[""KB_00006"", ""KB_00008"", ""KB_00008""]","[""I am just a shade tree mechanic and I can say if you can get one get it. You can check out the electrical section at Realfixesrealfast.com and see it at work. just go to the video section."", ""To find a break in a circuit, just test along the way till you lose the voltage. For RV's or large trucks, the extra 20' extension lead means I can start at the front & work all the way to the rear even on 40' motorhomes!"", ""For RV's or large trucks, the extra 20' extension lead means I can start at the front & work all the way to the rear even on 40' motorhomes! Power Probe's website has videos on how to use it cleverly, and I recommend you take the tutorial.""]",96.55554199707694
G_002,REC_002,B0000E2PBX,Health_and_Personal_Care,long,descriptive,sentwin,3,"The ball completely blocks air from passing by to get to my lungs, is this supposed to happen? Are you supposed to get NO air when inhaling? The instructions state ""inhale...until you feel your lungs are full"" but that doesn't happen with the ball completely blocking all air from passing into your mouth. thanks.",[UNANSWERABLE],,0,"[""KB_00014"", ""KB_00014"", ""KB_00011""]","[""I'm no doctor, so I'm only writing this as someone with breathing problems.Inhaling is mostly a passive function. So when you use this device, the muscles involved in inhaling are coaxed into being active. I can feel them working differently than they usually do, and it's quite a workout!It's analogous to the benefit that a really bulked-up football player gets when he stretches."", ""I'm no doctor, so I'm only writing this as someone with breathing problems.Inhaling is mostly a passive function. So when you use this device, the muscles involved in inhaling are coaxed into being active."", ""In closing I can truthfully say that one can get just as much effectiveness by inhaling deeply, exhaling through pursed lips with teeth inhibiting the flow of air. You can make this as easy or difficult as you wish and do it anywhere and at anytime.""]",30.939750002289657
G_003,REC_003,B004XMVZVY,Toys_and_Games,medium,descriptive,sentwin,3,How many are in the pack??,There is only 1 in a pack.,KB_00030,1,"[""KB_00030"", ""KB_00030"", ""KB_00021""]","[""Next year I plan on buying a case or 2. Gotta bring these back!"", ""When I had one as a kid it was called a vortex. Everyone had one and everyone loved em.I purchased this for a Non-Profits Toy Shop. Next year I plan on buying a case or 2."", ""when you throw at your friend you will hear the football whistling. light and durable. mine is already starting to come apart at the wings because hit the ground so much.""]",29.79908300039824
G_004,REC_004,B0010WP46M,Electronics,long,descriptive,sentwin,3,"Does the power adaptor work with international voltages? Basically want to know if the power adaptor will work overseas as well (220 V), and what the power output of that adaptor is (for eg. 5V DC at 500 ma?).",Yes. It supports 100V-240V,KB_00032,1,"[""KB_00036"", ""KB_00039"", ""KB_00031""]","[""I bought this as a Christmas gift and it never worked at all. Would not even power on."", ""Bought this for a gift...it worked pretty well right out of the box. The resolution isn't excellent, and the navigation's a little rough, but it does come with a remote."", ""I got this frame for free, so I can't complain about the price. Now that I have it, I know that I wouldn't buy it.The remote is cheaply constructed and the battery doesn't sit well in it. To make it work I have to not only squeeze the right button, but squeeze the battery compartment to ensure a contact.""]",27.03654100332642
G_005,REC_005,B0012YKLSE,Home_and_Kitchen,medium,descriptive,sentwin,3,What are the measurements for this item?,[UNANSWERABLE],,0,"[""KB_00047"", ""KB_00049"", ""KB_00046""]","[""was a little concerned with the reviews about it breaking, but ive had mine for over a year now and have had absolutely no problems with it. fits nicely into the oversized sink in the old house that im renting. doesnt scratch up the sink since the feet are covered."", ""Your product works perfect for my large sink. Thank you for selling this larger size on amazon as not found locally"", ""i was glad to find this extra large sink protector for use in our new kitchen. It protects both the sink and the dishes in our new sink that is more than 25 inches wide.""]",9.592750000592787
G_006,REC_006,B004OFOT72,Sports_and_Outdoors,long,descriptive,sentwin,3,hi does anyone know if it will take a scope and could you hunt bull frogs with it if you wanted to,"The crossbow comes with a scope of its own, and if sighted in properly you could probably hit a bull frog",KB_00060,1,"[""KB_00058"", ""KB_00055"", ""KB_00052""]","[""It didn't have very good instructions on how to assemble but it was easy to figure out. It was sent with a scope but my husband didn't put it on it because you wouldn't have good vision through it later in the evening."", ""Seems good. scope is small and for air rifles. It isnt the camo one it the picture at all."", ""A quick fix would be to file a groove at the rear of this metal housing OR do as I did a buy a longer cocking string and load from the shoulder plate of the stock. The scope had to be replaced as it could not be sighted-in to hold any sort of consistent shooting pattern.""]",26.490583004488144
G_007,REC_007,B005XUNG5I,Health_and_Personal_Care,short,descriptive,sentwin,3,what is the power source?,"Batteries, but I found it to be weak.",KB_00064,1,"[""KB_00065"", ""KB_00067"", ""KB_00063""]","[""This workers wonders. The batteries last and it has power. Makes my heels feel so soft."", ""At this point I wish I'd have paid the extra to get one with a power cord.Please note that the replacement cartridges are NOT cheap but the durability seems good."", ""This thing sands them down in no time. Has good power and so far it's great!""]",25.376166006026324
G_008,REC_008,B002LAS5TU,Home_and_Kitchen,long,descriptive,sentwin,3,"Does the lids fit on the pans also? For example, does the large pot lid fit on the large pan?",The largest ps. Is the only one that a lid doesn't fit. This is a great set for the money,KB_00072,1,"[""KB_00075"", ""KB_00072"", ""KB_00077""]","[""Not bad. Pretty decent little set of pans.I wish there was one slightly larger lid - but hey - no biggie."", ""I love these pans. The fry pans do not come with lids, but most lids are interchangeable for these pans. Nothing sticks to them!"", ""This set is the first real non-stick I've seen. Pans are great size so no need to buy an extra bigger pan.""]",21.524374998989515
G_009,REC_009,B00AR1A7ZU,Pet_Supplies,long,descriptive,sentwin,3,How big is the part that actually goes in the tank? I'm trying to figure out if it will fit in my (very small) sump.,[UNANSWERABLE],,0,"[""KB_00081"", ""KB_00083"", ""KB_00088""]","[""No more coming home to my return pump inhaling all that air. Works great for my 55 gallon with 10 gallon sump."", ""Why did I not get one of these months ago!?! ?Keeps a stable water level in the return chamber of my 20 gallon sump. I use a 5 gallon water transporting jug."", ""I picked this up for my 30g cube tank and has come in handy from the start. It was easy to setup and works like a charm.""]",24.965999997220933
G_010,REC_010,B000GU3KHO,Automotive,long,descriptive,sentwin,3,I have a Harley Dyna Switchback with windshield and saddle bags.  Is the XL the right size for me?,[UNANSWERABLE],,0,"[""KB_00091""]","[""Comes with a neat holding bag that it wraps up into relatively easily. A size XL fits my '94 Honda CB1000 without a windshield perfectly.""]",25.23362499778159
G_011,REC_011,B008URGSWO,Home_and_Kitchen,long,descriptive,sentwin,3,"how thick is it, really?  some say 1/2"", some say 2"", 2-1/2"".  does it flatten out?  comparing it to the extra plush, extra thick pad, what would one?","Mine is just shy of a full 2 inches at the plushest points. Mine has not flattened out. All my shoulder pain is gone. My wife no longer has back pain. I didn't want to spend this much but now that I have it, I consider every dime spent well worth it.",KB_00093,1,"[""KB_00101"", ""KB_00098"", ""KB_00100""]","[""Really like pad very thick. Nice though."", ""I'm anticipating this Made in teh USA mattress topper to hold up for many years to come! At about 1.5 to 2 inches thick, it adds the perfect soft yet supportive loft to my mattress. Get one."", ""Wasn't as thick as I'd hoped but it does seem to work very well with the heat issue from my very firm memory foam icomfort mattress. I did end up buying a cheep ($40) 1 1/2 inch mattress pad from Walmart and put this mattress pad on top of that and my bed is much more comfortable now and I don't sweat all night!""]",25.884416994813364
G_012,REC_012,B000ST0184,Toys_and_Games,medium,descriptive,sentwin,3,how can I make it wireless for my win 8.1 PC?,"Interesting question. I don't think there is a direct or easy way to do this. The tankstick is basically a big keyboard. Each button/joystick direction is a keyboard button. Knowing this, it would require some type of modification to convert it to a wireless keyboard. It sounds like a project worth attempting. Sorry, I probably didn't help at all.",KB_00102,1,"[""KB_00103"", ""KB_00106"", ""KB_00108""]","[""My only knock on it was that it wasn't calibrated perfectly. The IT guys told me how to do it (which was actually fun knowing how it works, and DOESN'T VOID THE WARRANTY!) and now it works like a breeze."", ""I tried to use this on my PC and had a hard time calibrating it. I thought is was the size of a keyboard but this thing is pretty big and heavy."", ""I see articles that Microsoft didn't license them to make Xbox 360 devices, so I wonder if an Xbox 360 adapter ever existed or ever will.Their web site is confusing. None of the links for Mac MAME games lead me to a MAME application that would install and work, so I think they should update their web site for Mac users with regards to MAME.They fail to mention that you NEED a PC2 Keyboard in order to program the keys.""]",29.27629199984949
G_013,REC_013,B0013ODWSO,Sports_and_Outdoors,long,descriptive,sentwin,3,Does the white scooter have the same specs as the micro black one?,[UNANSWERABLE],,0,"[""KB_00113"", ""KB_00112"", ""KB_00117""]","[""I loved this scooter my husband got one and I got one for my selfIs perfect  I recommended to buy one"", ""A very good push scooter.I began with an entry level of the brand Micro. I wanted to know my boundaries.And now, with this high end model, I can tell my dream becomes reality."", ""It has a very sporty look. Kinda big and heavier than other scooters to deal with, but it looks so nice!""]",23.95487499597948
G_014,REC_014,B005F79BYE,Home_and_Kitchen,long,descriptive,sentwin,3,Does this offer the option of shelving instead of hanging clothes inside the doors?,[UNANSWERABLE],,0,"[""KB_00129"", ""KB_00130"", ""KB_00125""]","[""I received an Armoire Wardrobe Storage Cabinet from Target Decor and More.I was very disappointed when removing the unassembled pieces from the boxing to find severa of the edges damaged on the cabinet. Made of partical board and damages very easily."", ""I bought this for my son , his apt. has no closet in the bedroom and this armoire fit perfect in his room all his stuff fit perfect and it is the same color wood as his bedroom set , I definetly recommend this armoire to anyone"", ""This one was a third the price, easier to assemble and looks and feels solid and of good quality. Worth the price and i wish I had bought two of these instead of the other one.This is the other wardrobe.http://www.amazon.com/gp/product/B00HT26CW2/ref=oh_details_o06_s00_i00?ie=UTF8&psc;=1""]",22.7484579954762
G_015,REC_015,B00ATDT83I,Cell_Phones_and_Accessories,long,descriptive,sentwin,3,Hello. I'd like to know if this cell phone works properly in Venezuela for DIGITEL.,[UNANSWERABLE],,0,"[""KB_00139"", ""KB_00132"", ""KB_00134""]","[""excelente! funciona bien, llego en muy buen estado y el telefono cumple con las expectativas asi que lo recomiendo sigan asi!! !"", ""excellent choise in this cell phone and great colour too. i recomend it."", ""I was able to use this with Wal-Mart's StraightTalk service, which was my reason for buying it. Phone has more features than I need, and works great.""]",25.505666999379173
G_016,REC_016,B00394NT20,Health_and_Personal_Care,short,descriptive,sentwin,3,Is there a warranty?,[UNANSWERABLE],,0,"[""KB_00145"", ""KB_00146"", ""KB_00145""]","[""You cannot get it back in the box for a return. If it works for you great but regard this as a gamble for your money."", ""What a wonderful idea. Does the person who invented it use it also? It helps me after I shower so I can sit and dry off."", ""If it works for you great but regard this as a gamble for your money. If it breaks - tough luck.""]",9.640208998462185
G_017,REC_017,B0056FL4FY,Beauty,long,descriptive,sentwin,3,"does not say if its an american or ueropean plug and ive ordered this before and got a ueropean plug, provide necessary info",[UNANSWERABLE],,0,"[""KB_00152"", ""KB_00160"", ""KB_00158""]","[""I ordered this for a present for my little sister who just started doing her own nails. When she got it in the mail she immediately opened it to find that it had the wrong type of prongs for American electrical outlets! We think it might be French?"", ""Plug needs to be longer. And it should be chargeable."", ""It broke as soon as I plugged it in ! didn't even use it yet  the power cord  ...plug fell apart .""]",35.72679200442508
G_018,REC_018,B00154MGXY,Home_and_Kitchen,long,descriptive,sentwin,3,Is this item 35.43 inches at the very top or the body of the unit?,[UNANSWERABLE],,0,"[""KB_00162"", ""KB_00163"", ""KB_00165""]","[""My wife ordered it, It was about two inches to big at the top, becuase of the molding,So it didn't work for what we needed."", ""Hi, I purchased this item primarily for storage and the size of the unit. It arrived at my house in two days after I ordered it and it was very easy to put together."", ""It was also much more inexpensive than purchasing a previously assembled unit of this size, and then paying for delivery (I don't have a truck and you would need one to deliver a cabinet this large). The only thing that kept me from giving it 5 stars is the fact that the center divider and top shelf is necessary to hold the unit together.""]",29.28125000471482
G_019,REC_019,B000LQ5XW8,Musical_Instruments,long,descriptive,sentwin,3,"What does ""INTO 1 x 4 OHMS OR 2 x 8 OHMS"" mean?",On a 4 OHM output amp. You use one 4 Ohm speaker or two 8 OHM speakers. Example: One 8 OHM speaker + One 8 OHM speaker = 4 OHMs.,KB_00174,1,"[""KB_00174"", ""KB_00175"", ""KB_00177""]","[""Having previously used a behringer BX3000T head with the bugera 410 cab,for 3 years... which was a beast of a setup in itself, I bought the BX4500H head wanting to be able to bi amp 2 bugera 410 cabs,Which are 4 ohms each and cant be powered by one head. The resulting stack of raw bass power is something to behold."", "")3 speaker outputs on 1/4'' jack and professional speaker connectors (compatible with Neutrik Speakon connectors)Active, temperature-controlled cooling system for ultimate protectionHigh-quality components and exceptionally rugged construction ensure long lifeI've had this amp for about 4 months and have played several gigs of different sizes and this amp has proven itself. Other musicians check it out and at least one I know of has bought this amp to replace a more popular brand."", ""The Shape sounds good on about 5.I skip the bright and deep, they add more noise than good tone.Set the gain on 6 for my Fender Jazz with S1 button. The guitars tone controls seem more versatile than with my old amp.I set output on 2 for practice with lots of punch.""]",11.410707993491087
G_020,REC_020,B00C9KUVWQ,Electronics,long,descriptive,sentwin,3,"Hi, I need an extra one for a different room. The picture looks like the one I need, however it only shows the cable to the computer. Does it come with the other cable that goes to the power plug in? Also, what does the info on the back of the adapter say as far as model and or power numbers-is it 19V 3.42A/50-60Hz 2.0A? Thank you.",[UNANSWERABLE],,0,"[""KB_00181"", ""KB_00183"", ""KB_00184""]","[""It does what it says and works for the Q550. Matches the original equipment Power Adapter. Not much else to say."", ""I've been through two power adapters for my Asus N61JQ notebook (thanks to one very enthusiastic puppy), and I had to do a bit of searching to find this one. Asus has apparently discontinued the original adapters in favor of this slim design - which is nicely compact and lightweight."", ""This product was shipped quickly and was just what I needed after accidentally squishing my original ASUS adapter in a recliner.""]",35.69562499615131
G_021,REC_021,B00E7O357A,Electronics,long,descriptive,sentwin,3,"hi, i have a skoda fabia II and i need to know if this radio is compatible with the sensor parking from factory",[UNANSWERABLE],,0,"[""KB_00191"", ""KB_00191"", ""KB_00193""]","[""I saw a lot questions asked, so I think there are many around there who are interested in this stuff like me. So I prompt to write this less-than-half-hour use review after I got it last night, hopefully it'll help you make your wiser decision.I have a 2011 GTI MK6, my head unit comes with satellite radio, but not gps. It has in-car bluetooth system and steer wheel buttons."", ""So I prompt to write this less-than-half-hour use review after I got it last night, hopefully it'll help you make your wiser decision.I have a 2011 GTI MK6, my head unit comes with satellite radio, but not gps. It has in-car bluetooth system and steer wheel buttons."", ""Unit fit great, rear camera attached works great, blue tooth works great (this is why I bought it- to stream audio). plugs fit perfect like OEM.Only bad comment is Blue tooth phone- person on the other line has trouble hearing me.""]",28.024332998029422
G_022,REC_022,B0002D4QBE,Health_and_Personal_Care,short,descriptive,sentwin,3,what are the dimensions?,[UNANSWERABLE],,0,"[""KB_00197"", ""KB_00205"", ""KB_00201""]","[""very sturdy and just right size to fit in small shower stall. i'm pleased with this product."", ""comment------------i liked it.every thing perfect.as i thought.size ,weight and quality.reached in time.packing was perfect andcomfortable to sit.faruqi"", ""the legs did not fit together i had to send it back sorry i was refunded  soemthing was wrong with the grooves and they would not fit together""]",24.01625000493368
G_023,REC_023,B0056XU5XS,Health_and_Personal_Care,long,descriptive,sentwin,3,Why don't any of the photos show the nutritional label so that you can read this important information?,"ITa pretty simple. 3000mg l-leucine, 2000mg l-valine, 1000mg l-isoleucine, the 3 bcaa's. Serving size is 8",KB_00209,1,"[""KB_00213"", ""KB_00213"", ""KB_00208""]","[""Don't be fooled by price per serving. Look at the bcaa grams per serving. I compared every single capsule version of bcaa on amazon and this works out to the best deal."", ""You can buy the powder versions for a cheaper price per serving but for capsules, this is the best deal compared to all other bcaa's capsules on Amazon. Don't be fooled by price per serving. Look at the bcaa grams per serving."", ""great brand. I've need this supplement bad with my intermittent fasting routine. Take it pre workout""]",30.770957993809134
G_024,REC_024,B005MQRAXM,Baby,long,descriptive,sentwin,3,"how is the seat fabric?  we have a britax, and my son sweats so much when in it.",[UNANSWERABLE],,0,"[""KB_00217"", ""KB_00216""]","[""Not sure if ti works to ward off unsafe angry driver's, but I atleast feel like I am making an effort to keep my Lo safe. They sticker is also cute!"", ""This knob works perfectly as it is intended. It is a good replacement part and has held up very well""]",10.778916999697685
G_025,REC_025,B007W69P7E,Automotive,long,descriptive,sentwin,3,"It sounds like this will fit a 2013 4Runner, but does it void the warranty?  It shouldn't, as it's a Toyota part.  Also what is the HP increase?",Your warranty will be fine. Helps breath a bit better. Will add some motor noise as well. I saw maybe a mile increase at most.,KB_00218,1,"[""KB_00219"", ""KB_00218"", ""KB_00220""]","[""This is a great looking piece, but the instructions are less than sensible and give sometimes no indication of what to do with wires and clamps. These could have been written a lot better, as the last line reads &#34; If engine light remains on, go to your Toyota dealer for service!&#34;  Not cool  :-("", ""Excellent product! It must be trd Toyota racing development, i hope to buy another truco for buy another trd intanke"", ""Performance is good. Sound is good, doesn't make much noise until higher RPMs. The only reason I am not giving 5 stars is because the screw holes for where to attach the MAF sensor did not line up.""]",32.686292004655115
G_026,REC_026,B005G59WP8,Musical_Instruments,long,descriptive,sentwin,3,Is the brain capable of reproducing different stick velocities (Dynamics) or is the same volume produced no matter how hard you hit pads?,it's pretty close to a reptilian brain that is inexpensive. The volume is pretty much the same no matter how hard you hit it. If you're looking for that kind of dynamic velocity you really need a more expensive kit or at least replace the brain with a better one.,KB_00224,1,"[""KB_00221"", ""KB_00222"", ""KB_00225""]","[""The kick pedal and pad are all-in-one, which is very convenient. All of the pads are very responsive so you do not have to hit them very hard. My wife says she cannot hear the pads when I play with headphones.Sounds &#8211; The &#8220;acoustic kit&#8221; sounds fine through my Altec Lansing computer speakers and subwoofer when playing solo or jamming with band at low volumes."", ""The pads are all velocity sensitive and have some good bounce. I was very surprised at how quiet it is."", ""Very strong and steady in my opinion. The pads are nice and can take a beating, I'vegot two kids to help me test that out. It looks great and the sounds are not to shabby.""]",10.885540999879595
G_027,REC_027,B0043D68YW,Health_and_Personal_Care,medium,descriptive,sentwin,3,Do they have Aloe Vera on them?,[UNANSWERABLE],,0,"[""KB_00237"", ""KB_00238"", ""KB_00234""]","[""Wet Ones.. are great to have in the car glove compartment, carry in my purse, keep at the kitchen table. I also recently gave a box as a fun little travel gift to my neighbor who was going on a road trip."", ""The packaging makes it possible to take as many or as few as we need for our trips! We use them when we fly, visit family or even go out to eat!"", ""love these individual antibiotic wipes. great for travel.""]",34.87666699948022
G_028,REC_028,B004VTGD9I,Patio_Lawn_and_Garden,long,descriptive,sentwin,3,"What is the height of the basket? (Yes, I see the dimensions in the description, but it may not be accurate). Thanks,",[UNANSWERABLE],,0,"[""KB_00240"", ""KB_00241"", ""KB_00240""]","[""Our last basket was busted and broken. We couldn't find a local shop with our size basket. I was thrilled to find it at Amazon."", ""This skimmer basket is very sturdy and seems to be built to last. It was a great deal for the price."", ""Our last basket was busted and broken. We couldn't find a local shop with our size basket.""]",28.855042000941467
G_029,REC_029,B0084LO7C4,Toys_and_Games,long,descriptive,sentwin,3,I want to know if the eyes are stiched or buttons.  Buttons would not be safe for a newborn or baby under 3,buttons,KB_00242,1,"[""KB_00242"", ""KB_00245"", ""KB_00244""]","[""This is a large Raggedy Ann doll I am using in my babys room as decor. With glass button eyes is will not be a good play doll until she is 3+ years old."", ""The doll is as described, and if it was for maybe someone a bit older it would've been better. But as it is, my 4-year old niece was frightened by the stitching around the eyes (lashes and such). She refuses to play with it."", ""This doll was purchased to be used in a class project to show how the Annabelle doll looked like and is now housed under lock and key. I am sure this would make an ideal gift as well.""]",11.140750000777189
G_030,REC_030,B00ISJO0BA,Electronics,medium,descriptive,sentwin,3,Is it possible to apply WMN450M to UN55H7150?,Yes,KB_00257,1,"[""KB_00257"", ""KB_00257"", ""KB_00253""]","[""What drew my attention to this wall mount was that it was very small and sleek and did not take up too much space on the wall when mounted. The kit contains many parts and components that makes it compatible with a wide range of tv models and sizes. The instructions are rather complex, there are many manuals and pamphlets in the kit, but with patience you can figure out exactly what components you need to work with your model of tv."", ""The kit contains many parts and components that makes it compatible with a wide range of tv models and sizes. The instructions are rather complex, there are many manuals and pamphlets in the kit, but with patience you can figure out exactly what components you need to work with your model of tv."", ""She eventually admitted that she didn't know much about mounting kits and didn't usually provide support for them. I was surprised and informed her that I would like to speak with someone who knows something about mounting kits, since it's a Samsung product after all.""]",37.04308300075354
G_031,REC_031,B0015H7924,Electronics,medium,descriptive,sentwin,3,if they fit my toyota 4 runner 2006,[UNANSWERABLE],,0,"[""KB_00268"", ""KB_00267"", ""KB_00266""]","[""Absolutely amazing!! They fit directly into my original headrest settings. I did have a little issue finding someone who knew how to instal them to my OEM DVD player."", ""The posts are minimally adjustable and so won't fit many cars. Attempting to adjust them caused a post to break due to cheap construction."", ""Installed these in my Tacoma yesterday and it was fairly simple. Even though the rods do not fit snuggly in the seat's headrest holes (makes them very loose) they still work.""]",11.594292001973372
G_032,REC_032,B00GTAJB78,Beauty,long,descriptive,sentwin,3,"Why is this so thin? Like other brands I have used, products with hyaluranic acid and vit E should be a little viscous.","I find this product quite good. It's not viscous but has some oil base that allows you to use just 6 drops for you whole face. I put a small amount of the drops on my cheek bones, forehead & chin. Gently rub it in & then apply my moisturizer. My skin looks great!",KB_00276,1,"[""KB_00276"", ""KB_00277"", ""KB_00280""]","[""It is thin, thinner than any serum I've used in the past, but maybe that's why it actually absorbs into the skin so quickly. I do have a few drops here and there spill between my fingers when I put this into my hand, but that's a small price to pay for something that feels good and does something positive for the skin."", ""And my skin was dry and flakey! I needed an oil with vitamin C and hyaluronic acid and I found it at amazon.com. I."", ""In fact people were stating how great it works and how color didn't matter. I was surprised considering the company itself states their serum is clear ( as it should be.)""]",11.135792003187817
G_033,REC_033,B0011FY9AU,Health_and_Personal_Care,long,descriptive,sentwin,3,Inositol makes this unusable by many people -- inositol causes cramps and stomach bloating. Why is it in the product?,[UNANSWERABLE],,0,"[""KB_00282"", ""KB_00283"", ""KB_00289""]","[""I have been taking this product successfully for over a year; HOWEVER, the last shipment causes me almost instantaneous severe heartburn and an over-inflated feeling accompanied by burping and belching. The label on the jar is different and is not like the label on the jar above."", ""Prior to puchasing this product, I read the reviews of others. Some said it caused stomach problems. I discounted this assertion, and decided to try it for myself."", ""This is the only B-Complex I have tried that does not upset my stomach. I don't really notice any huge energy burst but I definitely think it gives me some extra energy throughout the day.""]",34.38937500322936
G_034,REC_034,B009WX60N2,Electronics,short,descriptive,sentwin,3,where is the scan button,[UNANSWERABLE],,0,"[""KB_00299"", ""KB_00294"", ""KB_00293""]","[""Also as you scan you do not have to keep the mouse in the same position (in other words you can turn the mouse as you scan so you can pretty much scan in any direction and do not have to worry about keeping the mouse so straight). It is not a replacement for a flat bed scanner, but will scan in a larger area then most standard flat bed scanners."", ""It takes a bit of experimenting to get a usable scan. After using a cordless mouse the wire is somewhat cumbersome."", ""It did not work at all. I even had tech support put it in and it would not scan..No good product""]",12.336250001681037
G_035,REC_035,B007XVYSZW,Toys_and_Games,medium,descriptive,sentwin,3,what is size of this toy?,[UNANSWERABLE],,0,"[""KB_00302"", ""KB_00301"", ""KB_00306""]","[""This toy looks cool and is pretty std size, not too small as I thought from pictures. My son's favourite things in the world are cars and dinos..like most other boys..."", ""I gave this as a Christmas gift for my two and a half year old grandson. It is the perfect size for a toddler to play with. He enjoyed the dinosaur growls and racing car noises."", ""Great toy for my 2 year old nephew.""]",29.910707999079023
G_036,REC_036,B000FZP2XA,Toys_and_Games,long,descriptive,sentwin,3,I see that this comes with furniture but does it come with any dolls?,"No, it does not..... Sold separately",KB_00312,1,"[""KB_00312"", ""KB_00316"", ""KB_00312""]","[""The dolls, or lack thereof; I had assumed it would come with at least a few dolls but they need to be purchased separately. The furniture is ok but is incomplete."", ""I love how the house comes with different pieces of furniture although I wish it also included the doll family and perhaps some small accessories (like food for the kitchen or common house supplies). I ended up buying the family, the nursery/baby set, and the toy set to add some other pieces to the house."", ""It doesn't seem like an issue until your six year old gets upset because her dolls are hungry and need a place to eat. At this price I would have expected a complete furniture set and dolls.""]",27.926874994591344
G_037,REC_037,B005MZ4A7C,Beauty,medium,descriptive,sentwin,3,"When it's time to remove makeup & sealant, what do you use?",[UNANSWERABLE],,0,"[""KB_00328"", ""KB_00324"", ""KB_00327""]","[""This stuff is good for sealing your makeup. But don't buy it expecting it to stop makeup from smudging on your closthes."", ""I like to do a lot of elaborate makeup, even in my day-to-day, but I usually don't have time or space to carry the makeup around with me to do touch ups. Even with the aid of setting powder and primer, my makeup usually ends up coming off after several hours.I originally bought Ben Nye's Final Seal to use for my Hallowe'en makeup this year, but I've been using it on some of my other looks before then to get used to the product."", ""Perfect! It kept all of my stage makeup on and no amount of rubbing took off the makeup before it was time to wash off!""]",17.91304100333946
G_038,REC_038,B000FED594,Health_and_Personal_Care,medium,descriptive,sentwin,3,are they 100% cotton?? or is there some polyester??,"As others have stated, there is a cotton quilted side that is absorbant and the other side (pink) is waterproof. I've washed them a lot as I use them as potty pads for my dog and they hold up well in the washer and dryer. I just love the fact they're saving me money each time I use them.",KB_00335,1,"[""KB_00338"", ""KB_00335"", ""KB_00337""]","[""It has yet to be soiled so I cannot be sure. It feels like a cotton-type of material. The bottom material does feel like it would keep any stains away from the surface you are trying to protect."", ""Sofnit 300 under pads are made with great quality cotton,  they are commonly used in hospitals due tho their quality and durability. I purchased them for my relative, the cotton it is not irritant to the delicate skin and it is very resistant."", ""The white cotton part is fairly thin, in comparison to &#34;hospital grade&#34; underpads. I also found the pads dimensions of 24&#34; to be too narrow for someone who tosses and turns while (s)he sleeps, as it bunches up easily.""]",15.123583005333785
G_039,REC_039,B0027IVMWI,Toys_and_Games,long,descriptive,sentwin,3,What is the general age group this is for? I have a 6 year old nephew. thanks.,I think six is a great age for this toy. It's not full size so older kids would be disappointed. The flags are small but the goal is a decent size.,KB_00343,1,"[""KB_00342"", ""KB_00344"", ""KB_00343""]","[""I bought this for my 6 year old great grandson's birthday. He has really been into sports, specially football, since he was about 3 years old."", ""for a 7.6 year old, big boy like my grandson. It may do well with a younger child or one who doesn't toss the football over the house!"", ""We bought this set for our 6-year-old for Christmas. He loves it!""]",15.175583001109771
G_040,REC_040,B004MDM6LC,Health_and_Personal_Care,medium,descriptive,sentwin,3,i want to know a size of the bags,They are standard size grocery bags,KB_00351,1,"[""KB_00354"", ""KB_00360"", ""KB_00358""]","[""I was very glad that I found these but was very disappointed with how thin the bags are. I need the bags to be a little thicker and  larger."", ""They are also pretty sturdy/thick enough, not thin. They were an overall good bargain at the time I bought them and are good quality bags."", ""Sorry I bought these nowThey stopped giving plastic bags hereI use them as trash bag linersThese are thin and flimsy.. Tears easilyThumbs downOnly good thing was cheap price and free shipping""]",11.078291994635947
G_041,REC_041,B005I5DJU0,Electronics,medium,descriptive,sentwin,3,What are the brackets made of?,Basically a hard plastic which is very fragile!,KB_00366,1,"[""KB_00363"", ""KB_00366"", ""KB_00362""]","[""It is made of plastic and the hinge adjustment is pretty flimsy. Video is pretty shaky unless you have a perfectly smooth tripod."", ""I bought this product hopping to use it in conjunction with my Ipad. The Ipad stand is made of cheap plastic that I broke the same day I received it . I did not bother calling the manufacturer back to receive a replacement part."", ""I wanted to like this product, but the brackets to hold the iPad in place get in the way and it's not sturdy enough. It shakes very easily.""]",9.165374998701736
G_042,REC_042,B00DUVTPH0,Home_and_Kitchen,medium,descriptive,sentwin,3,is the pump metal or plastic?,"Plastic. The spout occasionally pops off. I've never had one do that before, however, I use mine for hand soap rather than lotion. I don't believe I would buy another one like it. Hope that helps you.",KB_00371,1,"[""KB_00371"", ""KB_00371"", ""KB_00371""]","[""The first, which is identical to this but ceramic and metal, came as advertised. This pump is advertised a metal, but the only metal part is the pump spring. Everything else is commodity grade plastic."", ""This pump is advertised a metal, but the only metal part is the pump spring. Everything else is commodity grade plastic. It probably cost less than $1 to import from overseas.They should either ship a real metal container or drop the price to $2.99where it belongs for this item.Shame on InterDesign for their mis-leading advertising!"", ""I purchased two of the same style pumps from InterDesign. The first, which is identical to this but ceramic and metal, came as advertised.""]",10.71991699427599
G_043,REC_043,B0057BUTUI,Home_and_Kitchen,medium,descriptive,sentwin,3,Are the lids on these a dark blue or a smoky gray/black?,They are like a medium blue. I was actually hoping they were gray/black but the blue still looks pretty.,KB_00377,1,"[""KB_00377"", ""KB_00380"", ""KB_00381""]","[""These canisters are great in size and I like the look of them. The color in the picture is not correct however, I thought the lid was black but it is actually blue, which is ok I guess. I would have liked them a lot better if they had been packaged better."", ""cannister set is lovely, color great,. lids fit real good, the rooster color is great would recomm end this product 100%"", ""I love these roosters and the colors are very pretty. They are well made and the lids seal very well so they are functional as well as pretty. I do not have a lot of counter so the size is just right for me.""]",11.073417001171038
G_044,REC_044,B0014CMQEQ,Pet_Supplies,long,descriptive,sentwin,3,My cat keeping peeing over the side. How can I train him to hit the target? Or install higher sides?,"I'm not sure... if you can figure out how to install a higher side on the inside of the litter box (maybe some thin plastic and some e6000 glue), that would be the solution... but if it's not a feasible alternative, maybe this is a bad litter box for your cat. Which is too bad, because we STILL love it. :) I hope you find a solution!!!",KB_00396,1,"[""KB_00396"", ""KB_00394"", ""KB_00393""]","[""They are supposed to be non-toxic, but the little one swallows them whole and choked pretty good a couple times. Also, my fat cat pees high on the side and then it drips through the crack between the box and the top piece. I found an IKEA cabinet with a hole on top and a slide out bin, and the litter box fits perfectly in it."", ""So if the poop is not scooped right away, the poop smell takes over the house. Only if I can train the cat to only pee in this and poop in the other box."", ""Unlike other reviews I've read, our cat is able to cover his poop with the pellets (again, we use two bags, and I shift most of them to one side). The cat loved the system from the beginning.""]",11.687957994581666
G_045,REC_045,B007H7G6IE,Cell_Phones_and_Accessories,long,descriptive,sentwin,3,"works on HSDPA 850/900/1900/2100 frequencies 1900, I might say the detailed specifications, is a processed snagdragon s3 or s4. thanks?",[UNANSWERABLE],,0,"[""KB_00399"", ""KB_00406"", ""KB_00401""]","[""The phone is blue/gradient, not black.2. It was basically a Tmobile phone that is unlocked.The worse part, I'm unable to get the phone working on ATT network."", ""I love this phone because of the following,- Fast, actually very fast- Gorgeous design- Good radio and voice quality- Good camera 8 MP- A great screen, both light and colors are just great"", ""I love this phone, with some very minor reservations about battery life and its ability to function in weak signal areas.""]",11.226541006180923
G_046,REC_046,B001D4BZ56,Patio_Lawn_and_Garden,long,descriptive,sentwin,3,Should you use this product right away once you mix the can of it with a gallon of water?    I noticed crystals in my container  when I was done.,if you let it sit overnight it will crystallize on the bottom of the jug you mix it in. If you heat up the solution it will dissolve the crystals. I mixed up a can into a gallon milk jug. I have stored it for a time and when ready to use it again just put the jug into a pot of hot water and it will dissolve it back to useful liquid. You need to mix the solution with a long stick that reaches the bottom as you warm it to dissolve the solids.,KB_00409,1,"[""KB_00413"", ""KB_00407"", ""KB_00409""]","[""have had probs with termites and carpenter ants in the walls. several injections of this stuff over months has murdered them well.problem is it crystallizes in leftover bottle of water mix. heat it on stove and stir and it will go back into solution."", ""When you mix the salt into water, heat up the water first (but do not use a cooking pot if you put the boron salt in it) so it is hot to touch (but not boiling). This will dissolve the solution quickly. Cold water could take hours, or not at all.2."", ""Easy to mix, easy to use. Does crystallize after a while in suspension but can be reconstituted by heating the mixture. Can be stored easily in an old gallon milk jug for later use.""]",12.150417001976166
G_047,REC_047,B007QVWMAC,Toys_and_Games,long,descriptive,sentwin,3,"can they be filled by an bicycle air pump or at a gas station or do they require their own unique pump and if so, where can I purchase it?",You can not use a bike pump or gas station pump. You need a pump that will blow up a air matress. You can purchase them at job lot for ten bucks or on amazon,KB_00420,1,"[""KB_00418"", ""KB_00424"", ""KB_00425""]","[""You will not regret buying these. You might consider bringing your own air pump for convenience."", ""Very large and strong tubes for tubing down the Pemi River, NH! Can't blow these up by mouth however (not that we tried)... definitely need a pump!"", ""Tubes are comfortable and have beverage holders. Not too difficult to inflate, bring a friend or a pump to make it easier though.""]",16.824334001285024
G_048,REC_048,B000CFQM4G,Automotive,medium,descriptive,sentwin,3,Does the gauge have an auto dim feature?,"It does have an auto dim feature. The sensor is the little hole under ""14"" and above the LCD display (you can actually see it in the product picture). I have this and can confirm that the auto-dim does work.",KB_00427,1,"[""KB_00427"", ""KB_00431"", ""KB_00429""]","[""Works amazingly well. Easy to read in all light conditions, the auto dim feature was nice. Very detailed install instructions included make installation a breeze."", ""Best price I could find the AEM new. Will install soon and edit this comment with more information on the gauge."", ""2006 Subaru STiMods: Stage II plus headers and water meth. Custom home brewed tune.4 stars, would have a 5th if it was auto dimming. Other than that, it's perfect.""]",10.995207994710654
G_049,REC_049,B007ZZQHSW,Sports_and_Outdoors,long,descriptive,sentwin,3,"Is this item bigger/heavier than this one: Spec-Ops Brand Recon-Wrap Multi-Season, Multi-Mode Head Gear (Woodland Digital)","I don't own the specific one you linked, but all of the Recon Wraps that I've owned have been the same. The closest any of them have been to being ""bigger"" is the multicam one I got on Amazon is longer than the ones that were issued or that I bought on base. But the longer ones mention it in their description generally so it shouldn't be a surprise.",KB_00440,1,"[""KB_00438"", ""KB_00440"", ""KB_00437""]","[""This is lightweight multi-mode multi- use head gear. Keeps head cool on hot days, cannot say about warmth in cool weather since its August in the south."", ""The multi cam pattern is great in this head wrap and the mfg has increased the length to better suit different size heads. Definitely going to buy another!"", ""This Spec-Ops brand version is far better than the Condor multi wrap.This version is made of better material and the pattern is well defined and is clearly multicam.The only drawback I have found is that the inside is a solid, light color. If you intend to use this item for camouflage it will not be as effective in certain configurations where the inside is exposed.""]",11.635750001005363
G_050,REC_050,B005ONMFAQ,Cell_Phones_and_Accessories,medium,descriptive,sentwin,3,Is this a hard plastic case or a flexible rubber case?,It is more of a plastic case. I wouldn't reccomend getting it unless you really need a cheap phone cover and have no other options.,KB_00451,1,"[""KB_00455"", ""KB_00452"", ""KB_00450""]","[""It is important to not that the D710 case is different from the other and will only fit the Sprint version of the Galaxy S2. The case is hard plastic with a very slim profile and easy snap on installation. I would have given 5 stars but the plastic case is a little slippery resulting in a few accidents."", ""I must say that I was impressed with the perfect fit that was easily snapped on. When I read that it was a rubberized case I expected there to be rubber on the inside to minimize shock if dropped. However, there was no rubber."", ""Not what I thought it was going to be. Marketed as \""rubberized\"" but nothing rubber about it. Just a cheap plastic that is not worth the money or wait of arrival.""]",31.447041998035274
G_051,REC_051,B000EMDB3C,Home_and_Kitchen,long,descriptive,sentwin,3,Do both sides brew at the same time or do they have separate timers? Does it even have delayed brewing timers?,Both brew at the same time unless you have it set for only brewing one cup. There is no timer for delayed brewing. It works very well this way for my purposes.,KB_00464,1,"[""KB_00465"", ""KB_00457"", ""KB_00458""]","[""This is the only machine we could find that does this. The concept is perfect in brewing two different coffees at the same time. The #1 Melita filter fits for those of us who like that additional filtering."", ""The idea was intriguing but not exactly what we hoped. You don't have the option of brewing on one side or the other. If it's one cup then it's on the left."", ""We don't drink enough coffee to justify brewing a whole pot, plus we like ours at different strengths. It does brew two sides at a time, but since we drink our coffee at different times we just use the one side most of the time.I'm not sure why people are complaining that the coffee isn't hot enough.""]",27.39458400174044
G_052,REC_052,B00G11D5JA,Cell_Phones_and_Accessories,medium,descriptive,sentwin,3,How to install this screen protector?,[UNANSWERABLE],,0,"[""KB_00469"", ""KB_00467"", ""KB_00472""]","[""This screen protector is top notch! It truly does what it says with the anti glare and it is fabulous."", ""Easy to install. Spray your screen with water not to much and install damp and smooth out the bubble. Worked great for me....."", ""While the anti-glare screen protector is good, putting it on was a challange, as the card  caused several scratches to appear on it.""]",10.229125000478234
G_053,REC_053,B003NRHAH8,Electronics,medium,descriptive,sentwin,3,Will this work on my Sony Nex 7?,Yes,KB_00477,1,"[""KB_00477"", ""KB_00480"", ""KB_00478""]","[""This is a nice and compact lens which I enjoy using on my NEX 7. Unfortunately, its sharpness is somewhat lacking especially when placed in more challenging situations (eg."", ""i use this as my everyday lens on my nex-5n. it makes the camera very compact and takes very nice pics."", ""This is my third lens of the Sony Nex Cameras. Great pictures at all and  I don't heasitate in buying this lens.""]",16.761790997406933
G_054,REC_054,B006FJCLI4,Sports_and_Outdoors,long,descriptive,sentwin,3,"I want to use this phone in Europe, and do not intend to use it in US with T-Mobile.  Can I get an unlocked version of this phone?",This phone can be unlocked with a 4 digit code and you can get those online at unlock codes dot com or you can find them from T-Mobile. eather way you can use this phone if you do get that. Thanks for asking.,KB_00487,1,"[""KB_00491"", ""KB_00487"", ""KB_00491""]","[""My husband and I  have had a T-Mobile phone plan for ~10 years, so do all my grown children. We talk to each other using the free T-Mobile to T-Mobile plan. Anyway, another phone broke, instead of renewing a contract every time a new phone is needed, we buy one from Amazon."", ""In Package: Comes with power cord (recharging) and a T Mobile sim card (you have to call TMobile to activate your prepaid phone line and the sim card). Or you can get your own phone line with another carrier (they will require their own sim card).The phone is more of a backup phone (than my primary phone), but it is REALLY easy to use."", ""We talk to each other using the free T-Mobile to T-Mobile plan. Anyway, another phone broke, instead of renewing a contract every time a new phone is needed, we buy one from Amazon. Works well for us, we appreciate the ability to buy one when we need one.""]",35.52445899549639
G_055,REC_055,B005KP1E14,Toys_and_Games,medium,descriptive,sentwin,3,What is the difference between this helicopter and the MCX RTF,"If you are interested at all in advancing your skills and learning to fly bigger RC helicopters, get the MCX or better yet the MCX2. These are 4 channel helis and the controls will be correct on the transmitter. The Scout is 3 channel and the controls will not teach you how to fly an RC helicopter correctly.",KB_00499,1,"[""KB_00505"", ""KB_00499"", ""KB_00500""]","[""This is my first RC helicopter and I love it.Pros:Not expensiveSmallEasy to flyCons:Battery can only last about 10 minsRecommended for RC Helicopter beginners!"", ""This is now his new favorite, and he flies it quite well. He still uses his Scout, and no doubt, his scout was what helped him be prepared to fly the MCX. Part of me wants to recommend the MCX ($75) if you're starting out, but I'd say the Scout is better if it's for a kid, and then you could upgrade later."", ""The higher price is justified by better control and quality. I recommend this to anyone interested in RC Helicopters.""]",33.53466700355057
G_056,REC_056,B007TGMJ4S,Pet_Supplies,medium,descriptive,sentwin,3,what are the dimen of this product? holong and wide is it,[UNANSWERABLE],,0,"[""KB_00507"", ""KB_00511"", ""KB_00508""]","[""Now as for the product itself. It pretty much does what it says."", ""It adds lots of color to my glo fish and the tank. Very pleased with my purchase."", ""Sorry, not meaning to bash another person's review of a product, but some info needs to be clarified or corrected. In the description (and again on the packaging once you get the product) it says this item is meant to be placed ON TOP of a glass or plastic canopy OVER your fish tank.""]",12.354833997960668
G_057,REC_057,B004WMP03E,Home_and_Kitchen,medium,descriptive,sentwin,3,How thick is the Stainless Steel Measuring cups? Some are quite thin.,You're right--these are thin.,KB_00518,1,"[""KB_00518"", ""KB_00517"", ""KB_00524""]","[""It's hard to tell by the pictures but the cups are quite thin, you can squeeze the sides and they give quite a bit (I think if I tried I could completely bend them inward). I guess they're okay for the price."", ""The measuring spoons are pretty cheap quality, they bend easily and some have even started to rust where they have gotten scratched (they may have gone through the garbage disposal on accident). The measuring cups are fine, just not the highest quality. They are pretty light but they have held up just fine."", ""they are stainless steel, a nice set and they seem sturdy. I measure on a scale now, but its nice to have a solid set of measuring cups.""]",15.86995799880242
G_058,REC_058,B003L14UCO,Office_Products,long,descriptive,sentwin,3,"What is the capacity?  For example, Brother's cartridge says it'll print 2600 sheets at 5% coverage.","2600, give or take a couple hundred. Remember that this is 5% coverage. I get about 1800 to 1900 with full text pages. About four reams of paper.",KB_00530,1,"[""KB_00530"", ""KB_00529"", ""KB_00527""]","[""This cartridge yielded only 938 pages, far short of the 2600 that a true \""high-yield\"" would print. Also, the print quality was deteriorating rapidly over the last several hundred pages."", ""It took 10 minutes of wiping the excess spilled toner off the cartridge before I could put it in the drum. I give it two stars, because it appears to print alright, after throwing the first two sheets away because of excess toner on the sheet."", ""I bought this cartridge as a back up when my Brother cartridge ran out of ink. Today, it ran out of ink, 5 months after I purchased it.""]",12.360417000309099
G_059,REC_059,B000BKY63G,Tools_and_Home_Improvement,long,descriptive,sentwin,3,can I purchase extra rail clamps for other tools such as a drill press or scroll saw?,Yes the part number is PM-7002 available on Amazon.com,KB_00541,1,"[""KB_00536"", ""KB_00543"", ""KB_00541""]","[""If you are going to use this in one location for extended periods of time then I would highly recommend it. The beauty of this beast is the fact that you can buy additional clamps and mount whatever you want on it. I am building out my woodshop and needed a space saving alternative for various benchtop tools."", ""Amazon customer service cannot contact the company also. If any of the tools you intend to use with the product have offset mounting holes (not inline with the mounts), according to the product manual you must purchase kit J-104 that provides brackets to mount the tool to the supports."", ""Mine is in a more stationary use environment. I have purchased 2 additional PM7002 units to attach other work tools to the center.""]",15.602499996020924
G_060,REC_060,B002HRET4M,Patio_Lawn_and_Garden,long,descriptive,sentwin,3,"Just installed the Baracuda, it continuously gets stuck on the pool ladder. I followed the instructions is there someting we can do to fix this?","I am saying this based on my experience, I had control valve set more suction to baracuda than skimmer. Once I changed set up to be neutral for sharing suction power between baracuda and skimmer, it started behaving the way it should. I hope this resolve your problem",KB_00552,1,"[""KB_00555"", ""KB_00550"", ""KB_00551""]","[""The one thing that could be improved is its mobility. It gets stuck on the side of my pool steps all the time."", ""We purchased the baracuda because our last cleaner would go behind the ladder and get stuck. This one will not go behind the ladder, but occasionally the ring to prevent this hooks the bottom rung."", ""It was easy to assemble & hook up. It occasionally would get stuck on the ladder but we learned to remove it during the day while the pool was being cleaned. Very impressive for not a lot of money!""]",12.616583997441921
G_061,REC_061,B001KW0BE2,Home_and_Kitchen,long,descriptive,sentwin,3,"Will it remain stable if the cardboard backing is not put on? I have beautiful wood paneling on my wall, and I would like it to be visible through it.",I highly doubt it. The backing actually stabilizes the overall frame.,KB_00557,1,"[""KB_00557"", ""KB_00556"", ""KB_00560""]","[""The shelf looks ok from a distance but the back is actually black cardboard. It is VERY unstable."", ""This piece holds lots of media. Remember this isn't wood but hi-compressed cardboard with a thin backing. I fastened my unit to a closet wall."", ""I like the look of this item and the fact that it holds a lot of CDs, and I guess it'll be okay because it is against a wall, but it is not entirely steady. I feel that it could topple over easily.""]",11.529165996762458
G_062,REC_062,B002KJSD8K,Beauty,medium,descriptive,sentwin,3,what type of smell does it have,It is a very light not unpleasant smell that dissipates quickly. It is not floral at all.,KB_00574,1,"[""KB_00566"", ""KB_00574"", ""KB_00567""]","[""I think this works well. Doesn't smell great but also doesn't bother me. I bought one for my mom too."", ""This is a really nice thick firming lotion. I like the way it smells, and it glides on easily and absorbs quickly.However, I wouldn't say it was worth the extra money. Most of the other firming creams that were $10-15, such as Nivea, worked a lot quicker and better, so I'd say hold off and try the Nivea Goodbye Cellulite firming serum or the Jergen's Skin Firming Lotion."", ""love this lotion, not greasy. Keeps skin soft, not sure I can tell about tightening, but like the feel  of it""]",17.411000000720378
G_063,REC_063,B001RTL5L6,Sports_and_Outdoors,medium,descriptive,sentwin,3,How do you turn off/on and is there an auto shut off?,There is a little black button to push for on and off and setting what mode you want them in.  They will automatically shut off after about 5 minutes if the wheels are not in motion.,KB_00584,1,"[""KB_00580"", ""KB_00580"", ""KB_00579""]","[""This means if you use rechargeable AA's you have to remove the batteries from their bays. One of the units I own tends to turn itself off while I am riding. This tends to happen at least once every ride."", ""This tends to happen at least once every ride. I can stop and turn it back on but eventually it will turn itself off ( even with freshly charged batteries ). I plan to replace the bad unit."", ""Once installed, even on a wheel for which it was not designed, it is quite solid with no \""play\"" or \""slippage.\"" Unlike some other wheel lights (particularly valve-lights), this is not automatic, you need to turn it on yourself.""]",11.782875000790227
G_064,REC_064,B0018B15FE,Health_and_Personal_Care,long,descriptive,sentwin,3,"Using Charlie's without cleaning the machine? has anyone used this soap in a laundromat or apartment building machine where it's nearly impossible to clean the machine?I've heard great reviews of this soap, but I don't really control my washing machine environment as much as I'd like to, since I don't have my own machines - if the soap's going to suck in this environment, I'd rather know ahead of time and not buy it.",[UNANSWERABLE],,0,"[""KB_00586"", ""KB_00589"", ""KB_00587""]","[""I've been using Charlie's soap for my laundry for over 6 years and I'll continue to use it because I love it so much! It's a great product, gets rid of more stains than any other soap I've used, it's a great deal because there's up to 100 loads per can, safe for the environment, safe for babies and anyone with sensitive skin (my family) or allergies, works in any washer, and I like that it has no added smell."", ""From what I've read other places, some babies are sensitive to this soap. I know that you are not supposed to switch between Charlie's and other detergents and that you are supposed to clean out your machine first, and I did all that, but still my son was having reactions. Also, we do not have hard water."", ""I have very sensitive skin and usually use Dr. Bronner's Sal Suds. I saw Charlie's detergent at my local natural food store and thought to try it. I'm not sure how well it's really cleaning.""]",31.55495800456265
G_065,REC_065,B002HDYD88,Home_and_Kitchen,long,descriptive,sentwin,3,"Anyone using them on carpet? How stable are they? If you were to just sit your speakers on them (without any tac) , would that be ok?",They come with metal spikes for the bottom of the stand. These extend down into the carpet and create a pretty stable platform. Mine have nothing attaching the speaker to the stand (just gravity) and they are plenty stable on carpet.,KB_00597,1,"[""KB_00605"", ""KB_00599"", ""KB_00596""]","[""I did not countersink it;however, as the little rubber grips for your speaker bottoms hold the speakers above that screw. I was worried about stability because I have a 4 year old who plays near these, but no problems as they are very stable with smallish speakers like mine."", ""The speakers are a bit heavy and we wanted to be sure the top shelf was secure.the quality for the price would lead me to recommend these stands to anyone wanting to put their speakers at the perfect height and have them be secure."", ""If you do strip them you could easily fix it with some glue and sawdust or sliver of wood inserted in the hole.I'm using these with the carpet spikes, and the small brass spikes for the speakers. I was a little dubious at first about the strip of plastic that covers the speaker wire in the back, but it actually works fine in practice.""]",10.7404999944265
G_066,REC_066,B00165XQWW,Electronics,long,descriptive,sentwin,3,Is it light weight? I have the Logitech M325 and I love everything about it except that it's a little heavier than I'd like since I'm a gamer.,The answer is that it is lightweight and easy to use.  I'm currently using only the 450 with my laptop.,KB_00612,1,"[""KB_00609"", ""KB_00607"", ""KB_00607""]","[""What can i really say about this mouse except that i love it to death, got it for use in playing the MMORPG - Perfect World on my home computer cabled logitech kept getting snagged. This mouse work great the reciever is so small i can plug it in the front usb port and forget that it is even there since it does not stick out and hurt any thing at all."", ""That's simply the fault of the batteries. Seems like we'd have a really light-weight mouse available today.- High acceleration default. Other mice I've plugged in have been at expected levels, but this one needed to be slowed way down."", ""That's a huge problem since opening new browser tabs is such a common operation. Also really inconsistent with tilt buttons that are very sensitive.- Heavy. That's simply the fault of the batteries.""]",14.575667002645787
G_067,REC_067,B007J3FAJ2,Toys_and_Games,medium,descriptive,sentwin,3,where to get replacement balls for Fisher-Price Cruise and Groove Ballapalooza?,[UNANSWERABLE],,0,"[""KB_00616"", ""KB_00620"", ""KB_00618""]","[""I uploaded a photo that compared the balls for this toy with some of their other similar toys.I couldn't find replacement balls for the Ballapalooza on the Fisher-Price website but I called their customer service department a couple of weeks ago and was able to get a replacement set for the newly released Fisher-Price Ballcano. Fisher-Price service has a great reputation.The price is a bit high but if this toy lasts as long as my other toys from Fisher Price, it's absolutely worth it."", ""It is fun to look at and the trampoline works remarkably well once you adjust it on the arm. I later found out that some balls from other Fisher Price toys work well with it as well."", ""I'm happy that I chose the Fisher_Price Cruise and Groove Ballapalooza as a gift for my grandsons Christmas! He absolutely loves it.""]",12.755125004332513
G_068,REC_068,B001ELX290,Health_and_Personal_Care,medium,descriptive,sentwin,3,what is the active ingredient that inhibits hair growth in this product?,This isn't a hair inhibitor. It stops ingrown hairs.,KB_00626,1,"[""KB_00626"", ""KB_00630"", ""KB_00629""]","[""Works great! has really helped reduce ingrown hair from waxing. Use it every night after my shower."", ""I use an epilator to shave my legs. When my hair grows back I get a lot of ingrown hairs. The PFB Vanish has almost erased all of them."", ""You guys with curly hair know what I'm talking about. Ingrown hairs from shaving. The irritation, the itching, the little skin infections dotting your face.""]",11.3744160044007
G_069,REC_069,B0066FET1Y,Grocery_and_Gourmet_Food,short,descriptive,sentwin,3,what are the ingredients,[UNANSWERABLE],,0,"[""KB_00636"", ""KB_00644"", ""KB_00640""]","[""We love this product . Thank you for taking the time to find the ingredients and make such a wonderful product. I appreciate being able to drink something with no side effects."", ""I found a perfect decaf tea (PG Tips decaf is indistinguishable from the regular tea), and have come to enjoy a number of herbals and other brews, but have never a decent decaf coffee or coffee substitute.I found this stuff by accident online and bought a sample out of curiosity. I liked that it was organic, and there's nothing in the ingredients that turned me off."", ""This is it and it has a real good flavor. It also has other good healthy ingredients..(label will tell). Even if you wanted more coffee like flavor, you could add a little bit of real coffee to the brew.""]",29.483041995263193
G_070,REC_070,B0057R27YI,Electronics,long,descriptive,sentwin,3,Will this lens work with a Rebel Xsi?  my telephoto lens was dropped so I am looking for something else to purchase.,"I am not positive but think it will. When I purchased the adaptor to fit it to my Rebel T3, it listed a lot of other canon cameras that it also fit. If all canon cameras can fit the same lenses, then the adaptor would do the same. It's been a fun lens, does take some extra moments when focusing.",KB_00647,1,"[""KB_00651"", ""KB_00649"", ""KB_00646""]","[""Built quality of Lens is OK but very heavy, it is rather a terrestrial camera telescope than a Lens to put it right. The T-Mount provided with the Lens for Canon EOS is not up to the mark as in my case with careful handling it has got broken, the thread is loose can't be fixed to lens anymore."", ""Nevertheless, the lens worked as advertised. When ordering this lens make sure to note which camera the adapter mounting ring is for as there are more than one being listed on Amazon.com. This is as stated in the ad a manual zoom and focus telephoto lens."", ""The few I have taken shown no evidence of poor image resolution near the edges. As with any telephoto lens you will need a good tripod or mono pod to steady the image. If you're looking to take pictures of celestial objects you will need a tripod with a counter weight system, if not don't let go of the camera after positioning it.""]",31.11120800167555
G_071,REC_071,B00021LQ0U,Home_and_Kitchen,long,descriptive,sentwin,3,Would like it to hold my favorite Lysol wipes. What is the measurement from handle to edge? The picture shows a roll of paper towels so it looks wide.,"I just measured the one I purchased, and if you are measuring from edge of handle to inside edge it is about 5 1/4 inches (that is the area across where the paper towel roll is), I just put a jumbo Clorox canister in and fits nicely, I was surprised when I got this as it is a work horse, not one of those flimsy plastic totes, you will not have any problem putting your Lysol wipes in this as it is large. Since it is very sturdy it is heavier and not bendable.  I have one under my kitchen sink full of all the items I use regularly so I don't have to hunt, just pull the tote out and ready to go. I am very pleased with the quality of the tote that I plan to get another one for my work tools, hope this helps you.",KB_00654,1,"[""KB_00662"", ""KB_00656"", ""KB_00657""]","[""I bought this product to keep my cleaning items tidy under the sink and so I could easily carry them around when cleaning the housing.....it is much bigger than I imagined but this is truly a solid product and works well for what I needed it for. Easily fits my cleaning products and paper towels. I am debating ordering another one for the car stuff!As for the shipping it arrived ahead of the estimated date!"", ""Great tote / caddy for cleaning supplies. Big deep sides easily hold rolls of paper towels or bottles of cleaning products. Sturdy thick plastic."", ""I almost love this caddy! It is big enough to hold my window cleaner, dust and furniture polish,  bathroom scrubbers,  and disinfectant wipes and/or sprays, PLUS a couple of rags and/or paper towels, and even nearlly my toilet cleaning handles (I have the Clorox Toilet and the Scrubbing Bubbles Fresh Brush wands which I easily transport with the caddy by just laying them over the top). It makes it SO convenient to grab this caddy with everything in tow to head on upstairs to clean.""]",28.42841699748533
G_072,REC_072,B002HKCEAA,Toys_and_Games,long,descriptive,sentwin,3,What should I do to stop the propellers from falling off the rods? The rotation causes them to come right off.,Call the manufacturer they are real great with help.734-502-8796.,KB_00667,1,"[""KB_00672"", ""KB_00672"", ""KB_00664""]","[""Look for replacement propellers in the box. There aren't any."", ""There aren't any. Wait until next day (because, y'know, Christmas) to call hobby stores all over the place looking for replacement propellers. Finally find an open store 40 minutes away."", ""When I recieved the boat, it had the left side propeller broken, it really disappointed me. I replaced the propeller with one of the replacing propellers that came with the boat, but the two replacing propellers were for the right side, no one for the left side, I replaced it though.""]",12.196166004287079
G_073,REC_073,B001GCU0TW,Health_and_Personal_Care,medium,descriptive,sentwin,3,what are all ingredients? i am looking for no aspirin. thank you!,"Alka-Seltzer ""Heartburn"" contains no aspirin. It is formulated to treat only heartburn (indigestion). Active ingredients are anhydrous citric acid and sodium bicarbonate, both antacids. The package it comes in is very similar in appearance to the Alka-Seltzer package which does have tablets containing aspirin. You have to look carefully. They both have ""Lemon Lime"" on the front cover.",KB_00682,1,"[""KB_00674"", ""KB_00680"", ""KB_00679""]","[""No aspirin need I say more! It makes a difference if you take other medications."", ""I've been taking Alka-Seltzer without aspirin since it was in a yellow box; about 30 years. Simethicone controls gas pretty well."", ""This is great for anyone who gets frequent heartburn or acid reflux. Because some of us have to take this often (maybe even nightly before bed if bed time is too close to dinner time), it has no aspirin (blood thinner). I do recommend it.""]",12.833542001317255
G_074,REC_074,B0093HHGD0,Home_and_Kitchen,long,descriptive,sentwin,3,Did it shrink in size after you washed and dried it?  I'm afraid it might be too small for my queen bed if it shrinks any.,"The first time I washed the quilt I hung it out to dry and then the second time I actually put it in the dryer cause I was in a hurry. I didn't see a change in sizing. At the time I was using it on a twin sized bed before I bought the full that I have now. When I made the bed after putting it in the dryer the quilt hung the same length on both sides that it had before washing. It didn't change at all. I have had this quilt now for about 6-7 months and I am still very satisfied with it. I'm also pretty sure that the tag might say preshrunk but I'm not sure, I'd have to look, but mine didn't change in size at all after washing and drying. Hope this helps!",KB_00686,1,"[""KB_00692"", ""KB_00689"", ""KB_00685""]","[""I did love this, but, it did shrink a lot. I would not recommend it."", ""I have 4 small dogs that think the bed belongs to them, but the quilt never looks dirty. It also washes and dries well, with a drying time that is about 1/4 the length that I had to use with my other quilts. Buy it!"", ""My biggest concern was the sizing full/queen. I have a queen size bed and I was worried it wouldn't drape long on the sides as pictured. This was not a problem.""]",17.263209003431257
G_075,REC_075,B008KEJ1LM,Health_and_Personal_Care,short,descriptive,sentwin,3,ease of comb removal,the comb removal is very easy to remove and put back on. So far this product has been great and is a great buy.,KB_00698,1,"[""KB_00703"", ""KB_00700"", ""KB_00694""]","[""I love it for a quick trim of the beard. Saves a lot of time compared to using a comb and scissors."", ""The ease was even misleading to the point that we gave them a try in a full haircut. As a haircutting tool it was a little tedious but it did work despite taking some extra time. As beard and sideburn trimmers they are outstanding."", ""It is also light weight and comfortable to hold. The adjustable comb works exactly as it should: it determines how close to the skin the clipper will clip. Panasonic designed this clipper to be waterproof.""]",11.274750002485234
G_076,REC_076,B0047YVIEC,Electronics,medium,descriptive,sentwin,3,Will this battery work with a Linux OS?,[UNANSWERABLE],,0,"[""KB_00705"", ""KB_00707"", ""KB_00704""]","[""Don't want to say anything bad about seller. This is my 2nd battery for laptop and none will stay charged so I assume that it is my laptop. Never returned this because it was my 2nd purchase that didn't work so I assumed it is not the product."", "")Also noticed some sellers claiming their batteries were &#34;unlocked&#34;, or had BIOS codes unencrypted, or similar. AGPtek makes no mention of any of this and the battery worked fine, so I'm not sure this is a real issue. Perhaps some folks are simply misunderstanding or mischaracterizing the Sony battery monitor agent described above, or maybe all aftermarket batteries include this &#34;unlocking&#34; feature in order to work at all."", ""This item showed up and never worked. Plugged it in, tried to update my BIOS, nothing I could do to get this battery to work. Returned it and got my money back.""]",12.120457999117207
G_077,REC_077,B0045JSO32,Electronics,long,descriptive,sentwin,3,"Can you run a single monitor with this?  Basically, I have a DMS59 card and a standard VGA monitor.  Just want to use the card and the monitor.","Yes, you can. You don't have to use 2 monitors. For the card or cable to work properly",KB_00721,1,"[""KB_00714"", ""KB_00714"", ""KB_00721""]","[""Be aware the VGA's are both female so if you have male ports to plug in with it will work perfectly.. I have a monitor with a built in VGA outlet to plug into this adapter and it works perfectly. No issues of any sort.The OTHER display i have is another story."", ""Be aware the VGA's are both female so if you have male ports to plug in with it will work perfectly.. I have a monitor with a built in VGA outlet to plug into this adapter and it works perfectly."", ""It met my requirements to get my monitor hooked to my computer. althoughI do not have a dual monitor set up. It allowed me to connect my monitor and get it up and running.""]",10.384458000771701
G_078,REC_078,B00IYQXZFO,Home_and_Kitchen,medium,descriptive,sentwin,3,what is the eer rating of unit..,[UNANSWERABLE],,0,"[""KB_00724"", ""KB_00728"", ""KB_00728""]","[""Other than the holding aspect, installation was simple.I was over at my dad's house yesterday, and saw one of his window air conditioners. I don't know the BTU rating of that, but it looked HUGE compared to this compact Frigidaire model.I like the simple, no-BS controls on this unit."", ""!!! Worth the price which isn't that much higher than a good 5,000 unit."", ""It's quiet too and it cools the room down in less than thirty minutes from hot. And it puts out 8,000 BTU's ! !!!""]",11.538082995684817
G_079,REC_079,B00IAHRIUA,Cell_Phones_and_Accessories,medium,descriptive,sentwin,3,Does this come with the little stand?,[UNANSWERABLE],,0,"[""KB_00738"", ""KB_00736"", ""KB_00734""]","[""This little item is small enough to always take with you. No additional App required, just connect via Blue Tooth and use."", ""Works great. I live this little thing."", ""At first I was a little bit hesitant to purchase because of some of the post. Then I asked questions to pervious purchasers.""]",11.827209003968164
G_080,REC_080,B002N0MZLM,Health_and_Personal_Care,medium,descriptive,sentwin,3,Does the 1 oz. bottle include a dropper?,[UNANSWERABLE],,0,"[""KB_00746"", ""KB_00743"", ""KB_00747""]","[""Tea tree oil has so many great uses & this one from NOW is a wonderful oil! Love the dropper-top, great 2 ounce size, super fast shipping with Prime! Thanks Amazon!"", ""I bought a 1 ounce bottle of Tea Tree oil at Trader Joe's. I really liked how it felt and how it worked.This product feels thinner."", ""Purchased directly from Amazon. Note: if you're ordering this during the summer, make a note during shipping to sign for your package (if your delivery guy was like mine, he may drop it off without ringing the doorbell and you'll end up with a ruined product -- I exchanged it for a new bottle and that's what the review below is based upon).The quality seemed potent and fresh.""]",35.76066700043157
G_081,REC_081,B006ZPCQBA,Cell_Phones_and_Accessories,medium,descriptive,sentwin,3,Is there WIFI hotspot capability with this LG cell phone?,[UNANSWERABLE],,0,"[""KB_00756"", ""KB_00761"", ""KB_00753""]","[""So clearly it was using more power than it could take in. I haven't rooted the Marquee yet, so I have not used it as a hotspot."", ""I think where you'd run into trouble, is if you start tethering your laptop to your phone, and then download a bunch of movies, and use a ridiculous amount of data that no cell phone would clearly use. In my case, I would just like to tether my tablet when away from home, and no free public hotspots are available. Since a tablet uses data essentially the same way as a cell phone, I don't think Boost would ever notice the occasional tether with my tablet."", ""Rooting can theoretically open you up to malware, since it grants access to the system files. However the benefits likely outweigh the risks, as you'd be able to use the Marquee as a WiFi hotspot under your unlimited data plan with Boost.WiFi TetheringThere are several apps out there that claim to add WiFi tethering capability to cell phones without rooting your phone. I intend to explore those options, and will post an update here, if any of those apps pan out.""]",12.554250002722256
G_082,REC_082,B000EDNCJO,Health_and_Personal_Care,long,descriptive,sentwin,3,These just arrived but they look used... Is the blade supposed to come clean?,[UNANSWERABLE],,0,"[""KB_00769"", ""KB_00765"", ""KB_00766""]","[""It gets worst in the summer when its humid.2. The blade actually started to rust!"", ""Rather a of of vibration - especially to the recipient of the hair cut. Does cut well and easy to clean."", ""This little clipper is WONDERFUL!!! Works amazingly well, won't have to spend money on a new one every few months because I can really sharpen the blade! YAY!""]",13.92525000119349
G_083,REC_083,B0032536QK,Pet_Supplies,long,descriptive,sentwin,3,"Is 24-30"" bright enough for 29 gallon long tank with dwarf baby tears as carpet plants?",No. This light only works for low light plants. Dwarf baby tears need a much brighter light than this one.,KB_00776,1,"[""KB_00774"", ""KB_00777"", ""KB_00782""]","[""Build quality seems fine but no way this light is good for any tank wider than 24&#34;. I have a 29 gallon tank that is 30&#34; wide and this light is too small I had to return it. The light is 24&#34; wide and the bulbs are 3&#34; from each end, so on a 30&#34; tank there is 6&#34; between edge of tank and a light."", ""Rather than mess around with different bulbs, I started looking for a replacement light. I was skeptical that this LED fixture would be enough light for my deep 33 gallon tank."", ""I bought this light a month ago and I've been using it in a 30 gallon tank. The tank is 16 inches deep which maybe explain why its working great, it's not so deep.""]",12.529125000583008
G_084,REC_084,B00822VUSY,Cell_Phones_and_Accessories,long,descriptive,sentwin,3,"It says that there is an Anti-Fingerprint Screen Protector Comes Pre-Installed, what if i wanted to change the installed screen protector? Can i do it",Yes you can,KB_00783,1,"[""KB_00783"", ""KB_00788"", ""KB_00787""]","[""After all my work, the screen looked different, but i immediately realized that it was due to the screen protector that was pre-installed on it. It is a anti-fingerprint screen protector, so it feels a bit weird. But you can take it off.I found that it fit perfect and worked accordingly, and thats all it needed to do."", ""The toolkit that comes with the screen is very high quality (in my opinion at least) and the screen looks to be high quality as well. It comes with a matte finish screen protector pre-installed, which is a nice touch."", ""The product works great! The replacement screen comes with a bumper and a pre-installed screen protector... The tools that come in the kit look first rate.""]",16.45516699500149
G_085,REC_085,B007HIQD5Y,Health_and_Personal_Care,long,descriptive,sentwin,3,What's the difference between this product and an electric blanket?  Which is better to keep an older person warm?,This is an exceptional product! Originally I was looking for a large heating pad for my Mom when this product came up in the Amazon search. Mom is 88 and suffers with arthritis and is always cold. The wrap exceeded what I had hoped to purchase. It is the perfect size to wrap around her shoulders as her upper body and the softness of the material is wonderful. The three heat settings gives her a choice to warm her up quick and then lower setting to maintain the heat. Mom's hands are always cold. The Wrap is long enough to cover her hands. She likes that the best. Because of her arthritis in her hands she has trouble holding the Wrap closed. To fix this I sewed a pocket into the corners of the Wrap that hers hands slip into. It works very well and Mom is very very happy with the results. The Wrap doesn't work as well as a electric blanket but I was looking for a should wrap. Thank you!,KB_00793,1,"[""KB_00793"", ""KB_00796"", ""KB_00795""]","[""My mother wanted an electric blanket but my dad is always too warm. This product was a nice choice to keep her warm without being so big it covered the whole bed."", ""I like to use it while reading because I can keep my arms warm while still being able to hold a book and move my hands. I find it preferable to my heated \""throw\"" blanket when I only want to apply heat to my arms and back. This wrap has definitely helped me find greater comfort during the chilly winter months."", ""The two hour turn off is very helpful for safety and comfort. I wish they made this same thing in an full size electric blanket as well, it would be so much better than all the other ones on the market!""]",11.522624998178799
G_086,REC_086,B004QIPKNY,Electronics,long,descriptive,sentwin,3,Do you need an outlet adapter to operate this in the US ?,"No, this is made to be used in the US. It has a standard US cord and works in the US outlets. It plays all the different region DVDs, including region 1 (US and Canada).",KB_00811,1,"[""KB_00810"", ""KB_00810"", ""KB_00809""]","[""This DVD player does not play a lot of American DVDs. If you live in the US, DO NOT BUY THIS!! !"", ""This DVD player does not play a lot of American DVDs. If you live in the US, DO NOT BUY THIS!!"", ""Got this to play some DVDs from outside the US region (British). Played great with no fiddling around.""]",12.764000006427523
G_087,REC_087,B002AEOY42,Home_and_Kitchen,medium,descriptive,sentwin,3,what are the dimensions of this trash can?,[UNANSWERABLE],,0,"[""KB_00821"", ""KB_00817"", ""KB_00822""]","[""This is the perfect size trash can for my toddler's room. The push top is easy for her to lift and secure enough for the dogs not to."", ""I was looking for a guest bathroom trash can that was really small and this is IT! Love it, love it!"", ""I love this little trash can. It seems to be completely dog proof, plus is sleek and easy to clean""]",11.129291000543162
G_088,REC_088,B005J31O6M,Electronics,short,yesno,sentwin,3,will this fit a c655-s5504?,"Its been a while since I installed this, but if your computer has a 4 prong plug, it should connect to the power connector just fine. I had a little trouble getting it in the connector case slot to get the case closed, but it finally went. Watch the You Tube video on power connector repair for this model, although he removes the connector from the board a little quick to see, it is not hard to replace. Just make sure to look at the orientation of the pins and polarization fins when you take the old one off. I saved my student $60 with the repair!",KB_00826,1,"[""KB_00826"", ""KB_00828"", ""KB_00827""]","[""Installed in Toshiba Satellite C655. Distance between power adapter connector and choke in wire was shorter than OEM piece."", ""Was exactly as described. Fit my Toshiba perfectly and saved me tons of money by installing it myself! To have it repaired I was going to pay $120 just for labor!"", "")It was an exact fit, but the wires were white and green instead of the red and black original and as shown in their photo. It did fit and work perfectly after I installed it.""]",13.516832994355354
G_089,REC_089,B008VH8TW0,Health_and_Personal_Care,medium,yesno,sentwin,3,does it fit with Tens Handheld device?,Fits perfectly and works very well! Highly recommended.,KB_00834,1,"[""KB_00834"", ""KB_00836"", ""KB_00833""]","[""this product works well with my tens unit and has saved me a lot of discomfort. well done and a good price too"", ""This product was as advertised and was shipped within a week. Connecting to tens unit was easy, although positioning the pad is difficult without assistance. A great product nonetheless."", ""They seem to be holding up for quite some time, too. Highly recommend if you use a Tens Unit and you need something for low back area that stays put well.""]",11.729334000847302
G_090,REC_090,B0015ADLOQ,Electronics,long,yesno,sentwin,3,"if one unit is mounted inside front door, will it be heard by door bell ringer?","These units are intercoms where where you push a button and call and talk to the other unit. There is also a monitor feature, which would drain the batteries quickly so if using this feature opt for a DC converter (extra purchase but possible). In the monitor phase, if I understand you correctly,  you could set up one unit near the doorbell ringer to project the sounds to the second unit. As an alternative David, explore a second doorbell ringer which would ring along with the first and place it where you would have placed the intercom. If there is attic access or a ranch home with an unfinished basement the second ringer should be easily installed.",KB_00843,1,"[""KB_00850"", ""KB_00844"", ""KB_00846""]","[""I followed the instructions  but could not get it to work. nnot a sound from either unit. I returned them and got a full refund."", ""... these things work fantastically. My grandmother has them throughout her home - with one acting as a front doorbell of sorts so she can see who is there without screaming to them that she will be right there (she doesn't move as fast as she used to.)"", ""We had these years ago to speak between our out buildings and the house. Now we use them inside the house.""]",13.646999999764375
G_091,REC_091,B006KXDWJC,Beauty,short,yesno,sentwin,3,"is this a ""tingly"" lotion?",[UNANSWERABLE],,0,"[""KB_00857"", ""KB_00857"", ""KB_00861""]","[""I did try a different lotion and my face didn't tingle at all. Just a little weird but I'd still recommend this lotion."", "". I did try a different lotion and my face didn't tingle at all. Just a little weird but I'd still recommend this lotion."", ""I love this lotion. It works great I have an amazing tan!!!""]",17.05233300162945
G_092,REC_092,B003GBNKCU,Toys_and_Games,short,yesno,sentwin,3,is he full silicone,[UNANSWERABLE],,0,"[""KB_00866"", ""KB_00868"", ""KB_00864""]","[""I LOVE him a lot and totally recommend getting him. He is just adorable!!! (:"", ""I was just wondering i really want this babie but does it have a magnetic mouth so I can buy I pacifier with it? ?"", ""Welcome home baby doll is the third Ashton Drake doll I have ordered for my daughter and he is the most real looking of the three. My daughter was very happy with him, although he looked a little different than the picture on line. One thing we noticed was the corner of the eyelash coming off, but my daughter loved him so much I could not send him back!""]",15.62620800541481
G_093,REC_093,B008BCQP80,Automotive,long,yesno,sentwin,3,"For the passenger side mirror, is the main (larger) mirror flat or convex.",[UNANSWERABLE],,0,"[""KB_00870"", ""KB_00871""]","[""Very nice quality product! Easy to install- watched a youtube video on removing the door panel before hand which was very helpful."", ""Exactly what I wanted for my Dodge Ram 2500 4x4 Cummins""]",12.514333000581246
G_094,REC_094,B0000E2E9S,Health_and_Personal_Care,medium,yesno,sentwin,3,can i wear this bace for volleyball?,"Yes, this is appropriate for volleyball. Most of the girls on my daughter's team wear this brace or something similar.",KB_00875,1,"[""KB_00873"", ""KB_00875"", ""KB_00878""]","[""I feel all volleyball players need to wear braces. Prevent an injury before it happens."", ""My daughter's volleyball coach requires the players to wear ankles braces. Most of the girls wear this brace."", ""I sprained my ankle while wearing a softer brace, and got this for some extra protection. I used it for football and basketball while my ankle still felt unstable, and it certainly did the job, but it is too uncomfortable for routine wear. Once my ankle felt reasonable, I went back to my McDavid soft braces.""]",12.104665998776909
G_095,REC_095,B00HD7IX7K,Electronics,medium,yesno,sentwin,3,is it free shipping to Singapore?,[UNANSWERABLE],,0,"[""KB_00888"", ""KB_00886"", ""KB_00884""]","[""My initial impression taking this laptop out of the box was positive. I've only owned one other ThinkPad before (a T60) which I was very happy with."", ""It was such a dissapointment. Not worth the money i paid for at all."", ""Thinkpad used to be *the* laptop to use for travel, but now, that's all over.""]",13.198915999964811
G_096,REC_096,B008G0QB18,Home_and_Kitchen,medium,yesno,sentwin,3,does it work on induction cooktops?,[UNANSWERABLE],,0,"[""KB_00896"", ""KB_00892"", ""KB_00899""]","[""Cleans up easily just as advertised and cooks great even browning meats evenly. What was really great was frying an egg it did not stick to the pan at all but I did have to spray the turner because it did stick to it..  Kudo's for this cookware!!!! !"", ""This makes perfect eggs in almost any skillet.Update:  I still enjoy these pans. They are mostly for saut&eacute;ing and simmering, but they are wonderful for browning veggies with little oil."", ""I just ordered this cookware, after seeing an infomercial, and I learned to throw away my former silverstone cookware once it becomes scratched. So far, I like it fine.""]",11.933667003177106
G_097,REC_097,B0002AHQWS,Toys_and_Games,long,yesno,sentwin,3,"I'm thinking on this for my 7 & 9 year old grandsons, do I need anything extra?",[UNANSWERABLE],,0,"[""KB_00906"", ""KB_00905"", ""KB_00904""]","[""They loved it! 7 yr. old grandson also enjoyed it and will need his own set soon. Unique, educational."", ""I bought this kit for my family to do together-- I have 4 kids ages 9 and under. I'm a Computer Science grad and wanted to have some fun with electricity while introducing the kids to some good old EE &#34;junk.&#34;This kit is pretty amazing."", ""Both my 7 and 9 year old daughters just love this kit! Would recommend this to all age levels.""]",13.928374995884951
G_098,REC_098,B00AM7M40U,Toys_and_Games,short,yesno,sentwin,3,does this come assembled?,No but it's easy to put together,KB_00914,1,"[""KB_00914"", ""KB_00913"", ""KB_00911""]","[""I love if easy assemble and my daughter is in love with it ... Totally recommend she loves the lights radio is very loud and you can even hook your phone up and play music"", ""The remote feature is nice if your kid cant drive. It has built in music, lights, horn and left and right turn. It even comes with a MP3 player and cable to play babies fav music."", ""I am very pleased with my purchase, this car rocks! It is stylish and comes with equipped with lights, beats, and an MP3 player to play your own music.""]",12.285000004339963
G_099,REC_099,B00C2P6VUY,Toys_and_Games,long,yesno,sentwin,3,can we ride it on the road ? in a cul-de-sac I mean .,No,KB_00915,1,"[""KB_00915"", ""KB_00916"", ""KB_00922""]","[""It was love at first sight. She is able to ride it with ease. However, you need a smooth surface and it only goes straight thus the 4 stars."", ""Bummer thought this would be easier to ride my three year old never plays with this!! Not a great toy"", ""my granddaughter loves it, I got it for her birthday  present. She loves riding it around the house. perfect gift""]",12.494999995396938
G_100,REC_100,B002VWK0OG,Health_and_Personal_Care,medium,yesno,sentwin,3,can this be used over the toilet?,[UNANSWERABLE],,0,"[""KB_00932"", ""KB_00925"", ""KB_00931""]","[""Wife severly sreained ankle. Medication/injury precluded access to bathroom.Item is very sturdy and stable,This allowed her to swing from bed to commode with ease.Assmbly is snap togeather, Adjustments are easy.It has made a difficult situation very manageable.Side note: This unit would be very adaptable to emergency situations i.e. natural disasters!"", ""where the frame that holds the bucket and braces the seat used to be welded, it is now held on by two bolts.b. the toilet seat on the 2009 model, was heavier and appeared to be molded providing stability and comfort."", ""Works great. Needed it after hip replacement surgery. While I'm not heavy enough to supposedly rate having this model, believe me, my hips needed this size.""]",11.697374997311272
G_101,REC_101,B00149HIMY,Sports_and_Outdoors,medium,yesno,sentwin,3,is this ball made in china?,[UNANSWERABLE],,0,"[""KB_00942"", ""KB_00944"", ""KB_00936""]","[""A good quality ball from the Wilson family. I am concerned that the grip will not hold up, but so far so good."", ""Thus ball was not sold locally in the sports stores in this size. My son and his friends really love it."", ""I purchased the wave ball yesterday for a low price of $25. This ball is truly amazing for all players. The composite cover is very comfortable to handle and the grooves in the ball make ball handling second nature.""]",11.59979200019734
G_102,REC_102,B002I5NO1C,Patio_Lawn_and_Garden,short,yesno,sentwin,3,will it deter raccoons?,"I have to say ""Yes"". We were having a problem until I put my extension hanger up. They have given up!",KB_00946,1,"[""KB_00951"", ""KB_00948"", ""KB_00946""]","[""Purchased this to try and keep raccoons out of our birdfeeder. So far, they can't figure out how to get out on the pole."", ""So far this extension pole has worked at keeping those pesky raccoons from eating the bird seed! It also cuts down on the mess on our deck."", ""This is a very sturdy pole and is quite easy to swivle back to the deck for reloading the feeder. The raccoons have given up on our bird food.""]",11.596707998251077
G_103,REC_103,B009L1SDL2,Home_and_Kitchen,medium,yesno,sentwin,3,is it worth the price for k-cups use only,"I need to modify my review, bc since then, I've had intermittent problems with it spitting and spewing water. Further, the coffee tastes different, almost burnt, sometimes; different from my Mr. Coffee at home. (I use this cheap one at work.)   I would advise against the purchase. Go with Mr. Coffee or Keurig.",KB_00955,1,"[""KB_00964"", ""KB_00955"", ""KB_00956""]","[""Bought this because I wanted a single cup brewer that uses K-cups for my office and it was half the price of the Keurig. It was a mistake the design is very poor."", ""This machine is more work than it's worth. I have another K-cup machine that is much easier to use and even though this one can brew grounds as well as k-cups it's not worth the hassle in my opinion."", ""This is a Great product for the price. I love being able  make one cup of coffee at a time and use k cups!""]",10.437584001920186
G_104,REC_104,B009D3Y0M4,Toys_and_Games,short,yesno,sentwin,3,is this helicopter durable,Its durable as long as you dont crash it! It has no cushioning if lands hard the legs that hold the runners will crack.,KB_00967,1,"[""KB_00967"", ""KB_00966"", ""KB_00968""]","[""I found this an amazing first helicopter. This being my introduction to the remote control world, my heli suffered many crashes on the first day."", ""i have had the helicopter for over a month and it is definatley fun to fly once you get the hang of it it controls nicely... as far as the other reviews go i dont go thru batteries any where near what they are saying i have rechargable aas that i charge at night and i go prob 2 days on them now the helicopter itself yes you charge it alot but its a lil helicopter so cant handle a heavy batt."", ""Wings rotors all the parts one might expect to break held up, the starter failed. And for the record, both models ate batteries like they were so much popcorn.Bottom line, I will be getting more RC 'copters, I will not spend this much.""]",15.145165998546872
G_105,REC_105,B000OYJ9AO,Beauty,short,yesno,sentwin,3,is it good for face?,Yes,KB_00983,1,"[""KB_00979"", ""KB_00975"", ""KB_00977""]","[""Also, the Herbal smell is amazing! I only use it on my body not my face!"", ""I bought this to use on my face, but it has a fragrance that clashes with my aftershave, so no good. Otherwise, it performs it's function as a moisturizer."", ""i got this and am not crazy about the scent since i am a guy. But what i want to know is if this is ok for face lotion. I dont want it breaking me out either.""]",13.030665999394841
G_106,REC_106,B008OHZ1XW,Home_and_Kitchen,long,yesno,sentwin,3,WHat if I drop this bad boy into a 5 gallon glass container...will the scoby eventually grow to the size of the giant container?,The baby scoby will take the size of whatever container the mother scoby is placed in. I have a 2.5gal container and the new baby scoby that was formed was huge. I can only imagine how large it will become in the 5gal container!,KB_00991,1,"[""KB_00991"", ""KB_00987"", ""KB_00988""]","[""Came as described, beautiful culture not as good in picture but the babies that came from it are strong and produce delicious tea. New scobys are so thick I have to keep taking them out cause they're taking up so much room in my two gallon jar! Awesome product and THANKS!"", ""I've purchased 3 scoby's so far and this one is by far the best! The scoby is thick and healthy and comes with enough buch to make a gallon with.The order was shipped the day after I placed my order and was sent via 2 day air. The packaging was great."", ""This scoby has been fermenting for over three weeks now but the new scoby on top is only about an eighth of an inch thick. The kombucha tea it makes has a cloudy look and tastes musty and foul.""]",13.651458997628652
G_107,REC_107,B00CYFEUVE,Toys_and_Games,medium,yesno,sentwin,3,can I to change the FURBYS lenguage from english to spanish??... thanks,No,KB_00995,1,"[""KB_00996"", ""KB_00998"", ""KB_00997""]","[""I live in Brazil, and I bought this item and bring with me...When I tried to use, the Furby was not working, he is sleeping all the time, never Wake up...I need to know how can I change ou fix it, because Im going to USA this month again.Thanks.Vanessa."", ""It's a good product. I just didn't know that this product only &#34;speaks&#34; english and Furbish, not Portuguese...my doughter loved..."", ""Boom will also 'learn' more English the more you play with it. My kids have had there's since early September & they speak more English than Furbish.5 - When you need to change batteries push the small 'reset' button for 2 seconds before closing it up. This will make sure all sensors work properly.""]",15.757792003569193
G_108,REC_108,B002CZ07HC,Tools_and_Home_Improvement,long,yesno,sentwin,3,will this fixture cast a lot of shadows/ patterns of the sphere on the wall and floor?,"I notice the shadows on the ceiling more than anything. However, the wall the fixture is in front of is windows with blinds, and they're not very reflective. Also, I have the fixture over my dining table, so not a lot of light hits the floor.",KB_01008,1,"[""KB_01006"", ""KB_01011"", ""KB_01005""]","[""This fixture is gorgeous and puts out a lot of light. It's also about 50% of the price of similar designer fixtures."", ""The light fixture is pretty. The silver doesn't quite look the same as in the picture."", ""This is a really great light fixture. I bought two for my main floor laundry.""]",13.41662499908125
G_109,REC_109,B00ANUCV2M,Pet_Supplies,long,yesno,sentwin,3,"When spraying this in the yard, will it destroy any plants, flowers or Palm trees?  I live in Florida.  Thanks","Hi Kat, we sprayed Cedarcide all over our yard, covering our lawn, trees and plants. Not one thing was damaged. This product is made with cedar oil from cedar trees. We have pets and did not want to use perstcides. The container lasts a long time too. We still have left from last summer.",KB_01015,1,"[""KB_01018"", ""KB_01021"", ""KB_01015""]","[""I have 2 dogs and neither have had an adverse reaction to the cedar oil which I find comforting. I spray it on my wooden fence, in the grass and on my house. My husband is allergic to cedar trees but for whatever reason, he doesn't seem to have a problem with the cedar oil."", ""I spray the lawn all around the house, the ticks and flees are a thing of the past.It also makes the yard smell like cedar.The cats and dogs don't have any bugs."", ""The location we camp has a severe wasp issue. We sprayed the perimeter of our camp site & didn't have one issue with bugs. Not only did this make the trip more enjoyable for us humans, our pets weren't constantly having to deal with flying/crawling pests.This works on the pests that affect your trees, shrubs, flowers, etc.""]",14.860875002341345
G_110,REC_110,B007KENYUW,Patio_Lawn_and_Garden,medium,yesno,sentwin,3,do I have to pay state sales tax on this,[UNANSWERABLE],,0,"[""KB_01026"", ""KB_01026"", ""KB_01030""]","[""It failed to start again.I called Toro and they issued a &#34;case number&#34;. I was told I would need to pay for return postage. The best price  I can find for return postage is about $20."", ""The best price  I can find for return postage is about $20. Having paid $50 for the trimmer, that would bring the cost up to $70. I don't think so!"", ""VERY IMPRESSED!!!! If your looking at buying it I suggest clicking the buy now button.""]",13.527124996471684
G_111,REC_111,B003YKDGNQ,Health_and_Personal_Care,short,yesno,sentwin,3,does this haveshellfish,[UNANSWERABLE],,0,"[""KB_01044"", ""KB_01036"", ""KB_01035""]","[""Am I completely pain free? No. I still have arthritis and some joint issues BUT there is a significant change - for the better."", ""so far really think it is working, will wait and see.......love the taste and easy to use...will continue to buy"", ""so my mom drinks this juice everyday. It does seem to help her a little the only downer is getting the juice open.""]",11.856082994199824
G_112,REC_112,B00AOCSFYC,Cell_Phones_and_Accessories,medium,yesno,sentwin,3,does it work with a droid maxx?,I have a Samsung note 3 so l believe that it will fit the Droid Marx . A good investment,KB_01045,1,"[""KB_01046"", ""KB_01045"", ""KB_01048""]","[""It's a little clunky to mount the phone into because of the charging wire. I would have liked a Motorola dock specifically designed for my Droid Maxx, but as far as an aftermarket dock goes it works well."", ""There are pretty much no good Droid Maxx car docks, so I tried this one out. It works pretty good although if I have it a certain way the buttons sort of get pushed with the latch; no big deal though, I'll keep the buttons on the bottom."", ""Previously, I used a Motorola car dock for my Droid X2.The clamps on the iBolt are way too strong.""]",11.629041997366585
G_113,REC_113,B000JJHMT4,Home_and_Kitchen,medium,yesno,sentwin,3,is this pan steel (induction ready)?,I think it is aluminum so it would not be induction ready.,KB_01055,1,"[""KB_01062"", ""KB_01058"", ""KB_01059""]","[""Works well for making omelets, but not very sturdy. We have since replaced it with a Green Pan that operates similarly."", ""For me, this pan was not money well spent."", ""This pan will either be great or horrible for you depending on what you are looking for.""]",13.184957999328617
G_114,REC_114,B001TY5D6C,Pet_Supplies,long,yesno,sentwin,3,has anyone had an issue with a gel like build up on the pump?  it looks like a clear-white goo.  hard to clean out of pump. i keep unit clean!!,"Yes. This isn't a flaw with he product itself though. I believe it's just household dust,hair,etc that builds up in the water and then gets clogged in the pump. I clean mine once a week and I've found it easiest to just pull the cap off of the end and give it a good rinse. It's nasty stuff but I'll take it for how much my cat enjoys his fountain!!",KB_01065,1,"[""KB_01072"", ""KB_01065"", ""KB_01065""]","[""Its worked flawlessly. The pump can get a little dirty and its hard to clean. I use compressed air carefully."", ""Added comments:Do you have pump problems? I have the answer, I started having problems with the pump not working, follow these 3 steps if you have the same problem.#1."", ""I have the answer, I started having problems with the pump not working, follow these 3 steps if you have the same problem.#1. Take the cover off the pump where the water enters and clean the vents, mine were solid goo which didn't allow flow.#2. Every time I turn it off to clean the fountain, it will not restart.""]",31.157332996372133
G_115,REC_115,B000E8ZJGS,Health_and_Personal_Care,medium,yesno,sentwin,3,does it have that nasty protein shake taste and after taste,"well to be honest with you it depends what flavor , some of the isopure flavors have that taste at the end. i will recommend you , chocolate, mango peach or banana cream . but also take in consideration regardless the flavor this protein actually works !",KB_01080,1,"[""KB_01079"", ""KB_01079"", ""KB_01079""]","[""Plus it is pretty pure. No nasty things in it, which is another reason I don't normally like protein powders."", ""I don't really like protein powders.This one however, isn't too shabby. There is no grit."", ""There is no grit. I can't handle the flavor with water, but with Almond Milk it's pretty good.I use Almond Milk with a hint of honey.I am still getting used to the after taste and flavored burps, but you could do a whole lot worse as far as protein powders go. Plus it is pretty pure.""]",11.593209004786331
G_116,REC_116,B0009UBS2K,Toys_and_Games,long,yesno,sentwin,3,does this toy include mistress death and thanos and the face mask of mistress death? thanks,Yes. It does include her and the mask. Plus a hand with the glove and without. One of the best sets you can buy.,KB_01085,1,"[""KB_01085"", ""KB_01094"", ""KB_01086""]","[""he's large and nicely detailed and his dimensions are on the money. he comes with mistress death(who he loves and worships) and she comes with a removable mask that makes her look like a young girl. Thanos also comes with an add-on infinity gauntlet(those who know thanos need no explanation."", ""Once again another great action figure by Marvel Select! This action figure comes with a removable face for the death figure! I would've liked to see some articulation in the death figure for display, but It doesn't bother me too much."", ""It doesn't snap in place, it doesn't conform and fit well. In short, what it looks like is a fake female mask attached to a death figurine. Frankly, I'd have rather them formed a female face to the body and added a death mask.So minus one star for the paint job, one star for the poorly-formed mask.""]",14.987499998824205
G_117,REC_117,B005MKCEDE,Clothing_Shoes_and_Jewelry,medium,yesno,sentwin,3,is this the size to order for women size 11,"No, search for women's, specifically.",KB_01097,1,"[""KB_01097"", ""KB_01095"", ""KB_01100""]","[""An extensive search however revealed that there were not a lot of quality shoe stretchers available for the female foot. Most stretchers and shoe trees available are just too wide for women's shoes.Add to the fact that I needed one for a size 11."", ""I haven't had any problems with them and recommend them. I wear a size 8 and decided to order the size 9-11. Glad I did because they fit perfectly!"", ""I ordered the wrong size. I ordered men's.""]",11.745916002837475
G_118,REC_118,B001N7AFSG,Electronics,long,yesno,sentwin,3,does the free keyboard cover come in the same color as the case?,"As a 2 fingered typist I discarded the cover since made it a bit hard to see the keys in low light. If memory serves it was of a pliable rubbery material, translucent and of the same color as the cover. Seemed to fit the keyboard layout perfectly.",KB_01107,1,"[""KB_01105"", ""KB_01109"", ""KB_01107""]","[""Itkeeps the computer protected and well ventilated so that it does not overheat, whichis very important. I only wish the keyboard cover had come with it, as I ordered oneto match the red and it has never come in."", ""A simple cover that changed the look of my laptop and wasn't expensive. I really didn't like the keyboard cover but it came free with the cover so can't complain. I would recommend this product."", ""Not a great selection of covers in the store and knowing Amazon never fails me, got online. Red is my favorite color, so when I saw this iPearl mCover that included a free keyboard cover, I couldn't resist. Reviews showed the keyboard cover was clear, so I was pleasantly surprised when it came with a red one.""]",13.3685830005561
G_119,REC_119,B00DSAAYM8,Tools_and_Home_Improvement,long,yesno,sentwin,3,"The add mention that the shelves are made of steel but the picture shows what appears to be particle board shelves, are the particle boards included?",The steel is the frame of the shelves. The particle board is included. The shelves don't feel stable until you get it all together. Then it feels like a rock.,KB_01116,1,"[""KB_01119"", ""KB_01118"", ""KB_01121""]","[""The 72&#34; height comes from 2 separate poles that don't come together securely enough in my opinion. The shelves are particle board (as I expected), but are only 3/8&#34; thick."", ""(2) The shelves are flimsy particle board,  ugly, easily broken, and marginally adequate for heavy loads. They are also too thin to fill the 1/2&#34; recess they sit in,  leaving an annoying lip."", ""I had a couple of damaged shelves and I'll contact the company for replacement. The particle board is really thin and I would not expect to be able to load each shelf with 800 lbs., or 4000 lbs on the total unit. The joining of the upper and lower units by the middle shelf is really cheezy.""]",12.333625003520865
G_120,REC_120,B00GYJZER0,Home_and_Kitchen,medium,yesno,sentwin,3,"When filled with cold beverages, does the exterior sweat?",No the exterior is always dry and room temp. I drink iced coffee often and it keeps it cold and my hands dry. Love this mug especially for the price.,KB_01127,1,"[""KB_01125"", ""KB_01126"", ""KB_01128""]","[""Filled it with hot coffee, stayed cool to the touch! I'm not expecting it to sweat with cold drinks this summer.Sturdy. Appears hygienic."", ""Love it. Keeps my drink cold and doesn't sweat. Previous reviews helped a lot."", ""I Love ice cold drinking water and hate when the cup sweats water everywhere and the ice melts in 2- minutes in the summer. First these cups DO NOT SWEAT at all!""]",12.028832999931183
G_121,REC_121,B009X0UJRM,Sports_and_Outdoors,medium,descriptive,sentwin,3,Will it fit the samick Polaris,"Not sure about the Samick. Even though this is a good rest, the brushes ware off so fast. In one day of shooting about 50 arrows I noticed the bristles were worn. Once the bristles on one wares off more than the other your shots may be off.",KB_01137,1,"[""KB_01145"", ""KB_01136"", ""KB_01153""]","[""This was a good rest for the price, I shoot beeman ics hunters at 9.3gpi and they fit fine, it didn't get 5 stars due to its plastic construction, but lets be realistic its not a 100 dollar ripcord or such so don't expect it to be."", ""This was a good rest for the price, I shoot beeman ics hunters at 9.3gpi and they fit fine, it didn't get 5 stars due to its plastic construction, but lets be realistic its not a 100 dollar ripcord or such so don't expect it to be. It is great for the cost."", ""Purchased for my new re curve bow as the bow came with a really cruddy arrow rest. I absolutely love this one for the price and quality.""]",12.15545800369
G_122,REC_122,B0035A3JUK,Toys_and_Games,short,descriptive,sentwin,3,Are these dishwasher safe?,[UNANSWERABLE],,0,"[""KB_01168"", ""KB_01155"", ""KB_01162""]","[""They are solid in student hands and meet my needs as they stack to save space."", ""They are perfect for my art supply storage, holding all my paints and my brushes. And they are super sturdy."", ""They are the perfect size, not too big, not too small. Plus they are durable. I plan to buy more.""]",9.876582997094374
G_123,REC_123,B00C1Y1CY6,Toys_and_Games,long,descriptive,sentwin,3,"How thick are the wires? im going to be using these on a Hubsan Spy Hawk, should i get a different type?",[UNANSWERABLE],,0,"[""KB_01174"", ""KB_01178"", ""KB_01182""]","[""Great product, longer wires than needed but still light enough I'll just bunch 'em up... Works awesome off a channel from the RX! !"", ""Great product, longer wires than needed but still light enough I'll just bunch 'em up... Works awesome off a channel from the RX!"", ""Easy add on for night flying.""]",15.127207996556535
G_124,REC_124,B0057RI3KK,Health_and_Personal_Care,medium,descriptive,sentwin,3,What strain of bifidobacterium infantis does this product use?,[UNANSWERABLE],,0,"[""KB_01187"", ""KB_01184"", ""KB_01192""]","[""Member's Mark 4x Probiotic Digestive Care Supplement - 2/42ct. BottlesThis is the least expensive product with 4 different probiotic ingredients which is much better than Align."", ""You have to peel them out and sometimes they break in half or  crumble. I don't know it it's the &#34;special&#34; bacteria number Align hypes but Align seemed to work a bit better for me."", ""I don't seem to have the intestinal discomfort as I endured before trying this. Found out my Intestinal Surgeon also uses probiotics.NOTE: DON'T BUY the name brand - highly advertised ALIGN, its way more expensive and contains way less probiotics.""]",13.879124999220949
G_125,REC_125,B003YGVDDU,Electronics,medium,descriptive,sentwin,3,Will it work with Kindle Fire?,If Kindle fire has a usb port then most likely it will.,KB_01207,1,"[""KB_01209"", ""KB_01207"", ""KB_01206""]","[""I have a standard PC with Windows 7. I plugged this keyboard into the same USB port as my old keyboard, and it did not function at all. Pressing the keys had no effect whatsoever--it was a dead keyboard."", ""I bought this keyboard because Bluetooth keyboards work poorly with my Samsung Galaxy Note 10.1 2014 edition tablet. The LuxeMate i200 USB keyboard works perfectly with my tablet and was less than 1/4 the price of a Bluetooth keyboard."", ""The only thing that it doesn't have is a power button to turn off the computer which I do miss but can live with out it. The keys work well and its just a little smaller than my old one which I like. I bought two of these and have no regrets.""]",11.584416002733633
G_126,REC_126,B00CNBGUJE,Toys_and_Games,medium,descriptive,sentwin,3,Does it adapt to going into the water?,"No. It is just for ""land"" play.",KB_01224,1,"[""KB_01243"", ""KB_01230"", ""KB_01229""]","[""It includes two girl characters (Mia and Maya) and one boy character (Andrew). It comes with everything you could imagine for a boat trip. It has large yacht type boat that has a top that lifts off so you can play with your characters in the inside living areas (living room with an L-shaped couch, kitchen, bathroom and bedroom with two beds)."", ""Only super cool water skis, personal watercraft, ice cream cones, party drinks, and dolphin snacks. Set sail for awesomeness!This Lego does everything, it features a waterslide, captain's deck area, kitchen, living room, bedroom with separate beds, bathroom, shower, snack bar, chaise lounges and of course the personal watercraft for up-close and personal dolphin viewing."", ""The boat has several features like deck chairs, a water slide, a captains area on the top for driving the boat and a wave runner with a ski rope and skis for the characters to use. It also comes with lots of little accessories for drinks and snacks, music equipment, two dolphins and some fish to feed to them.""]",11.575874996196944
G_127,REC_127,B0019KATWY,Home_and_Kitchen,long,descriptive,sentwin,3,"Has anyone else had the blade/metal stain (black) from sitting on water(min-hour)? Only had a few days, seems rust coming on... suggestions? Normal?",Never leave any knife in water. Wash and dry them immediately after use.,KB_01265,1,"[""KB_01255"", ""KB_01245"", ""KB_01265""]","[""I like the hole in the top of the blade for hanging on the hooks over my stove so I don't have to worry about keeping it in a storage container where it might rust if I don't get it 100% dry."", ""I use it practically every weekend when I prepare ground meat to go in the freezer for the dogs' meals that week. I like the hole in the top of the blade for hanging on the hooks over my stove so I don't have to worry about keeping it in a storage container where it might rust if I don't get it 100% dry."", ""High carbon steel holds an edge better anyway. I'd recommend you never put it in a dishwasher or you will rust the blade and split the handle. The rosewood handle and brass rivets are beautiful and very strong, which they need to be for this bad boy.Dexter Russell sells a lot of cutlery to butchers, restaurants and food service places, so their products are sturdy but not stylish, designed for professionals yet priced well.""]",12.946875001944136
G_128,REC_128,B00IVJ1M7M,Video_Games,medium,descriptive,sentwin,3,Will this work with Pokemon Omega Ruby and Alpha Sapphire?,[UNANSWERABLE],,0,"[""KB_01272"", ""KB_01277"", ""KB_01266""]","[""This new action reaply is totally worth it and much better than before this time you just hook the powersave on to your computer and download it and put the game cart into the slot of the action replay. They have a tons of codes for pokemon x and y."", ""They have a tons of codes for pokemon x and y."", ""I use it for Pokemon X and Y. It sometimes doesn't want to work, but that's the server's fault in my case.""]",12.096334001398645
G_129,REC_129,B0015IQLVS,Health_and_Personal_Care,medium,descriptive,sentwin,3,"What do you mean by ""not meant to be support""?",[UNANSWERABLE],,0,"[""KB_01288"", ""KB_01289"", ""KB_01288""]","[""The soft handle is big enough for his extra large hand as well. Sturdy too. Thanks!"", ""I really wasn't expecting such a nice cane. It's sturdy and everything you need in a cane. I like the handle as well."", ""My dad is 6 Foot, three inches tall. When I gave him this cane, he was amazed that I not only found him an adjustable cane that was perfect for his height but, also a very classy looking cane as well.""]",17.044291998900007
G_130,REC_130,B001D1EMOA,Patio_Lawn_and_Garden,short,descriptive,sentwin,3,What are the inside dimensions?,[UNANSWERABLE],,0,"[""KB_01311"", ""KB_01300"", ""KB_01306""]","[""It is small enough to store right inside our garage door."", ""We used this for sand in the winter. It is small enough to store right inside our garage door. We didn't want a huge bin."", ""Very quick assembly for my husband! Serves its purpose for putting ice melt in it -- great size and seems sturdy!""]",11.390375002520159
G_131,REC_131,B00DTHC1TE,Home_and_Kitchen,short,descriptive,sentwin,3,Is it washable?,[UNANSWERABLE],,0,"[""KB_01327"", ""KB_01333"", ""KB_01326""]","[""This is a cool lunch box but it has a lot of crevices for food to get stuck in. It comes home kind of gross from kindergarten :)"", ""Understand he carried it to childcare daily."", ""God bless! Terri Guay""]",12.92858400120167
G_132,REC_132,B002J8LMVC,Automotive,long,descriptive,sentwin,3,What do you think of the Schumacher PSJ-1812 DSR ProSeries? Amazon lumps ALL 4 units under one set of user reviews.,It got me started right up this winter when my battery was drained to only 9.7 amps because I have a power drain from my auto start and alarm system.So I'd say it's a pretty good model!Best of LuckJJ,KB_01344,1,"[""KB_01345"", ""KB_01335"", ""KB_01341""]","[""Schumacher PSJ-1812 DSR ProSeries 1800 Peak Amps Jump Starter Works Wonderfully!"", ""Schumacher PSJ-1812 DSR ProSeries 1800 Peak Amps Jump Starter Works Wonderfully! Received product as promised and on time."", ""It turned it over with no problem. I like everything about the unit and spent weeks looking at other units. This was the correct choice to jump my battery and not worry about it having enough power behind it to do that.""]",12.605125004483853
G_133,REC_133,B008HYVG6I,Tools_and_Home_Improvement,long,descriptive,sentwin,3,Does his set come with a tri-wing bit for removing the battery screws on a MacBook Pro?.,Not sure what size the MacBook Pro takes but the kit does contain tri-wing bit,KB_01363,1,"[""KB_01365"", ""KB_01355"", ""KB_01368""]","[""I had to replace my battery in my MacBook Pro (15&#34; unibody), which now requires a special screw driver to remove the Y screws."", ""I simply refuse to pay a fortune to have any of my equipment repaired within these stores where the task is beyond basic. I had to replace my battery in my MacBook Pro (15&#34; unibody), which now requires a special screw driver to remove the Y screws. No local stores had the screw, not even Radio Shack."", ""When I went to use one of the smaller phillips bits on my MacBook case (yes, the 12 tiny screws) the bit felt like it was stripping when I loosened the first screw, so I went with a different driver from another set.""]",12.937040999531746
G_134,REC_134,B00HX27AM4,Health_and_Personal_Care,medium,descriptive,sentwin,3,Will this work on black people? I am medium brown complexion,"The Flash & Go uses Pulsed Light Technology and therefore is not suitable for use on dark skin tones. It is equally unsuitable for use on light hair colours for the same reason. Pulsed Light works through absorption and reflection of light, the light will be absorbed by the darkly pigmented hair, heat up and ultimately destroy the root. The skin should be pale and therefore reflects the light of the treatment protecting it from absorbing the light emitted. It is for this reason dark skin is not suitable as it will result in the skin absorbing the light instead and is also why the light hair colours will reflect the light thus not heating the root sufficiently to damage it.",KB_01375,1,"[""KB_01383"", ""KB_01380"", ""KB_01391""]","[""If you are African American with dark and/or brown skin Do not purchase! The light will not turn work against your skin"", ""Based on the four-star review, I made the wrong choice with the No!No!.Information and Assumptions, Based on MY Settings and Use:This is one place where results, based on use probably plays a big part. I am light to medium skin tone with black hair. I'm not a swimmer, or a woman who wants to get rid of some chin hair."", ""I am light to medium skin tone with black hair.""]",14.564334000169765
G_135,REC_135,B00EB8KOYO,Home_and_Kitchen,long,descriptive,sentwin,3,Does it have the one touch 30 second button when you press the start button once?,No it doesn't.,KB_01396,1,"[""KB_01406"", ""KB_01397"", ""KB_01409""]","[""It would be nice if there was a 30 second button, but I can just as easily enter that."", ""Have been using for a month, great so far. It would be nice if there was a 30 second button, but I can just as easily enter that. :)"", ""Also no 30 or 1 min button.""]",13.69170899852179
G_136,REC_136,B005VTUT7Y,Home_and_Kitchen,medium,descriptive,sentwin,3,This filter DOES fit perfectly in Panasonic canister MC-CG902.,"I have used the foam filters in other vacuums. I don't know if it is exactly the same size, but they can be cut to size. I hope that helps",KB_01415,1,"[""KB_01415"", ""KB_01425"", ""KB_01418""]","[""I new that these filters were not exact match for our old Panasonic vac, but for the price I am cutting the filter to fit and works great."", ""The filter is a perfect fit for my Kenmore canister vacuum cleaner."", ""The filter is a perfect fit for my Kenmore canister vacuum cleaner. Much better price than purchasing it from the Sears parts website.""]",11.328417000186164
G_137,REC_137,B00D07HKKS,Patio_Lawn_and_Garden,short,descriptive,sentwin,3,Is the table collapsible?,[UNANSWERABLE],,0,"[""KB_01444"", ""KB_01436"", ""KB_01437""]","[""The table needes some assembly but it was easy and went without any hassle."", ""The patio set was delivered on time. The table needes some assembly but it was easy and went without any hassle. The six chairs are very sturdy, light and comfortable to sit on."", ""I ordered this table and for one it was extremely difficult to put together, but after it looked great. It claims to be shatter proof and after not even two months of having the table I come home from work and the tabletop is shattered.""]",10.063040994282346
G_138,REC_138,B000FN7UWS,Sports_and_Outdoors,medium,descriptive,sentwin,3,what are the measurements of the 12-oz klean kanteen water bottle?,"My 27 oz measurements are 10.5 inches from the bottom to top of spout, and 2.5 inches wide at the base...so approximately half of the first measurement 5.5 inches? So that would be 5.5X2.5.",KB_01472,1,"[""KB_01455"", ""KB_01465"", ""KB_01461""]","[""The Klean Kanteen 12 oz. bottle fits perfectly in my children's lunch bags."", ""The Klean Kanteen 12 oz."", ""i really do like my klean kanteen 12-oz bottle. like a dope...i didn't realize that i probably needed a larger one...but it's a great buy for this price and is great for the environment...GO GREEN!""]",11.50854200386675
G_139,REC_139,B000F4H5UE,Health_and_Personal_Care,medium,descriptive,sentwin,3,Does this contain any man made/refined ingredients or is it all natural?,[UNANSWERABLE],,0,"[""KB_01480"", ""KB_01488"", ""KB_01489""]","[""The flavor is not great if you don't add a little fruit. The list of ingredients just makes me feel healthier. It goes a long way too, a 3 moth supply or so for 1 person."", ""The list of ingredients just makes me feel healthier."", ""The actual ingredients would be good for anyone, but particularly helpful for one with low energy problems and difficulty eating all the fruit and vegetable servings recommended in our Food Pyramid (which I DO believe in).""]",13.639124998007901
G_140,REC_140,B00266A4FM,Office_Products,long,descriptive,sentwin,3,"I have a 1966 Sears Citation 2 manual and a Bradford manual, both with 2"" spools. Do you know if this ribbon will work for either or both machines?",[UNANSWERABLE],,0,"[""KB_01512"", ""KB_01501"", ""KB_01497""]","[""Ribbons fit both machines fine, and there were no problems with installation."", ""I purchased several of these for two 1950's Royal typewriters. Ribbons fit both machines fine, and there were no problems with installation. Good quality and good price."", ""I would use this site again. The photos were helpful in choosing right one and also the measurements of ribbon spools.""]",12.620333996892441
G_141,REC_141,B005OPKXG2,Home_and_Kitchen,long,descriptive,sentwin,3,What kind of closure does this bag have? Is it a zipper? Snap?,Top Zipper,KB_01520,1,"[""KB_01518"", ""KB_01528"", ""KB_01522""]","[""It's hard to explain. The top of the bag is like 4&#34; wide, but the lining is sewn right into the zipper in the middle of the bag, so you lose space at the top of the bag because the lining doesn't extend out to those two inches on either side of the zipper."", ""The top of the bag is like 4&#34; wide, but the lining is sewn right into the zipper in the middle of the bag, so you lose space at the top of the bag because the lining doesn't extend out to those two inches on either side of the zipper."", ""It's a cute bag it looks like a purse smaller than expected. If considering please know what size you really need.""]",12.043499998981133
G_142,REC_142,B0092KJEB0,Cell_Phones_and_Accessories,medium,descriptive,sentwin,3,Does this cell phone work with Micro SIM or standard SIM cards?,[UNANSWERABLE],,0,"[""KB_01548"", ""KB_01548"", ""KB_01544""]","[""This cell phone for what it cost, works just great. Dual sim, I got it just to text and get text from my gf in the Philippines. And I can also with the use of At&T; Go Phone Sim I can call unlimited here in the States locally and long distance if I want."", ""And also keep in touch with my gf. I love this dual sim phone. It does what supposed too."", ""Very good workmanship. Dual sim feature works very well and is very easy to use. For an entry level smart phone it&#8217;s a winner.""]",11.421417002566159
G_143,REC_143,B00002N9QW,Tools_and_Home_Improvement,long,descriptive,sentwin,3,"What are the dimensions between bolts?  My current knocker is 5 inch center to center on the bolts.  Thank you, Lonnie",[UNANSWERABLE],,0,"[""KB_01556"", ""KB_01575"", ""KB_01560""]","[""Finally replaced the door knocker on our front door (after 5 years of having the former owner's name on the previous one). Measured the space between the screws (didn't want further holes in the door), and searched on that measurement -- found this knocker! It arrived quickly, and fit perfectly."", ""That is with the single exception of this Baldwin door knocker. I am not absolutely positive that this specific knocker is mine. However it is definitely a Baldwin, is exactly the design and appearance of the one pictured here, and above all it is extra heavy and has the \""lifetime\"" stamp on the back."", ""The knocker handle covers the screw completely, and my door only has one small hole on the inside.""]",31.081499997526407
G_144,REC_144,B00075M1T6,Health_and_Personal_Care,short,descriptive,sentwin,3,Does it have 220 volt,"No, unfortunately.",KB_01576,1,"[""KB_01587"", ""KB_01576"", ""KB_01576""]","[""Don't understand we it can be done 220/110 like other electronics."", ""Now I have to buy 220 to 110v step down converter which cost more than this pad. Don't understand we it can be done 220/110 like other electronics. Remote control on it is quite bulky to accommodate converter."", ""Beware...it supports only 110v sockets. Now I have to buy 220 to 110v step down converter which cost more than this pad.""]",11.94920900161378
G_145,REC_145,B00008URR8,Home_and_Kitchen,medium,descriptive,sentwin,3,Does this work on medium pile carpet?,[UNANSWERABLE],,0,"[""KB_01612"", ""KB_01605"", ""KB_01595""]","[""It would work but not great because this was essentially just grinding the stain down into the carpet."", ""Suction works well enough to get the job done on my heavy cut pile carpet."", ""Suction works well enough to get the job done on my heavy cut pile carpet. Very handy to have around.""]",11.04200000554556
G_146,REC_146,B0007W2EPK,Sports_and_Outdoors,long,descriptive,sentwin,3,"Hi, My friend asked me to order a squat pad for him. I just wonder how it goes in? Does it have a velcro? Can anyone tell me about this please?","There is a slit that runs in the middle of the pad you put around the bar, it has velcro running along this slit so it secures good.",KB_01625,1,"[""KB_01618"", ""KB_01627"", ""KB_01624""]","[""Pretty straight forward pad, secures with velcro, material is nice and soft. Just make sure you flip the velcro side up before you squat. Fits good on my standard barbell."", ""This pad is just the ticket for comfort when I squat and do side bends with a barbell."", ""This pad is just the ticket for comfort when I squat and do side bends with a barbell. I love it and the price was right.""]",30.051041998376604
G_147,REC_147,B00365E5HU,Baby,long,descriptive,sentwin,3,Does anyone know if the the bottom is interchangeable with a Dr. Browns bottle?,[UNANSWERABLE],,0,"[""KB_01652"", ""KB_01638"", ""KB_01645""]","[""i have use all Dr. Browns bottles, and have the same expectation for this cup."", ""i have use all Dr. Browns bottles, and have the same expectation for this cup. i just received it and haven't try it yet."", ""I love Dr. Brown's bottles but after trying this sippy cup once or twice it's been shoved to the back of the cabinet and I doubt we'll try again. My daughter hates it - I think the flat spout is very much unlike a bottle so I am not sure why it is designed that way for training.""]",11.13104099931661
G_148,REC_148,B0006TYH2M,Patio_Lawn_and_Garden,long,descriptive,sentwin,3,what size of bee guard fits this feeder?  I have purchased Item 384 and they are too small for the feeder!,"I don't understand the question. The feeder itself retards bees, and the little water moat keeps ants at bay pretty well, although some reviewers mentioned needing an additional ant guard.",KB_01676,1,"[""KB_01671"", ""KB_01658"", ""KB_01665""]","[""I bought a feeder with bee guards on it, but the bees were still able to push through the bee guards and get the hummingbird food."", ""I purchased the Hummzinger Excel because we were having a problem with bees getting in the feeder we had. I bought a feeder with bee guards on it, but the bees were still able to push through the bee guards and get the hummingbird food. The bees can't get to the hummingbird food with the Excel, so they haven't been around."", ""Good feeder and the birds seem to like it too! I have not had a bee problem since I started using this feeder. It does seem to hang crooked though...""]",13.396624999586493
G_149,REC_149,B007ON1IZC,Patio_Lawn_and_Garden,long,descriptive,sentwin,3,How well does the plastic thatching  hold up to high heat and sun?  We live in Las Vegas and the sun is pretty brutal.,"I have had mine for a couple of years now and I live in South Florida. It has held up much better than I expected in the sun, rain & wind. I would not hesitate to purchase one again when mine finally dies.",KB_01683,1,"[""KB_01683"", ""KB_01677"", ""KB_01696""]","[""I bought this from Amazon about a year ago. It has held up beautifully in the hot Florida sun and heavy rain. The first one we bought from a local store (different brand), and it lasted only through one storm then broke."", ""Love the thatch blowing in the wind and it is the perfect height. Does a good job of blocking the sun. Just a note:the thatch is made of a plastic type material-- but it still looks and feels great."", ""The quality of the plastic thatch and pole are really good and it provides a LOT of good shade over my pool and BBQ.""]",11.92083299974911
G_150,REC_150,B000PD0BNI,Toys_and_Games,medium,yesno,sentwin,3,could I use these for frosting?,"Getting the frosting in the bottle would be the only trick, but it's totally possible. Since you can cut the tips at any thickness you could certainly use these for frosting!!",KB_01701,1,"[""KB_01701"", ""KB_01709"", ""KB_01702""]","[""Great for kindergarteners and grade school children. I use them all the time when I bake cakes, and cookies."", ""In my case I am going to use them for fine application of resin, and after 2 or 3 uses tossing them."", ""In my case I am going to use them for fine application of resin, and after 2 or 3 uses tossing them. For this, I will call them &#34;adequate&#34; but definitely not good.""]",12.238208000781015
G_151,REC_151,B002B5OW7Y,Sports_and_Outdoors,medium,yesno,sentwin,3,the picture shows coyote tan. is that the correct color?,[UNANSWERABLE],,0,"[""KB_01734"", ""KB_01722"", ""KB_01722""]","[""This was a good product for the price, it looks awesome with the shotgun!"", ""This was a good product for the price, it looks awesome with the shotgun! The only small issue is that the strap pinches a little if your not wearing layers, the top part of the strap."", ""If you want your shotgun to slide out smoothly you need to take your sidesaddle off. All in all it is a great scabbard! I would recommend this to a friend!""]",11.933875000977423
G_152,REC_152,B00C2DFYX6,Electronics,long,yesno,sentwin,3,could any one give a discription of the lighting? brightness/key glow/backlght ect. it would be a big help,"This keyboard has lights only on the edges of the board, I personally bought it so I could see keys in the dark but was disappointed to find that the keys had no lights, the glow is bright, it looks nice, but not practical in any way",KB_01738,1,"[""KB_01737"", ""KB_01744"", ""KB_01738""]","[""Response is fine. Lighting is nice. No complaints to this point."", ""It's the nicest keyboard I've felt that isn't mechanical.-Great media control with quick and efficient use. (You don't have to press function as it is nicely placed on the sides of the keyboard)-Looks great with the Cyan colored WASD and arrow keys.-Illumination is nice-Gives a near mechanical keyboard sound."", ""(Closest you can get in a rubber dome)Cons:-Does not illuminate the individual keys,  it just makes it look cool by lighting up the sides etc.-In my keyboard, not my friends, the spring in the space bar made an irritating noise after some time. This wasn't that big of a deal and I actually fixed it incredibly easily.""]",11.002416998962872
G_153,REC_153,B00894AQJO,Electronics,medium,yesno,sentwin,3,does the antenna come in the box?,what antenna? only the netgear and power cord come in the box.,KB_01759,1,"[""KB_01767"", ""KB_01759"", ""KB_01763""]","[""the box comes with adapter and wire cord."", ""the box comes with adapter and wire cord. I happy with this item I got it in 2 days after I ordered it."", ""just needed a wireless router for the house althought this was refurbished seen o woork great no complaints... plus the price was good""]",10.965333996864501
G_154,REC_154,B002WJUFRU,Tools_and_Home_Improvement,long,yesno,sentwin,3,The drill on charger was mistakenty plugged to a 220V socket. is the drill still usable by just replacing the charger?,[UNANSWERABLE],,0,"[""KB_01784"", ""KB_01776"", ""KB_01777""]","[""I ordered this Dewalt cordless power drill as I wanted a reliable power drill for just occasional use around the house. The battery of my previous power drill purchased years ago went dead and a replacement battery was just too expensive (cost almost as much as the drill), so I had to junk it. I wanted a Li-Ion battery (this one comes with 2 Li-Ion batteries) as they seem most reliable without the memory problems of NiCads."", ""Two batteries with no charger was $159. Or I could buy two batteries and a charger for $179, and get a new drill for free."", ""They do really well and hold up great. I love the charger that came with my drill because you can leave one of the batteries plugged in and it will be ready to go if you need another battery.""]",12.990792005439289
G_155,REC_155,B0042E8CGE,Automotive,medium,yesno,sentwin,3,are the vinyl windows charcoal tinted,[UNANSWERABLE],,0,"[""KB_01806"", ""KB_01796"", ""KB_01815""]","[""Our car looks wonderful and has that &#34;new car smell.&#34; IIt has the added advantage of tinted windows that the original didn't."", ""Couldn't be more pleased. Our car looks wonderful and has that &#34;new car smell.&#34; IIt has the added advantage of tinted windows that the original didn't."", ""As it stands, the top is ill fitting and when I drive the wind comes into the car rattling what is left of the retaining strip, and in a hard rain will no doubt leak. Also the plastic clear window in the rear does not stretch tight and has some waves in it. But this is a minor thing, compared with leaving off a critical design piece intended to remove or reduce the pressure on the plastic retaining strip.Summary : If you own a Chevy tracker or other vehicle that relies on flaps with snaps, avoid this product.""]",11.263749998761341
G_156,REC_156,B005ODJ888,Electronics,medium,yesno,sentwin,3,"will this work with a Fotodiox Pro Softbox, 32"" x 48""???","Yes, just use the rods that come with the softbox and use this bracket instead of the included bracket.",KB_01816,1,"[""KB_01826"", ""KB_01816"", ""KB_01818""]","[""I purchased this to go with the softbox below:Fotodiox Pro Softbox soft box, 32\""x48\"" (32x48 in) with Speedring Speed ring for Alien Bees Alienbees Strobe LightIt ended up working perfectly (mostly)."", ""I purchased this to go with the softbox below:Fotodiox Pro Softbox soft box, 32\""x48\"" (32x48 in) with Speedring Speed ring for Alien Bees Alienbees Strobe LightIt ended up working perfectly (mostly). I use a Sony system and since Sony has decided to go with a proprietary shoe style, I had to rig it a little to work right."", ""I now own three Fotodiox softboxes and use one of these to use with my Nikon SB-900 with a Pocket Wizard FlexTT5 and it's great for that. You can adjust the height with ease and have no worries about the weight of the softbox slowly creeping down once you lock it down with a simple turn of the knob.""]",14.08475000062026
G_157,REC_157,B003O6JKLC,Video_Games,short,yesno,sentwin,3,does it come with games,No,KB_01849,1,"[""KB_01836"", ""KB_01841"", ""KB_01852""]","[""It does get regular use with games and we use it as DVD player in kids room.When the console is working, it is a great console. The game selection is great."", ""(Plus an add-on is supposed to be coming out for the 4 gb that would allow you to play these games, however as far as I know it has yet to come out. )But there is good news!"", ""(Plus an add-on is supposed to be coming out for the 4 gb that would allow you to play these games, however as far as I know it has yet to come out.""]",11.187542004336137
G_158,REC_158,B00AW6XYLE,Toys_and_Games,medium,yesno,sentwin,3,is this toy ok for a 4 year old kid,yes absolutely. its a big toy. my 5 year old nephew has it as well and he loves it,KB_01861,1,"[""KB_01868"", ""KB_01861"", ""KB_01857""]","[""A good toy for kids aged 4-7 years old."", ""He really doesn't do much ... just talks and shoots his missiles. A good toy for kids aged 4-7 years old."", ""We bought this for our 4 year old son! He loves it best toy ever!""]",12.361417000647634
G_159,REC_159,B00286DAV0,Patio_Lawn_and_Garden,medium,yesno,sentwin,3,will this filter fit the pentair ccp320 units?,I placed these filters in my Pentair Clean and Clear Plus 320.....they fit perfectly. It appears some people have had to modify them a bit to fit but I had no problem with the fit.,KB_01877,1,"[""KB_01877"", ""KB_01887"", ""KB_01881""]","[""We have a Pentair CCP320, these fit perfectly. Compared to the stock filters, these are actually designed to have a much higher flow."", ""We have a Pentair CCP320, these fit perfectly."", ""Was looking for replacement for original Pentair filters. After shopping around, decided to try these...glad I did!""]",12.67366699903505
G_160,REC_160,B0023MHZLA,Sports_and_Outdoors,medium,yesno,sentwin,3,will an ar 15 with a 30 round magazine work in this,"A 30 rounder will not work, but I used a 20 round straight mag with my AR-15 to dial it in and it worked well.",KB_01902,1,"[""KB_01907"", ""KB_01917"", ""KB_01902""]","[""This is a great product. Used it for both my AR's...it does require a 20 round or smaller mag for it to rest upright in the holders. Its great."", ""Used it for both my AR's...it does require a 20 round or smaller mag for it to rest upright in the holders."", ""The Weight tray easily accommodates round weights as well as lead shot bags. Only downside is that it does not work with 30rd AR magazines, but does work with 20rd mags. Easy to assemble and a great accessory for the range.""]",12.39625000016531
G_161,REC_161,B006T4EO8U,Health_and_Personal_Care,medium,descriptive,sentwin,3,what are the outside dimensions? need to fit in a small pocket,[UNANSWERABLE],,0,"[""KB_01931"", ""KB_01923"", ""KB_01924""]","[""I bought these as spare storage boxes for my daughter to have safe places to keep her retainer through out her day -- bathroom, bedside, lunchbox."", ""I bought these as spare storage boxes for my daughter to have safe places to keep her retainer through out her day -- bathroom, bedside, lunchbox. All the boxes we ordered broke at the hinges within a week a use."", ""Drain holes are a pitfall - if your braces go in wet (which of course they do), the case leaks water into your pocket or onto your desk.""]",12.769708002451807
G_162,REC_162,B00283RXUC,Toys_and_Games,long,descriptive,sentwin,3,can you take them off once they are on and do they fit on the champ RTF,"Absolutely they are removable and can be switched back to the landing gear wheels with just a couple of screws! But as for the champ, I believe it would be way too small to carry these pontoons even if you were able to modify them to fit....even the mini supercub is incapable of actual sustained flight with the added size and weight of floats this big in my experience. They are awesome for the supercub which they are designed for!",KB_01935,1,"[""KB_01939"", ""KB_01933"", ""KB_01940""]","[""Very stable, easy to fly, lots of fun. I am an intermediate RC pilot and had no issues getting the hang out of these. The one time the battery drained on me I glided it in and still had enough juice to taxi it to shore."", ""I purchased these for my Super Cub RC plane and was going to use them on water. I found that they are great for the grass field that I have to fly in and work better for take offs and landings than even the extra large wheels that I put on the Cub.These are a must have if you own a Super Cub !"", ""The screws that come with it are very cheap steel and strip way to easily. That in addition to them being a 1/4\"" too long, makes for an annoying and unclean installation. If the screws were different then 5 star all the way.""]",16.745749999245163
G_163,REC_163,B00342TOX0,Toys_and_Games,medium,descriptive,sentwin,3,What is the packaged weight of this product?,[UNANSWERABLE],,0,"[""KB_01966"", ""KB_01972"", ""KB_01956""]","[""The product itself is great so I have it 5 stars.This item is NOT well protected during shipping."", ""Bright colors that can attract the child to come and play.But the bad:1. The toy is pretty heavy, if the child happens to lift it a bit and then drop on his/her feet it is going to hurt a lot.2. The edges are very angular and sharp, so it is another way that the child can get hurt.3."", ""Great item, I rated it a 4 for durability because when I received the package, the wood had split on one of the panels. I fixed it with some gorilla glue.""]",15.761832997668535
G_164,REC_164,B002CQUFYG,Health_and_Personal_Care,long,descriptive,sentwin,3,what is the country of origin of the product and the manufacturer who produces it from the raw material please,It doesn't say what country of origin. It is distributed by Cosco. Here is their 800 # for any questions about the product. 1-800-428-8048.,KB_01982,1,"[""KB_01990"", ""KB_01982"", ""KB_01974""]","[""There were no ingredients listed in the description to check before I bought them. This is a problem as, like many people, I have a sensitivity to corn.So here are the ingredients to the Kirkland Vitamin C 1000 mg w/Rose Hips and Bioflavonoid complex:Ascorbic acid, cellulose (plant origin), citrus bioflavonoids, Croscarmellose Sodium, Povidone, Vegetable Stearic Acid, Vegetable Magnesium Stearate, Rose Hips (Rosa spp. ), corn starch, silica.Each tablet contains Vitamin C 1000mg 1,667%, Citrus Bioflavonoid Complex (Citrus spp.)"", ""Kirkland is known to be a good nutritional supplement brand. the product is not easily damaged, and the packaging is great!"", ""This Vitamin C expires in 2017 as stated on the bottle, which in fact is a very good feature when this bottle contains one thousand tablets. The product is very good and Vitamin C is water soluble. Therefore care to be taken to close the bottle, ASAP to avoid moisture contact.""]",14.268957995227538
G_165,REC_165,B00339C3FA,Sports_and_Outdoors,long,descriptive,sentwin,3,About the door openings. I plan to put this on my deck which is 12 x 18. It looks like the doors are on the 12 foot side.  Can they be switched?,The canopy is a hexagon---each side is the same dimension. The doors can be put on any two opposite walls of the canopy.,KB_01994,1,"[""KB_02007"", ""KB_01994"", ""KB_02002""]","[""The 12 foot dimension is the distance between opposite legs across the tent (that is, corner pole to opposite corner)."", ""This canopy is a regular hexagon 6 feet on each side. The 12 foot dimension is the distance between opposite legs across the tent (that is, corner pole to opposite corner). The 10 foot dimension is the distance between two opposing sides (that is, one flat face panel to the opposite face panel)."", ""Since the canopy screen door panels are almost exactly the same size as our standard french doors, I have rigged screening between the house and the canopy so that we can leave the doors open and the canopy screen unzipped when it is installed on the deck.I also sprayed the canopy with UV protectant, to help extend its useful life.""]",33.53295899432851
G_166,REC_166,B007X47SCY,Electronics,medium,descriptive,sentwin,3,Does it come with factory warranty?,I can only speak to the camera and lenses I registered them with Nikon,KB_02012,1,"[""KB_02022"", ""KB_02012"", ""KB_02012""]","[""Shipment was on time and packaged well, everything in retail boxes with warranty cards and manuals."", ""The bundle here is great, I have yet to deploy the tripod or use the flash, but they are things I would have purchased separately anyway and for the price of this bundle were essentially free vs similar bundles from other sources. Shipment was on time and packaged well, everything in retail boxes with warranty cards and manuals. I would not hesitate to buy from Camera Camera again."", ""Shipment was on time and packaged well, everything in retail boxes with warranty cards and manuals. I would not hesitate to buy from Camera Camera again.""]",11.073916997702327
G_167,REC_167,B002XE0HPY,Pet_Supplies,long,descriptive,sentwin,3,what are the measurement of the carrying bag? I need get this in a suitcase to take overseas. Need to know how long and how wide the suitcase must be?,[UNANSWERABLE],,0,"[""KB_02045"", ""KB_02034"", ""KB_02043""]","[""It's not just for kids. The bag is great and manages to fit everything. The chute attached to the tunnel (held on by elastic) sometimes pulls off when our big guy runs through it, but I fixed this problem by clipping binder clips around the rim."", ""Makes it real simple to carry this product from location to location. The hoop that came with this I was a little disappointed with."", ""I like how everything breaks down and stores in the bag.""]",17.097791002015583
G_168,REC_168,B0097BU1AM,Toys_and_Games,medium,descriptive,sentwin,3,Is this the classic one the bigger one,This one adjusts to the height of the child.,KB_02053,1,"[""KB_02057"", ""KB_02046"", ""KB_02059""]","[""We had one for younger grandson, then bought this one for our older grandson because they both love to ride it."", ""Great purchase. We had one for younger grandson, then bought this one for our older grandson because they both love to ride it."", ""It became a huge hit when all the other kids got home from school and everyone has been racing it around the neighborhood.Everyone was having so much fun I immediately went online and ordered another one for my daughter.""]",12.011792001430877
G_169,REC_169,B0028XZFE8,Home_and_Kitchen,medium,descriptive,sentwin,3,how wide is the bowl of the spoon?,Not wide. It's the size of an espresso spoon. I'd estimate about 2/3 the size of a standard teaspoon. My small kids love them.,KB_02073,1,"[""KB_02068"", ""KB_02077"", ""KB_02068""]","[""The spoons are thinner than I hoped. The spoon edge is a bit sharp but not terrible."", ""The spoon edge is a bit sharp but not terrible."", ""The spoons are thinner than I hoped. The spoon edge is a bit sharp but not terrible. For the price it is still a good buy.""]",11.400208997656591
G_170,REC_170,B000JWSDWG,Home_and_Kitchen,long,descriptive,sentwin,3,"What can I do to soften the fabric.  After washing, the sheets are very rough.",[UNANSWERABLE],,0,"[""KB_02086"", ""KB_02093"", ""KB_02094""]","[""However, most note worthy was the rather coarse texture of the set. After repeated washings not only did the color fade slightly but, they have yet to get any softer. That said some may still have a use for such a set."", ""After repeated washings not only did the color fade slightly but, they have yet to get any softer."", ""However, most note worthy was the rather coarse texture of the set. After repeated washings not only did the color fade slightly but, they have yet to get any softer. That said some may still have a use for such a set.""]",14.559583003574517
G_171,REC_171,B00858I4M0,Electronics,medium,descriptive,sentwin,3,Where are they manufactured or made?,[UNANSWERABLE],,0,"[""KB_02113"", ""KB_02107"", ""KB_02097""]","[""I would label myself an audiophile and I've spent thousands of dollars since my first pair of quality headphones. I dont wanna list my collection of headphones, but let's just say I'm more than fimiliar with brands from Audio Technica (highly underrated), to UltraSone, and, of course, the almighty Sennheiser. I love these iems because they really do sound like super expensive headphones."", ""Either way anything above just a normal listening volume and the left ear piece sounded like a can of bees in your ear.Great looking , a little big, but don't think these were made to last for as much as you have to spend to own one."", ""At higher volumes either the speakers in the left ear was blown or were reaching their mechanical limits. Either way anything above just a normal listening volume and the left ear piece sounded like a can of bees in your ear.Great looking , a little big, but don't think these were made to last for as much as you have to spend to own one.""]",15.379625001514796
G_172,REC_172,B000BGM2XG,Sports_and_Outdoors,long,descriptive,sentwin,3,What do you know about the valterra rp800 rocket hand pump? How does it work?,[UNANSWERABLE],,0,"[""KB_02119"", ""KB_02126"", ""KB_02118""]","[""Using this as a beer engine hand pump. I am a beer brewing maniac."", ""Using this as a beer engine hand pump."", ""Works mostly like it says, wont hold a prime so you have to pump a few times to get it started. Do yourself a favor, invest the money and extra work and get one with a foot pump.""]",16.203749997657724
G_173,REC_173,B0006HJSJQ,Toys_and_Games,long,descriptive,sentwin,3,"Does this soldering kit come with the solder? If not what type of solder do I need to buy? To make my self clear, I'm looking to know if this come with solder? Not a soldering gun.","This did not come with solder. Any good rosin cored solder will work, I prefer thinner solders around .5mm.",KB_02136,1,"[""KB_02152"", ""KB_02137"", ""KB_02134""]","[""The kit had all the required pieces to do the project besides the solder and iron of  course."", ""I purchased this kit  for a rainy day project. The kit had all the required pieces to do the project besides the solder and iron of  course. I am new to soldering and electronics so it took me a couple hours to finish the project but when I finished the signals worked perfectly."", ""You will need a soldering gun in order to put together. Get the soldering gun first before you buy... The description does not mention this as of the time of this post!""]",33.31108400016092
G_174,REC_174,B00418487I,Home_and_Kitchen,long,descriptive,sentwin,3,Does anyone knows why the system fails to dispense even after the refresh kit was replace?,"From my own unsatisfactory experience with the 3-chamber version of this product, I believe that shortly after the warranty expires the seals begin to fail so that the required pressure is not maintained. When the seals failed on all three of the chambers in my unit and the manufacturer failed to stand behind the product, I had no other option but to throw it away.",KB_02159,1,"[""KB_02155"", ""KB_02153"", ""KB_02160""]","[""Then is started shooting a lot of air out. Finally it simply would not power up after cleaning after less than 2 years. I would expect a costly unit like this to last much longer - at least not to die after less than 2 years.I would recommend a less expensive wine saving kit available on the Internet and in many stores."", ""The only thing that made me pause was that the unit seemed to be \""Chilling\"" forever. I thought it was actually broken until the second day it said \""Ready\"" which told me it was working as intended. I like my Umeshu very cold."", ""I JUST GOT IT!). Replace parts were not available either. They asked me to fax a copy of my Amazon receipt, which I did immediately, and they would see what they could do.""]",12.673791999986861
G_175,REC_175,B00A4EUUO8,Tools_and_Home_Improvement,short,descriptive,sentwin,3,light switch,"Without context on this question, I'll provide two answers that might be useful.First, if you have a bulb plugged into a socket that is controlled from a traditional lightswitch, yes this will work, because the bulb will turn on with a default color and brightness when it receives power from an unpowered state.  For instance, if I used the app to turn the bulb ""soft-off"", I can walk over, switch the power off (the bulb is still off, obviously, without power), and then switch it back on and the bulb will light in a default lighting mode.  But if I want to control the brightness or the color, I have to use the Hue app for that.A second question we see a lot is using other ""smart switches"" such as the WeMo to control.  See my response to another related question:  http://www.amazon.com/Phillips-turned-Bridge-without-interference/forum/Fx33N39JCWVV0ZF/Tx1MTU9F16K1IOV/1/ref=cm_cd_ql_tlc_al?_encoding=UTF8&asin;=B00BSN8DN4",KB_02177,1,"[""KB_02187"", ""KB_02193"", ""KB_02193""]","[""Using the light switch I can go from \""Deep Sea\"" to \""Where are my keys?\"""", ""Hue then controls the power to the lights via the bulbs,Living with HUEYour whole life you are conditioned to turn off lights when you exit the room. You just flip the switch and its done. Same thing for turning on the lights, its easy and simple."", ""You just flip the switch and its done. Same thing for turning on the lights, its easy and simple. Hue changes this simple everyday thing into a much more complicated process.""]",27.6857079952606
G_176,REC_176,B002V8UYRI,Toys_and_Games,short,descriptive,sentwin,3,Carolina american doll,[UNANSWERABLE],,0,"[""KB_02206"", ""KB_02194"", ""KB_02213""]","[""We got this for our daughters American Girl doll."", ""This is a very cute outfit for the American Doll. It is easy to dress the doll and washed well."", ""This is soo cute and it fit perfectly the american girl doll.""]",34.86766599962721
G_177,REC_177,B00CRZXSGE,Toys_and_Games,medium,descriptive,sentwin,3,Is there a Kindle Fire app for this?,No sadly there is not a kindle app for it.  what I have done is downloaded some apps on their kindle fire that you can use the pencil instead of them using their finger or a stylus and it works good.  I wish leapfrog would make it compatible with android system.,KB_02216,1,"[""KB_02225"", ""KB_02215"", ""KB_02230""]","[""Would love to get this for Kindle Fire."", ""I wish it was cross platform. Would love to get this for Kindle Fire."", ""You obviously need a tablet and the app is free.""]",11.128332997031976
G_178,REC_178,B007JV701U,Patio_Lawn_and_Garden,long,descriptive,sentwin,3,"Will this carb work on a Briggs 18 hp  twin cly.If not, what does?","I'm pretty sure this one will not work on the 18hp I used mine on a Sears Craftsman with  6 hp Briggs. I would suggest going to the Briggs and Stratton site and see what carb they say. You will need your engine number, they have information on where to find your number.",KB_02239,1,"[""KB_02247"", ""KB_02242"", ""KB_02241""]","[""I used this carb to replace my part # 498254 carb on my Snapper 21501 push mower with Briggs and Stratton 12F802-0838-01 engine."", ""I used this carb to replace my part # 498254 carb on my Snapper 21501 push mower with Briggs and Stratton 12F802-0838-01 engine. The engine had been running too fast due to a worn throttle shaft assembly that wasn't allowing the throttle plate to fully close."", ""I am sure I already reviewed this item once but here goes again. This carb fit my Poulan 21&#34; mower with a Briggs engine perfectly and was a fast replacement. 2 pushes on the little red primer bulb and the mower took off running just like a new one.""]",11.393291999411304
G_179,REC_179,B004NHQX48,Toys_and_Games,long,descriptive,sentwin,3,"Is everything that is pictured included of just the plates, napkins, cups and tablecloth?","Everything! Balloons, crepe streamers, candles, plates, napkins and cups. Was a great package and a great price",KB_02261,1,"[""KB_02257"", ""KB_02267"", ""KB_02268""]","[""So for the price this set is well worth it, you get everything in the picture, streamers, balloons, napkins, plates (big and small) table cloth and cups also silverware (plastic). The party was a huge hit and many of the guests commented on how cute the set was and how it was something you dont see very often for kids these days anymore."", ""So for the price this set is well worth it, you get everything in the picture, streamers, balloons, napkins, plates (big and small) table cloth and cups also silverware (plastic)."", ""The plates and napkins were perfect.""]",12.581583003338892
G_180,REC_180,B00006FXHQ,Electronics,medium,descriptive,sentwin,3,how is this camera for low light (soccer game),Friend the camera records very well in low light day. At night you have to putting on an extra lamp for darkness. and where artificial light very well ... records It is an excellent camera.,KB_02284,1,"[""KB_02287"", ""KB_02281"", ""KB_02285""]","[""The picture quality is excellent, camera works extremely well in various low-light situations."", ""The picture quality is excellent, camera works extremely well in various low-light situations. Easy to use, more features than we've yet discovered."", ""We've shot a soccer game from about 150 feet away in the stands, and the zooming and focusing combines into outstanding quality.""]",11.829333001514897
G_181,REC_181,B0050SXFKE,Video_Games,medium,descriptive,sentwin,3,This game has subtitles in Spanish?,"Unfortunately, it doesn't...just English as default language.",KB_02294,1,"[""KB_02294"", ""KB_02293"", ""KB_02300""]","[""i really like the game and everything about but on my box art it has Spanish and other language i was scared if i bought was in that but it wasnt so that good and i was little bum cause the free mission i couldnt download cause its expired just letting know"", ""The new Assassin, his son Connor, has the personality of a rug. When they speak in Native American language, the subtitles are tiny white words you can't see against the screen. Extreme disappointment.Controls: 2/5  Part 1:The battle controls are HORRIBLE!"", ""When they speak in Native American language, the subtitles are tiny white words you can't see against the screen.""]",15.135459005250596
G_182,REC_182,B002FP4SQ0,Patio_Lawn_and_Garden,medium,descriptive,sentwin,3,how far can the transmitter be away from the controller,[UNANSWERABLE],,0,"[""KB_02309"", ""KB_02319"", ""KB_02309""]","[""After purchasing the unit that has a range of 1000 meters, I found buried in their literature that the 'remote is designed for residential and small commercial sites. Large projects such as cemeteries aand golf courses will require a long-range remote.'"", ""Pretty worthless for a HOA controller that I wanted to control remotely from up to a block away."", ""Also the remote receiver is not to be installed outside. Pretty worthless for a HOA controller that I wanted to control remotely from up to a block away.""]",16.259582997008692
G_183,REC_183,B002QIYQ5E,Health_and_Personal_Care,long,descriptive,sentwin,3,In the video how does the magnifying glass get grey paper with black lines to show as black paper with white lines?,"I think maybe that is a display issue with your monitor or the photos taken because there is no option to change colors, only a light to illuminate what you are magnifying.",KB_02333,1,"[""KB_02335"", ""KB_02339"", ""KB_02328""]","[""When I tried this magnifier out, I wanted to show it off to everyone I knew. If they are not all sold out, I am going to put this onmy Christmas gift list for sure."", ""This is my first magnifying glass and I think I hit the nail on the head."", ""It recently accompanied me on a two-week road trip and came in handy; my friend liked it and will soon get her own. This is my first magnifying glass and I think I hit the nail on the head.""]",16.59808300610166
G_184,REC_184,B007W2ZDX8,Electronics,medium,descriptive,sentwin,3,What wall mount do you recommend for this?,[UNANSWERABLE],,0,"[""KB_02359"", ""KB_02350"", ""KB_02354""]","[""This one had the back plastic cracked, but I still was able to wall mount and it worked."", ""So I asked for a new one, whihc was received very fast. This one had the back plastic cracked, but I still was able to wall mount and it worked."", ""I purchased this tv based on price and features and was excited to get it in order to mount it. When removing the screws on the back of the TV, one was stripped and would not come out.""]",12.091000004147645
G_185,REC_185,B00E1U2UBC,Office_Products,long,descriptive,sentwin,3,"I don't understand what this phrase means: ""...you can choose or PORT your phone number."" Thank you!","""Choose"" means to get a new telephone number.  ""Port"" means to switch (keep) your current telephone number to the new service.",KB_02386,1,"[""KB_02389"", ""KB_02377"", ""KB_02385""]","[""We just hooked up our BasicTalk today, so I don't have long term experience, but I can say, it's working fine. It calls out to land lines and cell phones.. However, Basic Talk sent us our device for free."", ""; Coincidence? All in all, it took 16 days to finally port over my number. I recommend that you get the ringmaster turned off before activating basic talk."", ""I could NOT keep my old phone number because of the phone system I was in with.""]",12.839667004300281
G_186,REC_186,B0040X4PRW,Electronics,medium,descriptive,sentwin,3,should i buy this or th f 4 version,"You might have noticed the huge disparity in price. Although the 300 f/4L IS is a decent lens, I would not get it. It is an old lens with first generation IS. I don't like how it works with the 1.4x converter; the image quality it not very good with the extender. So this makes it a 300mm lens and that's it.  I think a better option would be the very nice and capable 70-300mm f/4-5.6L IS lens. If you need more than 300mm or you need the shallow depth of field provided by a f/2.8 aperture, then the EF 300mm f/2.8L IS II has no match.  It is super sharp, can be used with both converters with no IQ degradation and is light weight relative to the other big lenses. It also is very fast to focus and has the latestest generation of IS.  If you have the extra funds, the 300 IS II is a true beauty to behold...a luxury for sure while also being a powerful tool.",KB_02393,1,"[""KB_02409"", ""KB_02392"", ""KB_02401""]","[""The 2x III does benefit from stopping down slightly to f/7.1 or f/8 to really bring it back to extremely high sharpness levels, but really is not required."", ""Super smooth, super sharp, even wide open. Stop it down to f/4 and it's even sharper!For sports, I mostly shoot football, softball, and baseball with this lens, but you can actually shoot the far end of the court in basketball as well. I can't overstate how good this lens is."", ""Stop it down to f/4 and it's even sharper!For sports, I mostly shoot football, softball, and baseball with this lens, but you can actually shoot the far end of the court in basketball as well.""]",12.131667004723568
G_187,REC_187,B00BMU4NSM,Health_and_Personal_Care,medium,descriptive,sentwin,3,Is the top slippery/slick to sit on?,"It is a very smooth surface, which makes it slick when wet. However, I don't see anyone sliding off, because its surface is slightly concave. I drilled a small hole in the center to allow it to drain. I actually appreciate the smooth surface--I feel more confident that it isn't growing any microorganisms between cleanings.",KB_02412,1,"[""KB_02412"", ""KB_02428"", ""KB_02411""]","[""It would have been a great shower seat, if the seating part wasn't so slippery. It is okay when you sit on it, but when trying to step on it while shaving you might easily get yourself into an accident."", ""Not fun to sit on."", ""The seat is curved so it always forms a gross puddle of water. Not fun to sit on. If you forget to dump the water, it will stay there and get more and more disgusting.""]",12.03295899904333
G_188,REC_188,B00B2OS85W,Sports_and_Outdoors,long,descriptive,sentwin,3,would this bag be good to house a 3 foot chain and mini u lock or be too bulky?,"A three foot chain likely wouldn't fit. I use it to stash a tool kit, car keys and some cash when I ride bike trails. It is a nice size that doesn't interfere with standard car bike carriers.",KB_02435,1,"[""KB_02442"", ""KB_02436"", ""KB_02451""]","[""I would recommend this bag to anyone who needs a compact handy bag for riding."", ""I own larger bags, but they are for very very long bike hikes. I would recommend this bag to anyone who needs a compact handy bag for riding."", ""I own larger bags, but they are for very very long bike hikes. I would recommend this bag to anyone who needs a compact handy bag for riding.""]",13.027250002778601
G_189,REC_189,B003GZQ15Y,Home_and_Kitchen,long,descriptive,sentwin,3,"The electrical requirements state that a 115 volt (103.5 min, 126.5 max) 60 Hrtz, AC only, 15 amp fused electrical supply is required. On its own circuit. Is this true or would it be ok to use a standard household socket with ground?",[UNANSWERABLE],,0,"[""KB_02462"", ""KB_02461"", ""KB_02458""]","[""The AC unit seemed to work ok when we test fired it."", ""We put this unit in the loft of our small 600 sq ft WV cabin not wishing to loose a window downstairs. The AC unit seemed to work ok when we test fired it. The remote was a  selling point as we didn't want to scamper up the ships ladder to adjust the AC."", ""We wanted an air conditioner that would cool the whole room plus have the ability to keep the room at the designated temperature. This Frigidaire air conditioner meets all of our requirements plus a few we didn't think about. We are completely satisfied with our choice of air conditioners and would recommend it to anyone needing one.""]",34.86470799543895
G_190,REC_190,B00BJ90LC8,Toys_and_Games,long,yesno,sentwin,3,can these be used in a swimming pool? my sister wants a glowstick pool party.,Yes!!! And it looks beautiful! We've done it three times. Just make sure to keep the connectors out of the pool or you'll find them for days afterwards. :),KB_02472,1,"[""KB_02485"", ""KB_02472"", ""KB_02482""]","[""Glow stick pool parties are the most fun you'll ever have in a pool!"", ""I bought these to take to a night time pool party where we turned out the lights and lit up a bunch of glow sticks. Glow stick pool parties are the most fun you'll ever have in a pool!"", ""I bought these to take to a night time pool party where we turned out the lights and lit up a bunch of glow sticks.""]",13.508208998246118
G_191,REC_191,B009L946II,Electronics,medium,yesno,sentwin,3,can this card worck whith p5kc motherboard?,It should because it's backwards compatible both 1.0 and 2.0.,KB_02510,1,"[""KB_02494"", ""KB_02504"", ""KB_02510""]","[""Just recently built a computerintel i5 3570k  3.40ghz8gb ram1TB HDDforgot the exact motherboard but I bought this graphics card to put the cherry on top of a mid range gaming computer that cost me about $650. This card looks really cool."", ""Just recently built a computerintel i5 3570k  3.40ghz8gb ram1TB HDDforgot the exact motherboard but I bought this graphics card to put the cherry on top of a mid range gaming computer that cost me about $650."", ""it works in a PCIE 1.0a slot.Card is running very cool.""]",14.884333999361843
G_192,REC_192,B00BCT14EE,Patio_Lawn_and_Garden,medium,yesno,sentwin,3,does it fit the charbroil gas and charcoal combo grill,[UNANSWERABLE],,0,"[""KB_02519"", ""KB_02525"", ""KB_02523""]","[""It fit my jen-air bbq perfectly. Nice heavy duty cover."", ""It fit my jen-air bbq perfectly."", ""The fit on my Members Mark grill was great .""]",16.200957994442433
G_193,REC_193,B00FIG39RC,Electronics,long,yesno,sentwin,3,Does this work if my charging port is damaged (will not charge at all)?,As long as you have the newer version of the tablet it will work even if your charging port is busted on your tablet. Your tablet is not plugged in to this devise at all it is essentially a holding base and charges wirelessly.,KB_02535,1,"[""KB_02542"", ""KB_02531"", ""KB_02538""]","[""If it weren't for the fact that it occasionally stops charging I'd give it a 5 star rating for convenience and design.On 5 occasions, while I'm at work, I've come home to a dead tablet."", ""If it weren't for the fact that it occasionally stops charging I'd give it a 5 star rating for convenience and design.On 5 occasions, while I'm at work, I've come home to a dead tablet. I use my tablet as a nightstand alarm clock, weather forecast, security camera viewing, etc."", ""I've carefully positioned in in the dock making a mental note that it's actually charging but still this happened 5 times, so it's turning out to be unreliable for me.I've tried twice to contact Kidigi about this issue but there has been no response.""]",16.70458300213795
G_194,REC_194,B000LRBSFI,Tools_and_Home_Improvement,medium,yesno,sentwin,3,can i stack all 4 vertically?,"Yes, that is how I have mine, but it is in a corner. I am not sure how sturdy it would be completely free standing.",KB_02552,1,"[""KB_02561"", ""KB_02552"", ""KB_02565""]","[""I stacked them vertically, so that I have 4 shelves."", ""I use these cubes as shelving in my closet. I stacked them vertically, so that I have 4 shelves. They fit well, just under the hanging rail and don't take up too much space, so I can still hang clothes around it."", ""If you stack them high you need to secure them to something so they don't fall on you.""]",12.034458995913155
G_195,REC_195,B005E39NS8,Automotive,long,yesno,sentwin,3,"bought one for my 07 silverado, will not turn on when i put it into ignition after getting it cut and following instructions.  what is wrong?????","The same thing happened to me. The key was cut wrong (Sorry Ace Hardware, and they did it FREE). I went to Lowe's, they had a better machine and the re-cut key worked as advertised.",KB_02577,1,"[""KB_02573"", ""KB_02590"", ""KB_02577""]","[""I took it to the dealership and the Chevy parts department cut it for free. I put it in the ignition and the truck started. There is no magic to it."", ""I put it in the ignition and the truck started."", ""Had the key immediately cut and followed the programming instructions, which worked perfectly. Locked the truck with Key Fob, then when I open it using this key, the alarm goes off. I put the key in the ignition and the alarm goes right off, this key will start the vehicle fine.""]",16.272457993181888
G_196,REC_196,B004CFDJ2A,Electronics,long,yesno,sentwin,3,will this work with a MAC book air?? I don't want to damage my air,[UNANSWERABLE],,0,"[""KB_02598"", ""KB_02605"", ""KB_02596""]","[""the driver in my computer broke and since i don't really use it that much ,i didn't want to pay a repair man 100.00 to fix it , so i got this plug in one and it works fine ."", ""I work in IT and now use the Lenovo X1 Carbon and nether of them have DVD drive."", ""Works fine as a CD recorder. But if I just want to play a CD without making a copy, I still have to go though the whole procedure as if I were making a copy.""]",17.184999996970873
G_197,REC_197,B00029X1O6,Electronics,medium,yesno,sentwin,3,will this fit 2000 jeep wrangler?,"YES, you will need to trim off a couple of the tabs but it fits and looks great.  >tc",KB_02615,1,"[""KB_02615"", ""KB_02627"", ""KB_02616""]","[""Fit perfect in a wrangler sport 2002 model. You do need to trim some tabs off, but no big deal."", ""I have a 98 Jeep Cherokee XJ and this fit nicely into it."", ""It fit my 2000 Cherokee just fine as the fitment guide said it would, but the plastic tabs are so cheap and flimsy that the whole deck moves with slight finger pressure at the corners.""]",16.39870800136123
G_198,REC_198,B000NMJWZO,Grocery_and_Gourmet_Food,long,yesno,sentwin,3,is Pamelas baking & pancake mix a 4lb. bag or 3 bags equaling 4 lbs,"As packaged - the ""option"" I always purchase is 3-4 lb bags. Lasts a good while and worth every penny!",KB_02638,1,"[""KB_02635"", ""KB_02643"", ""KB_02644""]","[""Pamela's has great receipes on the package and on line! This is a wonderful find and brings back baking for gluten sensitve folks!Pamela's Ultimate Baking and Pancake Mix, 4-Pound Bags (Pack of 3)"", ""This is a wonderful find and brings back baking for gluten sensitve folks!Pamela's Ultimate Baking and Pancake Mix, 4-Pound Bags (Pack of 3)"", ""Pamela's Ultimate Baking and Pancake Mix, 4-Pound Bags (Pack of 3)This is the most amazing flour ever!! !""]",16.66004199796589
G_199,REC_199,B0052EC160,Tools_and_Home_Improvement,medium,yesno,sentwin,3,can this dimmer switch be used with dimmable LED bulbs?,"Yes the dimmer will work, but you have to check the LED bulbs carefully. I have found dimmable bulbs like the CREE line of LEDs to work just fine. Other ""dimmable LEDs"" have not worked very well. Some Phillips and FEIT bulbs would blink rapidly or hum loudly.",KB_02660,1,"[""KB_02669"", ""KB_02666"", ""KB_02664""]","[""My 15 yr old rotary dimmer switches work way better at dimming my LED lights than this switch."", ""We retrofit some recessed cans with LED bulbs and had an old style dimmer on the circuit."", ""I used LED bulbs not on the list and got severe flicker.Leviton claims their IPL06-10Z and 6674-P0W will work with almost any dimmable LED lamp.Update: The Leviton dimmers work as promised.""]",17.233750004379544
G_200,REC_200,B000BVC6G4,Tools_and_Home_Improvement,long,yesno,sentwin,3,"hi, can i interface it  my chevy volt homelink garage opener with aleco ac2700 gate opener by using this interface?","It is possible, but you will want to check with Chamberlain first to see if it requires a repeater kit. In 2007 they introduced a new security scheme, and Homelink provided compatible equipment, but not all car manufacturers started using it right away. In fact, as late as 2011 some car makers were still using the old Homelink technology that would not work with the new Chamberlain stuff ""out of the box"". So you will want to confirm with both Chamberlain and Chevrolet if your year and model car will be able to transmit the new codes. If not, there is an add-on repeater that will receive your Homelink signal and translate it to the new Chamberlain security codes, but it is about $50 retail itself. However, this unit IS what you would be looking for to attach to your gate opener to receive signals from your Homelink or a remote. Sorry I can't give a more definitive answer, but there are a lot of variables. May be better to buy one locally that you can return easily if you cannot get your Homelink to work with it.",KB_02675,1,"[""KB_02683"", ""KB_02674"", ""KB_02677""]","[""Used it for my gate opener, which wasn't Homelink compatible."", ""Used it for my gate opener, which wasn't Homelink compatible. Make sure you pay attention to the instructions regarding the jumper settings."", ""Liftmaster 312HM Gate and Garage Door Opener Universal Coaxial Receiver with Security+ - 315MHzI'd been looking for a modern receiver to replace the original and outdated receiver for our driveway gate. The 312HM was perfect.""]",12.525666003057268
