pipeline,k,qid,token_f1,faithfulness,answerability,recall_at_k
bm25,10,REC_001,0.0,1.0,1.0,
bm25,10,REC_002,0.0,0.0,1.0,
bm25,10,REC_003,0.0,0.0,0.0,1.0
bm25,10,REC_004,0.0,1.0,1.0,1.0
bm25,10,REC_005,0.0,1.0,1.0,
bm25,10,REC_006,0.2028985507246377,1.0,1.0,1.0
bm25,10,REC_007,0.05555555555555556,1.0,1.0,1.0
bm25,10,REC_008,0.1951219512195122,0.6666666666666666,1.0,1.0
bm25,10,REC_009,0.0,0.0,1.0,
bm25,10,REC_010,0.0,0.0,1.0,
bm25,10,REC_011,0.17777777777777778,1.0,1.0,1.0
bm25,10,REC_012,0.125,0.0,0.0,1.0
bm25,10,REC_013,0.0,1.0,1.0,
bm25,10,REC_014,0.0,0.0,1.0,
bm25,10,REC_015,0.0,1.0,1.0,
bm25,10,REC_016,0.0,0.0,1.0,
bm25,10,REC_017,0.0,1.0,1.0,
bm25,10,REC_018,0.0,0.5,1.0,
bm25,10,REC_019,0.0,0.0,0.0,1.0
bm25,10,REC_020,0.0,0.0,1.0,
bm25,10,REC_021,0.0,1.0,1.0,
bm25,10,REC_022,0.0,1.0,1.0,
bm25,10,REC_023,0.0,0.0,0.0,1.0
bm25,10,REC_024,0.0,0.0,1.0,
bm25,10,REC_025,0.0,0.0,0.0,1.0
bm25,10,REC_026,0.2285714285714286,0.25,1.0,1.0
bm25,10,REC_027,0.0,0.0,1.0,
bm25,10,REC_028,0.0,1.0,1.0,
bm25,10,REC_029,0.0,0.8,1.0,1.0
bm25,10,REC_030,0.0,0.0,0.0,1.0
bm25,10,REC_031,0.0,1.0,1.0,
bm25,10,REC_032,0.1728395061728395,1.0,1.0,1.0
bm25,10,REC_033,0.0,0.0,1.0,
bm25,10,REC_034,0.0,0.0,1.0,
bm25,10,REC_035,0.0,1.0,0.0,
bm25,10,REC_036,0.27586206896551724,1.0,1.0,1.0
bm25,10,REC_037,0.0,0.0,1.0,
bm25,10,REC_038,0.1935483870967742,0.7142857142857143,1.0,1.0
bm25,10,REC_039,0.11764705882352941,1.0,1.0,1.0
bm25,10,REC_040,0.375,1.0,1.0,1.0
bm25,10,REC_041,0.16666666666666666,0.0,1.0,1.0
bm25,10,REC_042,0.025316455696202528,1.0,1.0,1.0
bm25,10,REC_043,0.3181818181818182,1.0,1.0,1.0
bm25,10,REC_044,0.2545454545454546,0.8,1.0,1.0
bm25,10,REC_045,0.0,0.0,1.0,
bm25,10,REC_046,0.2635658914728682,0.5,1.0,1.0
bm25,10,REC_047,0.3278688524590164,0.8,1.0,1.0
bm25,10,REC_048,0.17647058823529413,0.8333333333333334,1.0,1.0
bm25,10,REC_049,0.02777777777777778,0.0,0.0,1.0
bm25,10,REC_050,0.15094339622641512,1.0,1.0,1.0
bm25,10,REC_051,0.3943661971830986,1.0,1.0,1.0
bm25,10,REC_052,0.0,0.8,0.0,
bm25,10,REC_053,0.0,1.0,1.0,1.0
bm25,10,REC_054,0.07547169811320754,0.0,0.0,1.0
bm25,10,REC_055,0.17204301075268816,0.42857142857142855,1.0,1.0
bm25,10,REC_056,0.0,1.0,1.0,
bm25,10,REC_057,0.06779661016949153,1.0,1.0,1.0
bm25,10,REC_058,0.23529411764705882,1.0,1.0,1.0
bm25,10,REC_059,0.1395348837209302,1.0,1.0,1.0
bm25,10,REC_060,0.0857142857142857,1.0,1.0,1.0
bm25,10,REC_061,0.0,1.0,0.0,1.0
bm25,10,REC_062,0.2631578947368421,1.0,1.0,1.0
bm25,10,REC_063,0.33333333333333337,1.0,1.0,1.0
bm25,10,REC_064,0.0,0.8333333333333334,0.0,
bm25,10,REC_065,0.2926829268292683,0.8571428571428571,1.0,1.0
bm25,10,REC_066,0.14285714285714288,1.0,1.0,1.0
bm25,10,REC_067,0.0,1.0,1.0,
bm25,10,REC_068,0.10526315789473685,1.0,0.0,1.0
bm25,10,REC_069,0.0,0.0,1.0,
bm25,10,REC_070,0.20689655172413793,0.5,1.0,1.0
bm25,10,REC_071,0.039735099337748346,0.0,0.0,1.0
bm25,10,REC_072,0.0,0.0,0.0,1.0
bm25,10,REC_073,0.22222222222222224,1.0,0.0,1.0
bm25,10,REC_074,0.19999999999999998,1.0,1.0,1.0
bm25,10,REC_075,0.3,1.0,1.0,1.0
bm25,10,REC_076,0.0,1.0,1.0,
bm25,10,REC_077,0.27586206896551724,1.0,1.0,1.0
bm25,10,REC_078,0.0,1.0,1.0,
bm25,10,REC_079,0.0,1.0,1.0,
bm25,10,REC_080,0.0,1.0,1.0,
bm25,10,REC_081,0.0,1.0,0.0,
bm25,10,REC_082,0.0,0.0,1.0,
bm25,10,REC_083,0.24,1.0,1.0,1.0
bm25,10,REC_084,0.3,1.0,1.0,1.0
bm25,10,REC_085,0.1293532338308458,0.625,1.0,1.0
bm25,10,REC_086,0.09523809523809523,0.0,0.0,1.0
bm25,10,REC_087,0.0,1.0,1.0,
bm25,10,REC_088,0.057692307692307696,1.0,0.0,1.0
bm25,10,REC_089,0.11320754716981134,0.7142857142857143,1.0,1.0
bm25,10,REC_090,0.03571428571428572,1.0,0.0,1.0
bm25,10,REC_091,0.0,0.8,0.0,
bm25,10,REC_092,0.0,0.0,1.0,
bm25,10,REC_093,0.0,1.0,1.0,
bm25,10,REC_094,0.28571428571428575,0.8333333333333334,1.0,1.0
bm25,10,REC_095,0.0,1.0,1.0,
bm25,10,REC_096,0.0,1.0,1.0,
bm25,10,REC_097,0.0,1.0,0.0,
bm25,10,REC_098,0.09523809523809523,1.0,1.0,1.0
bm25,10,REC_099,0.0,1.0,0.0,1.0
bm25,10,REC_100,0.0,1.0,1.0,
bm25,10,REC_101,0.0,0.5,1.0,
bm25,10,REC_102,0.13513513513513514,0.8333333333333334,1.0,1.0
bm25,10,REC_103,0.1020408163265306,1.0,1.0,1.0
bm25,10,REC_104,0.09374999999999999,0.875,1.0,1.0
bm25,10,REC_105,0.0,1.0,1.0,1.0
bm25,10,REC_106,0.0,1.0,0.0,1.0
bm25,10,REC_107,0.0,1.0,0.0,1.0
bm25,10,REC_108,0.19718309859154928,1.0,1.0,1.0
bm25,10,REC_109,0.20689655172413793,1.0,1.0,1.0
bm25,10,REC_110,0.0,1.0,1.0,
bm25,10,REC_111,0.0,1.0,1.0,
bm25,10,REC_112,0.1081081081081081,1.0,1.0,1.0
bm25,10,REC_113,0.08695652173913043,0.0,0.0,1.0
bm25,10,REC_114,0.18181818181818182,0.6,1.0,1.0
bm25,10,REC_115,0.2068965517241379,1.0,1.0,1.0
bm25,10,REC_116,0.19607843137254902,1.0,1.0,1.0
bm25,10,REC_117,0.09302325581395349,0.6666666666666666,1.0,1.0
bm25,10,REC_118,0.2077922077922078,1.0,1.0,1.0
bm25,10,REC_119,0.2592592592592593,1.0,1.0,1.0
bm25,10,REC_120,0.15384615384615383,1.0,1.0,1.0
bm25,10,REC_121,0.07547169811320754,1.0,0.0,0.0
bm25,10,REC_122,0.0,1.0,1.0,
bm25,10,REC_123,0.0,0.0,1.0,
bm25,10,REC_124,0.0,1.0,1.0,
bm25,10,REC_125,0.0,1.0,0.0,0.0
bm25,10,REC_126,0.0,0.0,0.0,1.0
bm25,10,REC_127,0.10714285714285714,1.0,1.0,1.0
bm25,10,REC_128,0.0,0.0,1.0,
bm25,10,REC_129,0.0,0.0,1.0,
bm25,10,REC_130,0.0,1.0,0.0,
bm25,10,REC_131,0.0,1.0,1.0,
bm25,10,REC_132,0.0898876404494382,1.0,1.0,1.0
bm25,10,REC_133,0.18518518518518517,0.8,1.0,1.0
bm25,10,REC_134,0.17105263157894735,0.8333333333333334,1.0,0.0
bm25,10,REC_135,0.05405405405405406,0.5,0.0,1.0
bm25,10,REC_136,0.05128205128205127,0.0,0.0,1.0
bm25,10,REC_137,0.0,1.0,1.0,
bm25,10,REC_138,0.047619047619047616,1.0,0.0,0.0
bm25,10,REC_139,0.0,0.0,1.0,
bm25,10,REC_140,0.0,0.0,1.0,
bm25,10,REC_141,0.14814814814814814,1.0,1.0,1.0
bm25,10,REC_142,0.0,0.0,1.0,
bm25,10,REC_143,0.0,1.0,1.0,
bm25,10,REC_144,0.0,1.0,1.0,1.0
bm25,10,REC_145,0.0,1.0,1.0,
bm25,10,REC_146,0.15909090909090912,1.0,1.0,1.0
bm25,10,REC_147,0.0,1.0,1.0,
bm25,10,REC_148,0.05405405405405406,0.0,0.0,0.0
bm25,10,REC_149,0.21176470588235294,0.8333333333333334,1.0,1.0
bm25,10,REC_150,0.0,0.0,0.0,1.0
bm25,10,REC_151,0.0,1.0,1.0,
bm25,10,REC_152,0.3287671232876712,1.0,1.0,1.0
bm25,10,REC_153,0.0,1.0,0.0,1.0
bm25,10,REC_154,0.0,0.0,1.0,
bm25,10,REC_155,0.0,1.0,1.0,
bm25,10,REC_156,0.10526315789473685,1.0,1.0,1.0
bm25,10,REC_157,0.0,0.75,1.0,1.0
bm25,10,REC_158,0.1492537313432836,1.0,1.0,1.0
bm25,10,REC_159,0.22222222222222224,1.0,1.0,1.0
bm25,10,REC_160,0.4444444444444444,0.75,1.0,1.0
bm25,10,REC_161,0.0,1.0,1.0,
bm25,10,REC_162,0.04705882352941177,0.0,0.0,1.0
bm25,10,REC_163,0.0,1.0,1.0,
bm25,10,REC_164,0.0,1.0,0.0,1.0
bm25,10,REC_165,0.0,0.0,0.0,0.0
bm25,10,REC_166,0.05714285714285715,0.75,1.0,1.0
bm25,10,REC_167,0.0,1.0,1.0,
bm25,10,REC_168,0.2222222222222222,0.0,0.0,1.0
bm25,10,REC_169,0.06451612903225806,1.0,0.0,1.0
bm25,10,REC_170,0.0,0.0,1.0,
bm25,10,REC_171,0.0,0.0,1.0,
bm25,10,REC_172,0.0,1.0,0.0,
bm25,10,REC_173,0.2692307692307693,1.0,1.0,1.0
bm25,10,REC_174,0.08823529411764705,1.0,0.0,1.0
bm25,10,REC_175,0.20987654320987656,1.0,1.0,0.0
bm25,10,REC_176,0.0,1.0,0.0,
bm25,10,REC_177,0.3908045977011494,1.0,1.0,1.0
bm25,10,REC_178,0.13114754098360654,1.0,0.0,1.0
bm25,10,REC_179,0.3076923076923077,1.0,1.0,0.0
bm25,10,REC_180,0.28169014084507044,0.7142857142857143,1.0,1.0
bm25,10,REC_181,0.0,0.0,0.0,1.0
bm25,10,REC_182,0.0,1.0,0.0,
bm25,10,REC_183,0.05,0.0,0.0,1.0
bm25,10,REC_184,0.0,0.0,1.0,
bm25,10,REC_185,0.4590163934426229,1.0,1.0,0.0
bm25,10,REC_186,0.03703703703703704,0.0,0.0,1.0
bm25,10,REC_187,0.09523809523809525,1.0,1.0,1.0
bm25,10,REC_188,0.043478260869565216,0.0,0.0,1.0
bm25,10,REC_189,0.0,0.0,1.0,
bm25,10,REC_190,0.10344827586206896,1.0,1.0,1.0
bm25,10,REC_191,0.0,0.0,0.0,0.0
bm25,10,REC_192,0.0,1.0,1.0,
bm25,10,REC_193,0.11538461538461536,1.0,0.0,1.0
bm25,10,REC_194,0.19607843137254902,1.0,1.0,1.0
bm25,10,REC_195,0.2278481012658228,1.0,1.0,1.0
bm25,10,REC_196,0.0,1.0,1.0,
bm25,10,REC_197,0.09756097560975609,0.3333333333333333,0.0,1.0
bm25,10,REC_198,0.15384615384615383,0.75,1.0,0.0
bm25,10,REC_199,0.2682926829268293,1.0,1.0,0.0
bm25,10,REC_200,0.0425531914893617,0.0,0.0,0.0
bm25,1,REC_001,0.0,0.0,1.0,
bm25,1,REC_002,0.0,0.0,1.0,
bm25,1,REC_003,0.0,0.0,0.0,0.0
bm25,1,REC_004,0.0,1.0,1.0,1.0
bm25,1,REC_005,0.0,0.0,1.0,
bm25,1,REC_006,0.0,0.0,0.0,0.0
bm25,1,REC_007,0.0,1.0,1.0,0.0
bm25,1,REC_008,0.25000000000000006,0.75,1.0,1.0
bm25,1,REC_009,0.0,0.0,1.0,
bm25,1,REC_010,0.0,0.0,1.0,
bm25,1,REC_011,0.09836065573770492,0.0,0.0,0.0
bm25,1,REC_012,0.125,0.0,0.0,0.0
bm25,1,REC_013,0.0,1.0,1.0,
bm25,1,REC_014,0.0,0.0,1.0,
bm25,1,REC_015,0.0,1.0,1.0,
bm25,1,REC_016,0.0,0.0,1.0,
bm25,1,REC_017,0.0,1.0,1.0,
bm25,1,REC_018,0.0,0.4,0.0,
bm25,1,REC_019,0.0,0.0,0.0,0.0
bm25,1,REC_020,0.0,0.0,1.0,
bm25,1,REC_021,0.0,1.0,1.0,
bm25,1,REC_022,0.0,0.0,1.0,
bm25,1,REC_023,0.0,0.0,0.0,0.0
bm25,1,REC_024,0.0,0.0,1.0,
bm25,1,REC_025,0.0,0.0,0.0,0.0
bm25,1,REC_026,0.1839080459770115,0.3333333333333333,1.0,0.0
bm25,1,REC_027,0.0,0.0,1.0,
bm25,1,REC_028,0.0,0.0,1.0,
bm25,1,REC_029,0.052631578947368425,0.8571428571428571,1.0,1.0
bm25,1,REC_030,0.0,0.0,0.0,0.0
bm25,1,REC_031,0.0,1.0,1.0,
bm25,1,REC_032,0.09836065573770492,0.0,0.0,0.0
bm25,1,REC_033,0.0,0.0,1.0,
bm25,1,REC_034,0.0,0.0,1.0,
bm25,1,REC_035,0.0,1.0,0.0,
bm25,1,REC_036,0.13636363636363635,0.6666666666666666,1.0,0.0
bm25,1,REC_037,0.0,0.0,1.0,
bm25,1,REC_038,0.09523809523809523,1.0,1.0,1.0
bm25,1,REC_039,0.2105263157894737,0.8,1.0,0.0
bm25,1,REC_040,0.0,0.0,0.0,0.0
bm25,1,REC_041,0.0,0.0,0.0,0.0
bm25,1,REC_042,0.037037037037037035,1.0,1.0,1.0
bm25,1,REC_043,0.0,1.0,0.0,0.0
bm25,1,REC_044,0.08571428571428573,0.0,0.0,0.0
bm25,1,REC_045,0.0,0.0,1.0,
bm25,1,REC_046,0.2748091603053435,0.7142857142857143,1.0,0.0
bm25,1,REC_047,0.046511627906976744,0.0,0.0,0.0
bm25,1,REC_048,0.16129032258064516,0.6666666666666666,1.0,1.0
bm25,1,REC_049,0.07317073170731707,0.6666666666666666,1.0,0.0
bm25,1,REC_050,0.1875,1.0,1.0,0.0
bm25,1,REC_051,0.3125,1.0,1.0,0.0
bm25,1,REC_052,0.0,0.0,1.0,
bm25,1,REC_053,0.0,1.0,1.0,1.0
bm25,1,REC_054,0.07547169811320754,0.0,0.0,0.0
bm25,1,REC_055,0.17283950617283952,0.0,1.0,0.0
bm25,1,REC_056,0.0,0.0,1.0,
bm25,1,REC_057,0.0,1.0,0.0,0.0
bm25,1,REC_058,0.10526315789473684,0.0,0.0,0.0
bm25,1,REC_059,0.04166666666666667,0.4,1.0,0.0
bm25,1,REC_060,0.06896551724137931,0.0,0.0,0.0
bm25,1,REC_061,0.0,0.0,0.0,0.0
bm25,1,REC_062,0.3636363636363636,1.0,1.0,0.0
bm25,1,REC_063,0.35294117647058826,1.0,1.0,0.0
bm25,1,REC_064,0.0,0.0,1.0,
bm25,1,REC_065,0.0821917808219178,0.75,0.0,0.0
bm25,1,REC_066,0.13793103448275862,0.0,0.0,0.0
bm25,1,REC_067,0.0,0.0,1.0,
bm25,1,REC_068,0.10526315789473685,1.0,0.0,0.0
bm25,1,REC_069,0.0,1.0,0.0,
bm25,1,REC_070,0.0923076923076923,0.0,0.0,0.0
bm25,1,REC_071,0.17543859649122806,0.6666666666666666,1.0,1.0
bm25,1,REC_072,0.0,0.0,0.0,0.0
bm25,1,REC_073,0.13333333333333333,0.6666666666666666,1.0,0.0
bm25,1,REC_074,0.0437956204379562,0.0,0.0,0.0
bm25,1,REC_075,0.2692307692307693,0.75,1.0,0.0
bm25,1,REC_076,0.0,0.0,1.0,
bm25,1,REC_077,0.15384615384615385,0.625,1.0,0.0
bm25,1,REC_078,0.0,0.0,1.0,
bm25,1,REC_079,0.0,0.0,1.0,
bm25,1,REC_080,0.0,1.0,1.0,
bm25,1,REC_081,0.0,1.0,0.0,
bm25,1,REC_082,0.0,0.0,1.0,
bm25,1,REC_083,0.06666666666666667,0.0,0.0,0.0
bm25,1,REC_084,0.0,0.0,0.0,0.0
bm25,1,REC_085,0.1176470588235294,0.8333333333333334,1.0,1.0
bm25,1,REC_086,0.09523809523809523,1.0,0.0,0.0
bm25,1,REC_087,0.0,0.0,1.0,
bm25,1,REC_088,0.14634146341463414,1.0,1.0,1.0
bm25,1,REC_089,0.22857142857142856,0.75,1.0,0.0
bm25,1,REC_090,0.03571428571428572,0.0,0.0,1.0
bm25,1,REC_091,0.0,1.0,0.0,
bm25,1,REC_092,0.0,1.0,1.0,
bm25,1,REC_093,0.0,0.0,1.0,
bm25,1,REC_094,0.18518518518518517,1.0,1.0,0.0
bm25,1,REC_095,0.0,0.0,1.0,
bm25,1,REC_096,0.0,0.0,1.0,
bm25,1,REC_097,0.0,0.5,0.0,
bm25,1,REC_098,0.1111111111111111,0.5,0.0,0.0
bm25,1,REC_099,0.0,0.0,0.0,0.0
bm25,1,REC_100,0.0,0.0,1.0,
bm25,1,REC_101,0.0,1.0,1.0,
bm25,1,REC_102,0.0425531914893617,0.5,1.0,0.0
bm25,1,REC_103,0.1590909090909091,1.0,1.0,0.0
bm25,1,REC_104,0.15384615384615383,0.875,1.0,0.0
bm25,1,REC_105,0.0,1.0,0.0,0.0
bm25,1,REC_106,0.0,0.0,0.0,0.0
bm25,1,REC_107,0.0,0.0,0.0,1.0
bm25,1,REC_108,0.04,1.0,0.0,0.0
bm25,1,REC_109,0.09523809523809523,0.0,0.0,0.0
bm25,1,REC_110,0.0,0.0,1.0,
bm25,1,REC_111,0.0,0.0,1.0,
bm25,1,REC_112,0.0851063829787234,1.0,1.0,0.0
bm25,1,REC_113,0.37499999999999994,0.3333333333333333,1.0,1.0
bm25,1,REC_114,0.205607476635514,0.5714285714285714,1.0,1.0
bm25,1,REC_115,0.07843137254901962,0.0,0.0,1.0
bm25,1,REC_116,0.22727272727272727,0.6666666666666666,1.0,1.0
bm25,1,REC_117,0.09756097560975609,0.5,1.0,0.0
bm25,1,REC_118,0.03921568627450981,0.0,0.0,0.0
bm25,1,REC_119,0.22580645161290325,0.7142857142857143,1.0,0.0
bm25,1,REC_120,0.12658227848101264,1.0,1.0,0.0
bm25,1,REC_121,0.07547169811320754,0.0,0.0,0.0
bm25,1,REC_122,0.0,0.5,1.0,
bm25,1,REC_123,0.0,0.0,1.0,
bm25,1,REC_124,0.0,0.0,1.0,
bm25,1,REC_125,0.0,0.0,0.0,0.0
bm25,1,REC_126,0.10344827586206895,0.8,1.0,1.0
bm25,1,REC_127,0.0,0.0,0.0,0.0
bm25,1,REC_128,0.0,0.0,1.0,
bm25,1,REC_129,0.0,0.0,1.0,
bm25,1,REC_130,0.0,0.0,1.0,
bm25,1,REC_131,0.0,0.0,1.0,
bm25,1,REC_132,0.10344827586206896,1.0,1.0,0.0
bm25,1,REC_133,0.08333333333333334,0.0,0.0,0.0
bm25,1,REC_134,0.05128205128205128,0.0,0.0,0.0
bm25,1,REC_135,0.06896551724137931,1.0,1.0,0.0
bm25,1,REC_136,0.05128205128205127,0.0,0.0,0.0
bm25,1,REC_137,0.0,0.0,1.0,
bm25,1,REC_138,0.047619047619047616,0.0,0.0,0.0
bm25,1,REC_139,0.0,1.0,1.0,
bm25,1,REC_140,0.0,0.0,1.0,
bm25,1,REC_141,0.16666666666666669,1.0,1.0,0.0
bm25,1,REC_142,0.0,0.75,0.0,
bm25,1,REC_143,0.0,0.0,1.0,
bm25,1,REC_144,0.0,0.5,1.0,1.0
bm25,1,REC_145,0.0,1.0,1.0,
bm25,1,REC_146,0.3076923076923077,1.0,1.0,0.0
bm25,1,REC_147,0.0,0.0,1.0,
bm25,1,REC_148,0.05405405405405406,0.0,0.0,0.0
bm25,1,REC_149,0.17283950617283952,1.0,1.0,0.0
bm25,1,REC_150,0.0,0.0,0.0,0.0
bm25,1,REC_151,0.0,1.0,1.0,
bm25,1,REC_152,0.2727272727272727,1.0,1.0,1.0
bm25,1,REC_153,0.0,0.0,0.0,0.0
bm25,1,REC_154,0.0,0.0,1.0,
bm25,1,REC_155,0.0,0.0,0.0,
bm25,1,REC_156,0.2127659574468085,0.75,1.0,0.0
bm25,1,REC_157,0.0,0.0,0.0,0.0
bm25,1,REC_158,0.21212121212121213,0.8333333333333334,1.0,0.0
bm25,1,REC_159,0.2857142857142857,1.0,1.0,0.0
bm25,1,REC_160,0.2222222222222222,0.75,1.0,0.0
bm25,1,REC_161,0.0,0.0,1.0,
bm25,1,REC_162,0.04705882352941177,0.0,0.0,0.0
bm25,1,REC_163,0.0,1.0,1.0,
bm25,1,REC_164,0.0,0.0,0.0,0.0
bm25,1,REC_165,0.0,0.0,0.0,0.0
bm25,1,REC_166,0.06451612903225808,0.6666666666666666,1.0,0.0
bm25,1,REC_167,0.0,1.0,1.0,
bm25,1,REC_168,0.2222222222222222,0.0,0.0,0.0
bm25,1,REC_169,0.06451612903225806,0.0,0.0,0.0
bm25,1,REC_170,0.0,0.0,1.0,
bm25,1,REC_171,0.0,0.0,1.0,
bm25,1,REC_172,0.0,0.16666666666666666,0.0,
bm25,1,REC_173,0.33333333333333337,1.0,1.0,0.0
bm25,1,REC_174,0.08823529411764705,0.0,0.0,0.0
bm25,1,REC_175,0.19444444444444445,1.0,1.0,0.0
bm25,1,REC_176,0.0,0.0,0.0,
bm25,1,REC_177,0.26470588235294124,1.0,1.0,0.0
bm25,1,REC_178,0.13114754098360654,0.0,0.0,1.0
bm25,1,REC_179,0.4,1.0,1.0,0.0
bm25,1,REC_180,0.3571428571428571,0.6666666666666666,1.0,0.0
bm25,1,REC_181,0.1,0.3333333333333333,1.0,1.0
bm25,1,REC_182,0.0,1.0,0.0,
bm25,1,REC_183,0.05,0.0,0.0,0.0
bm25,1,REC_184,0.0,0.0,1.0,
bm25,1,REC_185,0.06666666666666667,0.0,0.0,0.0
bm25,1,REC_186,0.03703703703703704,0.0,0.0,0.0
bm25,1,REC_187,0.09411764705882353,1.0,0.0,0.0
bm25,1,REC_188,0.1818181818181818,0.6666666666666666,1.0,0.0
bm25,1,REC_189,0.0,0.0,1.0,
bm25,1,REC_190,0.08163265306122448,1.0,1.0,1.0
bm25,1,REC_191,0.0,0.0,0.0,0.0
bm25,1,REC_192,0.0,1.0,1.0,
bm25,1,REC_193,0.11538461538461536,0.0,0.0,0.0
bm25,1,REC_194,0.23076923076923075,0.5,1.0,0.0
bm25,1,REC_195,0.1791044776119403,0.4,1.0,0.0
bm25,1,REC_196,0.0,0.0,1.0,
bm25,1,REC_197,0.13333333333333333,1.0,1.0,0.0
bm25,1,REC_198,0.09523809523809525,0.5,1.0,0.0
bm25,1,REC_199,0.26966292134831465,0.6666666666666666,1.0,0.0
bm25,1,REC_200,0.0425531914893617,0.0,0.0,0.0
bm25,3,REC_001,0.0,1.0,1.0,
bm25,3,REC_002,0.0,0.0,1.0,
bm25,3,REC_003,0.0,0.0,0.0,0.0
bm25,3,REC_004,0.0,1.0,1.0,1.0
bm25,3,REC_005,0.0,1.0,1.0,
bm25,3,REC_006,0.14084507042253522,0.8571428571428571,1.0,0.0
bm25,3,REC_007,0.0625,1.0,1.0,1.0
bm25,3,REC_008,0.13043478260869568,1.0,1.0,1.0
bm25,3,REC_009,0.0,0.0,1.0,
bm25,3,REC_010,0.0,0.0,1.0,
bm25,3,REC_011,0.18604651162790697,1.0,1.0,1.0
bm25,3,REC_012,0.125,0.0,0.0,1.0
bm25,3,REC_013,0.0,1.0,1.0,
bm25,3,REC_014,0.0,1.0,1.0,
bm25,3,REC_015,0.0,1.0,1.0,
bm25,3,REC_016,0.0,1.0,1.0,
bm25,3,REC_017,0.0,1.0,1.0,
bm25,3,REC_018,0.0,0.0,1.0,
bm25,3,REC_019,0.0,0.0,0.0,1.0
bm25,3,REC_020,0.0,0.0,1.0,
bm25,3,REC_021,0.0,1.0,1.0,
bm25,3,REC_022,0.0,1.0,1.0,
bm25,3,REC_023,0.0,0.0,0.0,1.0
bm25,3,REC_024,0.0,0.0,1.0,
bm25,3,REC_025,0.0,0.0,0.0,1.0
bm25,3,REC_026,0.3218390804597701,0.6666666666666666,1.0,1.0
bm25,3,REC_027,0.0,0.0,1.0,
bm25,3,REC_028,0.0,1.0,1.0,
bm25,3,REC_029,0.0,0.5,1.0,1.0
bm25,3,REC_030,0.0,0.0,0.0,0.0
bm25,3,REC_031,0.0,1.0,1.0,
bm25,3,REC_032,0.2150537634408602,0.7142857142857143,1.0,1.0
bm25,3,REC_033,0.0,1.0,1.0,
bm25,3,REC_034,0.0,1.0,1.0,
bm25,3,REC_035,0.0,1.0,0.0,
bm25,3,REC_036,0.23999999999999996,0.75,1.0,1.0
bm25,3,REC_037,0.0,1.0,1.0,
bm25,3,REC_038,0.12765957446808512,1.0,1.0,1.0
bm25,3,REC_039,0.2058823529411765,1.0,1.0,0.0
bm25,3,REC_040,0.0,0.0,0.0,0.0
bm25,3,REC_041,0.0784313725490196,0.6666666666666666,1.0,0.0
bm25,3,REC_042,0.031746031746031744,1.0,1.0,1.0
bm25,3,REC_043,0.2608695652173913,0.8333333333333334,1.0,1.0
bm25,3,REC_044,0.12371134020618557,1.0,1.0,0.0
bm25,3,REC_045,0.0,0.0,1.0,
bm25,3,REC_046,0.3053435114503817,0.7142857142857143,1.0,0.0
bm25,3,REC_047,0.3174603174603175,1.0,1.0,0.0
bm25,3,REC_048,0.2608695652173913,0.8333333333333334,1.0,1.0
bm25,3,REC_049,0.02777777777777778,0.0,0.0,1.0
bm25,3,REC_050,0.21428571428571427,1.0,1.0,0.0
bm25,3,REC_051,0.36666666666666664,1.0,1.0,1.0
bm25,3,REC_052,0.0,0.8333333333333334,0.0,
bm25,3,REC_053,0.0,1.0,1.0,1.0
bm25,3,REC_054,0.07547169811320754,0.0,0.0,1.0
bm25,3,REC_055,0.198019801980198,0.5,1.0,1.0
bm25,3,REC_056,0.0,0.0,1.0,
bm25,3,REC_057,0.0,0.0,0.0,0.0
bm25,3,REC_058,0.18181818181818185,0.8,1.0,1.0
bm25,3,REC_059,0.03773584905660377,1.0,1.0,0.0
bm25,3,REC_060,0.11363636363636365,1.0,1.0,0.0
bm25,3,REC_061,0.0,1.0,0.0,1.0
bm25,3,REC_062,0.2162162162162162,1.0,1.0,0.0
bm25,3,REC_063,0.2298850574712644,0.7142857142857143,1.0,0.0
bm25,3,REC_064,0.0,0.0,1.0,
bm25,3,REC_065,0.30952380952380953,0.6,1.0,1.0
bm25,3,REC_066,0.13793103448275862,0.0,0.0,0.0
bm25,3,REC_067,0.0,0.5,0.0,
bm25,3,REC_068,0.10526315789473685,1.0,0.0,0.0
bm25,3,REC_069,0.0,0.0,1.0,
bm25,3,REC_070,0.0923076923076923,1.0,0.0,1.0
bm25,3,REC_071,0.039735099337748346,0.0,0.0,1.0
bm25,3,REC_072,0.0,0.0,0.0,0.0
bm25,3,REC_073,0.17073170731707316,1.0,0.0,0.0
bm25,3,REC_074,0.21176470588235294,1.0,1.0,1.0
bm25,3,REC_075,0.22580645161290322,0.8333333333333334,1.0,0.0
bm25,3,REC_076,0.0,1.0,1.0,
bm25,3,REC_077,0.15873015873015875,0.75,1.0,1.0
bm25,3,REC_078,0.0,0.0,1.0,
bm25,3,REC_079,0.0,1.0,1.0,
bm25,3,REC_080,0.0,1.0,1.0,
bm25,3,REC_081,0.0,0.8571428571428571,0.0,
bm25,3,REC_082,0.0,0.0,1.0,
bm25,3,REC_083,0.06666666666666667,0.0,0.0,1.0
bm25,3,REC_084,0.33333333333333337,0.5,1.0,1.0
bm25,3,REC_085,0.1826923076923077,0.8,1.0,1.0
bm25,3,REC_086,0.09523809523809523,1.0,0.0,0.0
bm25,3,REC_087,0.0,0.0,1.0,
bm25,3,REC_088,0.057692307692307696,0.0,0.0,1.0
bm25,3,REC_089,0.26666666666666666,0.75,1.0,1.0
bm25,3,REC_090,0.03571428571428572,0.0,0.0,1.0
bm25,3,REC_091,0.0,1.0,0.0,
bm25,3,REC_092,0.0,0.0,1.0,
bm25,3,REC_093,0.0,1.0,1.0,
bm25,3,REC_094,0.2745098039215686,0.8,1.0,1.0
bm25,3,REC_095,0.0,0.0,1.0,
bm25,3,REC_096,0.0,1.0,1.0,
bm25,3,REC_097,0.0,0.6666666666666666,0.0,
bm25,3,REC_098,0.1111111111111111,0.5,0.0,0.0
bm25,3,REC_099,0.0,0.0,0.0,1.0
bm25,3,REC_100,0.0,1.0,1.0,
bm25,3,REC_101,0.0,0.5,1.0,
bm25,3,REC_102,0.06060606060606061,1.0,1.0,0.0
bm25,3,REC_103,0.12903225806451615,1.0,1.0,1.0
bm25,3,REC_104,0.060606060606060615,1.0,1.0,1.0
bm25,3,REC_105,0.0,0.875,1.0,0.0
bm25,3,REC_106,0.0,1.0,0.0,0.0
bm25,3,REC_107,0.0,1.0,0.0,1.0
bm25,3,REC_108,0.04,1.0,0.0,0.0
bm25,3,REC_109,0.22857142857142856,1.0,1.0,1.0
bm25,3,REC_110,0.0,1.0,1.0,
bm25,3,REC_111,0.0,1.0,1.0,
bm25,3,REC_112,0.08333333333333333,1.0,1.0,1.0
bm25,3,REC_113,0.3111111111111111,0.8,1.0,1.0
bm25,3,REC_114,0.1834862385321101,0.8571428571428571,1.0,1.0
bm25,3,REC_115,0.14285714285714282,1.0,1.0,1.0
bm25,3,REC_116,0.22222222222222224,0.8,1.0,1.0
bm25,3,REC_117,0.06153846153846154,0.8571428571428571,1.0,1.0
bm25,3,REC_118,0.27027027027027023,0.5,0.0,0.0
bm25,3,REC_119,0.26415094339622647,0.8,1.0,0.0
bm25,3,REC_120,0.1851851851851852,0.6666666666666666,1.0,1.0
bm25,3,REC_121,0.07547169811320754,1.0,0.0,0.0
bm25,3,REC_122,0.0,0.5,1.0,
bm25,3,REC_123,0.0,0.0,1.0,
bm25,3,REC_124,0.0,1.0,1.0,
bm25,3,REC_125,0.0,0.0,0.0,0.0
bm25,3,REC_126,0.060606060606060615,0.5,1.0,1.0
bm25,3,REC_127,0.0,0.0,0.0,0.0
bm25,3,REC_128,0.0,0.0,1.0,
bm25,3,REC_129,0.0,0.0,1.0,
bm25,3,REC_130,0.0,0.0,1.0,
bm25,3,REC_131,0.0,1.0,1.0,
bm25,3,REC_132,0.11494252873563218,1.0,1.0,0.0
bm25,3,REC_133,0.08333333333333334,0.0,0.0,0.0
bm25,3,REC_134,0.17567567567567569,0.625,1.0,0.0
bm25,3,REC_135,0.05128205128205128,0.8,1.0,1.0
bm25,3,REC_136,0.05128205128205127,0.0,0.0,0.0
bm25,3,REC_137,0.0,1.0,1.0,
bm25,3,REC_138,0.047619047619047616,1.0,0.0,0.0
bm25,3,REC_139,0.0,1.0,1.0,
bm25,3,REC_140,0.0,1.0,1.0,
bm25,3,REC_141,0.13333333333333336,1.0,1.0,0.0
bm25,3,REC_142,0.0,0.0,1.0,
bm25,3,REC_143,0.0,0.0,1.0,
bm25,3,REC_144,0.0,1.0,1.0,1.0
bm25,3,REC_145,0.0,1.0,1.0,
bm25,3,REC_146,0.15384615384615383,1.0,1.0,0.0
bm25,3,REC_147,0.0,1.0,1.0,
bm25,3,REC_148,0.05405405405405406,1.0,0.0,0.0
bm25,3,REC_149,0.22222222222222224,0.8,1.0,1.0
bm25,3,REC_150,0.0,1.0,0.0,0.0
bm25,3,REC_151,0.0,0.0,1.0,
bm25,3,REC_152,0.3287671232876712,1.0,1.0,1.0
bm25,3,REC_153,0.0,1.0,0.0,0.0
bm25,3,REC_154,0.0,0.0,1.0,
bm25,3,REC_155,0.0,0.5,0.0,
bm25,3,REC_156,0.163265306122449,0.75,1.0,1.0
bm25,3,REC_157,0.0,1.0,0.0,0.0
bm25,3,REC_158,0.20689655172413793,0.75,1.0,0.0
bm25,3,REC_159,0.26666666666666666,0.6666666666666666,1.0,1.0
bm25,3,REC_160,0.17391304347826086,1.0,1.0,0.0
bm25,3,REC_161,0.0,1.0,1.0,
bm25,3,REC_162,0.04705882352941177,0.0,0.0,0.0
bm25,3,REC_163,0.0,1.0,1.0,
bm25,3,REC_164,0.0,0.0,0.0,0.0
bm25,3,REC_165,0.0,0.0,0.0,0.0
bm25,3,REC_166,0.046511627906976744,0.6,1.0,1.0
bm25,3,REC_167,0.0,1.0,1.0,
bm25,3,REC_168,0.2222222222222222,0.0,0.0,0.0
bm25,3,REC_169,0.06451612903225806,1.0,0.0,0.0
bm25,3,REC_170,0.0,0.0,1.0,
bm25,3,REC_171,0.0,0.0,1.0,
bm25,3,REC_172,0.0,0.0,0.0,
bm25,3,REC_173,0.2692307692307693,1.0,1.0,0.0
bm25,3,REC_174,0.08823529411764705,0.0,0.0,0.0
bm25,3,REC_175,0.20382165605095542,0.8333333333333334,1.0,0.0
bm25,3,REC_176,0.0,0.8571428571428571,0.0,
bm25,3,REC_177,0.3157894736842105,1.0,1.0,1.0
bm25,3,REC_178,0.13114754098360654,1.0,0.0,1.0
bm25,3,REC_179,0.3333333333333333,0.6,1.0,0.0
bm25,3,REC_180,0.24615384615384614,1.0,1.0,0.0
bm25,3,REC_181,0.04761904761904761,1.0,1.0,1.0
bm25,3,REC_182,0.0,1.0,0.0,
bm25,3,REC_183,0.05,0.0,0.0,0.0
bm25,3,REC_184,0.0,0.0,1.0,
bm25,3,REC_185,0.2857142857142857,0.8,1.0,0.0
bm25,3,REC_186,0.03703703703703704,0.0,0.0,0.0
bm25,3,REC_187,0.1758241758241758,0.8571428571428571,1.0,1.0
bm25,3,REC_188,0.14285714285714285,1.0,1.0,1.0
bm25,3,REC_189,0.0,0.0,1.0,
bm25,3,REC_190,0.16666666666666669,0.5,1.0,1.0
bm25,3,REC_191,0.0,0.0,0.0,0.0
bm25,3,REC_192,0.0,0.0,1.0,
bm25,3,REC_193,0.11538461538461536,0.0,0.0,0.0
bm25,3,REC_194,0.1754385964912281,1.0,1.0,1.0
bm25,3,REC_195,0.2857142857142857,0.8,1.0,0.0
bm25,3,REC_196,0.0,1.0,1.0,
bm25,3,REC_197,0.07142857142857142,1.0,0.0,0.0
bm25,3,REC_198,0.09374999999999999,0.8,1.0,0.0
bm25,3,REC_199,0.20512820512820512,1.0,1.0,0.0
bm25,3,REC_200,0.0425531914893617,0.0,0.0,0.0
bm25,5,REC_001,0.0,1.0,1.0,
bm25,5,REC_002,0.0,0.0,1.0,
bm25,5,REC_003,0.0,0.0,0.0,0.0
bm25,5,REC_004,0.0,1.0,1.0,1.0
bm25,5,REC_005,0.0,1.0,1.0,
bm25,5,REC_006,0.24137931034482757,1.0,1.0,0.0
bm25,5,REC_007,0.20689655172413796,1.0,1.0,1.0
bm25,5,REC_008,0.16666666666666666,1.0,1.0,1.0
bm25,5,REC_009,0.0,0.0,1.0,
bm25,5,REC_010,0.0,0.0,1.0,
bm25,5,REC_011,0.1981981981981982,0.8571428571428571,1.0,1.0
bm25,5,REC_012,0.125,0.0,0.0,1.0
bm25,5,REC_013,0.0,1.0,1.0,
bm25,5,REC_014,0.0,1.0,1.0,
bm25,5,REC_015,0.0,1.0,1.0,
bm25,5,REC_016,0.0,0.0,1.0,
bm25,5,REC_017,0.0,1.0,1.0,
bm25,5,REC_018,0.0,0.5,1.0,
bm25,5,REC_019,0.0,0.0,0.0,1.0
bm25,5,REC_020,0.0,0.0,1.0,
bm25,5,REC_021,0.0,1.0,1.0,
bm25,5,REC_022,0.0,1.0,1.0,
bm25,5,REC_023,0.0,0.0,0.0,1.0
bm25,5,REC_024,0.0,0.0,1.0,
bm25,5,REC_025,0.0,0.0,0.0,1.0
bm25,5,REC_026,0.3013698630136986,0.6666666666666666,1.0,1.0
bm25,5,REC_027,0.0,1.0,1.0,
bm25,5,REC_028,0.0,1.0,1.0,
bm25,5,REC_029,0.0,1.0,1.0,1.0
bm25,5,REC_030,0.0,1.0,0.0,0.0
bm25,5,REC_031,0.0,1.0,1.0,
bm25,5,REC_032,0.19753086419753085,1.0,1.0,1.0
bm25,5,REC_033,0.0,1.0,1.0,
bm25,5,REC_034,0.0,0.5,1.0,
bm25,5,REC_035,0.0,1.0,0.0,
bm25,5,REC_036,0.27586206896551724,1.0,1.0,1.0
bm25,5,REC_037,0.0,0.0,1.0,
bm25,5,REC_038,0.14285714285714285,0.8,1.0,1.0
bm25,5,REC_039,0.13114754098360654,1.0,1.0,0.0
bm25,5,REC_040,0.3448275862068966,1.0,1.0,1.0
bm25,5,REC_041,0.09090909090909091,0.3333333333333333,1.0,1.0
bm25,5,REC_042,0.0606060606060606,1.0,1.0,1.0
bm25,5,REC_043,0.1923076923076923,1.0,1.0,1.0
bm25,5,REC_044,0.19819819819819823,1.0,1.0,0.0
bm25,5,REC_045,0.0,0.0,1.0,
bm25,5,REC_046,0.33333333333333337,0.8,1.0,0.0
bm25,5,REC_047,0.3283582089552239,1.0,1.0,0.0
bm25,5,REC_048,0.2608695652173913,1.0,1.0,1.0
bm25,5,REC_049,0.02777777777777778,0.0,0.0,1.0
bm25,5,REC_050,0.20779220779220778,1.0,1.0,0.0
bm25,5,REC_051,0.3859649122807018,1.0,1.0,1.0
bm25,5,REC_052,0.0,1.0,0.0,
bm25,5,REC_053,0.0,1.0,1.0,1.0
bm25,5,REC_054,0.07547169811320754,0.0,0.0,1.0
bm25,5,REC_055,0.15,0.4,1.0,1.0
bm25,5,REC_056,0.0,1.0,1.0,
bm25,5,REC_057,0.0,0.0,0.0,0.0
bm25,5,REC_058,0.1791044776119403,1.0,1.0,1.0
bm25,5,REC_059,0.038461538461538464,1.0,1.0,0.0
bm25,5,REC_060,0.125,1.0,1.0,0.0
bm25,5,REC_061,0.0851063829787234,0.8,1.0,1.0
bm25,5,REC_062,0.375,1.0,1.0,1.0
bm25,5,REC_063,0.2619047619047619,1.0,0.0,1.0
bm25,5,REC_064,0.0,0.0,1.0,
bm25,5,REC_065,0.3181818181818182,0.875,1.0,1.0
bm25,5,REC_066,0.125,1.0,1.0,1.0
bm25,5,REC_067,0.0,1.0,1.0,
bm25,5,REC_068,0.10526315789473685,1.0,0.0,0.0
bm25,5,REC_069,0.0,0.0,1.0,
bm25,5,REC_070,0.1951219512195122,1.0,1.0,1.0
bm25,5,REC_071,0.039735099337748346,0.0,0.0,1.0
bm25,5,REC_072,0.0,0.0,0.0,0.0
bm25,5,REC_073,0.0303030303030303,0.0,0.0,0.0
bm25,5,REC_074,0.25,0.8,1.0,1.0
bm25,5,REC_075,0.13636363636363635,1.0,1.0,0.0
bm25,5,REC_076,0.0,1.0,1.0,
bm25,5,REC_077,0.18181818181818182,1.0,1.0,1.0
bm25,5,REC_078,0.0,1.0,1.0,
bm25,5,REC_079,0.0,1.0,1.0,
bm25,5,REC_080,0.0,1.0,1.0,
bm25,5,REC_081,0.0,1.0,0.0,
bm25,5,REC_082,0.0,0.0,1.0,
bm25,5,REC_083,0.16666666666666666,0.6666666666666666,1.0,1.0
bm25,5,REC_084,0.3,1.0,1.0,1.0
bm25,5,REC_085,0.15023474178403756,1.0,1.0,1.0
bm25,5,REC_086,0.09523809523809523,1.0,0.0,0.0
bm25,5,REC_087,0.0,1.0,1.0,
bm25,5,REC_088,0.15384615384615383,0.8,1.0,1.0
bm25,5,REC_089,0.1509433962264151,0.875,1.0,1.0
bm25,5,REC_090,0.03571428571428572,0.0,0.0,1.0
bm25,5,REC_091,0.0,1.0,1.0,
bm25,5,REC_092,0.0,0.0,1.0,
bm25,5,REC_093,0.0,1.0,1.0,
bm25,5,REC_094,0.26666666666666666,1.0,1.0,1.0
bm25,5,REC_095,0.0,1.0,1.0,
bm25,5,REC_096,0.0,1.0,1.0,
bm25,5,REC_097,0.0,0.75,0.0,
bm25,5,REC_098,0.09523809523809523,1.0,1.0,1.0
bm25,5,REC_099,0.0,0.0,0.0,1.0
bm25,5,REC_100,0.0,0.0,1.0,
bm25,5,REC_101,0.0,1.0,1.0,
bm25,5,REC_102,0.08108108108108109,1.0,1.0,0.0
bm25,5,REC_103,0.13186813186813187,0.8333333333333334,1.0,1.0
bm25,5,REC_104,0.09523809523809522,1.0,1.0,1.0
bm25,5,REC_105,0.0,0.8333333333333334,1.0,1.0
bm25,5,REC_106,0.0,1.0,0.0,0.0
bm25,5,REC_107,0.0,1.0,0.0,1.0
bm25,5,REC_108,0.04,1.0,0.0,0.0
bm25,5,REC_109,0.20689655172413793,1.0,1.0,1.0
bm25,5,REC_110,0.0,1.0,1.0,
bm25,5,REC_111,0.0,1.0,1.0,
bm25,5,REC_112,0.1,1.0,1.0,1.0
bm25,5,REC_113,0.08695652173913043,0.0,0.0,1.0
bm25,5,REC_114,0.17857142857142858,0.8571428571428571,1.0,1.0
bm25,5,REC_115,0.18390804597701152,1.0,1.0,1.0
bm25,5,REC_116,0.20833333333333331,1.0,1.0,1.0
bm25,5,REC_117,0.09756097560975609,0.6666666666666666,1.0,1.0
bm25,5,REC_118,0.23809523809523808,1.0,1.0,1.0
bm25,5,REC_119,0.2857142857142857,1.0,1.0,0.0
bm25,5,REC_120,0.15384615384615383,1.0,1.0,1.0
bm25,5,REC_121,0.07547169811320754,1.0,0.0,0.0
bm25,5,REC_122,0.0,0.5,1.0,
bm25,5,REC_123,0.0,0.0,1.0,
bm25,5,REC_124,0.0,1.0,1.0,
bm25,5,REC_125,0.0,0.0,0.0,0.0
bm25,5,REC_126,0.0,0.0,0.0,1.0
bm25,5,REC_127,0.0,0.0,0.0,0.0
bm25,5,REC_128,0.0,0.0,1.0,
bm25,5,REC_129,0.0,0.0,1.0,
bm25,5,REC_130,0.0,1.0,1.0,
bm25,5,REC_131,0.0,1.0,1.0,
bm25,5,REC_132,0.12658227848101267,1.0,1.0,0.0
bm25,5,REC_133,0.08333333333333334,0.0,0.0,0.0
bm25,5,REC_134,0.1739130434782609,0.75,1.0,0.0
bm25,5,REC_135,0.0,0.5,0.0,1.0
bm25,5,REC_136,0.05128205128205127,0.0,0.0,1.0
bm25,5,REC_137,0.0,1.0,1.0,
bm25,5,REC_138,0.047619047619047616,0.0,0.0,0.0
bm25,5,REC_139,0.0,1.0,1.0,
bm25,5,REC_140,0.0,1.0,1.0,
bm25,5,REC_141,0.08695652173913042,1.0,1.0,0.0
bm25,5,REC_142,0.0,0.0,1.0,
bm25,5,REC_143,0.0,0.0,1.0,
bm25,5,REC_144,0.0,1.0,1.0,1.0
bm25,5,REC_145,0.0,1.0,1.0,
bm25,5,REC_146,0.2278481012658228,1.0,1.0,1.0
bm25,5,REC_147,0.0,0.0,1.0,
bm25,5,REC_148,0.05405405405405406,0.0,0.0,0.0
bm25,5,REC_149,0.225,0.8333333333333334,1.0,1.0
bm25,5,REC_150,0.0,1.0,0.0,0.0
bm25,5,REC_151,0.0,0.0,1.0,
bm25,5,REC_152,0.30769230769230765,1.0,1.0,1.0
bm25,5,REC_153,0.0,1.0,0.0,0.0
bm25,5,REC_154,0.0,0.0,1.0,
bm25,5,REC_155,0.0,1.0,1.0,
bm25,5,REC_156,0.08695652173913045,1.0,1.0,1.0
bm25,5,REC_157,0.0,1.0,1.0,0.0
bm25,5,REC_158,0.13114754098360654,1.0,1.0,1.0
bm25,5,REC_159,0.22950819672131145,1.0,1.0,1.0
bm25,5,REC_160,0.3272727272727273,1.0,1.0,0.0
bm25,5,REC_161,0.0,1.0,1.0,
bm25,5,REC_162,0.04705882352941177,0.0,0.0,0.0
bm25,5,REC_163,0.0,1.0,1.0,
bm25,5,REC_164,0.0,0.0,0.0,0.0
bm25,5,REC_165,0.0,0.0,0.0,0.0
bm25,5,REC_166,0.05555555555555555,0.75,1.0,1.0
bm25,5,REC_167,0.0,1.0,1.0,
bm25,5,REC_168,0.2222222222222222,0.0,0.0,1.0
bm25,5,REC_169,0.06451612903225806,1.0,0.0,0.0
bm25,5,REC_170,0.0,0.0,1.0,
bm25,5,REC_171,0.0,0.0,1.0,
bm25,5,REC_172,0.0,0.0,0.0,
bm25,5,REC_173,0.2692307692307693,1.0,1.0,0.0
bm25,5,REC_174,0.08823529411764705,0.0,0.0,0.0
bm25,5,REC_175,0.27058823529411763,1.0,1.0,0.0
bm25,5,REC_176,0.0,1.0,0.0,
bm25,5,REC_177,0.35955056179775274,1.0,1.0,1.0
bm25,5,REC_178,0.13114754098360654,1.0,0.0,1.0
bm25,5,REC_179,0.3125,0.7142857142857143,1.0,0.0
bm25,5,REC_180,0.21782178217821782,0.875,1.0,0.0
bm25,5,REC_181,0.0,0.0,0.0,1.0
bm25,5,REC_182,0.0,1.0,0.0,
bm25,5,REC_183,0.05,0.0,0.0,0.0
bm25,5,REC_184,0.0,0.0,1.0,
bm25,5,REC_185,0.3529411764705882,1.0,1.0,0.0
bm25,5,REC_186,0.03703703703703704,0.0,0.0,0.0
bm25,5,REC_187,0.13483146067415733,0.6,1.0,1.0
bm25,5,REC_188,0.14084507042253522,0.8,1.0,1.0
bm25,5,REC_189,0.0,0.0,1.0,
bm25,5,REC_190,0.0923076923076923,1.0,1.0,1.0
bm25,5,REC_191,0.0,0.0,0.0,0.0
bm25,5,REC_192,0.0,1.0,1.0,
bm25,5,REC_193,0.11538461538461536,1.0,0.0,0.0
bm25,5,REC_194,0.2105263157894737,0.8,1.0,1.0
bm25,5,REC_195,0.16666666666666666,0.75,1.0,0.0
bm25,5,REC_196,0.0,1.0,1.0,
bm25,5,REC_197,0.07142857142857142,1.0,0.0,0.0
bm25,5,REC_198,0.13953488372093026,0.75,1.0,0.0
bm25,5,REC_199,0.30612244897959184,1.0,1.0,0.0
bm25,5,REC_200,0.0425531914893617,1.0,0.0,0.0
dense,10,REC_001,0.0,1.0,1.0,
dense,10,REC_002,0.0,0.0,1.0,
dense,10,REC_003,0.0,0.0,0.0,1.0
dense,10,REC_004,0.0,1.0,1.0,1.0
dense,10,REC_005,0.0,0.0,1.0,
dense,10,REC_006,0.22580645161290322,,1.0,1.0
dense,10,REC_007,0.08695652173913045,,1.0,1.0
dense,10,REC_008,0.12000000000000001,0.8,1.0,1.0
dense,10,REC_009,0.0,0.0,1.0,
dense,10,REC_010,0.0,0.0,1.0,
dense,10,REC_011,0.1848739495798319,0.7142857142857143,1.0,1.0
dense,10,REC_012,0.125,0.0,0.0,1.0
dense,10,REC_013,0.0,1.0,1.0,
dense,10,REC_014,0.0,0.0,1.0,
dense,10,REC_015,0.0,1.0,1.0,
dense,10,REC_016,0.0,1.0,1.0,
dense,10,REC_017,0.0,0.0,1.0,
dense,10,REC_018,0.0,0.5,1.0,
dense,10,REC_019,0.0,0.0,0.0,1.0
dense,10,REC_020,0.0,0.0,1.0,
dense,10,REC_021,0.0,1.0,1.0,
dense,10,REC_022,0.0,1.0,1.0,
dense,10,REC_023,0.0,0.0,0.0,1.0
dense,10,REC_024,0.0,0.0,1.0,
dense,10,REC_025,0.0,0.0,0.0,1.0
dense,10,REC_026,0.22988505747126436,0.875,1.0,1.0
dense,10,REC_027,0.0,0.0,1.0,
dense,10,REC_028,0.0,1.0,1.0,
dense,10,REC_029,0.0,0.6,1.0,1.0
dense,10,REC_030,0.0,1.0,0.0,1.0
dense,10,REC_031,0.0,1.0,1.0,
dense,10,REC_032,0.19512195121951217,1.0,1.0,1.0
dense,10,REC_033,0.0,1.0,1.0,
dense,10,REC_034,0.0,0.5,1.0,
dense,10,REC_035,0.0,1.0,0.0,
dense,10,REC_036,0.1875,1.0,1.0,1.0
dense,10,REC_037,0.0,0.0,1.0,
dense,10,REC_038,0.1797752808988764,1.0,1.0,1.0
dense,10,REC_039,0.11267605633802817,1.0,1.0,1.0
dense,10,REC_040,0.2285714285714286,1.0,1.0,1.0
dense,10,REC_041,0.16666666666666666,1.0,1.0,1.0
dense,10,REC_042,0.058823529411764705,1.0,1.0,1.0
dense,10,REC_043,0.4324324324324324,1.0,1.0,1.0
dense,10,REC_044,0.18518518518518517,0.8,1.0,1.0
dense,10,REC_045,0.0,0.0,1.0,
dense,10,REC_046,0.25600000000000006,0.75,1.0,1.0
dense,10,REC_047,0.273972602739726,1.0,1.0,1.0
dense,10,REC_048,0.2571428571428572,0.8333333333333334,1.0,1.0
dense,10,REC_049,0.02777777777777778,0.0,0.0,1.0
dense,10,REC_050,0.20833333333333331,1.0,1.0,1.0
dense,10,REC_051,0.047619047619047616,0.0,0.0,1.0
dense,10,REC_052,0.0,1.0,0.0,
dense,10,REC_053,0.0,1.0,1.0,1.0
dense,10,REC_054,0.07547169811320754,0.0,0.0,1.0
dense,10,REC_055,0.16470588235294117,0.8333333333333334,1.0,1.0
dense,10,REC_056,0.0,1.0,1.0,
dense,10,REC_057,0.0784313725490196,1.0,1.0,1.0
dense,10,REC_058,0.10526315789473684,0.0,0.0,1.0
dense,10,REC_059,0.08888888888888889,1.0,1.0,1.0
dense,10,REC_060,0.08333333333333333,1.0,1.0,1.0
dense,10,REC_061,0.07547169811320754,0.8571428571428571,1.0,1.0
dense,10,REC_062,0.3,1.0,1.0,1.0
dense,10,REC_063,0.2898550724637681,0.6666666666666666,1.0,1.0
dense,10,REC_064,0.0,0.0,1.0,
dense,10,REC_065,0.16666666666666666,0.75,1.0,1.0
dense,10,REC_066,0.21276595744680854,1.0,1.0,1.0
dense,10,REC_067,0.0,1.0,1.0,
dense,10,REC_068,0.10526315789473685,1.0,0.0,1.0
dense,10,REC_069,0.0,0.0,1.0,
dense,10,REC_070,0.27956989247311825,0.8,1.0,1.0
dense,10,REC_071,0.039735099337748346,0.0,0.0,1.0
dense,10,REC_072,0.0,0.0,0.0,1.0
dense,10,REC_073,0.0303030303030303,0.0,0.0,1.0
dense,10,REC_074,0.19318181818181815,1.0,1.0,1.0
dense,10,REC_075,0.21052631578947367,1.0,1.0,1.0
dense,10,REC_076,0.0,1.0,1.0,
dense,10,REC_077,0.24000000000000002,1.0,1.0,1.0
dense,10,REC_078,0.0,1.0,1.0,
dense,10,REC_079,0.0,1.0,1.0,
dense,10,REC_080,0.0,1.0,1.0,
dense,10,REC_081,0.0,1.0,0.0,
dense,10,REC_082,0.0,0.0,1.0,
dense,10,REC_083,0.25316455696202533,0.75,1.0,1.0
dense,10,REC_084,0.25,1.0,1.0,1.0
dense,10,REC_085,0.18446601941747573,0.9090909090909091,1.0,1.0
dense,10,REC_086,0.09523809523809523,0.0,0.0,1.0
dense,10,REC_087,0.0,1.0,1.0,
dense,10,REC_088,0.057692307692307696,1.0,0.0,1.0
dense,10,REC_089,0.16666666666666669,1.0,1.0,1.0
dense,10,REC_090,0.03571428571428572,0.0,0.0,1.0
dense,10,REC_091,0.0,0.6,0.0,
dense,10,REC_092,0.0,1.0,1.0,
dense,10,REC_093,0.0,1.0,1.0,
dense,10,REC_094,0.26229508196721313,0.6666666666666666,1.0,1.0
dense,10,REC_095,0.0,1.0,1.0,
dense,10,REC_096,0.0,1.0,1.0,
dense,10,REC_097,0.0,1.0,0.0,
dense,10,REC_098,0.1111111111111111,0.0,0.0,1.0
dense,10,REC_099,0.0,1.0,0.0,1.0
dense,10,REC_100,0.0,0.0,1.0,
dense,10,REC_101,0.0,0.5,1.0,
dense,10,REC_102,0.14457831325301204,0.8333333333333334,1.0,1.0
dense,10,REC_103,0.099009900990099,1.0,1.0,1.0
dense,10,REC_104,0.06666666666666667,0.75,1.0,1.0
dense,10,REC_105,0.0,0.8,1.0,1.0
dense,10,REC_106,0.0,0.0,0.0,1.0
dense,10,REC_107,0.0,0.0,0.0,1.0
dense,10,REC_108,0.19444444444444445,1.0,1.0,1.0
dense,10,REC_109,0.25,1.0,1.0,1.0
dense,10,REC_110,0.0,1.0,1.0,
dense,10,REC_111,0.0,1.0,1.0,
dense,10,REC_112,0.11428571428571428,1.0,1.0,1.0
dense,10,REC_113,0.08695652173913043,0.0,0.0,1.0
dense,10,REC_114,0.1702127659574468,1.0,1.0,1.0
dense,10,REC_115,0.1702127659574468,1.0,1.0,1.0
dense,10,REC_116,0.18181818181818182,1.0,1.0,1.0
dense,10,REC_117,0.09302325581395349,0.6,1.0,1.0
dense,10,REC_118,0.24615384615384614,1.0,1.0,1.0
dense,10,REC_119,0.23529411764705882,1.0,1.0,1.0
dense,10,REC_120,0.14814814814814817,1.0,1.0,1.0
dense,10,REC_121,0.07547169811320754,1.0,0.0,1.0
dense,10,REC_122,0.0,1.0,1.0,
dense,10,REC_123,0.0,0.0,1.0,
dense,10,REC_124,0.0,1.0,1.0,
dense,10,REC_125,0.0,1.0,0.0,1.0
dense,10,REC_126,0.0,0.0,0.0,1.0
dense,10,REC_127,0.045454545454545456,0.8571428571428571,1.0,1.0
dense,10,REC_128,0.0,0.0,1.0,
dense,10,REC_129,0.0,0.0,1.0,
dense,10,REC_130,0.0,1.0,1.0,
dense,10,REC_131,0.0,1.0,1.0,
dense,10,REC_132,0.1395348837209302,1.0,1.0,0.0
dense,10,REC_133,0.08333333333333334,0.0,0.0,0.0
dense,10,REC_134,0.12162162162162161,1.0,1.0,1.0
dense,10,REC_135,0.0,0.0,0.0,0.0
dense,10,REC_136,0.05128205128205127,0.0,0.0,1.0
dense,10,REC_137,0.0,1.0,1.0,
dense,10,REC_138,0.047619047619047616,1.0,0.0,0.0
dense,10,REC_139,0.0,1.0,0.0,
dense,10,REC_140,0.0,1.0,1.0,
dense,10,REC_141,0.07142857142857144,1.0,1.0,0.0
dense,10,REC_142,0.0,0.0,1.0,
dense,10,REC_143,0.0,0.0,1.0,
dense,10,REC_144,0.0,1.0,1.0,1.0
dense,10,REC_145,0.0,1.0,1.0,
dense,10,REC_146,0.29090909090909095,0.8,1.0,0.0
dense,10,REC_147,0.0,1.0,1.0,
dense,10,REC_148,0.05405405405405406,0.0,0.0,0.0
dense,10,REC_149,0.2105263157894737,0.875,1.0,1.0
dense,10,REC_150,0.17857142857142858,0.75,1.0,1.0
dense,10,REC_151,0.0,1.0,1.0,
dense,10,REC_152,0.3142857142857143,1.0,1.0,1.0
dense,10,REC_153,0.0,1.0,0.0,1.0
dense,10,REC_154,0.0,,1.0,
dense,10,REC_155,0.0,,1.0,
dense,10,REC_156,0.125,,1.0,1.0
dense,10,REC_157,0.0,1.0,0.0,1.0
dense,10,REC_158,0.1739130434782609,1.0,1.0,1.0
dense,10,REC_159,0.2413793103448276,1.0,1.0,1.0
dense,10,REC_160,0.3773584905660377,1.0,1.0,0.0
dense,10,REC_161,0.0,1.0,1.0,
dense,10,REC_162,0.04705882352941177,0.0,0.0,0.0
dense,10,REC_163,0.0,1.0,1.0,
dense,10,REC_164,0.0,0.5,0.0,1.0
dense,10,REC_165,0.0,0.0,0.0,1.0
dense,10,REC_166,0.08695652173913043,1.0,1.0,1.0
dense,10,REC_167,0.0,1.0,1.0,
dense,10,REC_168,0.2222222222222222,0.0,0.0,0.0
dense,10,REC_169,0.06451612903225806,1.0,0.0,1.0
dense,10,REC_170,0.0,0.0,1.0,
dense,10,REC_171,0.0,0.0,1.0,
dense,10,REC_172,0.0,1.0,0.0,
dense,10,REC_173,0.3243243243243243,1.0,1.0,1.0
dense,10,REC_174,0.08823529411764705,0.0,0.0,1.0
dense,10,REC_175,0.29585798816568043,1.0,1.0,0.0
dense,10,REC_176,0.0,1.0,0.0,
dense,10,REC_177,0.31818181818181823,1.0,1.0,1.0
dense,10,REC_178,0.13114754098360654,0.0,0.0,1.0
dense,10,REC_179,0.3076923076923077,0.7777777777777778,1.0,0.0
dense,10,REC_180,0.2716049382716049,0.75,1.0,1.0
dense,10,REC_181,0.0,1.0,0.0,1.0
dense,10,REC_182,0.0,1.0,0.0,
dense,10,REC_183,0.05,0.0,0.0,0.0
dense,10,REC_184,0.0,0.0,1.0,
dense,10,REC_185,0.3058823529411765,0.5714285714285714,1.0,1.0
dense,10,REC_186,0.03703703703703704,0.0,0.0,0.0
dense,10,REC_187,0.16470588235294117,0.8333333333333334,1.0,1.0
dense,10,REC_188,0.18390804597701152,1.0,1.0,1.0
dense,10,REC_189,0.0,0.0,1.0,
dense,10,REC_190,0.11320754716981132,1.0,1.0,1.0
dense,10,REC_191,0.0,0.0,0.0,1.0
dense,10,REC_192,0.0,1.0,1.0,
dense,10,REC_193,0.11538461538461536,0.0,0.0,0.0
dense,10,REC_194,0.06451612903225808,1.0,1.0,1.0
dense,10,REC_195,0.20000000000000004,1.0,1.0,1.0
dense,10,REC_196,0.0,1.0,1.0,
dense,10,REC_197,0.07142857142857142,1.0,0.0,1.0
dense,10,REC_198,0.09677419354838708,,1.0,0.0
dense,10,REC_199,0.3191489361702127,1.0,1.0,1.0
dense,10,REC_200,0.0425531914893617,0.0,0.0,0.0
dense,1,REC_001,0.0,0.0,1.0,
dense,1,REC_002,0.0,0.0,1.0,
dense,1,REC_003,0.0,0.0,0.0,0.0
dense,1,REC_004,0.0,1.0,0.0,0.0
dense,1,REC_005,0.0,1.0,0.0,
dense,1,REC_006,0.32653061224489793,0.75,1.0,0.0
dense,1,REC_007,0.13333333333333333,1.0,1.0,0.0
dense,1,REC_008,0.25000000000000006,0.75,1.0,1.0
dense,1,REC_009,0.0,0.0,1.0,
dense,1,REC_010,0.0,0.0,1.0,
dense,1,REC_011,0.20253164556962025,1.0,1.0,0.0
dense,1,REC_012,0.125,0.0,0.0,0.0
dense,1,REC_013,0.0,0.0,1.0,
dense,1,REC_014,0.0,0.0,1.0,
dense,1,REC_015,0.0,1.0,0.0,
dense,1,REC_016,0.0,0.75,0.0,
dense,1,REC_017,0.0,0.8,0.0,
dense,1,REC_018,0.0,0.4,0.0,
dense,1,REC_019,0.0,0.0,0.0,0.0
dense,1,REC_020,0.0,0.0,1.0,
dense,1,REC_021,0.0,0.0,1.0,
dense,1,REC_022,0.0,1.0,0.0,
dense,1,REC_023,0.0,0.0,0.0,0.0
dense,1,REC_024,0.0,0.0,1.0,
dense,1,REC_025,0.0,0.0,0.0,1.0
dense,1,REC_026,0.2682926829268293,0.75,1.0,0.0
dense,1,REC_027,0.0,0.0,1.0,
dense,1,REC_028,0.0,0.0,1.0,
dense,1,REC_029,0.052631578947368425,0.8571428571428571,1.0,1.0
dense,1,REC_030,0.0,0.0,0.0,1.0
dense,1,REC_031,0.0,0.0,1.0,
dense,1,REC_032,0.2247191011235955,0.6,1.0,1.0
dense,1,REC_033,0.0,0.0,1.0,
dense,1,REC_034,0.0,0.0,1.0,
dense,1,REC_035,0.0,1.0,0.0,
dense,1,REC_036,0.22222222222222224,1.0,1.0,1.0
dense,1,REC_037,0.0,0.0,1.0,
dense,1,REC_038,0.09523809523809523,1.0,1.0,1.0
dense,1,REC_039,0.13333333333333333,0.75,1.0,1.0
dense,1,REC_040,0.5333333333333333,1.0,1.0,1.0
dense,1,REC_041,0.16666666666666666,0.0,1.0,0.0
dense,1,REC_042,0.037037037037037035,1.0,1.0,1.0
dense,1,REC_043,0.2926829268292683,0.8,1.0,1.0
dense,1,REC_044,0.26666666666666666,0.6,1.0,0.0
dense,1,REC_045,0.0,0.0,1.0,
dense,1,REC_046,0.23076923076923075,0.8571428571428571,1.0,1.0
dense,1,REC_047,0.22222222222222224,0.375,1.0,0.0
dense,1,REC_048,0.04444444444444444,1.0,0.0,0.0
dense,1,REC_049,0.07317073170731707,0.6666666666666666,1.0,0.0
dense,1,REC_050,0.1875,1.0,1.0,0.0
dense,1,REC_051,0.3125,1.0,1.0,0.0
dense,1,REC_052,0.0,0.0,1.0,
dense,1,REC_053,0.0,1.0,1.0,0.0
dense,1,REC_054,0.07547169811320754,0.0,0.0,0.0
dense,1,REC_055,0.1473684210526316,1.0,1.0,1.0
dense,1,REC_056,0.0,0.0,1.0,
dense,1,REC_057,0.09090909090909091,0.0,1.0,1.0
dense,1,REC_058,0.27450980392156865,0.6666666666666666,1.0,1.0
dense,1,REC_059,0.04651162790697674,0.6666666666666666,1.0,0.0
dense,1,REC_060,0.1590909090909091,0.2857142857142857,1.0,0.0
dense,1,REC_061,0.0,1.0,0.0,1.0
dense,1,REC_062,0.3636363636363636,1.0,1.0,0.0
dense,1,REC_063,0.2380952380952381,0.8333333333333334,1.0,0.0
dense,1,REC_064,0.0,0.0,1.0,
dense,1,REC_065,0.0821917808219178,0.75,0.0,0.0
dense,1,REC_066,0.13793103448275862,0.0,0.0,0.0
dense,1,REC_067,0.0,0.0,1.0,
dense,1,REC_068,0.10526315789473685,1.0,0.0,1.0
dense,1,REC_069,0.0,1.0,1.0,
dense,1,REC_070,0.0923076923076923,0.0,0.0,0.0
dense,1,REC_071,0.039735099337748346,0.0,0.0,0.0
dense,1,REC_072,0.0,0.0,0.0,0.0
dense,1,REC_073,0.13333333333333333,0.6666666666666666,1.0,0.0
dense,1,REC_074,0.1216216216216216,0.6666666666666666,1.0,0.0
dense,1,REC_075,0.26666666666666666,0.4,1.0,0.0
dense,1,REC_076,0.0,0.0,1.0,
dense,1,REC_077,0.25,1.0,1.0,1.0
dense,1,REC_078,0.0,1.0,1.0,
dense,1,REC_079,0.0,0.0,1.0,
dense,1,REC_080,0.0,1.0,1.0,
dense,1,REC_081,0.0,1.0,0.0,
dense,1,REC_082,0.0,0.0,1.0,
dense,1,REC_083,0.29411764705882354,0.5,1.0,0.0
dense,1,REC_084,0.33333333333333337,1.0,1.0,1.0
dense,1,REC_085,0.1176470588235294,0.8333333333333334,1.0,1.0
dense,1,REC_086,0.09523809523809523,1.0,0.0,0.0
dense,1,REC_087,0.0,0.0,1.0,
dense,1,REC_088,0.14634146341463414,1.0,1.0,1.0
dense,1,REC_089,0.23076923076923078,0.3333333333333333,1.0,1.0
dense,1,REC_090,0.17142857142857143,0.5,1.0,0.0
dense,1,REC_091,0.0,1.0,0.0,
dense,1,REC_092,0.0,0.0,1.0,
dense,1,REC_093,0.0,0.0,1.0,
dense,1,REC_094,0.24000000000000002,1.0,1.0,0.0
dense,1,REC_095,0.0,0.0,1.0,
dense,1,REC_096,0.0,0.0,1.0,
dense,1,REC_097,0.0,0.5,0.0,
dense,1,REC_098,0.09090909090909091,1.0,1.0,1.0
dense,1,REC_099,0.0,1.0,0.0,0.0
dense,1,REC_100,0.0,0.0,1.0,
dense,1,REC_101,0.0,0.0,1.0,
dense,1,REC_102,0.0,1.0,1.0,0.0
dense,1,REC_103,0.15384615384615383,0.6666666666666666,1.0,0.0
dense,1,REC_104,0.15384615384615383,0.875,1.0,0.0
dense,1,REC_105,0.0,1.0,1.0,0.0
dense,1,REC_106,0.0,0.0,0.0,0.0
dense,1,REC_107,0.0,0.0,0.0,0.0
dense,1,REC_108,0.04,0.0,0.0,0.0
dense,1,REC_109,0.09523809523809523,0.0,0.0,0.0
dense,1,REC_110,0.0,0.0,1.0,
dense,1,REC_111,0.0,1.0,1.0,
dense,1,REC_112,0.08333333333333333,1.0,1.0,1.0
dense,1,REC_113,0.08695652173913043,0.0,0.0,0.0
dense,1,REC_114,0.05405405405405405,0.0,0.0,0.0
dense,1,REC_115,0.1388888888888889,1.0,1.0,0.0
dense,1,REC_116,0.17777777777777778,0.6666666666666666,1.0,0.0
dense,1,REC_117,0.0,0.0,0.0,1.0
dense,1,REC_118,0.23376623376623376,1.0,1.0,1.0
dense,1,REC_119,0.22580645161290325,0.7142857142857143,1.0,0.0
dense,1,REC_120,0.18181818181818182,1.0,1.0,0.0
dense,1,REC_121,0.07547169811320754,0.0,0.0,0.0
dense,1,REC_122,0.0,0.0,1.0,
dense,1,REC_123,0.0,0.0,1.0,
dense,1,REC_124,0.0,0.0,1.0,
dense,1,REC_125,0.0,0.0,0.0,0.0
dense,1,REC_126,0.10344827586206895,0.8,1.0,1.0
dense,1,REC_127,0.0,0.0,0.0,0.0
dense,1,REC_128,0.0,0.0,1.0,
dense,1,REC_129,0.0,0.0,1.0,
dense,1,REC_130,0.0,0.0,1.0,
dense,1,REC_131,0.0,1.0,1.0,
dense,1,REC_132,0.10344827586206896,1.0,1.0,0.0
dense,1,REC_133,0.08333333333333334,0.0,0.0,0.0
dense,1,REC_134,0.24203821656050958,0.8333333333333334,1.0,0.0
dense,1,REC_135,0.0,0.0,0.0,0.0
dense,1,REC_136,0.05128205128205127,0.0,0.0,1.0
dense,1,REC_137,0.0,0.0,1.0,
dense,1,REC_138,0.047619047619047616,0.0,0.0,0.0
dense,1,REC_139,0.0,0.0,1.0,
dense,1,REC_140,0.0,0.0,1.0,
dense,1,REC_141,0.15384615384615385,1.0,1.0,0.0
dense,1,REC_142,0.0,1.0,0.0,
dense,1,REC_143,0.0,0.0,1.0,
dense,1,REC_144,0.0,0.0,1.0,0.0
dense,1,REC_145,0.0,0.0,1.0,
dense,1,REC_146,0.22727272727272727,1.0,1.0,0.0
dense,1,REC_147,0.0,0.0,1.0,
dense,1,REC_148,0.05405405405405406,0.0,0.0,0.0
dense,1,REC_149,0.17283950617283952,1.0,1.0,0.0
dense,1,REC_150,0.0,0.0,0.0,0.0
dense,1,REC_151,0.0,0.0,1.0,
dense,1,REC_152,0.24657534246575344,1.0,1.0,0.0
dense,1,REC_153,0.0,0.0,0.0,0.0
dense,1,REC_154,0.0,0.0,1.0,
dense,1,REC_155,0.0,1.0,0.0,
dense,1,REC_156,0.18518518518518517,1.0,1.0,1.0
dense,1,REC_157,0.0,1.0,1.0,0.0
dense,1,REC_158,0.2272727272727273,1.0,1.0,0.0
dense,1,REC_159,0.15625,1.0,1.0,1.0
dense,1,REC_160,0.41509433962264153,0.3333333333333333,1.0,0.0
dense,1,REC_161,0.0,0.0,1.0,
dense,1,REC_162,0.04705882352941177,0.0,0.0,0.0
dense,1,REC_163,0.0,1.0,1.0,
dense,1,REC_164,0.14814814814814814,0.8,0.0,1.0
dense,1,REC_165,0.0,0.0,0.0,0.0
dense,1,REC_166,0.06451612903225808,0.6666666666666666,1.0,0.0
dense,1,REC_167,0.0,0.0,1.0,
dense,1,REC_168,0.2222222222222222,0.0,0.0,0.0
dense,1,REC_169,0.06451612903225806,1.0,0.0,0.0
dense,1,REC_170,0.0,0.0,1.0,
dense,1,REC_171,0.0,0.0,1.0,
dense,1,REC_172,0.0,0.0,0.0,
dense,1,REC_173,0.3243243243243243,0.5,1.0,0.0
dense,1,REC_174,0.08823529411764705,0.0,0.0,0.0
dense,1,REC_175,0.16993464052287582,1.0,1.0,0.0
dense,1,REC_176,0.0,1.0,0.0,
dense,1,REC_177,0.225,1.0,1.0,0.0
dense,1,REC_178,0.13114754098360654,0.0,0.0,0.0
dense,1,REC_179,0.4,1.0,1.0,0.0
dense,1,REC_180,0.3571428571428571,0.6666666666666666,1.0,0.0
dense,1,REC_181,0.1,0.3333333333333333,1.0,1.0
dense,1,REC_182,0.0,1.0,0.0,
dense,1,REC_183,0.05,0.0,0.0,0.0
dense,1,REC_184,0.0,0.0,1.0,
dense,1,REC_185,0.06666666666666667,0.0,0.0,0.0
dense,1,REC_186,0.03703703703703704,0.0,0.0,0.0
dense,1,REC_187,0.1388888888888889,0.25,1.0,0.0
dense,1,REC_188,0.1590909090909091,0.6666666666666666,1.0,0.0
dense,1,REC_189,0.0,0.0,1.0,
dense,1,REC_190,0.08163265306122448,1.0,1.0,1.0
dense,1,REC_191,0.0,0.0,0.0,0.0
dense,1,REC_192,0.0,0.0,1.0,
dense,1,REC_193,0.11538461538461536,1.0,0.0,0.0
dense,1,REC_194,0.23076923076923075,0.5,1.0,0.0
dense,1,REC_195,0.047619047619047616,0.0,0.0,0.0
dense,1,REC_196,0.0,0.0,1.0,
dense,1,REC_197,0.25641025641025644,1.0,1.0,1.0
dense,1,REC_198,0.09523809523809525,0.5,1.0,0.0
dense,1,REC_199,0.21212121212121213,1.0,1.0,0.0
dense,1,REC_200,0.0425531914893617,1.0,0.0,0.0
dense,3,REC_001,0.0,1.0,1.0,
dense,3,REC_002,0.0,0.0,1.0,
dense,3,REC_003,0.0,0.0,0.0,1.0
dense,3,REC_004,0.0,0.6666666666666666,1.0,1.0
dense,3,REC_005,0.0,1.0,0.0,
dense,3,REC_006,0.32653061224489793,1.0,1.0,1.0
dense,3,REC_007,0.163265306122449,0.8333333333333334,1.0,0.0
dense,3,REC_008,0.16949152542372878,1.0,1.0,1.0
dense,3,REC_009,0.0,0.0,1.0,
dense,3,REC_010,0.0,0.0,1.0,
dense,3,REC_011,0.19512195121951217,1.0,1.0,1.0
dense,3,REC_012,0.125,0.0,0.0,0.0
dense,3,REC_013,0.0,1.0,1.0,
dense,3,REC_014,0.0,1.0,1.0,
dense,3,REC_015,0.0,1.0,1.0,
dense,3,REC_016,0.0,1.0,1.0,
dense,3,REC_017,0.0,0.75,0.0,
dense,3,REC_018,0.0,0.0,1.0,
dense,3,REC_019,0.0,0.0,0.0,1.0
dense,3,REC_020,0.0,0.0,1.0,
dense,3,REC_021,0.0,1.0,1.0,
dense,3,REC_022,0.0,1.0,1.0,
dense,3,REC_023,0.0,0.0,0.0,0.0
dense,3,REC_024,0.0,0.0,1.0,
dense,3,REC_025,0.0,0.0,0.0,1.0
dense,3,REC_026,0.20224719101123598,0.8,1.0,1.0
dense,3,REC_027,0.0,1.0,1.0,
dense,3,REC_028,0.0,1.0,1.0,
dense,3,REC_029,0.0,1.0,1.0,1.0
dense,3,REC_030,0.0,0.0,0.0,1.0
dense,3,REC_031,0.0,1.0,1.0,
dense,3,REC_032,0.23404255319148937,0.8,1.0,1.0
dense,3,REC_033,0.0,0.0,1.0,
dense,3,REC_034,0.0,1.0,1.0,
dense,3,REC_035,0.0,1.0,0.0,
dense,3,REC_036,0.15789473684210525,0.8,1.0,1.0
dense,3,REC_037,0.0,1.0,1.0,
dense,3,REC_038,0.12765957446808512,1.0,1.0,1.0
dense,3,REC_039,0.1411764705882353,0.8571428571428571,1.0,1.0
dense,3,REC_040,0.27586206896551724,1.0,1.0,1.0
dense,3,REC_041,0.16666666666666666,0.0,1.0,0.0
dense,3,REC_042,0.05194805194805195,1.0,1.0,1.0
dense,3,REC_043,0.2,1.0,1.0,1.0
dense,3,REC_044,0.28301886792452835,0.6,1.0,1.0
dense,3,REC_045,0.0,0.0,1.0,
dense,3,REC_046,0.24193548387096775,1.0,1.0,1.0
dense,3,REC_047,0.3,1.0,1.0,1.0
dense,3,REC_048,0.3278688524590164,1.0,1.0,0.0
dense,3,REC_049,0.02777777777777778,0.0,0.0,1.0
dense,3,REC_050,0.2388059701492537,0.8888888888888888,1.0,0.0
dense,3,REC_051,0.047619047619047616,0.0,0.0,0.0
dense,3,REC_052,0.0,0.8571428571428571,0.0,
dense,3,REC_053,0.0,1.0,1.0,1.0
dense,3,REC_054,0.07547169811320754,0.0,0.0,1.0
dense,3,REC_055,0.21359223300970875,0.5555555555555556,1.0,1.0
dense,3,REC_056,0.0,0.0,1.0,
dense,3,REC_057,0.0816326530612245,1.0,1.0,1.0
dense,3,REC_058,0.21818181818181817,0.25,1.0,1.0
dense,3,REC_059,0.08888888888888889,0.8571428571428571,1.0,0.0
dense,3,REC_060,0.09090909090909091,0.75,1.0,0.0
dense,3,REC_061,0.06779661016949154,0.7142857142857143,1.0,1.0
dense,3,REC_062,0.25925925925925924,1.0,1.0,0.0
dense,3,REC_063,0.23255813953488372,0.8571428571428571,1.0,0.0
dense,3,REC_064,0.0,0.0,1.0,
dense,3,REC_065,0.2926829268292683,1.0,1.0,1.0
dense,3,REC_066,0.13793103448275862,0.0,0.0,0.0
dense,3,REC_067,0.0,0.5,0.0,
dense,3,REC_068,0.10526315789473685,1.0,0.0,1.0
dense,3,REC_069,0.0,0.0,1.0,
dense,3,REC_070,0.1818181818181818,0.6,1.0,1.0
dense,3,REC_071,0.039735099337748346,0.0,0.0,1.0
dense,3,REC_072,0.0,0.0,0.0,0.0
dense,3,REC_073,0.15789473684210525,1.0,1.0,0.0
dense,3,REC_074,0.16049382716049382,1.0,1.0,0.0
dense,3,REC_075,0.12121212121212123,1.0,0.0,0.0
dense,3,REC_076,0.0,1.0,1.0,
dense,3,REC_077,0.17857142857142858,1.0,1.0,1.0
dense,3,REC_078,0.0,1.0,1.0,
dense,3,REC_079,0.0,1.0,1.0,
dense,3,REC_080,0.0,1.0,1.0,
dense,3,REC_081,0.0,1.0,0.0,
dense,3,REC_082,0.0,1.0,1.0,
dense,3,REC_083,0.25974025974025977,0.8333333333333334,1.0,0.0
dense,3,REC_084,0.15384615384615383,0.6666666666666666,1.0,1.0
dense,3,REC_085,0.16666666666666666,0.625,1.0,1.0
dense,3,REC_086,0.09523809523809523,1.0,0.0,0.0
dense,3,REC_087,0.0,1.0,1.0,
dense,3,REC_088,0.1322314049586777,1.0,1.0,1.0
dense,3,REC_089,0.12244897959183672,0.8333333333333334,1.0,1.0
dense,3,REC_090,0.03571428571428572,0.0,0.0,0.0
dense,3,REC_091,0.0,1.0,0.0,
dense,3,REC_092,0.0,1.0,1.0,
dense,3,REC_093,0.0,1.0,1.0,
dense,3,REC_094,0.29508196721311475,1.0,1.0,1.0
dense,3,REC_095,0.0,1.0,1.0,
dense,3,REC_096,0.0,1.0,1.0,
dense,3,REC_097,0.0,1.0,0.0,
dense,3,REC_098,0.1111111111111111,0.0,0.0,1.0
dense,3,REC_099,0.0,1.0,0.0,0.0
dense,3,REC_100,0.0,1.0,1.0,
dense,3,REC_101,0.0,0.5,1.0,
dense,3,REC_102,0.12307692307692307,0.75,1.0,0.0
dense,3,REC_103,0.17391304347826086,1.0,1.0,0.0
dense,3,REC_104,0.05797101449275362,1.0,1.0,1.0
dense,3,REC_105,0.0,0.875,1.0,0.0
dense,3,REC_106,0.0,1.0,0.0,0.0
dense,3,REC_107,0.0,1.0,0.0,0.0
dense,3,REC_108,0.33707865168539325,1.0,1.0,1.0
dense,3,REC_109,0.2268041237113402,0.6,1.0,1.0
dense,3,REC_110,0.0,1.0,1.0,
dense,3,REC_111,0.0,1.0,1.0,
dense,3,REC_112,0.08333333333333333,1.0,1.0,1.0
dense,3,REC_113,0.08695652173913043,0.0,0.0,0.0
dense,3,REC_114,0.21238938053097342,0.875,1.0,1.0
dense,3,REC_115,0.11627906976744186,1.0,1.0,0.0
dense,3,REC_116,0.1904761904761905,1.0,1.0,0.0
dense,3,REC_117,0.07407407407407406,0.8,1.0,1.0
dense,3,REC_118,0.25,1.0,1.0,1.0
dense,3,REC_119,0.27450980392156865,1.0,1.0,0.0
dense,3,REC_120,0.17543859649122806,1.0,1.0,0.0
dense,3,REC_121,0.07547169811320754,1.0,0.0,0.0
dense,3,REC_122,0.0,1.0,1.0,
dense,3,REC_123,0.0,0.0,1.0,
dense,3,REC_124,0.0,0.0,1.0,
dense,3,REC_125,0.0,0.0,0.0,1.0
dense,3,REC_126,0.0,0.0,0.0,1.0
dense,3,REC_127,0.06451612903225806,0.8571428571428571,1.0,1.0
dense,3,REC_128,0.0,0.0,1.0,
dense,3,REC_129,0.0,0.0,1.0,
dense,3,REC_130,0.0,1.0,1.0,
dense,3,REC_131,0.0,1.0,1.0,
dense,3,REC_132,0.1282051282051282,1.0,1.0,0.0
dense,3,REC_133,0.08333333333333334,0.0,0.0,0.0
dense,3,REC_134,0.174496644295302,0.6,1.0,0.0
dense,3,REC_135,0.0,0.0,0.0,0.0
dense,3,REC_136,0.05128205128205127,0.0,0.0,1.0
dense,3,REC_137,0.0,1.0,1.0,
dense,3,REC_138,0.047619047619047616,0.0,0.0,0.0
dense,3,REC_139,0.0,1.0,1.0,
dense,3,REC_140,0.0,0.0,1.0,
dense,3,REC_141,0.07407407407407407,1.0,1.0,0.0
dense,3,REC_142,0.0,0.0,1.0,
dense,3,REC_143,0.0,0.0,1.0,
dense,3,REC_144,0.0,1.0,1.0,1.0
dense,3,REC_145,0.0,1.0,1.0,
dense,3,REC_146,0.19607843137254902,1.0,1.0,0.0
dense,3,REC_147,0.0,1.0,1.0,
dense,3,REC_148,0.05405405405405406,1.0,0.0,0.0
dense,3,REC_149,0.24691358024691357,0.8,1.0,1.0
dense,3,REC_150,0.13888888888888887,0.8571428571428571,1.0,1.0
dense,3,REC_151,0.0,0.0,1.0,
dense,3,REC_152,0.2535211267605634,1.0,1.0,1.0
dense,3,REC_153,0.0,1.0,0.0,1.0
dense,3,REC_154,0.0,0.0,1.0,
dense,3,REC_155,0.0,1.0,0.0,
dense,3,REC_156,0.16666666666666666,1.0,1.0,1.0
dense,3,REC_157,0.0,1.0,0.0,0.0
dense,3,REC_158,0.1764705882352941,1.0,1.0,0.0
dense,3,REC_159,0.17910447761194032,1.0,1.0,1.0
dense,3,REC_160,0.41509433962264153,1.0,1.0,0.0
dense,3,REC_161,0.0,0.0,1.0,
dense,3,REC_162,0.04705882352941177,0.0,0.0,0.0
dense,3,REC_163,0.0,1.0,1.0,
dense,3,REC_164,0.0,1.0,0.0,1.0
dense,3,REC_165,0.0,0.0,0.0,1.0
dense,3,REC_166,0.05,0.75,1.0,0.0
dense,3,REC_167,0.0,1.0,1.0,
dense,3,REC_168,0.2222222222222222,0.0,0.0,0.0
dense,3,REC_169,0.06451612903225806,1.0,0.0,0.0
dense,3,REC_170,0.0,0.0,1.0,
dense,3,REC_171,0.0,0.0,1.0,
dense,3,REC_172,0.0,0.0,0.0,
dense,3,REC_173,0.3243243243243243,1.0,1.0,0.0
dense,3,REC_174,0.08823529411764705,0.0,0.0,0.0
dense,3,REC_175,0.2738095238095238,1.0,1.0,0.0
dense,3,REC_176,0.0,1.0,0.0,
dense,3,REC_177,0.3013698630136986,1.0,1.0,0.0
dense,3,REC_178,0.13114754098360654,0.0,0.0,0.0
dense,3,REC_179,0.3333333333333333,0.6,1.0,0.0
dense,3,REC_180,0.1891891891891892,1.0,1.0,0.0
dense,3,REC_181,0.0,0.0,0.0,1.0
dense,3,REC_182,0.0,0.6666666666666666,0.0,
dense,3,REC_183,0.05,0.0,0.0,0.0
dense,3,REC_184,0.0,0.0,1.0,
dense,3,REC_185,0.2727272727272727,0.1111111111111111,1.0,0.0
dense,3,REC_186,0.03703703703703704,0.0,0.0,0.0
dense,3,REC_187,0.1935483870967742,1.0,1.0,1.0
dense,3,REC_188,0.19047619047619044,0.7142857142857143,1.0,1.0
dense,3,REC_189,0.0,0.0,1.0,
dense,3,REC_190,0.14705882352941174,0.6,1.0,1.0
dense,3,REC_191,0.0,0.0,0.0,1.0
dense,3,REC_192,0.0,1.0,1.0,
dense,3,REC_193,0.11538461538461536,0.0,0.0,0.0
dense,3,REC_194,0.08,1.0,1.0,0.0
dense,3,REC_195,0.24615384615384614,0.75,1.0,0.0
dense,3,REC_196,0.0,0.0,1.0,
dense,3,REC_197,0.07142857142857142,1.0,0.0,1.0
dense,3,REC_198,0.10714285714285716,0.6,1.0,0.0
dense,3,REC_199,0.26966292134831465,1.0,1.0,0.0
dense,3,REC_200,0.0425531914893617,0.0,0.0,0.0
dense,5,REC_001,0.0,1.0,1.0,
dense,5,REC_002,0.0,0.0,1.0,
dense,5,REC_003,0.0,0.0,0.0,1.0
dense,5,REC_004,0.0,1.0,1.0,1.0
dense,5,REC_005,0.0,1.0,0.0,
dense,5,REC_006,0.27118644067796616,1.0,1.0,1.0
dense,5,REC_007,0.1,0.8333333333333334,1.0,0.0
dense,5,REC_008,0.163265306122449,1.0,1.0,1.0
dense,5,REC_009,0.0,0.0,1.0,
dense,5,REC_010,0.0,0.0,1.0,
dense,5,REC_011,0.1956521739130435,1.0,1.0,1.0
dense,5,REC_012,0.125,0.0,0.0,1.0
dense,5,REC_013,0.0,1.0,1.0,
dense,5,REC_014,0.0,0.0,1.0,
dense,5,REC_015,0.0,1.0,1.0,
dense,5,REC_016,0.0,0.0,1.0,
dense,5,REC_017,0.0,1.0,0.0,
dense,5,REC_018,0.0,0.5,1.0,
dense,5,REC_019,0.0,0.0,0.0,1.0
dense,5,REC_020,0.0,0.0,1.0,
dense,5,REC_021,0.0,1.0,1.0,
dense,5,REC_022,0.0,1.0,1.0,
dense,5,REC_023,0.0,0.0,0.0,0.0
dense,5,REC_024,0.0,0.0,1.0,
dense,5,REC_025,0.0,0.0,0.0,1.0
dense,5,REC_026,0.2105263157894737,0.5,1.0,1.0
dense,5,REC_027,0.0,1.0,1.0,
dense,5,REC_028,0.0,1.0,1.0,
dense,5,REC_029,0.0,0.7142857142857143,1.0,1.0
dense,5,REC_030,0.0,1.0,0.0,1.0
dense,5,REC_031,0.0,1.0,1.0,
dense,5,REC_032,0.20512820512820512,1.0,1.0,1.0
dense,5,REC_033,0.0,1.0,1.0,
dense,5,REC_034,0.0,0.5,1.0,
dense,5,REC_035,0.0,1.0,0.0,
dense,5,REC_036,0.26666666666666666,1.0,1.0,1.0
dense,5,REC_037,0.0,1.0,1.0,
dense,5,REC_038,0.14285714285714285,0.8,1.0,1.0
dense,5,REC_039,0.18666666666666668,1.0,1.0,1.0
dense,5,REC_040,0.2222222222222222,1.0,1.0,1.0
dense,5,REC_041,0.07692307692307693,1.0,1.0,1.0
dense,5,REC_042,0.02857142857142857,1.0,1.0,1.0
dense,5,REC_043,0.35294117647058826,1.0,1.0,1.0
dense,5,REC_044,0.14893617021276595,0.6666666666666666,1.0,1.0
dense,5,REC_045,0.0,0.0,1.0,
dense,5,REC_046,0.3142857142857143,0.875,1.0,1.0
dense,5,REC_047,0.2647058823529412,0.6666666666666666,1.0,1.0
dense,5,REC_048,0.2298850574712644,0.8333333333333334,1.0,1.0
dense,5,REC_049,0.02777777777777778,0.0,0.0,1.0
dense,5,REC_050,0.20338983050847456,1.0,1.0,0.0
dense,5,REC_051,0.047619047619047616,0.0,0.0,1.0
dense,5,REC_052,0.0,1.0,0.0,
dense,5,REC_053,0.0,1.0,1.0,1.0
dense,5,REC_054,0.07547169811320754,0.0,0.0,1.0
dense,5,REC_055,0.1758241758241758,0.7142857142857143,1.0,1.0
dense,5,REC_056,0.0,1.0,1.0,
dense,5,REC_057,0.09999999999999999,0.8,1.0,1.0
dense,5,REC_058,0.10526315789473684,0.0,0.0,1.0
dense,5,REC_059,0.08888888888888889,0.8571428571428571,1.0,0.0
dense,5,REC_060,0.10526315789473684,1.0,1.0,0.0
dense,5,REC_061,0.07142857142857142,0.7142857142857143,1.0,1.0
dense,5,REC_062,0.39024390243902435,1.0,1.0,1.0
dense,5,REC_063,0.29411764705882354,0.8,0.0,0.0
dense,5,REC_064,0.0,1.0,1.0,
dense,5,REC_065,0.30952380952380953,0.875,1.0,1.0
dense,5,REC_066,0.13793103448275862,0.0,0.0,1.0
dense,5,REC_067,0.0,0.0,1.0,
dense,5,REC_068,0.10526315789473685,1.0,0.0,1.0
dense,5,REC_069,0.0,0.0,1.0,
dense,5,REC_070,0.27906976744186046,0.75,1.0,1.0
dense,5,REC_071,0.039735099337748346,0.0,0.0,1.0
dense,5,REC_072,0.0,0.0,0.0,1.0
dense,5,REC_073,0.0303030303030303,0.0,0.0,0.0
dense,5,REC_074,0.19999999999999998,1.0,1.0,1.0
dense,5,REC_075,0.4074074074074074,0.6666666666666666,1.0,1.0
dense,5,REC_076,0.0,1.0,1.0,
dense,5,REC_077,0.30303030303030304,1.0,1.0,1.0
dense,5,REC_078,0.0,1.0,1.0,
dense,5,REC_079,0.0,1.0,1.0,
dense,5,REC_080,0.0,1.0,1.0,
dense,5,REC_081,0.0,1.0,0.0,
dense,5,REC_082,0.0,0.0,1.0,
dense,5,REC_083,0.06666666666666667,0.0,0.0,1.0
dense,5,REC_084,0.2608695652173913,1.0,1.0,1.0
dense,5,REC_085,0.15384615384615385,0.75,1.0,1.0
dense,5,REC_086,0.09523809523809523,0.0,0.0,1.0
dense,5,REC_087,0.0,1.0,1.0,
dense,5,REC_088,0.057692307692307696,1.0,0.0,1.0
dense,5,REC_089,0.15,0.8,1.0,1.0
dense,5,REC_090,0.03571428571428572,0.0,0.0,1.0
dense,5,REC_091,0.0,1.0,0.0,
dense,5,REC_092,0.0,1.0,1.0,
dense,5,REC_093,0.0,1.0,1.0,
dense,5,REC_094,0.2686567164179105,1.0,1.0,1.0
dense,5,REC_095,0.0,0.0,1.0,
dense,5,REC_096,0.0,1.0,1.0,
dense,5,REC_097,0.0,0.8,0.0,
dense,5,REC_098,0.1111111111111111,0.0,0.0,1.0
dense,5,REC_099,0.0,1.0,0.0,1.0
dense,5,REC_100,0.0,0.0,1.0,
dense,5,REC_101,0.0,0.5,1.0,
dense,5,REC_102,0.13513513513513514,0.8333333333333334,1.0,1.0
dense,5,REC_103,0.17391304347826086,1.0,1.0,0.0
dense,5,REC_104,0.03076923076923077,1.0,1.0,1.0
dense,5,REC_105,0.0,1.0,1.0,0.0
dense,5,REC_106,0.0,0.0,0.0,0.0
dense,5,REC_107,0.0,1.0,0.0,1.0
dense,5,REC_108,0.2531645569620253,1.0,1.0,1.0
dense,5,REC_109,0.25,1.0,1.0,1.0
dense,5,REC_110,0.0,1.0,1.0,
dense,5,REC_111,0.0,1.0,1.0,
dense,5,REC_112,0.08695652173913045,1.0,1.0,1.0
dense,5,REC_113,0.08695652173913043,1.0,0.0,0.0
dense,5,REC_114,0.23076923076923075,0.8333333333333334,1.0,1.0
dense,5,REC_115,0.1518987341772152,0.625,1.0,0.0
dense,5,REC_116,0.2285714285714286,1.0,1.0,1.0
dense,5,REC_117,0.1142857142857143,1.0,1.0,1.0
dense,5,REC_118,0.23404255319148937,0.6,1.0,1.0
dense,5,REC_119,0.25,1.0,1.0,1.0
dense,5,REC_120,0.19672131147540986,1.0,1.0,0.0
dense,5,REC_121,0.07547169811320754,1.0,0.0,0.0
dense,5,REC_122,0.0,1.0,1.0,
dense,5,REC_123,0.0,0.0,1.0,
dense,5,REC_124,0.0,1.0,1.0,
dense,5,REC_125,0.0,0.0,0.0,1.0
dense,5,REC_126,0.0,0.0,0.0,1.0
dense,5,REC_127,0.09302325581395349,0.8333333333333334,1.0,1.0
dense,5,REC_128,0.0,1.0,1.0,
dense,5,REC_129,0.0,0.0,1.0,
dense,5,REC_130,0.0,1.0,1.0,
dense,5,REC_131,0.0,1.0,1.0,
dense,5,REC_132,0.11111111111111112,1.0,1.0,0.0
dense,5,REC_133,0.08333333333333334,0.0,0.0,0.0
dense,5,REC_134,0.2105263157894737,0.75,1.0,0.0
dense,5,REC_135,0.0,0.5,0.0,0.0
dense,5,REC_136,0.05128205128205127,0.0,0.0,1.0
dense,5,REC_137,0.0,1.0,1.0,
dense,5,REC_138,0.047619047619047616,1.0,0.0,0.0
dense,5,REC_139,0.0,1.0,1.0,
dense,5,REC_140,0.0,0.0,1.0,
dense,5,REC_141,0.08695652173913042,1.0,1.0,0.0
dense,5,REC_142,0.0,0.0,1.0,
dense,5,REC_143,0.0,0.0,1.0,
dense,5,REC_144,0.0,0.6,1.0,1.0
dense,5,REC_145,0.0,1.0,1.0,
dense,5,REC_146,0.22950819672131148,0.8333333333333334,1.0,0.0
dense,5,REC_147,0.0,1.0,1.0,
dense,5,REC_148,0.05405405405405406,1.0,0.0,0.0
dense,5,REC_149,0.20930232558139536,0.7142857142857143,1.0,1.0
dense,5,REC_150,0.18181818181818185,0.75,1.0,1.0
dense,5,REC_151,0.0,1.0,1.0,
dense,5,REC_152,0.2608695652173913,1.0,1.0,1.0
dense,5,REC_153,0.0,1.0,0.0,1.0
dense,5,REC_154,0.0,0.0,1.0,
dense,5,REC_155,0.0,1.0,1.0,
dense,5,REC_156,0.14545454545454548,1.0,1.0,1.0
dense,5,REC_157,0.0,1.0,0.0,1.0
dense,5,REC_158,0.15873015873015872,0.8,1.0,0.0
dense,5,REC_159,0.21917808219178084,1.0,1.0,1.0
dense,5,REC_160,0.3773584905660377,1.0,1.0,0.0
dense,5,REC_161,0.0,1.0,1.0,
dense,5,REC_162,0.04705882352941177,0.0,0.0,0.0
dense,5,REC_163,0.0,1.0,1.0,
dense,5,REC_164,0.0,0.0,0.0,1.0
dense,5,REC_165,0.0,0.0,0.0,1.0
dense,5,REC_166,0.05,0.75,1.0,0.0
dense,5,REC_167,0.0,1.0,1.0,
dense,5,REC_168,0.2222222222222222,0.0,0.0,0.0
dense,5,REC_169,0.06451612903225806,1.0,0.0,0.0
dense,5,REC_170,0.0,0.0,1.0,
dense,5,REC_171,0.0,0.0,1.0,
dense,5,REC_172,0.0,0.8888888888888888,0.0,
dense,5,REC_173,0.3181818181818182,1.0,1.0,0.0
dense,5,REC_174,0.08823529411764705,0.0,0.0,1.0
dense,5,REC_175,0.22857142857142856,1.0,1.0,0.0
dense,5,REC_176,0.0,0.8333333333333334,0.0,
dense,5,REC_177,0.3466666666666667,1.0,1.0,0.0
dense,5,REC_178,0.13114754098360654,0.0,0.0,0.0
dense,5,REC_179,0.2711864406779661,1.0,1.0,0.0
dense,5,REC_180,0.1891891891891892,0.8333333333333334,1.0,0.0
dense,5,REC_181,0.0,1.0,0.0,1.0
dense,5,REC_182,0.0,0.6666666666666666,0.0,
dense,5,REC_183,0.05,0.0,0.0,0.0
dense,5,REC_184,0.0,0.0,1.0,
dense,5,REC_185,0.3548387096774194,1.0,1.0,0.0
dense,5,REC_186,0.03703703703703704,0.0,0.0,0.0
dense,5,REC_187,0.1904761904761905,0.8,1.0,1.0
dense,5,REC_188,0.17073170731707318,0.5,1.0,1.0
dense,5,REC_189,0.0,0.0,1.0,
dense,5,REC_190,0.15625,1.0,1.0,1.0
dense,5,REC_191,0.0,0.0,0.0,1.0
dense,5,REC_192,0.0,1.0,1.0,
dense,5,REC_193,0.11538461538461536,0.0,0.0,0.0
dense,5,REC_194,0.1016949152542373,1.0,1.0,1.0
dense,5,REC_195,0.1142857142857143,0.5,1.0,0.0
dense,5,REC_196,0.0,1.0,1.0,
dense,5,REC_197,0.07142857142857142,1.0,0.0,1.0
dense,5,REC_198,0.07843137254901962,0.6,1.0,0.0
dense,5,REC_199,0.2580645161290323,1.0,1.0,0.0
dense,5,REC_200,0.17592592592592593,1.0,1.0,0.0
hybrid,10,REC_001,0.0,1.0,1.0,
hybrid,10,REC_002,0.0,0.0,1.0,
hybrid,10,REC_003,0.0,0.0,0.0,1.0
hybrid,10,REC_004,0.0,1.0,1.0,1.0
hybrid,10,REC_005,0.0,1.0,0.0,
hybrid,10,REC_006,0.26666666666666666,1.0,1.0,1.0
hybrid,10,REC_007,0.12121212121212122,1.0,1.0,1.0
hybrid,10,REC_008,0.19047619047619047,1.0,1.0,1.0
hybrid,10,REC_009,0.0,0.0,1.0,
hybrid,10,REC_010,0.0,0.0,1.0,
hybrid,10,REC_011,0.2105263157894737,1.0,1.0,1.0
hybrid,10,REC_012,0.125,0.0,0.0,1.0
hybrid,10,REC_013,0.0,1.0,1.0,
hybrid,10,REC_014,0.0,1.0,1.0,
hybrid,10,REC_015,0.0,1.0,1.0,
hybrid,10,REC_016,0.0,0.0,1.0,
hybrid,10,REC_017,0.0,0.6666666666666666,1.0,
hybrid,10,REC_018,0.0,0.0,1.0,
hybrid,10,REC_019,0.0,0.0,0.0,1.0
hybrid,10,REC_020,0.0,0.0,1.0,
hybrid,10,REC_021,0.0,1.0,1.0,
hybrid,10,REC_022,0.0,1.0,1.0,
hybrid,10,REC_023,0.0,0.0,0.0,1.0
hybrid,10,REC_024,0.0,0.0,1.0,
hybrid,10,REC_025,0.0,0.0,0.0,1.0
hybrid,10,REC_026,0.2352941176470588,0.8571428571428571,1.0,1.0
hybrid,10,REC_027,0.0,0.0,1.0,
hybrid,10,REC_028,0.0,1.0,1.0,
hybrid,10,REC_029,0.0,1.0,1.0,1.0
hybrid,10,REC_030,0.0,1.0,0.0,1.0
hybrid,10,REC_031,0.0,1.0,1.0,
hybrid,10,REC_032,0.20689655172413796,0.8,1.0,1.0
hybrid,10,REC_033,0.0,1.0,1.0,
hybrid,10,REC_034,0.0,0.5,1.0,
hybrid,10,REC_035,0.0,1.0,0.0,
hybrid,10,REC_036,0.1935483870967742,1.0,1.0,1.0
hybrid,10,REC_037,0.0,0.0,1.0,
hybrid,10,REC_038,0.17777777777777776,0.8,1.0,1.0
hybrid,10,REC_039,0.13333333333333333,1.0,1.0,1.0
hybrid,10,REC_040,0.5,1.0,1.0,1.0
hybrid,10,REC_041,0.16666666666666666,0.0,1.0,1.0
hybrid,10,REC_042,0.05555555555555555,1.0,1.0,1.0
hybrid,10,REC_043,0.39999999999999997,1.0,1.0,1.0
hybrid,10,REC_044,0.24299065420560745,0.75,1.0,1.0
hybrid,10,REC_045,0.0,0.0,1.0,
hybrid,10,REC_046,0.2898550724637681,1.0,1.0,1.0
hybrid,10,REC_047,0.18867924528301888,0.6666666666666666,1.0,1.0
hybrid,10,REC_048,0.17647058823529413,1.0,1.0,1.0
hybrid,10,REC_049,0.02777777777777778,0.0,0.0,1.0
hybrid,10,REC_050,0.15094339622641512,1.0,1.0,1.0
hybrid,10,REC_051,0.39999999999999997,1.0,1.0,1.0
hybrid,10,REC_052,0.0,1.0,0.0,
hybrid,10,REC_053,0.0,1.0,1.0,1.0
hybrid,10,REC_054,0.07547169811320754,0.0,0.0,1.0
hybrid,10,REC_055,0.17821782178217824,0.625,1.0,1.0
hybrid,10,REC_056,0.0,1.0,1.0,
hybrid,10,REC_057,0.08695652173913042,1.0,1.0,1.0
hybrid,10,REC_058,0.23529411764705882,1.0,1.0,1.0
hybrid,10,REC_059,0.044444444444444446,1.0,1.0,1.0
hybrid,10,REC_060,0.0779220779220779,1.0,1.0,1.0
hybrid,10,REC_061,0.0,1.0,0.0,1.0
hybrid,10,REC_062,0.25,1.0,1.0,1.0
hybrid,10,REC_063,0.35135135135135137,0.8571428571428571,1.0,1.0
hybrid,10,REC_064,0.0,1.0,1.0,
hybrid,10,REC_065,0.3661971830985915,1.0,1.0,1.0
hybrid,10,REC_066,0.14285714285714288,1.0,1.0,1.0
hybrid,10,REC_067,0.0,1.0,1.0,
hybrid,10,REC_068,0.10526315789473685,1.0,0.0,1.0
hybrid,10,REC_069,0.0,0.0,1.0,
hybrid,10,REC_070,0.2696629213483146,0.75,1.0,1.0
hybrid,10,REC_071,0.039735099337748346,0.0,0.0,1.0
hybrid,10,REC_072,0.0,0.0,0.0,1.0
hybrid,10,REC_073,0.0303030303030303,0.0,0.0,1.0
hybrid,10,REC_074,0.1739130434782609,1.0,1.0,1.0
hybrid,10,REC_075,0.3384615384615385,1.0,1.0,1.0
hybrid,10,REC_076,0.0,1.0,1.0,
hybrid,10,REC_077,0.3018867924528302,0.75,1.0,1.0
hybrid,10,REC_078,0.0,1.0,1.0,
hybrid,10,REC_079,0.0,1.0,1.0,
hybrid,10,REC_080,0.0,1.0,1.0,
hybrid,10,REC_081,0.0,1.0,0.0,
hybrid,10,REC_082,0.0,0.0,1.0,
hybrid,10,REC_083,0.06666666666666667,0.0,0.0,1.0
hybrid,10,REC_084,0.2222222222222222,0.5,1.0,1.0
hybrid,10,REC_085,0.215962441314554,0.9230769230769231,1.0,1.0
hybrid,10,REC_086,0.09523809523809523,0.0,0.0,1.0
hybrid,10,REC_087,0.0,0.0,1.0,
hybrid,10,REC_088,0.057692307692307696,1.0,0.0,1.0
hybrid,10,REC_089,0.12244897959183672,0.8,1.0,1.0
hybrid,10,REC_090,0.03571428571428572,1.0,0.0,1.0
hybrid,10,REC_091,0.0,0.8,0.0,
hybrid,10,REC_092,0.0,1.0,1.0,
hybrid,10,REC_093,0.0,1.0,1.0,
hybrid,10,REC_094,0.28571428571428575,0.8333333333333334,1.0,1.0
hybrid,10,REC_095,0.0,1.0,1.0,
hybrid,10,REC_096,0.0,1.0,1.0,
hybrid,10,REC_097,0.0,1.0,0.0,
hybrid,10,REC_098,0.1111111111111111,0.0,0.0,1.0
hybrid,10,REC_099,0.0,0.0,0.0,1.0
hybrid,10,REC_100,0.0,0.0,1.0,
hybrid,10,REC_101,0.0,1.0,1.0,
hybrid,10,REC_102,0.14285714285714285,1.0,1.0,1.0
hybrid,10,REC_103,0.099009900990099,0.8888888888888888,1.0,1.0
hybrid,10,REC_104,0.07142857142857142,1.0,1.0,1.0
hybrid,10,REC_105,0.0,0.875,1.0,1.0
hybrid,10,REC_106,0.0,0.0,0.0,1.0
hybrid,10,REC_107,0.0,1.0,0.0,1.0
hybrid,10,REC_108,0.2535211267605634,1.0,1.0,1.0
hybrid,10,REC_109,0.2637362637362637,1.0,1.0,1.0
hybrid,10,REC_110,0.0,1.0,1.0,
hybrid,10,REC_111,0.0,1.0,1.0,
hybrid,10,REC_112,0.1081081081081081,1.0,1.0,1.0
hybrid,10,REC_113,0.08695652173913043,0.0,0.0,1.0
hybrid,10,REC_114,0.19469026548672566,0.7142857142857143,1.0,1.0
hybrid,10,REC_115,0.20000000000000004,0.875,1.0,1.0
hybrid,10,REC_116,0.125,1.0,1.0,1.0
hybrid,10,REC_117,0.07999999999999999,0.8333333333333334,1.0,1.0
hybrid,10,REC_118,0.24615384615384614,1.0,1.0,1.0
hybrid,10,REC_119,0.2592592592592593,1.0,1.0,1.0
hybrid,10,REC_120,0.15384615384615383,1.0,1.0,1.0
hybrid,10,REC_121,0.07547169811320754,1.0,0.0,0.0
hybrid,10,REC_122,0.0,1.0,1.0,
hybrid,10,REC_123,0.0,0.0,1.0,
hybrid,10,REC_124,0.0,1.0,1.0,
hybrid,10,REC_125,0.0,1.0,0.0,1.0
hybrid,10,REC_126,0.0,0.0,0.0,1.0
hybrid,10,REC_127,0.08695652173913043,0.8,1.0,1.0
hybrid,10,REC_128,0.0,0.0,1.0,
hybrid,10,REC_129,0.0,0.0,1.0,
hybrid,10,REC_130,0.0,1.0,0.0,
hybrid,10,REC_131,0.0,1.0,1.0,
hybrid,10,REC_132,0.0975609756097561,0.9090909090909091,1.0,0.0
hybrid,10,REC_133,0.12903225806451615,0.6666666666666666,1.0,0.0
hybrid,10,REC_134,0.20382165605095542,1.0,1.0,0.0
hybrid,10,REC_135,0.0,0.0,0.0,1.0
hybrid,10,REC_136,0.05128205128205127,0.0,0.0,1.0
hybrid,10,REC_137,0.0,1.0,1.0,
hybrid,10,REC_138,0.047619047619047616,1.0,0.0,0.0
hybrid,10,REC_139,0.0,0.0,1.0,
hybrid,10,REC_140,0.0,0.0,1.0,
hybrid,10,REC_141,0.13333333333333336,1.0,1.0,0.0
hybrid,10,REC_142,0.0,0.0,1.0,
hybrid,10,REC_143,0.0,1.0,1.0,
hybrid,10,REC_144,0.0,1.0,1.0,1.0
hybrid,10,REC_145,0.0,1.0,1.0,
hybrid,10,REC_146,0.25,1.0,1.0,1.0
hybrid,10,REC_147,0.0,1.0,1.0,
hybrid,10,REC_148,0.05405405405405406,0.0,0.0,0.0
hybrid,10,REC_149,0.22784810126582278,1.0,1.0,1.0
hybrid,10,REC_150,0.0,0.0,0.0,1.0
hybrid,10,REC_151,0.0,1.0,1.0,
hybrid,10,REC_152,0.25,1.0,1.0,1.0
hybrid,10,REC_153,0.0,1.0,0.0,1.0
hybrid,10,REC_154,0.0,0.0,1.0,
hybrid,10,REC_155,0.0,1.0,1.0,
hybrid,10,REC_156,0.15384615384615383,1.0,1.0,1.0
hybrid,10,REC_157,0.0,0.5,1.0,0.0
hybrid,10,REC_158,0.18461538461538457,0.8,1.0,1.0
hybrid,10,REC_159,0.3333333333333333,1.0,1.0,1.0
hybrid,10,REC_160,0.32142857142857145,1.0,1.0,0.0
hybrid,10,REC_161,0.0,1.0,1.0,
hybrid,10,REC_162,0.04705882352941177,0.0,0.0,0.0
hybrid,10,REC_163,0.0,1.0,1.0,
hybrid,10,REC_164,0.0,,0.0,1.0
hybrid,10,REC_165,0.0,0.0,0.0,1.0
hybrid,10,REC_166,0.060606060606060615,0.6666666666666666,1.0,1.0
hybrid,10,REC_167,0.0,1.0,1.0,
hybrid,10,REC_168,0.2222222222222222,0.0,0.0,0.0
hybrid,10,REC_169,0.06451612903225806,1.0,0.0,1.0
hybrid,10,REC_170,0.0,0.0,1.0,
hybrid,10,REC_171,0.0,0.0,1.0,
hybrid,10,REC_172,0.0,1.0,0.0,
hybrid,10,REC_173,0.3243243243243243,1.0,1.0,1.0
hybrid,10,REC_174,0.08823529411764705,0.0,0.0,1.0
hybrid,10,REC_175,0.28901734104046245,1.0,1.0,0.0
hybrid,10,REC_176,0.0,1.0,0.0,
hybrid,10,REC_177,0.3218390804597701,0.6666666666666666,1.0,1.0
hybrid,10,REC_178,0.13114754098360654,0.0,0.0,1.0
hybrid,10,REC_179,0.3076923076923077,1.0,1.0,0.0
hybrid,10,REC_180,0.21739130434782608,0.8181818181818182,1.0,1.0
hybrid,10,REC_181,0.0,0.0,0.0,1.0
hybrid,10,REC_182,0.0,1.0,0.0,
hybrid,10,REC_183,0.05,0.0,0.0,0.0
hybrid,10,REC_184,0.0,0.0,1.0,
hybrid,10,REC_185,0.27586206896551724,0.875,1.0,0.0
hybrid,10,REC_186,0.03703703703703704,0.0,0.0,0.0
hybrid,10,REC_187,0.07692307692307691,1.0,1.0,1.0
hybrid,10,REC_188,0.043478260869565216,0.0,0.0,1.0
hybrid,10,REC_189,0.0,0.0,1.0,
hybrid,10,REC_190,0.0923076923076923,1.0,1.0,1.0
hybrid,10,REC_191,0.0,0.0,0.0,1.0
hybrid,10,REC_192,0.0,1.0,1.0,
hybrid,10,REC_193,0.11538461538461536,0.0,0.0,0.0
hybrid,10,REC_194,0.11594202898550726,1.0,1.0,1.0
hybrid,10,REC_195,0.19444444444444445,0.8,1.0,1.0
hybrid,10,REC_196,0.0,1.0,1.0,
hybrid,10,REC_197,0.09756097560975609,1.0,0.0,1.0
hybrid,10,REC_198,0.1081081081081081,0.6666666666666666,1.0,0.0
hybrid,10,REC_199,0.3095238095238095,1.0,1.0,0.0
hybrid,10,REC_200,0.16589861751152077,1.0,1.0,0.0
hybrid,1,REC_001,0.0,0.0,1.0,
hybrid,1,REC_002,0.0,0.0,1.0,
hybrid,1,REC_003,0.0,0.0,0.0,0.0
hybrid,1,REC_004,0.0,1.0,1.0,1.0
hybrid,1,REC_005,0.0,0.0,1.0,
hybrid,1,REC_006,0.32653061224489793,0.75,1.0,0.0
hybrid,1,REC_007,0.13333333333333333,1.0,1.0,0.0
hybrid,1,REC_008,0.25000000000000006,0.75,1.0,1.0
hybrid,1,REC_009,0.0,0.25,0.0,
hybrid,1,REC_010,0.0,0.0,1.0,
hybrid,1,REC_011,0.1643835616438356,1.0,1.0,1.0
hybrid,1,REC_012,0.125,0.0,0.0,0.0
hybrid,1,REC_013,0.0,1.0,1.0,
hybrid,1,REC_014,0.0,0.0,1.0,
hybrid,1,REC_015,0.0,1.0,1.0,
hybrid,1,REC_016,0.0,0.75,0.0,
hybrid,1,REC_017,0.0,1.0,1.0,
hybrid,1,REC_018,0.0,0.4,0.0,
hybrid,1,REC_019,0.18181818181818185,0.6,1.0,1.0
hybrid,1,REC_020,0.0,0.0,1.0,
hybrid,1,REC_021,0.0,1.0,1.0,
hybrid,1,REC_022,0.0,0.0,1.0,
hybrid,1,REC_023,0.0,0.0,0.0,0.0
hybrid,1,REC_024,0.0,0.0,1.0,
hybrid,1,REC_025,0.0,0.0,0.0,0.0
hybrid,1,REC_026,0.1839080459770115,0.3333333333333333,1.0,0.0
hybrid,1,REC_027,0.0,0.0,1.0,
hybrid,1,REC_028,0.0,0.0,1.0,
hybrid,1,REC_029,0.052631578947368425,0.8571428571428571,1.0,1.0
hybrid,1,REC_030,0.0,0.0,0.0,0.0
hybrid,1,REC_031,0.0,0.0,1.0,
hybrid,1,REC_032,0.2247191011235955,0.6,1.0,1.0
hybrid,1,REC_033,0.0,0.0,1.0,
hybrid,1,REC_034,0.0,0.0,1.0,
hybrid,1,REC_035,0.0,1.0,0.0,
hybrid,1,REC_036,0.22222222222222224,1.0,1.0,1.0
hybrid,1,REC_037,0.0,0.0,1.0,
hybrid,1,REC_038,0.09523809523809523,1.0,1.0,1.0
hybrid,1,REC_039,0.2105263157894737,0.8,1.0,0.0
hybrid,1,REC_040,0.0,0.0,0.0,0.0
hybrid,1,REC_041,0.0,0.0,0.0,0.0
hybrid,1,REC_042,0.037037037037037035,1.0,1.0,1.0
hybrid,1,REC_043,0.2926829268292683,0.8,1.0,1.0
hybrid,1,REC_044,0.08571428571428573,0.0,0.0,0.0
hybrid,1,REC_045,0.0,0.0,1.0,
hybrid,1,REC_046,0.2748091603053435,0.7142857142857143,1.0,0.0
hybrid,1,REC_047,0.22222222222222224,0.375,1.0,0.0
hybrid,1,REC_048,0.04444444444444444,1.0,0.0,0.0
hybrid,1,REC_049,0.07317073170731707,0.6666666666666666,1.0,0.0
hybrid,1,REC_050,0.1875,1.0,1.0,0.0
hybrid,1,REC_051,0.3125,1.0,1.0,0.0
hybrid,1,REC_052,0.0,0.0,1.0,
hybrid,1,REC_053,0.0,1.0,1.0,1.0
hybrid,1,REC_054,0.07547169811320754,0.0,0.0,0.0
hybrid,1,REC_055,0.17283950617283952,0.0,1.0,0.0
hybrid,1,REC_056,0.0,0.0,1.0,
hybrid,1,REC_057,0.0,1.0,0.0,0.0
hybrid,1,REC_058,0.10526315789473684,0.0,0.0,0.0
hybrid,1,REC_059,0.04166666666666667,0.4,1.0,0.0
hybrid,1,REC_060,0.16666666666666666,1.0,1.0,0.0
hybrid,1,REC_061,0.0,1.0,0.0,1.0
hybrid,1,REC_062,0.3636363636363636,1.0,1.0,0.0
hybrid,1,REC_063,0.2380952380952381,0.8333333333333334,1.0,0.0
hybrid,1,REC_064,0.0,0.75,0.0,
hybrid,1,REC_065,0.0821917808219178,0.75,0.0,0.0
hybrid,1,REC_066,0.13793103448275862,0.0,0.0,0.0
hybrid,1,REC_067,0.0,0.0,1.0,
hybrid,1,REC_068,0.10526315789473685,1.0,0.0,0.0
hybrid,1,REC_069,0.0,1.0,1.0,
hybrid,1,REC_070,0.0923076923076923,0.0,0.0,0.0
hybrid,1,REC_071,0.17543859649122806,0.6666666666666666,1.0,1.0
hybrid,1,REC_072,0.0,0.0,0.0,0.0
hybrid,1,REC_073,0.13333333333333333,0.6666666666666666,1.0,0.0
hybrid,1,REC_074,0.1216216216216216,0.6666666666666666,1.0,0.0
hybrid,1,REC_075,0.2692307692307693,0.75,1.0,0.0
hybrid,1,REC_076,0.0,0.0,1.0,
hybrid,1,REC_077,0.15384615384615385,0.625,1.0,0.0
hybrid,1,REC_078,0.0,0.0,1.0,
hybrid,1,REC_079,0.0,0.0,1.0,
hybrid,1,REC_080,0.0,1.0,1.0,
hybrid,1,REC_081,0.0,1.0,0.0,
hybrid,1,REC_082,0.0,0.0,1.0,
hybrid,1,REC_083,0.29411764705882354,0.5,1.0,0.0
hybrid,1,REC_084,0.33333333333333337,1.0,1.0,1.0
hybrid,1,REC_085,0.1176470588235294,0.8333333333333334,1.0,1.0
hybrid,1,REC_086,0.09523809523809523,1.0,0.0,0.0
hybrid,1,REC_087,0.0,0.0,1.0,
hybrid,1,REC_088,0.14634146341463414,1.0,1.0,1.0
hybrid,1,REC_089,0.23076923076923078,0.3333333333333333,1.0,1.0
hybrid,1,REC_090,0.17142857142857143,0.5,1.0,0.0
hybrid,1,REC_091,0.0,1.0,0.0,
hybrid,1,REC_092,0.0,1.0,1.0,
hybrid,1,REC_093,0.0,0.0,1.0,
hybrid,1,REC_094,0.24000000000000002,1.0,1.0,0.0
hybrid,1,REC_095,0.0,0.0,1.0,
hybrid,1,REC_096,0.0,0.0,1.0,
hybrid,1,REC_097,0.0,0.5,0.0,
hybrid,1,REC_098,0.1111111111111111,0.5,0.0,0.0
hybrid,1,REC_099,0.0,0.0,0.0,0.0
hybrid,1,REC_100,0.0,0.0,1.0,
hybrid,1,REC_101,0.0,0.5,1.0,
hybrid,1,REC_102,0.0,1.0,1.0,0.0
hybrid,1,REC_103,0.1590909090909091,1.0,1.0,0.0
hybrid,1,REC_104,0.15384615384615383,0.875,1.0,0.0
hybrid,1,REC_105,0.0,1.0,1.0,0.0
hybrid,1,REC_106,0.0,0.0,0.0,0.0
hybrid,1,REC_107,0.0,0.0,0.0,0.0
hybrid,1,REC_108,0.04,1.0,0.0,0.0
hybrid,1,REC_109,0.09523809523809523,0.0,0.0,0.0
hybrid,1,REC_110,0.0,0.0,1.0,
hybrid,1,REC_111,0.0,0.0,1.0,
hybrid,1,REC_112,0.0851063829787234,1.0,1.0,0.0
hybrid,1,REC_113,0.08695652173913043,0.0,0.0,0.0
hybrid,1,REC_114,0.205607476635514,0.5714285714285714,1.0,1.0
hybrid,1,REC_115,0.25,1.0,1.0,0.0
hybrid,1,REC_116,0.22727272727272727,0.6666666666666666,1.0,1.0
hybrid,1,REC_117,0.0,0.0,0.0,1.0
hybrid,1,REC_118,0.03921568627450981,0.0,0.0,0.0
hybrid,1,REC_119,0.22580645161290325,0.7142857142857143,1.0,0.0
hybrid,1,REC_120,0.12658227848101264,1.0,1.0,0.0
hybrid,1,REC_121,0.07547169811320754,0.0,0.0,0.0
hybrid,1,REC_122,0.0,1.0,1.0,
hybrid,1,REC_123,0.0,0.0,1.0,
hybrid,1,REC_124,0.0,0.0,1.0,
hybrid,1,REC_125,0.0,0.0,0.0,0.0
hybrid,1,REC_126,0.10344827586206895,0.8,1.0,1.0
hybrid,1,REC_127,0.0,0.0,0.0,0.0
hybrid,1,REC_128,0.0,0.0,1.0,
hybrid,1,REC_129,0.0,0.4444444444444444,0.0,
hybrid,1,REC_130,0.0,1.0,1.0,
hybrid,1,REC_131,0.0,0.0,1.0,
hybrid,1,REC_132,0.10344827586206896,1.0,1.0,0.0
hybrid,1,REC_133,0.08333333333333334,0.0,0.0,0.0
hybrid,1,REC_134,0.05128205128205128,0.0,0.0,0.0
hybrid,1,REC_135,0.0,0.0,0.0,0.0
hybrid,1,REC_136,0.05128205128205127,0.0,0.0,0.0
hybrid,1,REC_137,0.0,0.0,1.0,
hybrid,1,REC_138,0.047619047619047616,0.0,0.0,0.0
hybrid,1,REC_139,0.0,0.0,1.0,
hybrid,1,REC_140,0.0,0.0,1.0,
hybrid,1,REC_141,0.15384615384615385,1.0,1.0,0.0
hybrid,1,REC_142,0.0,0.75,0.0,
hybrid,1,REC_143,0.0,0.0,1.0,
hybrid,1,REC_144,0.0,0.5,1.0,1.0
hybrid,1,REC_145,0.0,1.0,1.0,
hybrid,1,REC_146,0.2033898305084746,1.0,1.0,0.0
hybrid,1,REC_147,0.0,0.0,1.0,
hybrid,1,REC_148,0.05405405405405406,0.0,0.0,0.0
hybrid,1,REC_149,0.17283950617283952,1.0,1.0,0.0
hybrid,1,REC_150,0.0,0.0,0.0,0.0
hybrid,1,REC_151,0.0,1.0,1.0,
hybrid,1,REC_152,0.2727272727272727,1.0,1.0,1.0
hybrid,1,REC_153,0.0,0.0,0.0,0.0
hybrid,1,REC_154,0.0,0.0,1.0,
hybrid,1,REC_155,0.0,0.0,0.0,
hybrid,1,REC_156,0.2127659574468085,0.75,1.0,0.0
hybrid,1,REC_157,0.0,1.0,1.0,0.0
hybrid,1,REC_158,0.2272727272727273,1.0,1.0,0.0
hybrid,1,REC_159,0.2857142857142857,1.0,1.0,0.0
hybrid,1,REC_160,0.2222222222222222,0.75,1.0,0.0
hybrid,1,REC_161,0.0,0.0,1.0,
hybrid,1,REC_162,0.04705882352941177,0.0,0.0,0.0
hybrid,1,REC_163,0.0,1.0,1.0,
hybrid,1,REC_164,0.14814814814814814,0.8,0.0,1.0
hybrid,1,REC_165,0.0,0.0,0.0,0.0
hybrid,1,REC_166,0.06451612903225808,0.6666666666666666,1.0,0.0
hybrid,1,REC_167,0.0,0.0,1.0,
hybrid,1,REC_168,0.2222222222222222,0.0,0.0,0.0
hybrid,1,REC_169,0.06451612903225806,1.0,0.0,0.0
hybrid,1,REC_170,0.0,0.0,1.0,
hybrid,1,REC_171,0.0,0.0,1.0,
hybrid,1,REC_172,0.0,0.0,0.0,
hybrid,1,REC_173,0.3181818181818182,0.6666666666666666,1.0,0.0
hybrid,1,REC_174,0.08823529411764705,0.0,0.0,0.0
hybrid,1,REC_175,0.1917808219178082,1.0,1.0,0.0
hybrid,1,REC_176,0.0,1.0,0.0,
hybrid,1,REC_177,0.225,1.0,1.0,0.0
hybrid,1,REC_178,0.13114754098360654,0.0,0.0,0.0
hybrid,1,REC_179,0.4,1.0,1.0,0.0
hybrid,1,REC_180,0.3571428571428571,0.6666666666666666,1.0,0.0
hybrid,1,REC_181,0.1,0.3333333333333333,1.0,1.0
hybrid,1,REC_182,0.0,1.0,0.0,
hybrid,1,REC_183,0.05,0.0,0.0,0.0
hybrid,1,REC_184,0.0,0.0,1.0,
hybrid,1,REC_185,0.06666666666666667,0.0,0.0,0.0
hybrid,1,REC_186,0.03703703703703704,0.0,0.0,0.0
hybrid,1,REC_187,0.1388888888888889,0.25,1.0,0.0
hybrid,1,REC_188,0.14814814814814817,0.625,1.0,1.0
hybrid,1,REC_189,0.0,0.0,1.0,
hybrid,1,REC_190,0.08163265306122448,1.0,1.0,1.0
hybrid,1,REC_191,0.0,0.0,0.0,0.0
hybrid,1,REC_192,0.0,1.0,1.0,
hybrid,1,REC_193,0.11538461538461536,1.0,0.0,0.0
hybrid,1,REC_194,0.23076923076923075,0.5,1.0,0.0
hybrid,1,REC_195,0.047619047619047616,0.0,0.0,0.0
hybrid,1,REC_196,0.0,0.0,1.0,
hybrid,1,REC_197,0.07142857142857142,1.0,0.0,0.0
hybrid,1,REC_198,0.09523809523809525,0.5,1.0,0.0
hybrid,1,REC_199,0.2758620689655172,0.75,1.0,0.0
hybrid,1,REC_200,0.0425531914893617,0.0,0.0,0.0
hybrid,3,REC_001,0.0,1.0,1.0,
hybrid,3,REC_002,0.0,0.0,1.0,
hybrid,3,REC_003,0.0,0.0,0.0,0.0
hybrid,3,REC_004,0.0,1.0,1.0,1.0
hybrid,3,REC_005,0.0,1.0,0.0,
hybrid,3,REC_006,0.22222222222222224,1.0,1.0,0.0
hybrid,3,REC_007,0.2,1.0,1.0,1.0
hybrid,3,REC_008,0.16949152542372878,1.0,1.0,1.0
hybrid,3,REC_009,0.0,0.0,1.0,
hybrid,3,REC_010,0.0,0.0,1.0,
hybrid,3,REC_011,0.23529411764705882,1.0,1.0,1.0
hybrid,3,REC_012,0.125,0.0,0.0,1.0
hybrid,3,REC_013,0.0,1.0,1.0,
hybrid,3,REC_014,0.0,0.0,1.0,
hybrid,3,REC_015,0.0,1.0,1.0,
hybrid,3,REC_016,0.0,1.0,1.0,
hybrid,3,REC_017,0.0,1.0,1.0,
hybrid,3,REC_018,0.0,0.0,1.0,
hybrid,3,REC_019,0.0,0.0,0.0,1.0
hybrid,3,REC_020,0.0,0.0,1.0,
hybrid,3,REC_021,0.0,1.0,1.0,
hybrid,3,REC_022,0.0,1.0,1.0,
hybrid,3,REC_023,0.0,0.0,0.0,0.0
hybrid,3,REC_024,0.0,0.0,1.0,
hybrid,3,REC_025,0.0,0.0,0.0,1.0
hybrid,3,REC_026,0.28235294117647053,0.8,1.0,1.0
hybrid,3,REC_027,0.0,1.0,1.0,
hybrid,3,REC_028,0.0,1.0,1.0,
hybrid,3,REC_029,0.0,1.0,1.0,1.0
hybrid,3,REC_030,0.0,1.0,0.0,0.0
hybrid,3,REC_031,0.0,1.0,1.0,
hybrid,3,REC_032,0.1956521739130435,0.75,1.0,1.0
hybrid,3,REC_033,0.0,1.0,1.0,
hybrid,3,REC_034,0.0,0.5,1.0,
hybrid,3,REC_035,0.0,1.0,0.0,
hybrid,3,REC_036,0.25806451612903225,1.0,1.0,1.0
hybrid,3,REC_037,0.0,1.0,1.0,
hybrid,3,REC_038,0.12765957446808512,1.0,1.0,1.0
hybrid,3,REC_039,0.2162162162162162,1.0,1.0,0.0
hybrid,3,REC_040,0.35714285714285715,1.0,1.0,1.0
hybrid,3,REC_041,0.16666666666666666,0.0,1.0,0.0
hybrid,3,REC_042,0.031746031746031744,1.0,1.0,1.0
hybrid,3,REC_043,0.17777777777777778,0.8,1.0,1.0
hybrid,3,REC_044,0.1443298969072165,0.7142857142857143,1.0,0.0
hybrid,3,REC_045,0.0,0.0,1.0,
hybrid,3,REC_046,0.3453237410071942,1.0,1.0,1.0
hybrid,3,REC_047,0.3098591549295775,1.0,1.0,0.0
hybrid,3,REC_048,0.23188405797101447,1.0,1.0,1.0
hybrid,3,REC_049,0.02777777777777778,0.0,0.0,1.0
hybrid,3,REC_050,0.1714285714285714,1.0,1.0,0.0
hybrid,3,REC_051,0.3859649122807018,1.0,1.0,1.0
hybrid,3,REC_052,0.0,1.0,0.0,
hybrid,3,REC_053,0.0,0.8,1.0,1.0
hybrid,3,REC_054,0.07547169811320754,0.0,0.0,1.0
hybrid,3,REC_055,0.198019801980198,0.5,1.0,1.0
hybrid,3,REC_056,0.0,0.0,1.0,
hybrid,3,REC_057,0.04878048780487805,1.0,1.0,0.0
hybrid,3,REC_058,0.18181818181818185,0.8,1.0,1.0
hybrid,3,REC_059,0.03703703703703704,1.0,1.0,0.0
hybrid,3,REC_060,0.11627906976744187,1.0,1.0,0.0
hybrid,3,REC_061,0.0625,0.6,1.0,1.0
hybrid,3,REC_062,0.2162162162162162,1.0,1.0,0.0
hybrid,3,REC_063,0.25287356321839083,0.8571428571428571,1.0,0.0
hybrid,3,REC_064,0.0,0.0,1.0,
hybrid,3,REC_065,0.34210526315789475,0.8,1.0,1.0
hybrid,3,REC_066,0.13793103448275862,0.0,0.0,0.0
hybrid,3,REC_067,0.0,0.5,0.0,
hybrid,3,REC_068,0.10526315789473685,1.0,0.0,1.0
hybrid,3,REC_069,0.0,0.0,1.0,
hybrid,3,REC_070,0.15555555555555556,1.0,1.0,1.0
hybrid,3,REC_071,0.039735099337748346,0.0,0.0,1.0
hybrid,3,REC_072,0.0,0.0,0.0,0.0
hybrid,3,REC_073,0.15789473684210525,1.0,1.0,0.0
hybrid,3,REC_074,0.1675977653631285,0.8333333333333334,1.0,0.0
hybrid,3,REC_075,0.12121212121212123,1.0,0.0,0.0
hybrid,3,REC_076,0.0,1.0,1.0,
hybrid,3,REC_077,0.1904761904761905,0.8333333333333334,1.0,1.0
hybrid,3,REC_078,0.0,1.0,1.0,
hybrid,3,REC_079,0.0,1.0,1.0,
hybrid,3,REC_080,0.0,1.0,1.0,
hybrid,3,REC_081,0.0,0.8571428571428571,0.0,
hybrid,3,REC_082,0.0,0.0,1.0,
hybrid,3,REC_083,0.06666666666666667,0.0,0.0,1.0
hybrid,3,REC_084,0.14814814814814814,0.6666666666666666,1.0,1.0
hybrid,3,REC_085,0.17647058823529413,0.8888888888888888,1.0,1.0
hybrid,3,REC_086,0.09523809523809523,1.0,0.0,0.0
hybrid,3,REC_087,0.0,1.0,1.0,
hybrid,3,REC_088,0.057692307692307696,1.0,0.0,1.0
hybrid,3,REC_089,0.18604651162790695,0.6,1.0,1.0
hybrid,3,REC_090,0.03571428571428572,0.0,0.0,1.0
hybrid,3,REC_091,0.0,1.0,0.0,
hybrid,3,REC_092,0.0,1.0,1.0,
hybrid,3,REC_093,0.0,1.0,1.0,
hybrid,3,REC_094,0.21875,0.9,1.0,1.0
hybrid,3,REC_095,0.0,0.0,1.0,
hybrid,3,REC_096,0.0,0.0,1.0,
hybrid,3,REC_097,0.0,1.0,0.0,
hybrid,3,REC_098,0.1,1.0,1.0,1.0
hybrid,3,REC_099,0.0,0.0,0.0,0.0
hybrid,3,REC_100,0.0,0.0,1.0,
hybrid,3,REC_101,0.0,1.0,1.0,
hybrid,3,REC_102,0.03636363636363636,1.0,1.0,0.0
hybrid,3,REC_103,0.14583333333333334,1.0,1.0,1.0
hybrid,3,REC_104,0.10958904109589042,0.8571428571428571,1.0,1.0
hybrid,3,REC_105,0.0,0.8571428571428571,1.0,0.0
hybrid,3,REC_106,0.0,1.0,0.0,0.0
hybrid,3,REC_107,0.0,0.0,0.0,1.0
hybrid,3,REC_108,0.04,1.0,0.0,0.0
hybrid,3,REC_109,0.09523809523809523,0.0,0.0,0.0
hybrid,3,REC_110,0.0,1.0,1.0,
hybrid,3,REC_111,0.0,1.0,1.0,
hybrid,3,REC_112,0.08333333333333333,1.0,1.0,1.0
hybrid,3,REC_113,0.3157894736842105,0.75,1.0,1.0
hybrid,3,REC_114,0.12903225806451613,1.0,1.0,1.0
hybrid,3,REC_115,0.19565217391304346,1.0,1.0,0.0
hybrid,3,REC_116,0.23529411764705882,0.7142857142857143,1.0,1.0
hybrid,3,REC_117,0.08333333333333333,0.75,1.0,1.0
hybrid,3,REC_118,0.2888888888888889,1.0,1.0,1.0
hybrid,3,REC_119,0.27450980392156865,0.8,1.0,0.0
hybrid,3,REC_120,0.11764705882352941,1.0,1.0,1.0
hybrid,3,REC_121,0.07547169811320754,1.0,0.0,0.0
hybrid,3,REC_122,0.0,1.0,1.0,
hybrid,3,REC_123,0.0,0.0,1.0,
hybrid,3,REC_124,0.0,1.0,1.0,
hybrid,3,REC_125,0.0,0.0,0.0,0.0
hybrid,3,REC_126,0.0,0.0,0.0,1.0
hybrid,3,REC_127,0.2325581395348837,0.75,1.0,1.0
hybrid,3,REC_128,0.0,1.0,1.0,
hybrid,3,REC_129,0.0,0.0,1.0,
hybrid,3,REC_130,0.0,1.0,1.0,
hybrid,3,REC_131,0.0,0.0,1.0,
hybrid,3,REC_132,0.1282051282051282,1.0,1.0,0.0
hybrid,3,REC_133,0.08333333333333334,0.0,0.0,0.0
hybrid,3,REC_134,0.174496644295302,0.4,1.0,0.0
hybrid,3,REC_135,0.0,0.0,0.0,0.0
hybrid,3,REC_136,0.05128205128205127,0.0,0.0,1.0
hybrid,3,REC_137,0.0,1.0,1.0,
hybrid,3,REC_138,0.047619047619047616,1.0,0.0,0.0
hybrid,3,REC_139,0.0,1.0,1.0,
hybrid,3,REC_140,0.0,1.0,1.0,
hybrid,3,REC_141,0.15384615384615385,1.0,1.0,0.0
hybrid,3,REC_142,0.0,0.0,1.0,
hybrid,3,REC_143,0.0,0.0,1.0,
hybrid,3,REC_144,0.0,1.0,1.0,1.0
hybrid,3,REC_145,0.0,1.0,1.0,
hybrid,3,REC_146,0.20689655172413793,0.8571428571428571,1.0,0.0
hybrid,3,REC_147,0.0,1.0,1.0,
hybrid,3,REC_148,0.05405405405405406,0.0,0.0,0.0
hybrid,3,REC_149,0.22222222222222224,0.8,1.0,1.0
hybrid,3,REC_150,0.0,1.0,0.0,0.0
hybrid,3,REC_151,0.0,0.0,1.0,
hybrid,3,REC_152,0.2898550724637681,1.0,1.0,1.0
hybrid,3,REC_153,0.0,0.0,0.0,1.0
hybrid,3,REC_154,0.0,0.0,1.0,
hybrid,3,REC_155,0.0,0.5,0.0,
hybrid,3,REC_156,0.11320754716981132,0.75,1.0,1.0
hybrid,3,REC_157,0.0,1.0,0.0,0.0
hybrid,3,REC_158,0.20689655172413793,0.4,1.0,0.0
hybrid,3,REC_159,0.21875,1.0,1.0,1.0
hybrid,3,REC_160,0.30188679245283023,0.75,1.0,0.0
hybrid,3,REC_161,0.0,0.0,1.0,
hybrid,3,REC_162,0.04705882352941177,0.0,0.0,0.0
hybrid,3,REC_163,0.0,1.0,1.0,
hybrid,3,REC_164,0.0,0.0,0.0,1.0
hybrid,3,REC_165,0.0,0.0,0.0,0.0
hybrid,3,REC_166,0.05,0.8,1.0,1.0
hybrid,3,REC_167,0.0,1.0,1.0,
hybrid,3,REC_168,0.2222222222222222,0.0,0.0,0.0
hybrid,3,REC_169,0.06451612903225806,1.0,0.0,0.0
hybrid,3,REC_170,0.0,0.0,1.0,
hybrid,3,REC_171,0.0,0.0,1.0,
hybrid,3,REC_172,0.0,1.0,0.0,
hybrid,3,REC_173,0.30434782608695654,1.0,1.0,0.0
hybrid,3,REC_174,0.08823529411764705,0.0,0.0,0.0
hybrid,3,REC_175,0.20382165605095542,1.0,1.0,0.0
hybrid,3,REC_176,0.0,1.0,0.0,
hybrid,3,REC_177,0.38461538461538464,0.6666666666666666,1.0,0.0
hybrid,3,REC_178,0.13114754098360654,1.0,0.0,1.0
hybrid,3,REC_179,0.35714285714285715,1.0,1.0,0.0
hybrid,3,REC_180,0.2058823529411765,1.0,1.0,0.0
hybrid,3,REC_181,0.0,0.0,0.0,1.0
hybrid,3,REC_182,0.0,0.6666666666666666,0.0,
hybrid,3,REC_183,0.05,0.0,0.0,0.0
hybrid,3,REC_184,0.0,0.0,1.0,
hybrid,3,REC_185,0.2891566265060241,0.8333333333333334,1.0,0.0
hybrid,3,REC_186,0.03703703703703704,0.0,0.0,0.0
hybrid,3,REC_187,0.19780219780219782,1.0,1.0,1.0
hybrid,3,REC_188,0.19512195121951217,1.0,1.0,1.0
hybrid,3,REC_189,0.0,0.0,1.0,
hybrid,3,REC_190,0.16666666666666669,0.5,1.0,1.0
hybrid,3,REC_191,0.0,0.0,0.0,0.0
hybrid,3,REC_192,0.0,1.0,1.0,
hybrid,3,REC_193,0.11538461538461536,1.0,0.0,0.0
hybrid,3,REC_194,0.13793103448275862,0.6,1.0,1.0
hybrid,3,REC_195,0.18421052631578946,0.8,1.0,0.0
hybrid,3,REC_196,0.0,1.0,1.0,
hybrid,3,REC_197,0.07142857142857142,1.0,0.0,1.0
hybrid,3,REC_198,0.09374999999999999,0.8,1.0,0.0
hybrid,3,REC_199,0.29787234042553196,0.6666666666666666,1.0,0.0
hybrid,3,REC_200,0.0425531914893617,1.0,0.0,0.0
hybrid,5,REC_001,0.0,1.0,1.0,
hybrid,5,REC_002,0.0,0.0,1.0,
hybrid,5,REC_003,0.0,0.0,0.0,1.0
hybrid,5,REC_004,0.0,1.0,1.0,1.0
hybrid,5,REC_005,0.0,1.0,0.0,
hybrid,5,REC_006,0.380952380952381,1.0,1.0,0.0
hybrid,5,REC_007,0.24,1.0,1.0,1.0
hybrid,5,REC_008,0.23809523809523808,1.0,1.0,1.0
hybrid,5,REC_009,0.0,1.0,1.0,
hybrid,5,REC_010,0.0,0.0,1.0,
hybrid,5,REC_011,0.17391304347826086,1.0,1.0,1.0
hybrid,5,REC_012,0.125,0.0,0.0,1.0
hybrid,5,REC_013,0.0,1.0,1.0,
hybrid,5,REC_014,0.0,1.0,1.0,
hybrid,5,REC_015,0.0,1.0,1.0,
hybrid,5,REC_016,0.0,0.0,1.0,
hybrid,5,REC_017,0.0,1.0,1.0,
hybrid,5,REC_018,0.0,0.5,1.0,
hybrid,5,REC_019,0.0,0.0,0.0,1.0
hybrid,5,REC_020,0.0,0.0,1.0,
hybrid,5,REC_021,0.0,1.0,1.0,
hybrid,5,REC_022,0.0,1.0,1.0,
hybrid,5,REC_023,0.0,0.0,0.0,1.0
hybrid,5,REC_024,0.0,0.0,1.0,
hybrid,5,REC_025,0.0,0.0,0.0,1.0
hybrid,5,REC_026,0.3013698630136986,0.75,1.0,1.0
hybrid,5,REC_027,0.0,0.0,1.0,
hybrid,5,REC_028,0.0,1.0,1.0,
hybrid,5,REC_029,0.0,1.0,1.0,1.0
hybrid,5,REC_030,0.0,1.0,0.0,1.0
hybrid,5,REC_031,0.0,1.0,1.0,
hybrid,5,REC_032,0.18421052631578946,0.5,1.0,1.0
hybrid,5,REC_033,0.0,0.0,1.0,
hybrid,5,REC_034,0.0,0.5,1.0,
hybrid,5,REC_035,0.0,1.0,0.0,
hybrid,5,REC_036,0.2162162162162162,1.0,1.0,1.0
hybrid,5,REC_037,0.0,0.0,1.0,
hybrid,5,REC_038,0.14285714285714285,0.8,1.0,1.0
hybrid,5,REC_039,0.1348314606741573,1.0,1.0,1.0
hybrid,5,REC_040,0.42857142857142855,1.0,1.0,1.0
hybrid,5,REC_041,0.16666666666666666,1.0,1.0,1.0
hybrid,5,REC_042,0.0303030303030303,1.0,1.0,1.0
hybrid,5,REC_043,0.19672131147540983,0.625,1.0,1.0
hybrid,5,REC_044,0.28,1.0,1.0,1.0
hybrid,5,REC_045,0.0,0.0,1.0,
hybrid,5,REC_046,0.23622047244094488,0.6666666666666666,1.0,1.0
hybrid,5,REC_047,0.3125,1.0,1.0,1.0
hybrid,5,REC_048,0.20289855072463767,1.0,1.0,1.0
hybrid,5,REC_049,0.02777777777777778,0.0,0.0,1.0
hybrid,5,REC_050,0.23684210526315788,1.0,1.0,0.0
hybrid,5,REC_051,0.33766233766233766,1.0,1.0,1.0
hybrid,5,REC_052,0.0,0.8571428571428571,0.0,
hybrid,5,REC_053,0.0,1.0,1.0,1.0
hybrid,5,REC_054,0.07547169811320754,0.0,0.0,1.0
hybrid,5,REC_055,0.13636363636363635,0.625,1.0,1.0
hybrid,5,REC_056,0.0,1.0,1.0,
hybrid,5,REC_057,0.09090909090909091,1.0,1.0,1.0
hybrid,5,REC_058,0.1791044776119403,1.0,1.0,1.0
hybrid,5,REC_059,0.044444444444444446,1.0,1.0,0.0
hybrid,5,REC_060,0.15555555555555556,0.8,1.0,0.0
hybrid,5,REC_061,0.07547169811320754,0.8333333333333334,1.0,1.0
hybrid,5,REC_062,0.375,1.0,1.0,1.0
hybrid,5,REC_063,0.3235294117647059,0.8,1.0,0.0
hybrid,5,REC_064,0.0,1.0,1.0,
hybrid,5,REC_065,0.2941176470588235,1.0,1.0,1.0
hybrid,5,REC_066,0.13793103448275862,0.0,0.0,1.0
hybrid,5,REC_067,0.0,1.0,1.0,
hybrid,5,REC_068,0.10526315789473685,1.0,0.0,1.0
hybrid,5,REC_069,0.0,0.0,1.0,
hybrid,5,REC_070,0.0923076923076923,1.0,0.0,1.0
hybrid,5,REC_071,0.039735099337748346,0.0,0.0,1.0
hybrid,5,REC_072,0.0,0.0,0.0,1.0
hybrid,5,REC_073,0.0303030303030303,0.0,0.0,0.0
hybrid,5,REC_074,0.21714285714285714,0.8,1.0,1.0
hybrid,5,REC_075,0.3050847457627119,1.0,1.0,1.0
hybrid,5,REC_076,0.0,1.0,1.0,
hybrid,5,REC_077,0.19354838709677416,0.8333333333333334,1.0,1.0
hybrid,5,REC_078,0.0,1.0,1.0,
hybrid,5,REC_079,0.0,1.0,1.0,
hybrid,5,REC_080,0.0,1.0,1.0,
hybrid,5,REC_081,0.0,0.8,0.0,
hybrid,5,REC_082,0.0,1.0,1.0,
hybrid,5,REC_083,0.06666666666666667,1.0,0.0,1.0
hybrid,5,REC_084,0.16,0.6666666666666666,1.0,1.0
hybrid,5,REC_085,0.11891891891891893,0.8333333333333334,1.0,1.0
hybrid,5,REC_086,0.09523809523809523,0.0,0.0,1.0
hybrid,5,REC_087,0.0,1.0,1.0,
hybrid,5,REC_088,0.057692307692307696,0.0,0.0,1.0
hybrid,5,REC_089,0.15686274509803924,0.8333333333333334,1.0,1.0
hybrid,5,REC_090,0.03571428571428572,0.0,0.0,1.0
hybrid,5,REC_091,0.0,1.0,0.0,
hybrid,5,REC_092,0.0,1.0,1.0,
hybrid,5,REC_093,0.0,1.0,1.0,
hybrid,5,REC_094,0.25316455696202533,0.4,1.0,1.0
hybrid,5,REC_095,0.0,1.0,1.0,
hybrid,5,REC_096,0.0,0.0,1.0,
hybrid,5,REC_097,0.0,1.0,0.0,
hybrid,5,REC_098,0.1111111111111111,0.0,0.0,1.0
hybrid,5,REC_099,0.0,1.0,0.0,1.0
hybrid,5,REC_100,0.0,0.0,1.0,
hybrid,5,REC_101,0.0,0.5,1.0,
hybrid,5,REC_102,0.05555555555555555,0.8571428571428571,1.0,0.0
hybrid,5,REC_103,0.08163265306122448,1.0,1.0,1.0
hybrid,5,REC_104,0.13513513513513511,0.8333333333333334,1.0,1.0
hybrid,5,REC_105,0.0,1.0,1.0,1.0
hybrid,5,REC_106,0.0,1.0,0.0,0.0
hybrid,5,REC_107,0.0,1.0,0.0,1.0
hybrid,5,REC_108,0.29729729729729726,1.0,1.0,1.0
hybrid,5,REC_109,0.20689655172413793,0.75,1.0,1.0
hybrid,5,REC_110,0.0,1.0,1.0,
hybrid,5,REC_111,0.0,1.0,1.0,
hybrid,5,REC_112,0.09523809523809525,1.0,1.0,1.0
hybrid,5,REC_113,0.28571428571428575,0.6666666666666666,1.0,1.0
hybrid,5,REC_114,0.15238095238095237,0.7142857142857143,1.0,1.0
hybrid,5,REC_115,0.16666666666666666,1.0,1.0,0.0
hybrid,5,REC_116,0.2285714285714286,1.0,1.0,1.0
hybrid,5,REC_117,0.0784313725490196,0.8333333333333334,1.0,1.0
hybrid,5,REC_118,0.2666666666666666,0.8333333333333334,1.0,1.0
hybrid,5,REC_119,0.27450980392156865,1.0,1.0,0.0
hybrid,5,REC_120,0.15384615384615383,1.0,1.0,1.0
hybrid,5,REC_121,0.07547169811320754,1.0,0.0,0.0
hybrid,5,REC_122,0.0,0.5,1.0,
hybrid,5,REC_123,0.0,0.0,1.0,
hybrid,5,REC_124,0.0,1.0,1.0,
hybrid,5,REC_125,0.0,1.0,0.0,1.0
hybrid,5,REC_126,0.0,0.0,0.0,1.0
hybrid,5,REC_127,0.08888888888888889,0.75,1.0,1.0
hybrid,5,REC_128,0.0,1.0,1.0,
hybrid,5,REC_129,0.0,0.0,1.0,
hybrid,5,REC_130,0.0,0.8333333333333334,0.0,
hybrid,5,REC_131,0.0,1.0,1.0,
hybrid,5,REC_132,0.12048192771084337,1.0,1.0,0.0
hybrid,5,REC_133,0.08333333333333334,0.0,0.0,0.0
hybrid,5,REC_134,0.18181818181818182,1.0,1.0,0.0
hybrid,5,REC_135,0.0,0.6666666666666666,0.0,0.0
hybrid,5,REC_136,0.05128205128205127,0.0,0.0,1.0
hybrid,5,REC_137,0.0,1.0,1.0,
hybrid,5,REC_138,0.047619047619047616,1.0,0.0,0.0
hybrid,5,REC_139,0.0,1.0,1.0,
hybrid,5,REC_140,0.0,0.0,1.0,
hybrid,5,REC_141,0.08333333333333334,1.0,1.0,0.0
hybrid,5,REC_142,0.0,0.0,1.0,
hybrid,5,REC_143,0.0,0.0,1.0,
hybrid,5,REC_144,0.0,1.0,1.0,1.0
hybrid,5,REC_145,0.0,1.0,1.0,
hybrid,5,REC_146,0.20779220779220778,1.0,1.0,0.0
hybrid,5,REC_147,0.0,1.0,1.0,
hybrid,5,REC_148,0.05405405405405406,1.0,0.0,0.0
hybrid,5,REC_149,0.20930232558139536,0.7142857142857143,1.0,1.0
hybrid,5,REC_150,0.0,0.0,0.0,1.0
hybrid,5,REC_151,0.0,1.0,1.0,
hybrid,5,REC_152,0.31249999999999994,1.0,1.0,1.0
hybrid,5,REC_153,0.0,1.0,0.0,1.0
hybrid,5,REC_154,0.0,0.0,1.0,
hybrid,5,REC_155,0.0,1.0,1.0,
hybrid,5,REC_156,0.09523809523809525,0.8,1.0,1.0
hybrid,5,REC_157,0.0,0.3333333333333333,1.0,0.0
hybrid,5,REC_158,0.1764705882352941,1.0,1.0,1.0
hybrid,5,REC_159,0.2318840579710145,1.0,1.0,1.0
hybrid,5,REC_160,0.33962264150943394,1.0,1.0,0.0
hybrid,5,REC_161,0.0,1.0,1.0,
hybrid,5,REC_162,0.04705882352941177,0.0,0.0,0.0
hybrid,5,REC_163,0.0,1.0,1.0,
hybrid,5,REC_164,0.0,0.0,0.0,1.0
hybrid,5,REC_165,0.0,0.0,0.0,1.0
hybrid,5,REC_166,0.04761904761904762,0.6,1.0,1.0
hybrid,5,REC_167,0.0,1.0,1.0,
hybrid,5,REC_168,0.2222222222222222,0.0,0.0,0.0
hybrid,5,REC_169,0.06451612903225806,1.0,0.0,0.0
hybrid,5,REC_170,0.0,0.0,1.0,
hybrid,5,REC_171,0.0,0.0,1.0,
hybrid,5,REC_172,0.0,0.0,0.0,
hybrid,5,REC_173,0.33333333333333337,1.0,1.0,0.0
hybrid,5,REC_174,0.08823529411764705,1.0,0.0,0.0
hybrid,5,REC_175,0.24277456647398846,0.7142857142857143,1.0,0.0
hybrid,5,REC_176,0.0,0.8333333333333334,0.0,
hybrid,5,REC_177,0.32075471698113206,1.0,1.0,1.0
hybrid,5,REC_178,0.13114754098360654,1.0,0.0,1.0
hybrid,5,REC_179,0.32,0.6,1.0,0.0
hybrid,5,REC_180,0.2191780821917808,0.8333333333333334,1.0,0.0
hybrid,5,REC_181,0.0,1.0,0.0,1.0
hybrid,5,REC_182,0.0,1.0,0.0,
hybrid,5,REC_183,0.05,0.0,0.0,0.0
hybrid,5,REC_184,0.0,0.0,1.0,
hybrid,5,REC_185,0.30379746835443044,0.5,1.0,0.0
hybrid,5,REC_186,0.03703703703703704,0.0,0.0,0.0
hybrid,5,REC_187,0.21428571428571427,1.0,1.0,1.0
hybrid,5,REC_188,0.16666666666666669,1.0,1.0,1.0
hybrid,5,REC_189,0.0,0.0,1.0,
hybrid,5,REC_190,0.15873015873015872,1.0,1.0,1.0
hybrid,5,REC_191,0.0,0.0,0.0,0.0
hybrid,5,REC_192,0.0,1.0,1.0,
hybrid,5,REC_193,0.11538461538461536,1.0,0.0,0.0
hybrid,5,REC_194,0.12000000000000001,0.5,1.0,1.0
hybrid,5,REC_195,0.13333333333333333,1.0,1.0,0.0
hybrid,5,REC_196,0.0,1.0,1.0,
hybrid,5,REC_197,0.07142857142857142,1.0,0.0,1.0
hybrid,5,REC_198,0.11538461538461539,0.6,1.0,0.0
hybrid,5,REC_199,0.2368421052631579,1.0,1.0,0.0
hybrid,5,REC_200,0.0425531914893617,0.0,0.0,0.0
pc,10,REC_001,0.0,1.0,1.0,
pc,10,REC_002,0.0,0.0,1.0,
pc,10,REC_003,0.0,0.0,0.0,1.0
pc,10,REC_004,0.0,1.0,1.0,1.0
pc,10,REC_005,0.0,0.0,1.0,
pc,10,REC_006,0.22580645161290322,,1.0,1.0
pc,10,REC_007,0.08695652173913045,,1.0,1.0
pc,10,REC_008,0.12000000000000001,0.8,1.0,1.0
pc,10,REC_009,0.0,0.0,1.0,
pc,10,REC_010,0.0,0.0,1.0,
pc,10,REC_011,0.1848739495798319,0.7142857142857143,1.0,1.0
pc,10,REC_012,0.125,0.0,0.0,1.0
pc,10,REC_013,0.0,1.0,1.0,
pc,10,REC_014,0.0,0.0,1.0,
pc,10,REC_015,0.0,1.0,1.0,
pc,10,REC_016,0.0,1.0,1.0,
pc,10,REC_017,0.0,0.0,1.0,
pc,10,REC_018,0.0,0.5,1.0,
pc,10,REC_019,0.0,0.0,0.0,1.0
pc,10,REC_020,0.0,0.0,1.0,
pc,10,REC_021,0.0,1.0,1.0,
pc,10,REC_022,0.0,1.0,1.0,
pc,10,REC_023,0.0,0.0,0.0,1.0
pc,10,REC_024,0.0,0.0,1.0,
pc,10,REC_025,0.0,0.0,0.0,1.0
pc,10,REC_026,0.22988505747126436,0.875,1.0,1.0
pc,10,REC_027,0.0,0.0,1.0,
pc,10,REC_028,0.0,1.0,1.0,
pc,10,REC_029,0.0,0.6,1.0,1.0
pc,10,REC_030,0.0,1.0,0.0,1.0
pc,10,REC_031,0.0,1.0,1.0,
pc,10,REC_032,0.19512195121951217,1.0,1.0,1.0
pc,10,REC_033,0.0,1.0,1.0,
pc,10,REC_034,0.0,0.5,1.0,
pc,10,REC_035,0.0,1.0,0.0,
pc,10,REC_036,0.1875,1.0,1.0,1.0
pc,10,REC_037,0.0,0.0,1.0,
pc,10,REC_038,0.1797752808988764,1.0,1.0,1.0
pc,10,REC_039,0.11267605633802817,1.0,1.0,1.0
pc,10,REC_040,0.2285714285714286,1.0,1.0,1.0
pc,10,REC_041,0.16666666666666666,1.0,1.0,1.0
pc,10,REC_042,0.058823529411764705,1.0,1.0,1.0
pc,10,REC_043,0.4324324324324324,1.0,1.0,1.0
pc,10,REC_044,0.18518518518518517,0.8,1.0,1.0
pc,10,REC_045,0.0,0.0,1.0,
pc,10,REC_046,0.25600000000000006,0.75,1.0,1.0
pc,10,REC_047,0.273972602739726,1.0,1.0,1.0
pc,10,REC_048,0.2571428571428572,0.8333333333333334,1.0,1.0
pc,10,REC_049,0.02777777777777778,0.0,0.0,1.0
pc,10,REC_050,0.20833333333333331,1.0,1.0,1.0
pc,10,REC_051,0.047619047619047616,0.0,0.0,1.0
pc,10,REC_052,0.0,1.0,0.0,
pc,10,REC_053,0.0,1.0,1.0,1.0
pc,10,REC_054,0.07547169811320754,0.0,0.0,1.0
pc,10,REC_055,0.16470588235294117,0.8333333333333334,1.0,1.0
pc,10,REC_056,0.0,1.0,1.0,
pc,10,REC_057,0.0784313725490196,1.0,1.0,1.0
pc,10,REC_058,0.10526315789473684,0.0,0.0,1.0
pc,10,REC_059,0.08888888888888889,1.0,1.0,1.0
pc,10,REC_060,0.08333333333333333,1.0,1.0,1.0
pc,10,REC_061,0.07547169811320754,0.8571428571428571,1.0,1.0
pc,10,REC_062,0.3,1.0,1.0,1.0
pc,10,REC_063,0.2898550724637681,0.6666666666666666,1.0,1.0
pc,10,REC_064,0.0,0.0,1.0,
pc,10,REC_065,0.16666666666666666,0.75,1.0,1.0
pc,10,REC_066,0.21276595744680854,1.0,1.0,1.0
pc,10,REC_067,0.0,1.0,1.0,
pc,10,REC_068,0.10526315789473685,1.0,0.0,1.0
pc,10,REC_069,0.0,0.0,1.0,
pc,10,REC_070,0.27956989247311825,0.8,1.0,1.0
pc,10,REC_071,0.039735099337748346,0.0,0.0,1.0
pc,10,REC_072,0.0,0.0,0.0,1.0
pc,10,REC_073,0.0303030303030303,0.0,0.0,1.0
pc,10,REC_074,0.19318181818181815,1.0,1.0,1.0
pc,10,REC_075,0.21052631578947367,1.0,1.0,1.0
pc,10,REC_076,0.0,1.0,1.0,
pc,10,REC_077,0.24000000000000002,1.0,1.0,1.0
pc,10,REC_078,0.0,1.0,1.0,
pc,10,REC_079,0.0,1.0,1.0,
pc,10,REC_080,0.0,1.0,1.0,
pc,10,REC_081,0.0,1.0,0.0,
pc,10,REC_082,0.0,0.0,1.0,
pc,10,REC_083,0.25316455696202533,0.75,1.0,1.0
pc,10,REC_084,0.25,1.0,1.0,1.0
pc,10,REC_085,0.18446601941747573,0.9090909090909091,1.0,1.0
pc,10,REC_086,0.09523809523809523,0.0,0.0,1.0
pc,10,REC_087,0.0,1.0,1.0,
pc,10,REC_088,0.057692307692307696,1.0,0.0,1.0
pc,10,REC_089,0.16666666666666669,1.0,1.0,1.0
pc,10,REC_090,0.03571428571428572,0.0,0.0,1.0
pc,10,REC_091,0.0,0.6,0.0,
pc,10,REC_092,0.0,1.0,1.0,
pc,10,REC_093,0.0,1.0,1.0,
pc,10,REC_094,0.26229508196721313,0.6666666666666666,1.0,1.0
pc,10,REC_095,0.0,1.0,1.0,
pc,10,REC_096,0.0,1.0,1.0,
pc,10,REC_097,0.0,1.0,0.0,
pc,10,REC_098,0.1111111111111111,0.0,0.0,1.0
pc,10,REC_099,0.0,1.0,0.0,1.0
pc,10,REC_100,0.0,0.0,1.0,
pc,10,REC_101,0.0,0.5,1.0,
pc,10,REC_102,0.14457831325301204,0.8333333333333334,1.0,1.0
pc,10,REC_103,0.099009900990099,1.0,1.0,1.0
pc,10,REC_104,0.06666666666666667,0.75,1.0,1.0
pc,10,REC_105,0.0,0.8,1.0,1.0
pc,10,REC_106,0.0,0.0,0.0,1.0
pc,10,REC_107,0.0,0.0,0.0,1.0
pc,10,REC_108,0.19444444444444445,1.0,1.0,1.0
pc,10,REC_109,0.25,1.0,1.0,1.0
pc,10,REC_110,0.0,1.0,1.0,
pc,10,REC_111,0.0,1.0,1.0,
pc,10,REC_112,0.11428571428571428,1.0,1.0,1.0
pc,10,REC_113,0.08695652173913043,0.0,0.0,1.0
pc,10,REC_114,0.1702127659574468,1.0,1.0,1.0
pc,10,REC_115,0.1702127659574468,1.0,1.0,1.0
pc,10,REC_116,0.18181818181818182,1.0,1.0,1.0
pc,10,REC_117,0.09302325581395349,0.6,1.0,1.0
pc,10,REC_118,0.24615384615384614,1.0,1.0,1.0
pc,10,REC_119,0.23529411764705882,1.0,1.0,1.0
pc,10,REC_120,0.14814814814814817,1.0,1.0,1.0
pc,10,REC_121,0.07547169811320754,1.0,0.0,1.0
pc,10,REC_122,0.0,1.0,1.0,
pc,10,REC_123,0.0,0.0,1.0,
pc,10,REC_124,0.0,1.0,1.0,
pc,10,REC_125,0.0,1.0,0.0,1.0
pc,10,REC_126,0.0,0.0,0.0,1.0
pc,10,REC_127,0.09523809523809523,1.0,1.0,1.0
pc,10,REC_128,0.0,0.0,1.0,
pc,10,REC_129,0.0,0.0,1.0,
pc,10,REC_130,0.0,1.0,1.0,
pc,10,REC_131,0.0,1.0,1.0,
pc,10,REC_132,0.1098901098901099,1.0,1.0,0.0
pc,10,REC_133,0.08333333333333334,1.0,0.0,0.0
pc,10,REC_134,0.12162162162162161,1.0,1.0,1.0
pc,10,REC_135,0.05405405405405406,0.5,0.0,0.0
pc,10,REC_136,0.05128205128205127,0.0,0.0,1.0
pc,10,REC_137,0.0,1.0,1.0,
pc,10,REC_138,0.047619047619047616,1.0,0.0,0.0
pc,10,REC_139,0.0,1.0,0.0,
pc,10,REC_140,0.0,1.0,1.0,
pc,10,REC_141,0.07142857142857144,1.0,1.0,0.0
pc,10,REC_142,0.0,0.0,1.0,
pc,10,REC_143,0.0,0.0,1.0,
pc,10,REC_144,0.0,1.0,1.0,1.0
pc,10,REC_145,0.0,1.0,1.0,
pc,10,REC_146,0.29090909090909095,0.8,1.0,0.0
pc,10,REC_147,0.0,1.0,1.0,
pc,10,REC_148,0.05405405405405406,0.0,0.0,0.0
pc,10,REC_149,0.21999999999999997,0.75,1.0,1.0
pc,10,REC_150,0.17857142857142858,0.75,1.0,1.0
pc,10,REC_151,0.0,1.0,1.0,
pc,10,REC_152,0.3142857142857143,1.0,1.0,1.0
pc,10,REC_153,0.0,1.0,0.0,1.0
pc,10,REC_154,0.0,,1.0,
pc,10,REC_155,0.0,1.0,1.0,
pc,10,REC_156,0.13793103448275862,1.0,1.0,1.0
pc,10,REC_157,0.0,0.0,0.0,1.0
pc,10,REC_158,0.1739130434782609,1.0,1.0,1.0
pc,10,REC_159,0.2413793103448276,1.0,1.0,1.0
pc,10,REC_160,0.3773584905660377,1.0,1.0,0.0
pc,10,REC_161,0.0,1.0,1.0,
pc,10,REC_162,0.04705882352941177,0.0,0.0,0.0
pc,10,REC_163,0.0,1.0,1.0,
pc,10,REC_164,0.0,0.5,0.0,1.0
pc,10,REC_165,0.0,0.0,0.0,1.0
pc,10,REC_166,0.08695652173913043,1.0,1.0,1.0
pc,10,REC_167,0.0,1.0,1.0,
pc,10,REC_168,0.2222222222222222,0.0,0.0,0.0
pc,10,REC_169,0.06451612903225806,1.0,0.0,1.0
pc,10,REC_170,0.0,0.0,1.0,
pc,10,REC_171,0.0,0.0,1.0,
pc,10,REC_172,0.0,1.0,0.0,
pc,10,REC_173,0.3243243243243243,1.0,1.0,1.0
pc,10,REC_174,0.08823529411764705,1.0,0.0,1.0
pc,10,REC_175,0.24203821656050953,1.0,1.0,0.0
pc,10,REC_176,0.0,1.0,0.0,
pc,10,REC_177,0.31818181818181823,1.0,1.0,1.0
pc,10,REC_178,0.13114754098360654,0.0,0.0,1.0
pc,10,REC_179,0.3076923076923077,0.7777777777777778,1.0,0.0
pc,10,REC_180,0.25,0.6,1.0,1.0
pc,10,REC_181,0.0,1.0,0.0,1.0
pc,10,REC_182,0.0,1.0,0.0,
pc,10,REC_183,0.05,0.0,0.0,0.0
pc,10,REC_184,0.0,0.0,1.0,
pc,10,REC_185,0.2891566265060241,0.8333333333333334,1.0,0.0
pc,10,REC_186,0.03703703703703704,0.0,0.0,0.0
pc,10,REC_187,0.16470588235294117,0.8333333333333334,1.0,1.0
pc,10,REC_188,0.17721518987341772,1.0,1.0,1.0
pc,10,REC_189,0.0,0.0,1.0,
pc,10,REC_190,0.11320754716981132,1.0,1.0,1.0
pc,10,REC_191,0.0,,0.0,1.0
pc,10,REC_192,0.0,1.0,1.0,
pc,10,REC_193,0.0,,0.0,0.0
pc,10,REC_194,0.0851063829787234,1.0,1.0,1.0
pc,10,REC_195,0.1764705882352941,1.0,1.0,1.0
pc,10,REC_196,0.0,1.0,1.0,
pc,10,REC_197,0.07142857142857142,1.0,0.0,1.0
pc,10,REC_198,0.09677419354838708,,1.0,0.0
pc,10,REC_199,0.2272727272727273,1.0,1.0,0.0
pc,10,REC_200,0.0425531914893617,0.0,0.0,0.0
pc,1,REC_001,0.0,0.0,1.0,
pc,1,REC_002,0.0,0.0,1.0,
pc,1,REC_003,0.0,0.0,0.0,0.0
pc,1,REC_004,0.0,1.0,0.0,0.0
pc,1,REC_005,0.0,1.0,0.0,
pc,1,REC_006,0.32653061224489793,0.75,1.0,0.0
pc,1,REC_007,0.13333333333333333,1.0,1.0,0.0
pc,1,REC_008,0.25000000000000006,0.75,1.0,1.0
pc,1,REC_009,0.0,0.0,1.0,
pc,1,REC_010,0.0,0.0,1.0,
pc,1,REC_011,0.20253164556962025,1.0,1.0,0.0
pc,1,REC_012,0.125,0.0,0.0,0.0
pc,1,REC_013,0.0,0.0,1.0,
pc,1,REC_014,0.0,0.0,1.0,
pc,1,REC_015,0.0,1.0,0.0,
pc,1,REC_016,0.0,0.75,0.0,
pc,1,REC_017,0.0,0.8,0.0,
pc,1,REC_018,0.0,0.4,0.0,
pc,1,REC_019,0.0,0.0,0.0,0.0
pc,1,REC_020,0.0,0.0,1.0,
pc,1,REC_021,0.0,0.0,1.0,
pc,1,REC_022,0.0,1.0,0.0,
pc,1,REC_023,0.0,0.0,0.0,0.0
pc,1,REC_024,0.0,0.0,1.0,
pc,1,REC_025,0.0,0.0,0.0,1.0
pc,1,REC_026,0.2682926829268293,0.75,1.0,0.0
pc,1,REC_027,0.0,0.0,1.0,
pc,1,REC_028,0.0,0.0,1.0,
pc,1,REC_029,0.052631578947368425,0.8571428571428571,1.0,1.0
pc,1,REC_030,0.0,0.0,0.0,1.0
pc,1,REC_031,0.0,0.0,1.0,
pc,1,REC_032,0.2247191011235955,0.6,1.0,1.0
pc,1,REC_033,0.0,0.0,1.0,
pc,1,REC_034,0.0,0.0,1.0,
pc,1,REC_035,0.0,1.0,0.0,
pc,1,REC_036,0.22222222222222224,1.0,1.0,1.0
pc,1,REC_037,0.0,0.0,1.0,
pc,1,REC_038,0.09523809523809523,1.0,1.0,1.0
pc,1,REC_039,0.13333333333333333,0.75,1.0,1.0
pc,1,REC_040,0.5333333333333333,1.0,1.0,1.0
pc,1,REC_041,0.16666666666666666,0.0,1.0,0.0
pc,1,REC_042,0.037037037037037035,1.0,1.0,1.0
pc,1,REC_043,0.2926829268292683,0.8,1.0,1.0
pc,1,REC_044,0.26666666666666666,0.6,1.0,0.0
pc,1,REC_045,0.0,0.0,1.0,
pc,1,REC_046,0.23076923076923075,0.8571428571428571,1.0,1.0
pc,1,REC_047,0.22222222222222224,0.375,1.0,0.0
pc,1,REC_048,0.04444444444444444,1.0,0.0,0.0
pc,1,REC_049,0.07317073170731707,0.6666666666666666,1.0,0.0
pc,1,REC_050,0.1875,1.0,1.0,0.0
pc,1,REC_051,0.3125,1.0,1.0,0.0
pc,1,REC_052,0.0,0.0,1.0,
pc,1,REC_053,0.0,1.0,1.0,0.0
pc,1,REC_054,0.07547169811320754,0.0,0.0,0.0
pc,1,REC_055,0.1473684210526316,1.0,1.0,1.0
pc,1,REC_056,0.0,0.0,1.0,
pc,1,REC_057,0.09090909090909091,0.0,1.0,1.0
pc,1,REC_058,0.27450980392156865,0.6666666666666666,1.0,1.0
pc,1,REC_059,0.04651162790697674,0.6666666666666666,1.0,0.0
pc,1,REC_060,0.1590909090909091,0.2857142857142857,1.0,0.0
pc,1,REC_061,0.0,1.0,0.0,1.0
pc,1,REC_062,0.3636363636363636,1.0,1.0,0.0
pc,1,REC_063,0.2380952380952381,0.8333333333333334,1.0,0.0
pc,1,REC_064,0.0,0.0,1.0,
pc,1,REC_065,0.0821917808219178,0.75,0.0,0.0
pc,1,REC_066,0.13793103448275862,0.0,0.0,0.0
pc,1,REC_067,0.0,0.0,1.0,
pc,1,REC_068,0.10526315789473685,1.0,0.0,1.0
pc,1,REC_069,0.0,1.0,1.0,
pc,1,REC_070,0.0923076923076923,0.0,0.0,0.0
pc,1,REC_071,0.039735099337748346,0.0,0.0,0.0
pc,1,REC_072,0.0,0.0,0.0,0.0
pc,1,REC_073,0.13333333333333333,0.6666666666666666,1.0,0.0
pc,1,REC_074,0.1216216216216216,0.6666666666666666,1.0,0.0
pc,1,REC_075,0.26666666666666666,0.4,1.0,0.0
pc,1,REC_076,0.0,0.0,1.0,
pc,1,REC_077,0.25,1.0,1.0,1.0
pc,1,REC_078,0.0,1.0,1.0,
pc,1,REC_079,0.0,0.0,1.0,
pc,1,REC_080,0.0,1.0,1.0,
pc,1,REC_081,0.0,1.0,0.0,
pc,1,REC_082,0.0,0.0,1.0,
pc,1,REC_083,0.29411764705882354,0.5,1.0,0.0
pc,1,REC_084,0.33333333333333337,1.0,1.0,1.0
pc,1,REC_085,0.1176470588235294,0.8333333333333334,1.0,1.0
pc,1,REC_086,0.09523809523809523,1.0,0.0,0.0
pc,1,REC_087,0.0,0.0,1.0,
pc,1,REC_088,0.14634146341463414,1.0,1.0,1.0
pc,1,REC_089,0.23076923076923078,0.3333333333333333,1.0,1.0
pc,1,REC_090,0.17142857142857143,0.5,1.0,0.0
pc,1,REC_091,0.0,1.0,0.0,
pc,1,REC_092,0.0,0.0,1.0,
pc,1,REC_093,0.0,0.0,1.0,
pc,1,REC_094,0.24000000000000002,1.0,1.0,0.0
pc,1,REC_095,0.0,0.0,1.0,
pc,1,REC_096,0.0,0.0,1.0,
pc,1,REC_097,0.0,0.5,0.0,
pc,1,REC_098,0.09090909090909091,1.0,1.0,1.0
pc,1,REC_099,0.0,1.0,0.0,0.0
pc,1,REC_100,0.0,0.0,1.0,
pc,1,REC_101,0.0,0.0,1.0,
pc,1,REC_102,0.0,1.0,1.0,0.0
pc,1,REC_103,0.15384615384615383,0.6666666666666666,1.0,0.0
pc,1,REC_104,0.15384615384615383,0.875,1.0,0.0
pc,1,REC_105,0.0,1.0,1.0,0.0
pc,1,REC_106,0.0,0.0,0.0,0.0
pc,1,REC_107,0.0,0.0,0.0,0.0
pc,1,REC_108,0.04,0.0,0.0,0.0
pc,1,REC_109,0.09523809523809523,0.0,0.0,0.0
pc,1,REC_110,0.0,0.0,1.0,
pc,1,REC_111,0.0,1.0,1.0,
pc,1,REC_112,0.08333333333333333,1.0,1.0,1.0
pc,1,REC_113,0.08695652173913043,0.0,0.0,0.0
pc,1,REC_114,0.05405405405405405,0.0,0.0,0.0
pc,1,REC_115,0.1388888888888889,1.0,1.0,0.0
pc,1,REC_116,0.17777777777777778,0.6666666666666666,1.0,0.0
pc,1,REC_117,0.0,0.0,0.0,1.0
pc,1,REC_118,0.23376623376623376,1.0,1.0,1.0
pc,1,REC_119,0.22580645161290325,0.7142857142857143,1.0,0.0
pc,1,REC_120,0.18181818181818182,1.0,1.0,0.0
pc,1,REC_121,0.07547169811320754,0.0,0.0,0.0
pc,1,REC_122,0.0,0.0,1.0,
pc,1,REC_123,0.0,0.0,1.0,
pc,1,REC_124,0.0,0.0,1.0,
pc,1,REC_125,0.0,0.0,0.0,0.0
pc,1,REC_126,0.10344827586206895,0.8,1.0,1.0
pc,1,REC_127,0.0,0.0,0.0,0.0
pc,1,REC_128,0.0,0.0,1.0,
pc,1,REC_129,0.0,0.0,1.0,
pc,1,REC_130,0.0,0.0,1.0,
pc,1,REC_131,0.0,1.0,1.0,
pc,1,REC_132,0.10344827586206896,1.0,1.0,0.0
pc,1,REC_133,0.08333333333333334,0.0,0.0,0.0
pc,1,REC_134,0.24203821656050958,0.8333333333333334,1.0,0.0
pc,1,REC_135,0.0,0.0,0.0,0.0
pc,1,REC_136,0.05128205128205127,0.0,0.0,1.0
pc,1,REC_137,0.0,0.0,1.0,
pc,1,REC_138,0.047619047619047616,0.0,0.0,0.0
pc,1,REC_139,0.0,0.0,1.0,
pc,1,REC_140,0.0,0.0,1.0,
pc,1,REC_141,0.15384615384615385,1.0,1.0,0.0
pc,1,REC_142,0.0,1.0,0.0,
pc,1,REC_143,0.0,0.0,1.0,
pc,1,REC_144,0.0,0.0,1.0,0.0
pc,1,REC_145,0.0,0.0,1.0,
pc,1,REC_146,0.22727272727272727,1.0,1.0,0.0
pc,1,REC_147,0.0,0.0,1.0,
pc,1,REC_148,0.05405405405405406,0.0,0.0,0.0
pc,1,REC_149,0.17283950617283952,1.0,1.0,0.0
pc,1,REC_150,0.0,0.0,0.0,0.0
pc,1,REC_151,0.0,0.0,1.0,
pc,1,REC_152,0.24657534246575344,1.0,1.0,0.0
pc,1,REC_153,0.0,0.0,0.0,0.0
pc,1,REC_154,0.0,0.0,1.0,
pc,1,REC_155,0.0,1.0,0.0,
pc,1,REC_156,0.18518518518518517,1.0,1.0,1.0
pc,1,REC_157,0.0,1.0,1.0,0.0
pc,1,REC_158,0.2272727272727273,1.0,1.0,0.0
pc,1,REC_159,0.15625,1.0,1.0,1.0
pc,1,REC_160,0.41509433962264153,0.3333333333333333,1.0,0.0
pc,1,REC_161,0.0,0.0,1.0,
pc,1,REC_162,0.04705882352941177,0.0,0.0,0.0
pc,1,REC_163,0.0,1.0,1.0,
pc,1,REC_164,0.14814814814814814,0.8,0.0,1.0
pc,1,REC_165,0.0,0.0,0.0,0.0
pc,1,REC_166,0.06451612903225808,0.6666666666666666,1.0,0.0
pc,1,REC_167,0.0,0.0,1.0,
pc,1,REC_168,0.2222222222222222,0.0,0.0,0.0
pc,1,REC_169,0.06451612903225806,1.0,0.0,0.0
pc,1,REC_170,0.0,0.0,1.0,
pc,1,REC_171,0.0,0.0,1.0,
pc,1,REC_172,0.0,0.0,0.0,
pc,1,REC_173,0.3243243243243243,0.5,1.0,0.0
pc,1,REC_174,0.08823529411764705,0.0,0.0,0.0
pc,1,REC_175,0.16993464052287582,1.0,1.0,0.0
pc,1,REC_176,0.0,1.0,0.0,
pc,1,REC_177,0.225,1.0,1.0,0.0
pc,1,REC_178,0.13114754098360654,0.0,0.0,0.0
pc,1,REC_179,0.4,1.0,1.0,0.0
pc,1,REC_180,0.3571428571428571,0.6666666666666666,1.0,0.0
pc,1,REC_181,0.1,0.3333333333333333,1.0,1.0
pc,1,REC_182,0.0,1.0,0.0,
pc,1,REC_183,0.05,0.0,0.0,0.0
pc,1,REC_184,0.0,0.0,1.0,
pc,1,REC_185,0.06666666666666667,0.0,0.0,0.0
pc,1,REC_186,0.03703703703703704,0.0,0.0,0.0
pc,1,REC_187,0.1388888888888889,0.25,1.0,0.0
pc,1,REC_188,0.1590909090909091,0.6666666666666666,1.0,0.0
pc,1,REC_189,0.0,0.0,1.0,
pc,1,REC_190,0.08163265306122448,1.0,1.0,1.0
pc,1,REC_191,0.0,0.0,0.0,0.0
pc,1,REC_192,0.0,0.0,1.0,
pc,1,REC_193,0.11538461538461536,1.0,0.0,0.0
pc,1,REC_194,0.23076923076923075,0.5,1.0,0.0
pc,1,REC_195,0.047619047619047616,0.0,0.0,0.0
pc,1,REC_196,0.0,0.0,1.0,
pc,1,REC_197,0.25641025641025644,1.0,1.0,1.0
pc,1,REC_198,0.09523809523809525,0.5,1.0,0.0
pc,1,REC_199,0.21212121212121213,1.0,1.0,0.0
pc,1,REC_200,0.0425531914893617,1.0,0.0,0.0
pc,3,REC_001,0.0,1.0,1.0,
pc,3,REC_002,0.0,0.0,1.0,
pc,3,REC_003,0.0,0.0,0.0,1.0
pc,3,REC_004,0.0,0.6666666666666666,1.0,1.0
pc,3,REC_005,0.0,1.0,0.0,
pc,3,REC_006,0.32653061224489793,1.0,1.0,1.0
pc,3,REC_007,0.163265306122449,0.8333333333333334,1.0,0.0
pc,3,REC_008,0.16949152542372878,1.0,1.0,1.0
pc,3,REC_009,0.0,0.0,1.0,
pc,3,REC_010,0.0,0.0,1.0,
pc,3,REC_011,0.19512195121951217,1.0,1.0,1.0
pc,3,REC_012,0.125,0.0,0.0,0.0
pc,3,REC_013,0.0,1.0,1.0,
pc,3,REC_014,0.0,1.0,1.0,
pc,3,REC_015,0.0,1.0,1.0,
pc,3,REC_016,0.0,1.0,1.0,
pc,3,REC_017,0.0,0.75,0.0,
pc,3,REC_018,0.0,0.0,1.0,
pc,3,REC_019,0.0,0.0,0.0,1.0
pc,3,REC_020,0.0,0.0,1.0,
pc,3,REC_021,0.0,1.0,1.0,
pc,3,REC_022,0.0,1.0,1.0,
pc,3,REC_023,0.0,0.0,0.0,0.0
pc,3,REC_024,0.0,0.0,1.0,
pc,3,REC_025,0.0,0.0,0.0,1.0
pc,3,REC_026,0.20224719101123598,0.8,1.0,1.0
pc,3,REC_027,0.0,1.0,1.0,
pc,3,REC_028,0.0,1.0,1.0,
pc,3,REC_029,0.0,1.0,1.0,1.0
pc,3,REC_030,0.0,0.0,0.0,1.0
pc,3,REC_031,0.0,1.0,1.0,
pc,3,REC_032,0.23404255319148937,0.8,1.0,1.0
pc,3,REC_033,0.0,0.0,1.0,
pc,3,REC_034,0.0,1.0,1.0,
pc,3,REC_035,0.0,1.0,0.0,
pc,3,REC_036,0.15789473684210525,0.8,1.0,1.0
pc,3,REC_037,0.0,1.0,1.0,
pc,3,REC_038,0.12765957446808512,1.0,1.0,1.0
pc,3,REC_039,0.1411764705882353,0.8571428571428571,1.0,1.0
pc,3,REC_040,0.27586206896551724,1.0,1.0,1.0
pc,3,REC_041,0.16666666666666666,0.0,1.0,0.0
pc,3,REC_042,0.05194805194805195,1.0,1.0,1.0
pc,3,REC_043,0.2,1.0,1.0,1.0
pc,3,REC_044,0.28301886792452835,0.6,1.0,1.0
pc,3,REC_045,0.0,0.0,1.0,
pc,3,REC_046,0.24193548387096775,1.0,1.0,1.0
pc,3,REC_047,0.3,1.0,1.0,1.0
pc,3,REC_048,0.3278688524590164,1.0,1.0,0.0
pc,3,REC_049,0.02777777777777778,0.0,0.0,1.0
pc,3,REC_050,0.2388059701492537,0.8888888888888888,1.0,0.0
pc,3,REC_051,0.047619047619047616,0.0,0.0,0.0
pc,3,REC_052,0.0,0.8571428571428571,0.0,
pc,3,REC_053,0.0,1.0,1.0,1.0
pc,3,REC_054,0.07547169811320754,0.0,0.0,1.0
pc,3,REC_055,0.21359223300970875,0.5555555555555556,1.0,1.0
pc,3,REC_056,0.0,0.0,1.0,
pc,3,REC_057,0.0816326530612245,1.0,1.0,1.0
pc,3,REC_058,0.21818181818181817,0.25,1.0,1.0
pc,3,REC_059,0.08888888888888889,0.8571428571428571,1.0,0.0
pc,3,REC_060,0.09090909090909091,0.75,1.0,0.0
pc,3,REC_061,0.06779661016949154,0.7142857142857143,1.0,1.0
pc,3,REC_062,0.25925925925925924,1.0,1.0,0.0
pc,3,REC_063,0.23255813953488372,0.8571428571428571,1.0,0.0
pc,3,REC_064,0.0,0.0,1.0,
pc,3,REC_065,0.2926829268292683,1.0,1.0,1.0
pc,3,REC_066,0.13793103448275862,0.0,0.0,0.0
pc,3,REC_067,0.0,0.5,0.0,
pc,3,REC_068,0.10526315789473685,1.0,0.0,1.0
pc,3,REC_069,0.0,0.0,1.0,
pc,3,REC_070,0.1818181818181818,0.6,1.0,1.0
pc,3,REC_071,0.039735099337748346,0.0,0.0,1.0
pc,3,REC_072,0.0,0.0,0.0,0.0
pc,3,REC_073,0.15789473684210525,1.0,1.0,0.0
pc,3,REC_074,0.16049382716049382,1.0,1.0,0.0
pc,3,REC_075,0.12121212121212123,1.0,0.0,0.0
pc,3,REC_076,0.0,1.0,1.0,
pc,3,REC_077,0.17857142857142858,1.0,1.0,1.0
pc,3,REC_078,0.0,1.0,1.0,
pc,3,REC_079,0.0,1.0,1.0,
pc,3,REC_080,0.0,1.0,1.0,
pc,3,REC_081,0.0,1.0,0.0,
pc,3,REC_082,0.0,1.0,1.0,
pc,3,REC_083,0.25974025974025977,0.8333333333333334,1.0,0.0
pc,3,REC_084,0.15384615384615383,0.6666666666666666,1.0,1.0
pc,3,REC_085,0.16666666666666666,0.625,1.0,1.0
pc,3,REC_086,0.09523809523809523,1.0,0.0,0.0
pc,3,REC_087,0.0,1.0,1.0,
pc,3,REC_088,0.1322314049586777,1.0,1.0,1.0
pc,3,REC_089,0.12244897959183672,0.8333333333333334,1.0,1.0
pc,3,REC_090,0.03571428571428572,0.0,0.0,0.0
pc,3,REC_091,0.0,1.0,0.0,
pc,3,REC_092,0.0,1.0,1.0,
pc,3,REC_093,0.0,1.0,1.0,
pc,3,REC_094,0.29508196721311475,1.0,1.0,1.0
pc,3,REC_095,0.0,1.0,1.0,
pc,3,REC_096,0.0,1.0,1.0,
pc,3,REC_097,0.0,1.0,0.0,
pc,3,REC_098,0.1111111111111111,0.0,0.0,1.0
pc,3,REC_099,0.0,1.0,0.0,0.0
pc,3,REC_100,0.0,1.0,1.0,
pc,3,REC_101,0.0,0.5,1.0,
pc,3,REC_102,0.12307692307692307,0.75,1.0,0.0
pc,3,REC_103,0.17391304347826086,1.0,1.0,0.0
pc,3,REC_104,0.05797101449275362,1.0,1.0,1.0
pc,3,REC_105,0.0,0.875,1.0,0.0
pc,3,REC_106,0.0,1.0,0.0,0.0
pc,3,REC_107,0.0,1.0,0.0,0.0
pc,3,REC_108,0.33707865168539325,1.0,1.0,1.0
pc,3,REC_109,0.2268041237113402,0.6,1.0,1.0
pc,3,REC_110,0.0,1.0,1.0,
pc,3,REC_111,0.0,1.0,1.0,
pc,3,REC_112,0.08333333333333333,1.0,1.0,1.0
pc,3,REC_113,0.08695652173913043,0.0,0.0,0.0
pc,3,REC_114,0.21238938053097342,0.875,1.0,1.0
pc,3,REC_115,0.11627906976744186,1.0,1.0,0.0
pc,3,REC_116,0.1904761904761905,1.0,1.0,0.0
pc,3,REC_117,0.07407407407407406,0.8,1.0,1.0
pc,3,REC_118,0.25,1.0,1.0,1.0
pc,3,REC_119,0.27450980392156865,1.0,1.0,0.0
pc,3,REC_120,0.17543859649122806,1.0,1.0,0.0
pc,3,REC_121,0.07547169811320754,1.0,0.0,0.0
pc,3,REC_122,0.0,1.0,1.0,
pc,3,REC_123,0.0,0.0,1.0,
pc,3,REC_124,0.0,0.0,1.0,
pc,3,REC_125,0.0,0.0,0.0,1.0
pc,3,REC_126,0.0,0.0,0.0,1.0
pc,3,REC_127,0.05797101449275363,0.7142857142857143,1.0,0.0
pc,3,REC_128,0.0,0.0,1.0,
pc,3,REC_129,0.0,0.0,1.0,
pc,3,REC_130,0.0,1.0,1.0,
pc,3,REC_131,0.0,1.0,1.0,
pc,3,REC_132,0.05194805194805195,1.0,1.0,0.0
pc,3,REC_133,0.08333333333333334,0.0,0.0,0.0
pc,3,REC_134,0.174496644295302,0.6,1.0,0.0
pc,3,REC_135,0.0,0.0,0.0,0.0
pc,3,REC_136,0.05128205128205127,0.0,0.0,1.0
pc,3,REC_137,0.0,1.0,1.0,
pc,3,REC_138,0.047619047619047616,0.0,0.0,0.0
pc,3,REC_139,0.0,1.0,1.0,
pc,3,REC_140,0.0,0.0,1.0,
pc,3,REC_141,0.07407407407407407,1.0,1.0,0.0
pc,3,REC_142,0.0,0.0,1.0,
pc,3,REC_143,0.0,0.0,1.0,
pc,3,REC_144,0.0,1.0,1.0,1.0
pc,3,REC_145,0.0,1.0,1.0,
pc,3,REC_146,0.19607843137254902,1.0,1.0,0.0
pc,3,REC_147,0.0,1.0,1.0,
pc,3,REC_148,0.05405405405405406,1.0,0.0,0.0
pc,3,REC_149,0.24691358024691357,0.8,1.0,1.0
pc,3,REC_150,0.13888888888888887,0.8571428571428571,1.0,1.0
pc,3,REC_151,0.0,0.0,1.0,
pc,3,REC_152,0.2535211267605634,1.0,1.0,1.0
pc,3,REC_153,0.0,1.0,0.0,1.0
pc,3,REC_154,0.0,0.0,1.0,
pc,3,REC_155,0.0,1.0,0.0,
pc,3,REC_156,0.16666666666666666,1.0,1.0,1.0
pc,3,REC_157,0.0,1.0,0.0,0.0
pc,3,REC_158,0.1764705882352941,1.0,1.0,0.0
pc,3,REC_159,0.17910447761194032,1.0,1.0,1.0
pc,3,REC_160,0.41509433962264153,1.0,1.0,0.0
pc,3,REC_161,0.0,0.0,1.0,
pc,3,REC_162,0.04705882352941177,0.0,0.0,0.0
pc,3,REC_163,0.0,1.0,1.0,
pc,3,REC_164,0.0,1.0,0.0,1.0
pc,3,REC_165,0.0,0.0,0.0,1.0
pc,3,REC_166,0.05,0.75,1.0,0.0
pc,3,REC_167,0.0,1.0,1.0,
pc,3,REC_168,0.2222222222222222,0.0,0.0,0.0
pc,3,REC_169,0.06451612903225806,1.0,0.0,0.0
pc,3,REC_170,0.0,0.0,1.0,
pc,3,REC_171,0.0,0.0,1.0,
pc,3,REC_172,0.0,0.0,0.0,
pc,3,REC_173,0.3243243243243243,1.0,1.0,0.0
pc,3,REC_174,0.08823529411764705,0.0,0.0,0.0
pc,3,REC_175,0.2738095238095238,1.0,1.0,0.0
pc,3,REC_176,0.0,1.0,0.0,
pc,3,REC_177,0.3013698630136986,1.0,1.0,0.0
pc,3,REC_178,0.13114754098360654,0.0,0.0,0.0
pc,3,REC_179,0.3333333333333333,0.6,1.0,0.0
pc,3,REC_180,0.1891891891891892,1.0,1.0,0.0
pc,3,REC_181,0.0,0.0,0.0,1.0
pc,3,REC_182,0.0,0.6666666666666666,0.0,
pc,3,REC_183,0.05,0.0,0.0,0.0
pc,3,REC_184,0.0,0.0,1.0,
pc,3,REC_185,0.2727272727272727,0.1111111111111111,1.0,0.0
pc,3,REC_186,0.03703703703703704,0.0,0.0,0.0
pc,3,REC_187,0.1935483870967742,1.0,1.0,1.0
pc,3,REC_188,0.19047619047619044,0.7142857142857143,1.0,1.0
pc,3,REC_189,0.0,0.0,1.0,
pc,3,REC_190,0.14705882352941174,0.6,1.0,1.0
pc,3,REC_191,0.0,0.0,0.0,1.0
pc,3,REC_192,0.0,1.0,1.0,
pc,3,REC_193,0.11538461538461536,1.0,0.0,0.0
pc,3,REC_194,0.2553191489361702,1.0,1.0,0.0
pc,3,REC_195,0.24615384615384614,0.75,1.0,0.0
pc,3,REC_196,0.0,0.0,1.0,
pc,3,REC_197,0.07142857142857142,1.0,0.0,1.0
pc,3,REC_198,0.10714285714285716,0.6,1.0,0.0
pc,3,REC_199,0.26966292134831465,1.0,1.0,0.0
pc,3,REC_200,0.0425531914893617,0.0,0.0,0.0
pc,5,REC_001,0.0,1.0,1.0,
pc,5,REC_002,0.0,0.0,1.0,
pc,5,REC_003,0.0,0.0,0.0,1.0
pc,5,REC_004,0.0,1.0,1.0,1.0
pc,5,REC_005,0.0,1.0,0.0,
pc,5,REC_006,0.27118644067796616,1.0,1.0,1.0
pc,5,REC_007,0.1,0.8333333333333334,1.0,0.0
pc,5,REC_008,0.163265306122449,1.0,1.0,1.0
pc,5,REC_009,0.0,0.0,1.0,
pc,5,REC_010,0.0,0.0,1.0,
pc,5,REC_011,0.1956521739130435,1.0,1.0,1.0
pc,5,REC_012,0.125,0.0,0.0,1.0
pc,5,REC_013,0.0,1.0,1.0,
pc,5,REC_014,0.0,0.0,1.0,
pc,5,REC_015,0.0,1.0,1.0,
pc,5,REC_016,0.0,0.0,1.0,
pc,5,REC_017,0.0,1.0,0.0,
pc,5,REC_018,0.0,0.5,1.0,
pc,5,REC_019,0.0,0.0,0.0,1.0
pc,5,REC_020,0.0,0.0,1.0,
pc,5,REC_021,0.0,1.0,1.0,
pc,5,REC_022,0.0,1.0,1.0,
pc,5,REC_023,0.0,0.0,0.0,0.0
pc,5,REC_024,0.0,0.0,1.0,
pc,5,REC_025,0.0,0.0,0.0,1.0
pc,5,REC_026,0.2105263157894737,0.5,1.0,1.0
pc,5,REC_027,0.0,1.0,1.0,
pc,5,REC_028,0.0,1.0,1.0,
pc,5,REC_029,0.0,0.7142857142857143,1.0,1.0
pc,5,REC_030,0.0,1.0,0.0,1.0
pc,5,REC_031,0.0,1.0,1.0,
pc,5,REC_032,0.20512820512820512,1.0,1.0,1.0
pc,5,REC_033,0.0,1.0,1.0,
pc,5,REC_034,0.0,0.5,1.0,
pc,5,REC_035,0.0,1.0,0.0,
pc,5,REC_036,0.26666666666666666,1.0,1.0,1.0
pc,5,REC_037,0.0,1.0,1.0,
pc,5,REC_038,0.14285714285714285,0.8,1.0,1.0
pc,5,REC_039,0.18666666666666668,1.0,1.0,1.0
pc,5,REC_040,0.2222222222222222,1.0,1.0,1.0
pc,5,REC_041,0.07692307692307693,1.0,1.0,1.0
pc,5,REC_042,0.02857142857142857,1.0,1.0,1.0
pc,5,REC_043,0.35294117647058826,1.0,1.0,1.0
pc,5,REC_044,0.14893617021276595,0.6666666666666666,1.0,1.0
pc,5,REC_045,0.0,0.0,1.0,
pc,5,REC_046,0.3142857142857143,0.875,1.0,1.0
pc,5,REC_047,0.2647058823529412,0.6666666666666666,1.0,1.0
pc,5,REC_048,0.2298850574712644,0.8333333333333334,1.0,1.0
pc,5,REC_049,0.02777777777777778,0.0,0.0,1.0
pc,5,REC_050,0.20338983050847456,1.0,1.0,0.0
pc,5,REC_051,0.047619047619047616,0.0,0.0,1.0
pc,5,REC_052,0.0,1.0,0.0,
pc,5,REC_053,0.0,1.0,1.0,1.0
pc,5,REC_054,0.07547169811320754,0.0,0.0,1.0
pc,5,REC_055,0.1758241758241758,0.7142857142857143,1.0,1.0
pc,5,REC_056,0.0,1.0,1.0,
pc,5,REC_057,0.09999999999999999,0.8,1.0,1.0
pc,5,REC_058,0.10526315789473684,0.0,0.0,1.0
pc,5,REC_059,0.08888888888888889,0.8571428571428571,1.0,0.0
pc,5,REC_060,0.10526315789473684,1.0,1.0,0.0
pc,5,REC_061,0.07142857142857142,0.7142857142857143,1.0,1.0
pc,5,REC_062,0.39024390243902435,1.0,1.0,1.0
pc,5,REC_063,0.29411764705882354,0.8,0.0,0.0
pc,5,REC_064,0.0,1.0,1.0,
pc,5,REC_065,0.30952380952380953,0.875,1.0,1.0
pc,5,REC_066,0.13793103448275862,0.0,0.0,1.0
pc,5,REC_067,0.0,0.0,1.0,
pc,5,REC_068,0.10526315789473685,1.0,0.0,1.0
pc,5,REC_069,0.0,0.0,1.0,
pc,5,REC_070,0.27906976744186046,0.75,1.0,1.0
pc,5,REC_071,0.039735099337748346,0.0,0.0,1.0
pc,5,REC_072,0.0,0.0,0.0,1.0
pc,5,REC_073,0.0303030303030303,0.0,0.0,0.0
pc,5,REC_074,0.19999999999999998,1.0,1.0,1.0
pc,5,REC_075,0.4074074074074074,0.6666666666666666,1.0,1.0
pc,5,REC_076,0.0,1.0,1.0,
pc,5,REC_077,0.30303030303030304,1.0,1.0,1.0
pc,5,REC_078,0.0,1.0,1.0,
pc,5,REC_079,0.0,1.0,1.0,
pc,5,REC_080,0.0,1.0,1.0,
pc,5,REC_081,0.0,1.0,0.0,
pc,5,REC_082,0.0,0.0,1.0,
pc,5,REC_083,0.06666666666666667,0.0,0.0,1.0
pc,5,REC_084,0.2608695652173913,1.0,1.0,1.0
pc,5,REC_085,0.15384615384615385,0.75,1.0,1.0
pc,5,REC_086,0.09523809523809523,0.0,0.0,1.0
pc,5,REC_087,0.0,1.0,1.0,
pc,5,REC_088,0.057692307692307696,1.0,0.0,1.0
pc,5,REC_089,0.15,0.8,1.0,1.0
pc,5,REC_090,0.03571428571428572,0.0,0.0,1.0
pc,5,REC_091,0.0,1.0,0.0,
pc,5,REC_092,0.0,1.0,1.0,
pc,5,REC_093,0.0,1.0,1.0,
pc,5,REC_094,0.2686567164179105,1.0,1.0,1.0
pc,5,REC_095,0.0,0.0,1.0,
pc,5,REC_096,0.0,1.0,1.0,
pc,5,REC_097,0.0,0.8,0.0,
pc,5,REC_098,0.1111111111111111,0.0,0.0,1.0
pc,5,REC_099,0.0,1.0,0.0,1.0
pc,5,REC_100,0.0,0.0,1.0,
pc,5,REC_101,0.0,0.5,1.0,
pc,5,REC_102,0.13513513513513514,0.8333333333333334,1.0,1.0
pc,5,REC_103,0.17391304347826086,1.0,1.0,0.0
pc,5,REC_104,0.03076923076923077,1.0,1.0,1.0
pc,5,REC_105,0.0,1.0,1.0,0.0
pc,5,REC_106,0.0,0.0,0.0,0.0
pc,5,REC_107,0.0,1.0,0.0,1.0
pc,5,REC_108,0.2531645569620253,1.0,1.0,1.0
pc,5,REC_109,0.25,1.0,1.0,1.0
pc,5,REC_110,0.0,1.0,1.0,
pc,5,REC_111,0.0,1.0,1.0,
pc,5,REC_112,0.08695652173913045,1.0,1.0,1.0
pc,5,REC_113,0.08695652173913043,1.0,0.0,0.0
pc,5,REC_114,0.23076923076923075,0.8333333333333334,1.0,1.0
pc,5,REC_115,0.1518987341772152,0.625,1.0,0.0
pc,5,REC_116,0.2285714285714286,1.0,1.0,1.0
pc,5,REC_117,0.1142857142857143,1.0,1.0,1.0
pc,5,REC_118,0.23404255319148937,0.6,1.0,1.0
pc,5,REC_119,0.25,1.0,1.0,1.0
pc,5,REC_120,0.19672131147540986,1.0,1.0,0.0
pc,5,REC_121,0.07547169811320754,1.0,0.0,0.0
pc,5,REC_122,0.0,1.0,1.0,
pc,5,REC_123,0.0,0.0,1.0,
pc,5,REC_124,0.0,1.0,1.0,
pc,5,REC_125,0.0,0.0,0.0,1.0
pc,5,REC_126,0.0,0.0,0.0,1.0
pc,5,REC_127,0.11428571428571428,0.5714285714285714,1.0,1.0
pc,5,REC_128,0.0,0.0,1.0,
pc,5,REC_129,0.0,0.0,1.0,
pc,5,REC_130,0.0,1.0,1.0,
pc,5,REC_131,0.0,1.0,1.0,
pc,5,REC_132,0.13793103448275862,1.0,1.0,0.0
pc,5,REC_133,0.08333333333333334,0.0,0.0,0.0
pc,5,REC_134,0.2105263157894737,0.75,1.0,0.0
pc,5,REC_135,0.0,0.5,0.0,0.0
pc,5,REC_136,0.05128205128205127,0.0,0.0,1.0
pc,5,REC_137,0.0,1.0,1.0,
pc,5,REC_138,0.047619047619047616,1.0,0.0,0.0
pc,5,REC_139,0.0,0.0,1.0,
pc,5,REC_140,0.0,0.0,1.0,
pc,5,REC_141,0.08695652173913042,1.0,1.0,0.0
pc,5,REC_142,0.0,0.0,1.0,
pc,5,REC_143,0.0,0.0,1.0,
pc,5,REC_144,0.0,0.6,1.0,1.0
pc,5,REC_145,0.0,1.0,1.0,
pc,5,REC_146,0.22950819672131148,0.8333333333333334,1.0,0.0
pc,5,REC_147,0.0,1.0,1.0,
pc,5,REC_148,0.05405405405405406,1.0,0.0,0.0
pc,5,REC_149,0.20930232558139536,0.7142857142857143,1.0,1.0
pc,5,REC_150,0.18181818181818185,0.75,1.0,1.0
pc,5,REC_151,0.0,1.0,1.0,
pc,5,REC_152,0.2608695652173913,1.0,1.0,1.0
pc,5,REC_153,0.0,1.0,0.0,1.0
pc,5,REC_154,0.0,0.0,1.0,
pc,5,REC_155,0.0,1.0,1.0,
pc,5,REC_156,0.14545454545454548,1.0,1.0,1.0
pc,5,REC_157,0.0,1.0,0.0,1.0
pc,5,REC_158,0.15873015873015872,0.8,1.0,0.0
pc,5,REC_159,0.21917808219178084,1.0,1.0,1.0
pc,5,REC_160,0.3773584905660377,1.0,1.0,0.0
pc,5,REC_161,0.0,1.0,1.0,
pc,5,REC_162,0.04705882352941177,0.0,0.0,0.0
pc,5,REC_163,0.0,1.0,1.0,
pc,5,REC_164,0.0,0.0,0.0,1.0
pc,5,REC_165,0.0,0.0,0.0,1.0
pc,5,REC_166,0.05,0.75,1.0,0.0
pc,5,REC_167,0.0,1.0,1.0,
pc,5,REC_168,0.2222222222222222,0.0,0.0,0.0
pc,5,REC_169,0.06451612903225806,1.0,0.0,0.0
pc,5,REC_170,0.0,0.0,1.0,
pc,5,REC_171,0.0,0.0,1.0,
pc,5,REC_172,0.0,0.8888888888888888,0.0,
pc,5,REC_173,0.3181818181818182,1.0,1.0,0.0
pc,5,REC_174,0.08823529411764705,1.0,0.0,0.0
pc,5,REC_175,0.22857142857142856,1.0,1.0,0.0
pc,5,REC_176,0.0,0.8333333333333334,0.0,
pc,5,REC_177,0.3466666666666667,1.0,1.0,0.0
pc,5,REC_178,0.13114754098360654,0.0,0.0,0.0
pc,5,REC_179,0.2711864406779661,1.0,1.0,0.0
pc,5,REC_180,0.17721518987341772,0.6666666666666666,1.0,1.0
pc,5,REC_181,0.0,0.0,0.0,1.0
pc,5,REC_182,0.0,0.6666666666666666,0.0,
pc,5,REC_183,0.05,0.0,0.0,0.0
pc,5,REC_184,0.0,0.0,1.0,
pc,5,REC_185,0.3548387096774194,1.0,1.0,0.0
pc,5,REC_186,0.03703703703703704,0.0,0.0,0.0
pc,5,REC_187,0.1904761904761905,0.8,1.0,1.0
pc,5,REC_188,0.17073170731707318,0.5,1.0,1.0
pc,5,REC_189,0.0,0.0,1.0,
pc,5,REC_190,0.15625,1.0,1.0,1.0
pc,5,REC_191,0.0,0.0,0.0,1.0
pc,5,REC_192,0.0,1.0,1.0,
pc,5,REC_193,0.11538461538461536,0.0,0.0,0.0
pc,5,REC_194,0.07407407407407407,0.75,1.0,0.0
pc,5,REC_195,0.1142857142857143,0.5,1.0,0.0
pc,5,REC_196,0.0,1.0,1.0,
pc,5,REC_197,0.07142857142857142,1.0,0.0,1.0
pc,5,REC_198,0.07843137254901962,0.6,1.0,0.0
pc,5,REC_199,0.2580645161290323,1.0,1.0,0.0
pc,5,REC_200,0.17592592592592593,1.0,1.0,0.0
sentwin,10,REC_001,0.0,1.0,1.0,
sentwin,10,REC_002,0.0,0.0,1.0,
sentwin,10,REC_003,0.0,0.0,0.0,1.0
sentwin,10,REC_004,0.0,1.0,1.0,1.0
sentwin,10,REC_005,0.0,1.0,0.0,
sentwin,10,REC_006,0.28571428571428575,1.0,1.0,1.0
sentwin,10,REC_007,0.06666666666666667,1.0,1.0,1.0
sentwin,10,REC_008,0.1212121212121212,1.0,1.0,1.0
sentwin,10,REC_009,0.0,0.0,1.0,
sentwin,10,REC_010,0.0,0.0,1.0,
sentwin,10,REC_011,0.15384615384615385,0.75,1.0,1.0
sentwin,10,REC_012,0.125,0.0,0.0,1.0
sentwin,10,REC_013,0.0,1.0,1.0,
sentwin,10,REC_014,0.0,0.0,1.0,
sentwin,10,REC_015,0.0,1.0,1.0,
sentwin,10,REC_016,0.0,1.0,1.0,
sentwin,10,REC_017,0.0,0.75,0.0,
sentwin,10,REC_018,0.0,0.0,1.0,
sentwin,10,REC_019,0.0,0.0,0.0,1.0
sentwin,10,REC_020,0.0,0.0,1.0,
sentwin,10,REC_021,0.0,1.0,1.0,
sentwin,10,REC_022,0.0,1.0,1.0,
sentwin,10,REC_023,0.0,0.0,0.0,1.0
sentwin,10,REC_024,0.0,0.0,1.0,
sentwin,10,REC_025,0.0,0.0,0.0,1.0
sentwin,10,REC_026,0.2682926829268293,0.8,1.0,1.0
sentwin,10,REC_027,0.0,0.0,1.0,
sentwin,10,REC_028,0.0,1.0,1.0,
sentwin,10,REC_029,0.0,0.8571428571428571,1.0,1.0
sentwin,10,REC_030,0.0,1.0,0.0,1.0
sentwin,10,REC_031,0.0,1.0,0.0,
sentwin,10,REC_032,0.26506024096385544,1.0,1.0,1.0
sentwin,10,REC_033,0.0,0.0,1.0,
sentwin,10,REC_034,0.0,1.0,1.0,
sentwin,10,REC_035,0.0,1.0,0.0,
sentwin,10,REC_036,0.19512195121951217,1.0,1.0,1.0
sentwin,10,REC_037,0.0,1.0,1.0,
sentwin,10,REC_038,0.16091954022988506,0.8571428571428571,1.0,1.0
sentwin,10,REC_039,0.14285714285714285,1.0,1.0,1.0
sentwin,10,REC_040,0.27027027027027023,0.75,1.0,1.0
sentwin,10,REC_041,0.1111111111111111,1.0,1.0,1.0
sentwin,10,REC_042,0.0392156862745098,1.0,1.0,1.0
sentwin,10,REC_043,0.4444444444444444,1.0,1.0,1.0
sentwin,10,REC_044,0.1020408163265306,1.0,1.0,1.0
sentwin,10,REC_045,0.0,0.0,1.0,
sentwin,10,REC_046,0.3015873015873016,0.7142857142857143,1.0,1.0
sentwin,10,REC_047,0.22222222222222224,0.8333333333333334,1.0,1.0
sentwin,10,REC_048,0.24691358024691357,0.8,1.0,1.0
sentwin,10,REC_049,0.02777777777777778,0.0,0.0,1.0
sentwin,10,REC_050,0.23076923076923075,1.0,1.0,1.0
sentwin,10,REC_051,0.3768115942028986,0.8,1.0,1.0
sentwin,10,REC_052,0.0,1.0,0.0,
sentwin,10,REC_053,0.0,1.0,1.0,1.0
sentwin,10,REC_054,0.07547169811320754,0.0,0.0,1.0
sentwin,10,REC_055,0.06451612903225806,1.0,0.0,1.0
sentwin,10,REC_056,0.0,1.0,1.0,
sentwin,10,REC_057,0.13793103448275865,1.0,1.0,1.0
sentwin,10,REC_058,0.2105263157894737,1.0,1.0,1.0
sentwin,10,REC_059,0.044444444444444446,0.8,1.0,1.0
sentwin,10,REC_060,0.10389610389610389,1.0,1.0,1.0
sentwin,10,REC_061,0.07547169811320754,0.8,1.0,1.0
sentwin,10,REC_062,0.2857142857142857,1.0,1.0,1.0
sentwin,10,REC_063,0.24657534246575344,1.0,1.0,1.0
sentwin,10,REC_064,0.0,0.0,1.0,
sentwin,10,REC_065,0.27499999999999997,0.8,1.0,1.0
sentwin,10,REC_066,0.10714285714285714,0.75,1.0,1.0
sentwin,10,REC_067,0.0,0.0,1.0,
sentwin,10,REC_068,0.10526315789473685,1.0,0.0,1.0
sentwin,10,REC_069,0.0,0.0,1.0,
sentwin,10,REC_070,0.25,1.0,1.0,0.0
sentwin,10,REC_071,0.039735099337748346,0.0,0.0,1.0
sentwin,10,REC_072,0.0,0.0,0.0,0.0
sentwin,10,REC_073,0.0303030303030303,0.0,0.0,1.0
sentwin,10,REC_074,0.19047619047619047,1.0,1.0,1.0
sentwin,10,REC_075,0.2413793103448276,0.8,1.0,1.0
sentwin,10,REC_076,0.0,1.0,1.0,
sentwin,10,REC_077,0.19607843137254904,1.0,1.0,1.0
sentwin,10,REC_078,0.0,1.0,1.0,
sentwin,10,REC_079,0.0,1.0,1.0,
sentwin,10,REC_080,0.0,1.0,1.0,
sentwin,10,REC_081,0.0,0.4,0.0,
sentwin,10,REC_082,0.0,0.0,1.0,
sentwin,10,REC_083,0.06666666666666667,1.0,0.0,1.0
sentwin,10,REC_084,0.16,0.6666666666666666,1.0,1.0
sentwin,10,REC_085,0.17258883248730963,0.7142857142857143,1.0,1.0
sentwin,10,REC_086,0.09523809523809523,1.0,0.0,1.0
sentwin,10,REC_087,0.0,0.0,1.0,
sentwin,10,REC_088,0.057692307692307696,1.0,0.0,1.0
sentwin,10,REC_089,0.10714285714285714,0.8,1.0,1.0
sentwin,10,REC_090,0.03571428571428572,0.0,0.0,1.0
sentwin,10,REC_091,0.0,0.0,1.0,
sentwin,10,REC_092,0.0,1.0,1.0,
sentwin,10,REC_093,0.0,1.0,1.0,
sentwin,10,REC_094,0.19999999999999998,1.0,1.0,1.0
sentwin,10,REC_095,0.0,1.0,1.0,
sentwin,10,REC_096,0.0,0.0,1.0,
sentwin,10,REC_097,0.0,1.0,0.0,
sentwin,10,REC_098,0.1111111111111111,0.0,0.0,1.0
sentwin,10,REC_099,0.0,0.0,0.0,1.0
sentwin,10,REC_100,0.0,1.0,1.0,
sentwin,10,REC_101,0.0,0.5,1.0,
sentwin,10,REC_102,0.029850746268656716,1.0,1.0,1.0
sentwin,10,REC_103,0.11650485436893204,1.0,1.0,1.0
sentwin,10,REC_104,0.06153846153846154,0.8571428571428571,1.0,1.0
sentwin,10,REC_105,0.0,1.0,1.0,1.0
sentwin,10,REC_106,0.19277108433734938,0.75,1.0,1.0
sentwin,10,REC_107,0.0,1.0,0.0,1.0
sentwin,10,REC_108,0.2564102564102564,1.0,1.0,1.0
sentwin,10,REC_109,0.2173913043478261,0.8888888888888888,0.0,1.0
sentwin,10,REC_110,0.0,1.0,1.0,
sentwin,10,REC_111,0.0,1.0,1.0,
sentwin,10,REC_112,0.13953488372093023,1.0,1.0,1.0
sentwin,10,REC_113,0.2631578947368421,0.5,1.0,1.0
sentwin,10,REC_114,0.18556701030927833,0.8,1.0,1.0
sentwin,10,REC_115,0.2285714285714286,1.0,1.0,0.0
sentwin,10,REC_116,0.18867924528301888,1.0,1.0,1.0
sentwin,10,REC_117,0.08333333333333333,0.6666666666666666,1.0,1.0
sentwin,10,REC_118,0.19780219780219782,1.0,1.0,1.0
sentwin,10,REC_119,0.2333333333333333,1.0,1.0,1.0
sentwin,10,REC_120,0.15384615384615383,1.0,1.0,1.0
sentwin,10,REC_121,0.07547169811320754,1.0,0.0,1.0
sentwin,10,REC_122,0.0,1.0,1.0,
sentwin,10,REC_123,0.0,0.0,1.0,
sentwin,10,REC_124,0.0,1.0,1.0,
sentwin,10,REC_125,0.0,0.0,0.0,1.0
sentwin,10,REC_126,0.0,0.0,0.0,1.0
sentwin,10,REC_127,0.1111111111111111,1.0,1.0,1.0
sentwin,10,REC_128,0.0,0.0,1.0,
sentwin,10,REC_129,0.0,0.0,1.0,
sentwin,10,REC_130,0.0,1.0,0.0,
sentwin,10,REC_131,0.0,1.0,1.0,
sentwin,10,REC_132,0.0879120879120879,,1.0,0.0
sentwin,10,REC_133,0.08333333333333334,0.0,0.0,0.0
sentwin,10,REC_134,0.20779220779220778,1.0,1.0,0.0
sentwin,10,REC_135,0.0,0.0,0.0,0.0
sentwin,10,REC_136,0.05128205128205127,0.0,0.0,1.0
sentwin,10,REC_137,0.0,1.0,1.0,
sentwin,10,REC_138,0.047619047619047616,1.0,0.0,0.0
sentwin,10,REC_139,0.0,1.0,0.0,
sentwin,10,REC_140,0.0,1.0,1.0,
sentwin,10,REC_141,0.13333333333333336,1.0,1.0,0.0
sentwin,10,REC_142,0.0,0.0,1.0,
sentwin,10,REC_143,0.0,0.0,1.0,
sentwin,10,REC_144,0.0,1.0,1.0,1.0
sentwin,10,REC_145,0.0,1.0,1.0,
sentwin,10,REC_146,0.18749999999999997,1.0,1.0,1.0
sentwin,10,REC_147,0.0,1.0,1.0,
sentwin,10,REC_148,0.05405405405405406,1.0,0.0,0.0
sentwin,10,REC_149,0.23913043478260868,0.8,1.0,1.0
sentwin,10,REC_150,0.0,0.0,0.0,1.0
sentwin,10,REC_151,0.0,1.0,1.0,
sentwin,10,REC_152,0.29032258064516125,1.0,1.0,1.0
sentwin,10,REC_153,0.0,1.0,0.0,1.0
sentwin,10,REC_154,0.0,0.0,1.0,
sentwin,10,REC_155,0.0,1.0,1.0,
sentwin,10,REC_156,0.13157894736842105,0.7777777777777778,1.0,1.0
sentwin,10,REC_157,0.0,1.0,0.0,0.0
sentwin,10,REC_158,0.14035087719298245,0.8,1.0,1.0
sentwin,10,REC_159,0.2758620689655172,1.0,1.0,1.0
sentwin,10,REC_160,0.3793103448275862,1.0,1.0,1.0
sentwin,10,REC_161,0.0,1.0,1.0,
sentwin,10,REC_162,0.04705882352941177,0.0,0.0,1.0
sentwin,10,REC_163,0.0,1.0,1.0,
sentwin,10,REC_164,0.0,0.0,0.0,1.0
sentwin,10,REC_165,0.0,0.0,0.0,1.0
sentwin,10,REC_166,0.06896551724137931,0.5,1.0,1.0
sentwin,10,REC_167,0.0,1.0,1.0,
sentwin,10,REC_168,0.2222222222222222,0.0,0.0,0.0
sentwin,10,REC_169,0.06451612903225806,1.0,0.0,0.0
sentwin,10,REC_170,0.0,0.0,1.0,
sentwin,10,REC_171,0.0,0.0,1.0,
sentwin,10,REC_172,0.0,1.0,0.0,
sentwin,10,REC_173,0.2545454545454545,1.0,1.0,1.0
sentwin,10,REC_174,0.08823529411764705,0.0,0.0,1.0
sentwin,10,REC_175,0.31137724550898205,0.8333333333333334,1.0,0.0
sentwin,10,REC_176,0.0,0.8,0.0,
sentwin,10,REC_177,0.24657534246575344,1.0,0.0,1.0
sentwin,10,REC_178,0.13114754098360654,1.0,0.0,1.0
sentwin,10,REC_179,0.25806451612903225,1.0,1.0,0.0
sentwin,10,REC_180,0.2,0.5,1.0,1.0
sentwin,10,REC_181,0.0,0.0,0.0,1.0
sentwin,10,REC_182,0.0,1.0,0.0,
sentwin,10,REC_183,0.05,0.0,0.0,0.0
sentwin,10,REC_184,0.0,0.0,1.0,
sentwin,10,REC_185,0.37142857142857144,1.0,1.0,0.0
sentwin,10,REC_186,0.03703703703703704,0.0,0.0,0.0
sentwin,10,REC_187,0.12903225806451615,1.0,1.0,1.0
sentwin,10,REC_188,0.16666666666666669,0.8333333333333334,1.0,1.0
sentwin,10,REC_189,0.0,0.0,1.0,
sentwin,10,REC_190,0.1694915254237288,1.0,1.0,1.0
sentwin,10,REC_191,0.0,0.0,0.0,1.0
sentwin,10,REC_192,0.0,1.0,1.0,
sentwin,10,REC_193,0.11538461538461536,0.0,0.0,0.0
sentwin,10,REC_194,0.14814814814814814,0.8,1.0,1.0
sentwin,10,REC_195,0.1764705882352941,,1.0,1.0
sentwin,10,REC_196,0.0,,1.0,
sentwin,10,REC_197,0.07142857142857142,1.0,0.0,1.0
sentwin,10,REC_198,0.08,,1.0,0.0
sentwin,10,REC_199,0.2278481012658228,0.8,1.0,0.0
sentwin,10,REC_200,0.0425531914893617,0.0,0.0,0.0
sentwin,1,REC_001,0.0,0.0,1.0,
sentwin,1,REC_002,0.0,0.0,1.0,
sentwin,1,REC_003,0.0,0.0,0.0,1.0
sentwin,1,REC_004,0.0,0.0,0.0,0.0
sentwin,1,REC_005,0.0,0.0,1.0,
sentwin,1,REC_006,0.2926829268292683,0.6666666666666666,1.0,0.0
sentwin,1,REC_007,0.16666666666666666,1.0,1.0,0.0
sentwin,1,REC_008,0.18867924528301885,0.75,0.0,0.0
sentwin,1,REC_009,0.0,0.0,1.0,
sentwin,1,REC_010,0.0,0.0,1.0,
sentwin,1,REC_011,0.2247191011235955,0.6666666666666666,1.0,0.0
sentwin,1,REC_012,0.125,0.0,0.0,0.0
sentwin,1,REC_013,0.0,0.0,1.0,
sentwin,1,REC_014,0.0,0.0,1.0,
sentwin,1,REC_015,0.0,1.0,0.0,
sentwin,1,REC_016,0.0,0.0,1.0,
sentwin,1,REC_017,0.0,1.0,0.0,
sentwin,1,REC_018,0.0,0.4,0.0,
sentwin,1,REC_019,0.18181818181818185,0.6,1.0,1.0
sentwin,1,REC_020,0.0,0.0,1.0,
sentwin,1,REC_021,0.0,0.0,1.0,
sentwin,1,REC_022,0.0,1.0,0.0,
sentwin,1,REC_023,0.0,0.0,0.0,0.0
sentwin,1,REC_024,0.0,0.0,1.0,
sentwin,1,REC_025,0.0,0.0,0.0,0.0
sentwin,1,REC_026,0.1839080459770115,0.3333333333333333,1.0,0.0
sentwin,1,REC_027,0.0,0.0,1.0,
sentwin,1,REC_028,0.0,0.0,1.0,
sentwin,1,REC_029,0.05405405405405406,0.8571428571428571,1.0,1.0
sentwin,1,REC_030,0.0,0.0,0.0,1.0
sentwin,1,REC_031,0.0,1.0,1.0,
sentwin,1,REC_032,0.2117647058823529,0.6,1.0,1.0
sentwin,1,REC_033,0.0,0.0,1.0,
sentwin,1,REC_034,0.0,0.0,1.0,
sentwin,1,REC_035,0.0,0.8,0.0,
sentwin,1,REC_036,0.2962962962962963,1.0,1.0,1.0
sentwin,1,REC_037,0.0,0.0,1.0,
sentwin,1,REC_038,0.12371134020618559,0.625,1.0,0.0
sentwin,1,REC_039,0.12987012987012986,0.75,1.0,0.0
sentwin,1,REC_040,0.0,0.0,0.0,0.0
sentwin,1,REC_041,0.16666666666666666,0.0,1.0,0.0
sentwin,1,REC_042,0.03636363636363636,1.0,1.0,1.0
sentwin,1,REC_043,0.186046511627907,1.0,1.0,1.0
sentwin,1,REC_044,0.3238095238095238,1.0,1.0,1.0
sentwin,1,REC_045,0.0,0.0,1.0,
sentwin,1,REC_046,0.3125,0.7142857142857143,1.0,0.0
sentwin,1,REC_047,0.046511627906976744,0.0,0.0,0.0
sentwin,1,REC_048,0.20689655172413793,1.0,1.0,1.0
sentwin,1,REC_049,0.15189873417721517,0.5,1.0,0.0
sentwin,1,REC_050,0.24,1.0,1.0,0.0
sentwin,1,REC_051,0.3050847457627119,0.5,1.0,0.0
sentwin,1,REC_052,0.0,0.0,1.0,
sentwin,1,REC_053,0.0,1.0,1.0,1.0
sentwin,1,REC_054,0.07547169811320754,0.0,0.0,0.0
sentwin,1,REC_055,0.06451612903225806,0.0,0.0,0.0
sentwin,1,REC_056,0.0,0.0,1.0,
sentwin,1,REC_057,0.1111111111111111,0.0,1.0,1.0
sentwin,1,REC_058,0.2692307692307692,0.6666666666666666,1.0,1.0
sentwin,1,REC_059,0.09523809523809523,1.0,1.0,0.0
sentwin,1,REC_060,0.09876543209876544,0.25,1.0,0.0
sentwin,1,REC_061,0.10256410256410256,0.5,1.0,1.0
sentwin,1,REC_062,0.3636363636363636,1.0,1.0,0.0
sentwin,1,REC_063,0.21176470588235294,0.8,1.0,0.0
sentwin,1,REC_064,0.0,0.75,0.0,
sentwin,1,REC_065,0.1842105263157895,0.8333333333333334,1.0,0.0
sentwin,1,REC_066,0.13793103448275862,0.0,0.0,0.0
sentwin,1,REC_067,0.0,0.0,1.0,
sentwin,1,REC_068,0.10526315789473685,1.0,0.0,1.0
sentwin,1,REC_069,0.0,1.0,1.0,
sentwin,1,REC_070,0.1923076923076923,0.8333333333333334,1.0,0.0
sentwin,1,REC_071,0.039735099337748346,0.0,0.0,0.0
sentwin,1,REC_072,0.0,0.0,0.0,0.0
sentwin,1,REC_073,0.08695652173913043,0.5,1.0,0.0
sentwin,1,REC_074,0.09790209790209789,0.0,1.0,0.0
sentwin,1,REC_075,0.26666666666666666,0.4,1.0,0.0
sentwin,1,REC_076,0.0,0.0,1.0,
sentwin,1,REC_077,0.14545454545454545,0.8,1.0,0.0
sentwin,1,REC_078,0.0,0.0,1.0,
sentwin,1,REC_079,0.0,0.0,1.0,
sentwin,1,REC_080,0.0,1.0,1.0,
sentwin,1,REC_081,0.0,0.5,0.0,
sentwin,1,REC_082,0.0,0.0,1.0,
sentwin,1,REC_083,0.29411764705882354,0.5,1.0,0.0
sentwin,1,REC_084,0.2222222222222222,0.75,1.0,1.0
sentwin,1,REC_085,0.1176470588235294,0.8333333333333334,1.0,1.0
sentwin,1,REC_086,0.09523809523809523,1.0,0.0,0.0
sentwin,1,REC_087,0.0,0.0,1.0,
sentwin,1,REC_088,0.14634146341463414,1.0,1.0,1.0
sentwin,1,REC_089,0.23076923076923078,0.3333333333333333,1.0,1.0
sentwin,1,REC_090,0.03571428571428572,0.0,0.0,0.0
sentwin,1,REC_091,0.0,1.0,0.0,
sentwin,1,REC_092,0.0,0.0,1.0,
sentwin,1,REC_093,0.0,0.0,1.0,
sentwin,1,REC_094,0.2608695652173913,1.0,1.0,0.0
sentwin,1,REC_095,0.0,0.0,1.0,
sentwin,1,REC_096,0.0,0.0,1.0,
sentwin,1,REC_097,0.0,0.0,1.0,
sentwin,1,REC_098,0.09090909090909091,1.0,1.0,1.0
sentwin,1,REC_099,0.0,0.42857142857142855,1.0,1.0
sentwin,1,REC_100,0.0,1.0,0.0,
sentwin,1,REC_101,0.0,0.0,1.0,
sentwin,1,REC_102,0.0784313725490196,1.0,1.0,0.0
sentwin,1,REC_103,0.06451612903225806,0.0,0.0,0.0
sentwin,1,REC_104,0.11999999999999998,0.8,1.0,1.0
sentwin,1,REC_105,0.0,0.6666666666666666,1.0,0.0
sentwin,1,REC_106,0.32989690721649484,0.7142857142857143,1.0,1.0
sentwin,1,REC_107,0.0,0.0,0.0,0.0
sentwin,1,REC_108,0.04,0.0,0.0,0.0
sentwin,1,REC_109,0.09523809523809523,0.0,0.0,0.0
sentwin,1,REC_110,0.0,0.0,1.0,
sentwin,1,REC_111,0.0,0.0,1.0,
sentwin,1,REC_112,0.07547169811320754,1.0,1.0,0.0
sentwin,1,REC_113,0.08695652173913043,1.0,0.0,0.0
sentwin,1,REC_114,0.05405405405405405,1.0,0.0,0.0
sentwin,1,REC_115,0.18604651162790697,1.0,1.0,0.0
sentwin,1,REC_116,0.22727272727272727,0.75,1.0,1.0
sentwin,1,REC_117,0.0,0.0,0.0,1.0
sentwin,1,REC_118,0.03921568627450981,0.0,0.0,0.0
sentwin,1,REC_119,0.26666666666666666,0.8333333333333334,1.0,0.0
sentwin,1,REC_120,0.2105263157894737,0.8,1.0,0.0
sentwin,1,REC_121,0.07547169811320754,0.0,0.0,0.0
sentwin,1,REC_122,0.0,0.0,1.0,
sentwin,1,REC_123,0.0,0.0,1.0,
sentwin,1,REC_124,0.0,0.0,1.0,
sentwin,1,REC_125,0.0,0.0,0.0,0.0
sentwin,1,REC_126,0.0,0.0,0.0,0.0
sentwin,1,REC_127,0.0,0.0,0.0,0.0
sentwin,1,REC_128,0.0,0.0,1.0,
sentwin,1,REC_129,0.0,0.0,1.0,
sentwin,1,REC_130,0.0,0.0,1.0,
sentwin,1,REC_131,0.0,0.0,1.0,
sentwin,1,REC_132,0.10344827586206896,1.0,1.0,0.0
sentwin,1,REC_133,0.08333333333333334,0.0,0.0,0.0
sentwin,1,REC_134,0.24203821656050958,0.8333333333333334,1.0,0.0
sentwin,1,REC_135,0.0,0.0,0.0,0.0
sentwin,1,REC_136,0.05128205128205127,0.0,0.0,1.0
sentwin,1,REC_137,0.0,0.0,1.0,
sentwin,1,REC_138,0.047619047619047616,0.0,0.0,0.0
sentwin,1,REC_139,0.0,0.8,0.0,
sentwin,1,REC_140,0.0,0.3333333333333333,0.0,
sentwin,1,REC_141,0.15384615384615385,1.0,1.0,0.0
sentwin,1,REC_142,0.0,0.3333333333333333,0.0,
sentwin,1,REC_143,0.0,0.0,1.0,
sentwin,1,REC_144,0.0,1.0,1.0,1.0
sentwin,1,REC_145,0.0,0.0,1.0,
sentwin,1,REC_146,0.16666666666666666,1.0,1.0,0.0
sentwin,1,REC_147,0.0,0.0,1.0,
sentwin,1,REC_148,0.05405405405405406,0.0,0.0,0.0
sentwin,1,REC_149,0.271604938271605,0.0,1.0,1.0
sentwin,1,REC_150,0.11594202898550725,0.8,1.0,1.0
sentwin,1,REC_151,0.0,0.0,1.0,
sentwin,1,REC_152,0.2,0.8,1.0,0.0
sentwin,1,REC_153,0.0,0.0,0.0,0.0
sentwin,1,REC_154,0.0,0.0,1.0,
sentwin,1,REC_155,0.0,0.0,0.0,
sentwin,1,REC_156,0.125,0.75,1.0,1.0
sentwin,1,REC_157,0.0,1.0,1.0,0.0
sentwin,1,REC_158,0.1923076923076923,1.0,1.0,1.0
sentwin,1,REC_159,0.2857142857142857,1.0,1.0,0.0
sentwin,1,REC_160,0.41509433962264153,0.3333333333333333,1.0,0.0
sentwin,1,REC_161,0.0,0.0,1.0,
sentwin,1,REC_162,0.04705882352941177,0.0,0.0,0.0
sentwin,1,REC_163,0.0,1.0,1.0,
sentwin,1,REC_164,0.0,0.0,0.0,0.0
sentwin,1,REC_165,0.0,0.0,0.0,0.0
sentwin,1,REC_166,0.052631578947368425,0.5,1.0,1.0
sentwin,1,REC_167,0.0,0.0,1.0,
sentwin,1,REC_168,0.2222222222222222,0.0,0.0,0.0
sentwin,1,REC_169,0.06451612903225806,1.0,0.0,0.0
sentwin,1,REC_170,0.0,0.0,1.0,
sentwin,1,REC_171,0.0,0.0,1.0,
sentwin,1,REC_172,0.0,0.0,0.0,
sentwin,1,REC_173,0.3243243243243243,0.5,1.0,0.0
sentwin,1,REC_174,0.08823529411764705,0.0,0.0,0.0
sentwin,1,REC_175,0.16993464052287582,1.0,1.0,0.0
sentwin,1,REC_176,0.0,1.0,0.0,
sentwin,1,REC_177,0.225,1.0,1.0,0.0
sentwin,1,REC_178,0.13114754098360654,0.0,0.0,0.0
sentwin,1,REC_179,0.38095238095238093,1.0,1.0,0.0
sentwin,1,REC_180,0.3571428571428571,0.6666666666666666,1.0,0.0
sentwin,1,REC_181,0.1,0.3333333333333333,1.0,1.0
sentwin,1,REC_182,0.0,1.0,0.0,
sentwin,1,REC_183,0.05,0.0,0.0,0.0
sentwin,1,REC_184,0.0,0.0,1.0,
sentwin,1,REC_185,0.06666666666666667,0.0,0.0,0.0
sentwin,1,REC_186,0.03703703703703704,0.0,0.0,0.0
sentwin,1,REC_187,0.20253164556962022,0.8333333333333334,1.0,1.0
sentwin,1,REC_188,0.043478260869565216,0.0,0.0,0.0
sentwin,1,REC_189,0.0,0.0,1.0,
sentwin,1,REC_190,0.11538461538461539,1.0,1.0,0.0
sentwin,1,REC_191,0.0,0.0,0.0,0.0
sentwin,1,REC_192,0.0,1.0,1.0,
sentwin,1,REC_193,0.11538461538461536,1.0,0.0,0.0
sentwin,1,REC_194,0.16,1.0,1.0,1.0
sentwin,1,REC_195,0.047619047619047616,0.0,0.0,0.0
sentwin,1,REC_196,0.0,0.0,1.0,
sentwin,1,REC_197,0.25641025641025644,1.0,1.0,1.0
sentwin,1,REC_198,0.09523809523809525,0.5,1.0,0.0
sentwin,1,REC_199,0.21212121212121213,1.0,1.0,0.0
sentwin,1,REC_200,0.0425531914893617,0.0,0.0,0.0
sentwin,3,REC_001,0.0,0.0,1.0,
sentwin,3,REC_002,0.0,,1.0,
sentwin,3,REC_003,0.0,0.0,0.0,1.0
sentwin,3,REC_004,0.0,1.0,0.0,0.0
sentwin,3,REC_005,0.0,1.0,0.0,
sentwin,3,REC_006,0.20689655172413793,0.8571428571428571,1.0,0.0
sentwin,3,REC_007,0.06666666666666667,1.0,1.0,0.0
sentwin,3,REC_008,0.1142857142857143,1.0,1.0,1.0
sentwin,3,REC_009,0.0,0.0,1.0,
sentwin,3,REC_010,0.0,0.0,1.0,
sentwin,3,REC_011,0.1923076923076923,0.8,1.0,0.0
sentwin,3,REC_012,0.125,0.0,0.0,0.0
sentwin,3,REC_013,0.0,1.0,1.0,
sentwin,3,REC_014,0.0,0.0,1.0,
sentwin,3,REC_015,0.0,1.0,1.0,
sentwin,3,REC_016,0.0,0.0,1.0,
sentwin,3,REC_017,0.0,1.0,0.0,
sentwin,3,REC_018,0.0,0.5,1.0,
sentwin,3,REC_019,0.0,0.0,0.0,1.0
sentwin,3,REC_020,0.0,0.0,1.0,
sentwin,3,REC_021,0.0,1.0,1.0,
sentwin,3,REC_022,0.0,1.0,1.0,
sentwin,3,REC_023,0.0,0.0,0.0,0.0
sentwin,3,REC_024,0.0,0.0,1.0,
sentwin,3,REC_025,0.0,0.0,0.0,1.0
sentwin,3,REC_026,0.24691358024691357,0.8333333333333334,1.0,0.0
sentwin,3,REC_027,0.0,0.0,1.0,
sentwin,3,REC_028,0.0,1.0,1.0,
sentwin,3,REC_029,0.05128205128205127,1.0,1.0,1.0
sentwin,3,REC_030,0.0,0.0,0.0,1.0
sentwin,3,REC_031,0.0,1.0,1.0,
sentwin,3,REC_032,0.23404255319148937,0.8,1.0,1.0
sentwin,3,REC_033,0.0,0.0,1.0,
sentwin,3,REC_034,0.0,0.5,1.0,
sentwin,3,REC_035,0.0,1.0,0.0,
sentwin,3,REC_036,0.22222222222222224,1.0,1.0,1.0
sentwin,3,REC_037,0.0,1.0,1.0,
sentwin,3,REC_038,0.2095238095238095,1.0,1.0,1.0
sentwin,3,REC_039,0.13698630136986303,0.8,1.0,1.0
sentwin,3,REC_040,0.0,0.0,0.0,0.0
sentwin,3,REC_041,0.06896551724137931,0.75,1.0,1.0
sentwin,3,REC_042,0.03636363636363636,1.0,1.0,1.0
sentwin,3,REC_043,0.23333333333333336,0.875,1.0,1.0
sentwin,3,REC_044,0.25742574257425743,1.0,1.0,1.0
sentwin,3,REC_045,0.0,0.0,1.0,
sentwin,3,REC_046,0.22950819672131145,1.0,1.0,1.0
sentwin,3,REC_047,0.30303030303030304,1.0,1.0,0.0
sentwin,3,REC_048,0.21686746987951805,0.8,1.0,1.0
sentwin,3,REC_049,0.02777777777777778,0.0,0.0,1.0
sentwin,3,REC_050,0.20338983050847456,1.0,1.0,0.0
sentwin,3,REC_051,0.31884057971014496,0.8,1.0,0.0
sentwin,3,REC_052,0.0,1.0,0.0,
sentwin,3,REC_053,0.0,1.0,1.0,1.0
sentwin,3,REC_054,0.07547169811320754,0.0,0.0,1.0
sentwin,3,REC_055,0.06451612903225806,,0.0,1.0
sentwin,3,REC_056,0.0,0.0,1.0,
sentwin,3,REC_057,0.08888888888888888,0.14285714285714285,1.0,1.0
sentwin,3,REC_058,0.10526315789473684,0.0,0.0,1.0
sentwin,3,REC_059,0.04166666666666667,1.0,1.0,1.0
sentwin,3,REC_060,0.16071428571428573,0.5714285714285714,1.0,0.0
sentwin,3,REC_061,0.0655737704918033,0.5,1.0,1.0
sentwin,3,REC_062,0.34285714285714286,1.0,1.0,1.0
sentwin,3,REC_063,0.2337662337662338,1.0,1.0,0.0
sentwin,3,REC_064,0.0,1.0,1.0,
sentwin,3,REC_065,0.043478260869565216,0.0,0.0,0.0
sentwin,3,REC_066,0.18867924528301885,0.75,1.0,0.0
sentwin,3,REC_067,0.0,1.0,1.0,
sentwin,3,REC_068,0.10526315789473685,1.0,0.0,1.0
sentwin,3,REC_069,0.0,1.0,0.0,
sentwin,3,REC_070,0.13725490196078433,0.7142857142857143,1.0,0.0
sentwin,3,REC_071,0.039735099337748346,0.0,0.0,0.0
sentwin,3,REC_072,0.0,0.0,0.0,0.0
sentwin,3,REC_073,0.21333333333333335,1.0,1.0,0.0
sentwin,3,REC_074,0.11920529801324503,1.0,1.0,0.0
sentwin,3,REC_075,0.12499999999999997,1.0,1.0,0.0
sentwin,3,REC_076,0.0,1.0,1.0,
sentwin,3,REC_077,0.21818181818181817,0.75,1.0,1.0
sentwin,3,REC_078,0.0,1.0,0.0,
sentwin,3,REC_079,0.0,0.0,1.0,
sentwin,3,REC_080,0.0,1.0,1.0,
sentwin,3,REC_081,0.0,0.0,0.0,
sentwin,3,REC_082,0.0,0.0,1.0,
sentwin,3,REC_083,0.15584415584415584,1.0,1.0,0.0
sentwin,3,REC_084,0.33333333333333337,1.0,1.0,1.0
sentwin,3,REC_085,0.14634146341463414,1.0,1.0,1.0
sentwin,3,REC_086,0.09523809523809523,1.0,0.0,0.0
sentwin,3,REC_087,0.0,1.0,1.0,
sentwin,3,REC_088,0.057692307692307696,1.0,0.0,1.0
sentwin,3,REC_089,0.1818181818181818,1.0,1.0,1.0
sentwin,3,REC_090,0.1806451612903226,1.0,1.0,0.0
sentwin,3,REC_091,0.0,1.0,0.0,
sentwin,3,REC_092,0.0,1.0,1.0,
sentwin,3,REC_093,0.0,1.0,1.0,
sentwin,3,REC_094,0.19672131147540983,0.8571428571428571,1.0,1.0
sentwin,3,REC_095,0.0,0.0,1.0,
sentwin,3,REC_096,0.0,0.0,1.0,
sentwin,3,REC_097,0.0,1.0,1.0,
sentwin,3,REC_098,0.1111111111111111,0.0,0.0,1.0
sentwin,3,REC_099,0.0,0.0,0.0,1.0
sentwin,3,REC_100,0.0,1.0,1.0,
sentwin,3,REC_101,0.0,1.0,1.0,
sentwin,3,REC_102,0.16129032258064516,1.0,1.0,1.0
sentwin,3,REC_103,0.125,1.0,1.0,1.0
sentwin,3,REC_104,0.15873015873015872,0.9,1.0,1.0
sentwin,3,REC_105,0.0,0.6666666666666666,1.0,0.0
sentwin,3,REC_106,0.1797752808988764,0.8,1.0,1.0
sentwin,3,REC_107,0.0,1.0,0.0,0.0
sentwin,3,REC_108,0.04,1.0,0.0,0.0
sentwin,3,REC_109,0.09523809523809523,0.0,0.0,1.0
sentwin,3,REC_110,0.0,1.0,1.0,
sentwin,3,REC_111,0.0,1.0,1.0,
sentwin,3,REC_112,0.163265306122449,1.0,1.0,1.0
sentwin,3,REC_113,0.08695652173913043,1.0,0.0,0.0
sentwin,3,REC_114,0.12371134020618554,1.0,1.0,1.0
sentwin,3,REC_115,0.18181818181818182,0.6666666666666666,1.0,0.0
sentwin,3,REC_116,0.17857142857142858,1.0,1.0,1.0
sentwin,3,REC_117,0.0392156862745098,0.6,1.0,1.0
sentwin,3,REC_118,0.24719101123595505,0.75,1.0,1.0
sentwin,3,REC_119,0.23728813559322035,0.7777777777777778,1.0,0.0
sentwin,3,REC_120,0.2641509433962264,1.0,1.0,0.0
sentwin,3,REC_121,0.07547169811320754,1.0,0.0,0.0
sentwin,3,REC_122,0.0,1.0,1.0,
sentwin,3,REC_123,0.0,0.0,1.0,
sentwin,3,REC_124,0.0,1.0,1.0,
sentwin,3,REC_125,0.0,1.0,0.0,1.0
sentwin,3,REC_126,0.0,0.0,0.0,0.0
sentwin,3,REC_127,0.0,0.0,0.0,1.0
sentwin,3,REC_128,0.0,0.0,1.0,
sentwin,3,REC_129,0.0,0.0,1.0,
sentwin,3,REC_130,0.0,1.0,1.0,
sentwin,3,REC_131,0.0,0.0,1.0,
sentwin,3,REC_132,0.15384615384615385,1.0,1.0,0.0
sentwin,3,REC_133,0.08333333333333334,0.0,0.0,0.0
sentwin,3,REC_134,0.18181818181818182,0.25,1.0,0.0
sentwin,3,REC_135,0.0,0.0,0.0,0.0
sentwin,3,REC_136,0.05128205128205127,0.0,0.0,1.0
sentwin,3,REC_137,0.0,1.0,1.0,
sentwin,3,REC_138,0.047619047619047616,1.0,0.0,0.0
sentwin,3,REC_139,0.0,0.3333333333333333,0.0,
sentwin,3,REC_140,0.0,1.0,1.0,
sentwin,3,REC_141,0.08333333333333334,1.0,1.0,0.0
sentwin,3,REC_142,0.0,0.0,1.0,
sentwin,3,REC_143,0.0,0.0,1.0,
sentwin,3,REC_144,0.0,1.0,1.0,1.0
sentwin,3,REC_145,0.0,1.0,1.0,
sentwin,3,REC_146,0.18867924528301888,1.0,1.0,0.0
sentwin,3,REC_147,0.0,1.0,1.0,
sentwin,3,REC_148,0.05405405405405406,1.0,0.0,0.0
sentwin,3,REC_149,0.2298850574712644,0.8,1.0,1.0
sentwin,3,REC_150,0.1791044776119403,0.6,1.0,1.0
sentwin,3,REC_151,0.0,0.0,1.0,
sentwin,3,REC_152,0.23809523809523808,0.8,1.0,1.0
sentwin,3,REC_153,0.0,1.0,0.0,1.0
sentwin,3,REC_154,0.0,0.0,1.0,
sentwin,3,REC_155,0.0,1.0,1.0,
sentwin,3,REC_156,0.11320754716981132,0.75,1.0,1.0
sentwin,3,REC_157,0.0,1.0,0.0,0.0
sentwin,3,REC_158,0.25,1.0,1.0,1.0
sentwin,3,REC_159,0.23728813559322037,1.0,1.0,1.0
sentwin,3,REC_160,0.4210526315789474,1.0,1.0,1.0
sentwin,3,REC_161,0.0,0.0,1.0,
sentwin,3,REC_162,0.04705882352941177,0.0,0.0,0.0
sentwin,3,REC_163,0.0,1.0,1.0,
sentwin,3,REC_164,0.0,0.0,0.0,1.0
sentwin,3,REC_165,0.0,0.0,0.0,1.0
sentwin,3,REC_166,0.05,0.5,1.0,1.0
sentwin,3,REC_167,0.0,1.0,1.0,
sentwin,3,REC_168,0.2222222222222222,0.0,0.0,0.0
sentwin,3,REC_169,0.06451612903225806,1.0,0.0,0.0
sentwin,3,REC_170,0.0,0.0,1.0,
sentwin,3,REC_171,0.0,0.0,1.0,
sentwin,3,REC_172,0.0,0.0,0.0,
sentwin,3,REC_173,0.3243243243243243,0.5,1.0,0.0
sentwin,3,REC_174,0.08823529411764705,1.0,0.0,0.0
sentwin,3,REC_175,0.2119205298013245,1.0,1.0,0.0
sentwin,3,REC_176,0.0,1.0,0.0,
sentwin,3,REC_177,0.03389830508474576,0.0,0.0,0.0
sentwin,3,REC_178,0.13114754098360654,1.0,0.0,0.0
sentwin,3,REC_179,0.34782608695652173,0.75,1.0,0.0
sentwin,3,REC_180,0.1917808219178082,0.75,1.0,0.0
sentwin,3,REC_181,0.0,0.0,0.0,1.0
sentwin,3,REC_182,0.0,1.0,0.0,
sentwin,3,REC_183,0.05,0.0,0.0,0.0
sentwin,3,REC_184,0.0,1.0,1.0,
sentwin,3,REC_185,0.2891566265060241,0.8333333333333334,1.0,0.0
sentwin,3,REC_186,0.03703703703703704,0.0,0.0,0.0
sentwin,3,REC_187,0.23655913978494625,0.7142857142857143,1.0,1.0
sentwin,3,REC_188,0.043478260869565216,0.0,0.0,0.0
sentwin,3,REC_189,0.0,0.0,1.0,
sentwin,3,REC_190,0.20000000000000004,1.0,1.0,1.0
sentwin,3,REC_191,0.0,0.0,0.0,1.0
sentwin,3,REC_192,0.0,1.0,1.0,
sentwin,3,REC_193,0.11538461538461536,1.0,0.0,0.0
sentwin,3,REC_194,0.15686274509803924,0.6,1.0,1.0
sentwin,3,REC_195,0.047619047619047616,0.0,0.0,1.0
sentwin,3,REC_196,0.0,1.0,1.0,
sentwin,3,REC_197,0.07142857142857142,1.0,0.0,1.0
sentwin,3,REC_198,0.08955223880597014,0.42857142857142855,1.0,0.0
sentwin,3,REC_199,0.26966292134831465,1.0,1.0,0.0
sentwin,3,REC_200,0.0425531914893617,1.0,0.0,0.0
sentwin,5,REC_001,0.0,1.0,1.0,
sentwin,5,REC_002,0.0,0.0,1.0,
sentwin,5,REC_003,0.0,0.0,0.0,1.0
sentwin,5,REC_004,0.0,0.8,1.0,1.0
sentwin,5,REC_005,0.0,1.0,0.0,
sentwin,5,REC_006,0.2,0.8571428571428571,1.0,1.0
sentwin,5,REC_007,0.0625,1.0,1.0,1.0
sentwin,5,REC_008,0.19672131147540983,0.8,1.0,1.0
sentwin,5,REC_009,0.0,0.0,1.0,
sentwin,5,REC_010,0.0,0.0,1.0,
sentwin,5,REC_011,0.23076923076923075,1.0,1.0,1.0
sentwin,5,REC_012,0.125,0.0,0.0,0.0
sentwin,5,REC_013,0.0,1.0,1.0,
sentwin,5,REC_014,0.0,0.0,1.0,
sentwin,5,REC_015,0.0,1.0,1.0,
sentwin,5,REC_016,0.0,1.0,1.0,
sentwin,5,REC_017,0.0,1.0,0.0,
sentwin,5,REC_018,0.0,0.5,1.0,
sentwin,5,REC_019,0.0,0.0,0.0,1.0
sentwin,5,REC_020,0.0,0.0,1.0,
sentwin,5,REC_021,0.0,1.0,1.0,
sentwin,5,REC_022,0.0,1.0,1.0,
sentwin,5,REC_023,0.0,0.0,0.0,0.0
sentwin,5,REC_024,0.0,0.0,1.0,
sentwin,5,REC_025,0.0,0.0,0.0,1.0
sentwin,5,REC_026,0.22988505747126436,0.8,1.0,1.0
sentwin,5,REC_027,0.0,0.0,1.0,
sentwin,5,REC_028,0.0,1.0,1.0,
sentwin,5,REC_029,0.039999999999999994,0.5,1.0,1.0
sentwin,5,REC_030,0.0,0.0,0.0,1.0
sentwin,5,REC_031,0.0,0.8,0.0,
sentwin,5,REC_032,0.22222222222222224,1.0,1.0,1.0
sentwin,5,REC_033,0.0,1.0,1.0,
sentwin,5,REC_034,0.0,1.0,1.0,
sentwin,5,REC_035,0.0,1.0,0.0,
sentwin,5,REC_036,0.16666666666666669,1.0,1.0,1.0
sentwin,5,REC_037,0.0,0.0,1.0,
sentwin,5,REC_038,0.20618556701030927,0.8333333333333334,1.0,1.0
sentwin,5,REC_039,0.14634146341463414,1.0,1.0,1.0
sentwin,5,REC_040,0.36363636363636365,1.0,1.0,1.0
sentwin,5,REC_041,0.07407407407407408,0.5,1.0,1.0
sentwin,5,REC_042,0.03636363636363636,1.0,1.0,1.0
sentwin,5,REC_043,0.23076923076923078,1.0,1.0,1.0
sentwin,5,REC_044,0.19230769230769232,0.8,1.0,1.0
sentwin,5,REC_045,0.0,0.0,1.0,
sentwin,5,REC_046,0.28776978417266186,1.0,1.0,1.0
sentwin,5,REC_047,0.3013698630136986,1.0,1.0,0.0
sentwin,5,REC_048,0.23529411764705882,1.0,1.0,1.0
sentwin,5,REC_049,0.02777777777777778,0.0,0.0,1.0
sentwin,5,REC_050,0.14705882352941177,1.0,1.0,0.0
sentwin,5,REC_051,0.39999999999999997,1.0,1.0,1.0
sentwin,5,REC_052,0.0,1.0,0.0,
sentwin,5,REC_053,0.0,1.0,1.0,1.0
sentwin,5,REC_054,0.07547169811320754,0.0,0.0,1.0
sentwin,5,REC_055,0.17142857142857143,0.625,1.0,1.0
sentwin,5,REC_056,0.0,1.0,1.0,
sentwin,5,REC_057,0.0851063829787234,1.0,1.0,1.0
sentwin,5,REC_058,0.10526315789473684,0.0,0.0,1.0
sentwin,5,REC_059,0.03773584905660377,0.7142857142857143,1.0,1.0
sentwin,5,REC_060,0.1836734693877551,0.7142857142857143,1.0,0.0
sentwin,5,REC_061,0.03508771929824561,0.8333333333333334,1.0,1.0
sentwin,5,REC_062,0.30769230769230765,1.0,1.0,1.0
sentwin,5,REC_063,0.23188405797101447,1.0,1.0,0.0
sentwin,5,REC_064,0.0,1.0,1.0,
sentwin,5,REC_065,0.16,0.75,1.0,0.0
sentwin,5,REC_066,0.17142857142857143,0.5,1.0,0.0
sentwin,5,REC_067,0.0,1.0,1.0,
sentwin,5,REC_068,0.10526315789473685,1.0,0.0,1.0
sentwin,5,REC_069,0.0,0.0,1.0,
sentwin,5,REC_070,0.16666666666666666,0.6,1.0,0.0
sentwin,5,REC_071,0.039735099337748346,0.0,0.0,1.0
sentwin,5,REC_072,0.0,0.0,0.0,0.0
sentwin,5,REC_073,0.0303030303030303,0.0,0.0,0.0
sentwin,5,REC_074,0.10666666666666667,1.0,1.0,0.0
sentwin,5,REC_075,0.20338983050847456,0.8,1.0,1.0
sentwin,5,REC_076,0.0,1.0,1.0,
sentwin,5,REC_077,0.13114754098360656,1.0,1.0,1.0
sentwin,5,REC_078,0.0,1.0,1.0,
sentwin,5,REC_079,0.0,1.0,1.0,
sentwin,5,REC_080,0.0,1.0,1.0,
sentwin,5,REC_081,0.0,0.0,0.0,
sentwin,5,REC_082,0.0,0.0,1.0,
sentwin,5,REC_083,0.20512820512820512,0.5714285714285714,1.0,0.0
sentwin,5,REC_084,0.16,0.6666666666666666,1.0,1.0
sentwin,5,REC_085,0.169811320754717,0.7857142857142857,1.0,1.0
sentwin,5,REC_086,0.09523809523809523,1.0,0.0,0.0
sentwin,5,REC_087,0.0,1.0,1.0,
sentwin,5,REC_088,0.057692307692307696,1.0,0.0,1.0
sentwin,5,REC_089,0.13333333333333333,0.8333333333333334,1.0,1.0
sentwin,5,REC_090,0.03571428571428572,0.0,0.0,0.0
sentwin,5,REC_091,0.0,0.0,1.0,
sentwin,5,REC_092,0.0,1.0,1.0,
sentwin,5,REC_093,0.0,1.0,1.0,
sentwin,5,REC_094,0.22950819672131145,1.0,1.0,1.0
sentwin,5,REC_095,0.0,1.0,1.0,
sentwin,5,REC_096,0.0,0.0,1.0,
sentwin,5,REC_097,0.0,1.0,0.0,
sentwin,5,REC_098,0.1111111111111111,0.0,0.0,1.0
sentwin,5,REC_099,0.0,0.0,0.0,1.0
sentwin,5,REC_100,0.0,,1.0,
sentwin,5,REC_101,0.0,0.5,1.0,
sentwin,5,REC_102,0.16129032258064516,1.0,1.0,1.0
sentwin,5,REC_103,0.1473684210526316,1.0,1.0,1.0
sentwin,5,REC_104,0.0588235294117647,0.8,1.0,1.0
sentwin,5,REC_105,0.0,0.8571428571428571,1.0,0.0
sentwin,5,REC_106,0.0,1.0,0.0,1.0
sentwin,5,REC_107,0.0,0.0,0.0,1.0
sentwin,5,REC_108,0.04,1.0,0.0,0.0
sentwin,5,REC_109,0.20952380952380956,1.0,1.0,1.0
sentwin,5,REC_110,0.0,1.0,1.0,
sentwin,5,REC_111,0.0,1.0,1.0,
sentwin,5,REC_112,0.08888888888888889,1.0,1.0,1.0
sentwin,5,REC_113,0.08695652173913043,1.0,0.0,0.0
sentwin,5,REC_114,0.125,0.8,1.0,1.0
sentwin,5,REC_115,0.2195121951219512,1.0,1.0,0.0
sentwin,5,REC_116,0.20833333333333331,1.0,1.0,1.0
sentwin,5,REC_117,0.07272727272727272,1.0,1.0,1.0
sentwin,5,REC_118,0.2298850574712644,1.0,1.0,1.0
sentwin,5,REC_119,0.22222222222222224,1.0,1.0,0.0
sentwin,5,REC_120,0.0784313725490196,0.6666666666666666,1.0,0.0
sentwin,5,REC_121,0.07547169811320754,1.0,0.0,0.0
sentwin,5,REC_122,0.0,1.0,1.0,
sentwin,5,REC_123,0.0,0.0,1.0,
sentwin,5,REC_124,0.0,1.0,1.0,
sentwin,5,REC_125,0.0,1.0,0.0,1.0
sentwin,5,REC_126,0.0,0.0,0.0,0.0
sentwin,5,REC_127,0.04,1.0,1.0,1.0
sentwin,5,REC_128,0.0,1.0,1.0,
sentwin,5,REC_129,0.0,,1.0,
sentwin,5,REC_130,0.0,1.0,1.0,
sentwin,5,REC_131,0.0,1.0,1.0,
sentwin,5,REC_132,0.12195121951219512,1.0,1.0,0.0
sentwin,5,REC_133,0.08333333333333334,0.0,0.0,0.0
sentwin,5,REC_134,0.1761006289308176,0.8,1.0,0.0
sentwin,5,REC_135,0.0,0.0,0.0,0.0
sentwin,5,REC_136,0.05128205128205127,0.0,0.0,1.0
sentwin,5,REC_137,0.0,1.0,1.0,
sentwin,5,REC_138,0.047619047619047616,1.0,0.0,0.0
sentwin,5,REC_139,0.0,0.5,0.0,
sentwin,5,REC_140,0.0,1.0,1.0,
sentwin,5,REC_141,0.08695652173913042,1.0,1.0,0.0
sentwin,5,REC_142,0.0,0.0,1.0,
sentwin,5,REC_143,0.0,0.0,1.0,
sentwin,5,REC_144,0.0,1.0,1.0,1.0
sentwin,5,REC_145,0.0,1.0,1.0,
sentwin,5,REC_146,0.1509433962264151,1.0,1.0,0.0
sentwin,5,REC_147,0.0,1.0,1.0,
sentwin,5,REC_148,0.05405405405405406,1.0,0.0,0.0
sentwin,5,REC_149,0.2558139534883721,1.0,1.0,1.0
sentwin,5,REC_150,0.0,0.0,0.0,1.0
sentwin,5,REC_151,0.0,0.0,1.0,
sentwin,5,REC_152,0.3611111111111111,1.0,1.0,1.0
sentwin,5,REC_153,0.0,1.0,0.0,1.0
sentwin,5,REC_154,0.0,0.0,1.0,
sentwin,5,REC_155,0.0,1.0,1.0,
sentwin,5,REC_156,0.08695652173913045,1.0,1.0,1.0
sentwin,5,REC_157,0.0,1.0,0.0,0.0
sentwin,5,REC_158,0.16216216216216214,0.8,1.0,1.0
sentwin,5,REC_159,0.22950819672131145,0.6666666666666666,1.0,1.0
sentwin,5,REC_160,0.43636363636363634,1.0,1.0,1.0
sentwin,5,REC_161,0.0,1.0,1.0,
sentwin,5,REC_162,0.0,,0.0,0.0
sentwin,5,REC_163,0.0,1.0,1.0,
sentwin,5,REC_164,0.0,0.0,0.0,1.0
sentwin,5,REC_165,0.0,0.0,0.0,1.0
sentwin,5,REC_166,0.05555555555555555,0.75,1.0,1.0
sentwin,5,REC_167,0.0,1.0,1.0,
sentwin,5,REC_168,0.2222222222222222,0.0,0.0,0.0
sentwin,5,REC_169,0.06451612903225806,1.0,0.0,0.0
sentwin,5,REC_170,0.0,0.0,1.0,
sentwin,5,REC_171,0.0,0.0,1.0,
sentwin,5,REC_172,0.0,1.0,0.0,
sentwin,5,REC_173,0.3333333333333333,1.0,1.0,0.0
sentwin,5,REC_174,0.08823529411764705,0.0,0.0,0.0
sentwin,5,REC_175,0.2485207100591716,0.8571428571428571,1.0,0.0
sentwin,5,REC_176,0.0,,0.0,
sentwin,5,REC_177,0.2278481012658228,,0.0,0.0
sentwin,5,REC_178,0.13114754098360654,,0.0,0.0
sentwin,5,REC_179,0.2962962962962963,,1.0,0.0
sentwin,5,REC_180,0.19047619047619047,,1.0,0.0
sentwin,5,REC_181,0.0,,0.0,1.0
sentwin,5,REC_182,0.0,,0.0,
sentwin,5,REC_183,0.05,,0.0,0.0
sentwin,5,REC_184,0.0,0.0,1.0,
sentwin,5,REC_185,0.32352941176470584,1.0,1.0,0.0
sentwin,5,REC_186,0.03703703703703704,0.0,0.0,0.0
sentwin,5,REC_187,0.1797752808988764,0.6666666666666666,1.0,1.0
sentwin,5,REC_188,0.043478260869565216,0.0,0.0,0.0
sentwin,5,REC_189,0.0,0.0,1.0,
sentwin,5,REC_190,0.09374999999999999,1.0,1.0,1.0
sentwin,5,REC_191,0.0,1.0,0.0,1.0
sentwin,5,REC_192,0.0,1.0,1.0,
sentwin,5,REC_193,0.0,,0.0,0.0
sentwin,5,REC_194,0.12903225806451615,0.8,1.0,1.0
sentwin,5,REC_195,0.0,,0.0,1.0
sentwin,5,REC_196,0.0,,1.0,
sentwin,5,REC_197,0.07142857142857142,1.0,0.0,1.0
sentwin,5,REC_198,0.09756097560975609,0.75,1.0,0.0
sentwin,5,REC_199,0.3157894736842105,0.8333333333333334,1.0,0.0
sentwin,5,REC_200,0.0425531914893617,1.0,0.0,0.0
